node,betweenness,pagerank
Civic Center Station (West Peachtreet Street),0.015955497880540587,0.0018688867381316942
WEST END STATION,0.2584023580571692,0.0008486580819931893
KENSINGTON STATION,0.1105679147699381,0.0008076446948559027
NORTH SPRINGS STATION,0.050698952460751096,0.000731661691893596
Sugarloaf Mills P&R,1.065200269367844e-07,0.0007274424305999726
I-85 @ Indian Trail P&R,0.00022289315636522136,0.0006982252190794621
I-985 @ SR20 P&R,0.0,0.0006957801804513914
OAKLAND CITY STATION,0.19890030144457485,0.00061875214215891
EAST POINT STATION,0.12912295021356404,0.0006077799467339071
N DECATUR RD @ CHURCH ST,0.040415927531808324,0.0005840327755632154
Marietta Transfer Center,0.01397483406538461,0.0005793931196137146
LAKEWOOD/FT MCPHERSON STATION,0.02692821715817898,0.0005280049308951939
GOLDSMITH PARK & RIDE,0.005738926231259665,0.0005085282859494414
OLD NATIONAL HWY @ SULLIVAN RD,0.014805576146891238,0.0005064972119220916
COLLIER DR NW @ LARCHMONT DR NW,0.015396024264775186,0.00048107941062947853
CASCADE RD SW @ KINGSDALE DR SW,0.009110992681130685,0.0004768897238639388
LYNHURST DR SW @ HAZELWOOD DR SW,0.015396617733496692,0.0004660855875196862
CANDLER RD @ S RAINBOW DR,0.025287402952773694,0.000461482665316231
LAMAR HUTCHESON PKWY @ ROBERTS DR,0.004912171042189813,0.00045915930016894347
FORSYTH ST SW @ ALABAMA ST SW (FIVE POINTS STATION),0.053889021836027264,0.00044800532078964676
ASHBY STATION,0.0624387985380948,0.00043642584251319614
DORAVILLE STATION,0.07285791801859602,0.0004336208622859848
Austell Rd at Arkose Dr,0.006119819021865548,0.00042515784249152686
LAKEWOOD WAY SW @ HILLTOP DR SW,0.014726827412691544,0.00041963142380319263
Mableton Pkwy at Old Powder Springs Rd,0.0025156378247259215,0.00041914832168334207
NORTH AVE STATION,0.01063946376479331,0.00041909521410702727
BANKHEAD STATION,0.06716659863080374,0.0004188872645589647
Sugarloaf Mills P&R Local,0.012295880617953718,0.00041744749862877774
BARGE RD SW @ CAMPBELLTON RD SW,0.010316616780294623,0.00041595982366890726
MEMORIAL DR SE @ CANDLER RD SE,0.020305433394837997,0.00040817905636310114
METROPOLITAN PKWY SW @ CLAIRE DR SW,0.007649340088650835,0.00040153268410301666
WINDWARD PKWY @ NORTH POINT PKWY,0.001417340261274148,0.00039851314786052035
ARTS CENTER STATION,0.17630087811153747,0.00039530604658624425
COVINGTON HWY @ MARGARETTE DR,0.017438454478407795,0.00039477702366271173
LINDBERGH CENTER STATION,0.1394586137891514,0.0003915809001392004
Arts Center MARTA Station,0.014921310156158054,0.00038769812883019593
RALPH D ABERNATHY BLVD @ W WHITEHALL ST,0.04947773078621427,0.00038396314583707074
GRTA - PANOLA PARK & RIDE,0.006245931125185348,0.00038354318396137426
BROOKHAVEN/OGLETHORPE STATION,0.012204912514949704,0.00037790192319861075
PRYOR RD SW @ RIDGE AVE SW,0.01907006738243864,0.0003753153807353816
MIDTOWN STATION,0.11310982753464176,0.0003744133752780101
TARA BLVD @ SR 54,0.010336596893918621,0.0003721311477878806
GREENBRIAR PKWY @ THE FONTAINEBLEAU,0.018906817832584664,0.0003721150343087908
LINDBERGH CENTER STATION - NORTH LOOP/MOROSGO DR,0.01938846335152604,0.00036933985087266193
N PEACHTREE RD @ PEACHTREE INDUSTRIAL BLVD,0.012679854880767416,0.00036891545006191296
17th Street Northwest at Market Street Northwest,0.00010626133544279507,0.00036764142182258406
CHURCH ST @ SYCAMORE DR,0.023957761644153048,0.0003668082235540236
1762 Clifton Road,6.377506184172334e-05,0.0003656246495156937
PRINCETON LAKES PKWY @ CAMP CREEK PKWY,0.003734105195709093,0.00036411713558294153
BOULEVARD SE @ ENGLEWOOD AVE SE,0.015863578705867496,0.00036343967508504745
HOLLYWOOD RD @ BURTZ ST,0.005211073846347783,0.00036174694423629443
Sugarloaf Mills Cir & Bass Pro Shop,0.007104794493803288,0.000360356571636058
MORELAND AVE SE @ EASTLAND RD SE,0.022041527228147118,0.0003590107732611062
Cobb Pkwy at Windy Hill Rd,0.0028946360805670005,0.0003588195722749079
Gwinnett Transit Center,0.013239602405173512,0.0003570127936190714
AIRPORT INTERNATIONAL TERMINAL - ARRIVALS,0.010529367708380791,0.00035198726049772387
LINDBERGH DR NE @ MELANTE DR NE,0.009130721711834048,0.00035172165269076297
MOUNTAIN INDUSTRIAL BLVD @ E PONCE DE LEON AVE,0.009412984566069822,0.00035136370158338686
COLLIER DR NW @ HAMILTON E HOLMES DR,0.013073415946005423,0.00034940025574255743
PIEDMONT AVE  SE @ GILMER ST SE,0.018361975503376364,0.00034668211277005627
PEACHTREE INDUSTRIAL BLVD @ CHAMBLEE TUCKER RD,0.00881780391556054,0.00034602797843405583
EAST LAKE STATION - SOUTH LOOP,0.021394159373012162,0.00034459765719106354
MORELAND AVE @ DRUID PL,0.013004969220125187,0.00034378889046315274
DEKALB INDUSTRIAL WAY @ MILSCOTT DR,0.012238915229262596,0.00034128469364204774
Peachtree Center Ave at Auburn Ave,0.0011995220233351291,0.00034017009579222283
PEYTON RD @ JAMES JACKSON PKWY,0.0008467581284139098,0.0003391522966387642
SYLVAN RD SW @ ESTES DR,0.04700836830461903,0.000338744405275012
LAKEWOOD WAY SW @ 215,0.007602136499571134,0.0003370777032640318
ATLANTA METRO STATE COLLEGE,0.00010116359129653468,0.0003357761506934234
DECATUR ST SE @ COLLINS ST SE,0.011490672908618507,0.0003353355993666081
DEKALB INDUSTRIAL WAY @ N DECATUR RD,0.01587276225390412,0.0003352007918139489
Breckinridge Blvd & Cascade Apartments,0.009733769627189949,0.0003350200327880981
Shackleford Rd & Kaiser Permanente Bldg,0.007444015128156831,0.000331912078921143
Arts Center Station,0.00010629176973620558,0.0003292771195236059
WASHINGTON RD @ LAKEMONT DR,0.029579241937141558,0.00032860294376125263
DELMAR LN NW @ HARWELL RD NW,0.009749945454137635,0.0003280579698758771
COLLEGE PARK STATION - SOUTH LOOP,0.008207056123971782,0.0003273324463356017
Cumberland Transfer Center,0.001556181507812894,0.00032723962156778666
JACKSON ST NE @ OLD WHEAT ST NE,0.015499204128010168,0.0003270107350875411
PEACHTREE INDUSTRIAL BLVD @ GREEN INDUSTRIAL WAY,0.017734899713372866,0.0003270104588291548
REDAN RD @ S HAIRSTON RD,0.014697407595728053,0.0003268476281712603
2ND AVE @ TILSON RD,0.01304992067149251,0.0003268297910078355
COLUMBIA DR @ GLENWOOD RD,0.026266978873822188,0.0003265262320683961
LAWTON ST SW @ DONNELLY AVE SW,0.023929883831389023,0.0003262602722260339
BENJAMIN E MAYS DR @ ORIOLE DR,0.023383778479004184,0.000325969805345346
FLAT SHOALS RD @ FELDWOOD RD,0.00520898148867581,0.0003257552240445565
Clifton Road at Clifton Way,6.37902789884286e-05,0.0003246581735920138
OLD HAPEVILLE RD @ CLEVELAND AVE,0.0037334508584007673,0.00032455370915216564
MT ZION RD @ CORPORATE CENTER DR,0.0065793007666307204,0.00032377959522653365
Brook Hollow Pkwy & N Norcross,0.006423005452821047,0.00032375061640837804
DUNWOODY STATION,0.07633131544837733,0.00032312927296071167
LINDBERGH DR NE @ ADINA DR NE,0.0067052835242035255,0.0003223756967497115
OLD NATIONAL HWY @ DALTON PARK,0.013901008078144065,0.00032106951816393233
N HIGHLAND AVE NE @ JOHN LEWIS FREEDOM PKWY NE,0.017009041815532207,0.00032069907269411123
DONALD L HOLLOWELL PKWY @ EDWIN PL NW,0.04456924229352713,0.00032065449168482363
WEST LAKE STATION - EAST LOOP,0.026567608824131204,0.00032050152553972865
MALL PKWY @ STONECREST PROM,0.0004672805324516153,0.00031946264203568765
ROOSEVELT HWY @ FELDWOOD RD,0.0131552994124264,0.00031896888325909416
MAYNARD H JACKSON JR BLVD @ S LOOP RD,0.010529367708380791,0.00031715643963854494
Cumberland Blvd at Spring Hill Pkwy,0.002682889484163378,0.00031688418060709365
RALPH D ABERNATHY BLVD SW @ EVANS ST,0.016725964843947703,0.00031598736471819797
COLLIER DR NW @ HARWELL RD NW,0.01180432112793387,0.0003151053497602537
Busbee Pkwy at Town Center Dr,0.0013399458531312216,0.0003136244184042021
VINE CITY STATION (ELECTRIC AVE),0.006509111677452732,0.000311973850209569
GREENBRIAR PKWY @ THE FONTAINEBLEAU SW,0.016914832460279975,0.00031186215857721586
MEMORIAL DR @ GEORGIA PIEDMONT TECH COLLEGE DR,0.022009424120981266,0.000309088411520648
PONCE DE LEON AVE NE @ JUNIPER ST NE,0.00546627300516826,0.0003090083610650035
NW BROAD ST @ BEVERLY ENGRAM PKWY,0.009970061481229147,0.0003085707200641355
MAIN ST @ JOHN WESLEY AVE,0.027574778504538558,0.0003083985781588165
SIDNEY MARCUS BLVD @ PINE TREE RD NE,0.013386683736653153,0.00030703739695267366
NEW SNAPFINGER WOODS DR @ 4325,0.02795190251514377,0.00030648735629310785
CHAMBLEE STATION - EAST LOOP,0.009265819540283302,0.000306485111451978
NEW SNAPFINGER WOODS DR @ E WESLEY CHAPEL WAY,0.01885245203978902,0.00030625872003194906
STANTON RD @ ALISON CT,0.0022749101724221414,0.0003057384149075647
JACKSON ST NE @ IRWIN ST NE,0.014148164974930814,0.00030567294760618487
BOULDERCREST RD @ FLOWERWOOD TRL,0.009301754832227761,0.00030438199036813266
CASPLAN ST @ METROPOLITAN PKWY,0.00010116359129653468,0.0003030423726526486
MORELAND AVE @ NORTH AVE,0.011405396018482259,0.0003028731377345831
GRESHAM RD SE @ WELLAND AVE SE,0.01744432068846267,0.00030193571105692127
HILLANDALE DR @ HILLANDALE PARK DR,0.003896822145428384,0.00030164677013352003
N HIGHLAND AVE NE @ GLEN ARDEN WAY,0.017376452214157234,0.00030161157962319956
S Marietta Pkwy at Martin Ct,0.0024660907950536117,0.00030147616227574467
COLLEGE PARK STATION - NORTH LOOP,0.02293720087464507,0.000299814052790552
2ND AVE SE @ ALSTON DR SE,0.01148509582435103,0.0002993141329502423
3350 Breckinridge Blvd,0.009733784844336653,0.0002987725184638297
Shackleford Rd & Pine Rd (Building),0.007444030345303536,0.0002979052317587114
MEMORIAL DR @ NORTHERN AVE,0.02601435902136825,0.0002978157590201686
COLLEGE PARK STATION,0.00020232718259306936,0.0002977822664675269
Fairground St at Pierce St,0.0023908724388895363,0.0002963077763065912
BROWNTOWN RD @ MALDO RD,0.002896036058063884,0.0002960128292584228
N DECATUR RD @ GIFFORD DR,0.024685369513864814,0.0002959862946506653
LAKEWOOD AVE SE @ LIVERMORE ST SE,0.01365389683279743,0.00029583169684033254
MEMORIAL DR @ N HAIRSTON RD,0.016468069713969278,0.00029555614662926964
JOSEPH E LOWERY BLVD @ BECKWITH ST SW,0.005821890115096715,0.00029552320188824403
Austell Rd at Hospital South Dr,0.004741921604851421,0.0002953447181617039
DUNWOODY PL @ ROSWELL RD,0.010019684596634984,0.0002951896184376864
MEMORIAL DR @ HAMBRICK RD,0.019722614139835618,0.000295118977128094
CHAMBLEE STATION,0.0662255018013906,0.0002950787775468341
ROSWELL RD NE @ 7256,0.0015241341968516271,0.0002948258952952377
BUCKHEAD STATION,0.07687805231235044,0.0002932047871936188
ARTHUR LANGFORD JR PL SW @ PRYOR RD SW,0.005037179902373482,0.0002932029099907283
MEDICAL CENTER STATION,0.07989185386876628,0.0002930408993496385
ROSWELL RD NE @ DALRYMPLE RD NE,0.0019082606311323768,0.0002923800800401236
N HAIRSTON RD @ STONEGATE IND BLVD,0.009418904036138166,0.0002917137071428866
OLD NATIONAL HWY @ BETHSAIDA RD,0.00520970430314431,0.0002915936747797861
Clifton Road at Houston Mill Road,6.380549613513386e-05,0.0002898245269661194
Civic Center Station (NB),0.00045304489170884933,0.0002888763360470518
LENOX STATION,0.06993139440710816,0.00028613704518884193
Baker St at Peachtree St,0.0010704806192745676,0.00028601396434609945
RALPH D ABERNATHY BLVD @ MURPHY AVE,0.07577299833576152,0.0002858776625827019
LAWRENCEVILLE HWY @ MONTREAL RD W,0.011515461640601368,0.00028567720185143484
FORREST PARK RD SE @ STONEWALL DR SE,0.007771442473813801,0.00028517006052297965
PRYOR RD @ UNIVERSITY AVE,0.013561429840842949,0.00028494220774329966
MORELAND AVE SE @ CUSTER AVE SE,0.015241509357130027,0.00028477327874072223
BROWNS MILL RD SE @ ADELLE ST SE,0.01976473773810688,0.000283186068917849
PERRY BLVD @ 1600,0.003672673574459979,0.0002825199246323819
PANOLA RD @ SNAPFINGER WOODS DR,0.0025168019364488737,0.00028248809428811606
CANDLER RD @ EASTWYCK RD,0.024569123193992248,0.000282221681013325
PERRY BLVD NW @ JOHNSON RD NW,0.003850105505043251,0.0002815870726895613
Central Ave at Wall St,0.0007317317164688878,0.00028122329792383896
NORTH POINT PKWY @ GREAT OAKS WAY,0.003306625110465072,0.0002811629223864857
N HIGHLAND AVE NE @ AMSTERDAM AVE,0.017274832108459544,0.0002804227922728764
E PONCE DE LEON AVE @ JULIETTE RD,0.0035362746799674264,0.0002800228726690702
ANVIL BLOCK RD @ LUNSFORD DR,0.012058838051343728,0.00027977715720952105
BEVERLY ENGRAM PKWY @ JONESBORO RD,0.003308192476575713,0.0002787793409317922
COVINGTON HWY @ LENOX AVE,0.015611235298245372,0.0002784986547457356
GA STATE STATION - PIEDMONT AVE,0.012573137030923463,0.0002778333222127644
TARA BLVD @ MUNDYS MILL RD,0.006547162152789222,0.0002776235688832459
PRYOR ST SW @ DOANE ST SW,0.007953454765555356,0.00027752217976843006
MEMORIAL DR @ NOTTINGHAM DR,0.01677599121374123,0.0002772362300928832
JUSTICE CENTER BUS TRANSIT STATION,0.007247942192859621,0.0002765982495178346
SR 42 @ 5465,0.003646834859354456,0.0002765774355382157
JAMES JACKSON PKWY @ HIGHTOWER RD,0.006158006451522385,0.00027652872215888955
Breckinridge Blvd & Arlon Lane,0.009733815278630065,0.0002758426747703224
West Peachtree St at 5th St,0.014908984267326798,0.00027565598709676606
CHAMBLEE STATION - WEST LOOP,0.0008889096247874658,0.00027533205434369245
PONCE DE LEON AVE NE @ PONCE DE LEON PL,0.00834321154411705,0.00027501477609502003
COLUMBIA DR @ SPRING LAKE DR,0.023842410599744977,0.0002748505348254389
LINDBERGH DR NE @ LINDRIDGE DR NE,0.0006199769910654958,0.0002747687899201434
CHAMBLEE TUCKER RD @ ASCOT CT,0.01719832029482552,0.0002736712599564599
FIVE POINTS STATION,0.24661071281244082,0.00027345903635605726
TILSON RD @ WALLINGFORD DR,0.0032727593504725274,0.0002733304903376933
LAMAR HUTCHESON PKWY @ 658,0.0029691240136892234,0.00027318710931162994
CONTINENTAL COLONY PKWY SW @ GREENBRIAR PKWY SW,0.015814495799169697,0.00027316864407501496
NORTHSIDE PKWY @ 3715,0.002222251236248607,0.0002727374515979501
SHALLOWFORD RD NE @ FRONTIER TRL,0.008727345586971151,0.00027258785506603466
MORELAND AVE SE @ MEMORIAL DR SE,0.016649901936141485,0.0002724422510052896
COLLIER DR NW @ CHALMERS DR,0.008912774128148036,0.0002714427658217845
Shackleford Rd & Hotel (Sonesta),0.007444045562450242,0.0002714327904581347
DONALD L HOLLOWELL PKWY @ MATILDA PL NW,0.058448756151950026,0.00027113132622138864
Satellite Blvd & Satellite Point Offices,0.007889968829501031,0.0002710731549691372
GODBY RD @ OLD NATIONAL HWY,0.0037728023997805563,0.0002710044357035269
N DRUID HILLS RD @ LAWRENCEVILLE HWY,0.01645181272890583,0.00027092749084661614
SOUTHLAKE PKWY @ BATTLE CREEK RD,0.004571854773273492,0.00027074582684279033
VALLEY HILL RD SW @ LAMAR HUTCHESON PKWY,0.0012812837525824638,0.0002705718168264699
PRYOR RD SW @ AMAL DR SW,0.004421235455184878,0.00026962102433485536
WEST LAKE STATION,0.00020232718259306936,0.00026952780583314775
IDLEWOOD RD @ 2115,0.0012027632755833484,0.00026904647835243226
PIEDMONT RD NE @ GARSON DR NE,0.011880528598633786,0.00026843228546592703
POLAR ROCK RD SW @ BICKNELL DR SW,0.002021339248299126,0.0002683246448581423
PEACHTREE ST NE @ 17TH ST NE,0.016402653736474506,0.0002678960251876581
N HIGHLAND AVE @ NORTH AVE,0.019802080616121574,0.0002674057186036219
DONALD L HOLLOWELL PKWY @ WATTS RD NW,0.006204152448906071,0.00026737055482513273
JOSEPH E LOWERY BLVD @ 577,0.025311996398040503,0.0002673343921159275
PIEDMONT RD NE @ MARTINA DR NE,0.005097980012034328,0.00026686120275235496
MALL PKWY @ EVANS MILL RD,0.0020685276202321214,0.00026676836557238916
ROCKBRIDGE RD @ S INDIAN CREEK DR,0.013215711484846262,0.00026653849884264403
Mitchell St at Peachtree St,0.0004517057827987869,0.00026650670315651567
TARA BLVD @ TARA RD,0.005743696806751762,0.00026644003061736
BOULDERCREST @ 3220,0.008083191085982124,0.00026638276037815813
BOLTON RD NW @ MOORES MILL RD,0.002571629316027907,0.0002660607638187825
Church St Ext at Elizabeth St,0.0006258203754003136,0.0002657758972044816
GLENWOOD AVE SE @ FLAT SHOALS AVE SE,0.032706142400253095,0.0002654735520002594
HENDERSON MILL RD @ EVANS RD,0.007871502821974205,0.00026513151258088984
JONESBORO RD @ OLD JONESBORO RD,0.0263683707223193,0.00026510649283249013
North Ave Station,0.0004530601088555546,0.00026487718109593204
Akers Mill Rd at Galleria Dr,0.0008287105924214774,0.00026463333316438097
NORTH AVE NW @ FOWLER ST,0.011996209347887133,0.00026428209171619233
FLAT SHOALS RD @ SHOALS CREEK DR,0.003994318404368952,0.0002642700779277977
HAMILTON E HOLMES DR NW @ HIGHTOWER CT,0.026774288110681974,0.00026400533071646283
CLAIRMONT RD @ BUTLER LN,0.009041305757793971,0.00026383747845143337
MARIETTA BLVD @ CORONET WAY,0.00283492399689558,0.0002634275025665093
SR 42 @ FOREST PKWY,0.003978751263289476,0.00026260971664713055
Cobb Pkwy at Windy Ridge Pkwy,0.0011933286446260904,0.0002622881320043563
DONALD L HOLLOWELL PKWY @ BOLTON RD NW,0.003342370188075716,0.00026142561666293943
JONESBORO RD @ JOHN ROBERT DR,0.016233738335663942,0.00026125245367777445
RANCHWOOD DR @ WEEMS RD,0.010296743186697559,0.0002606960613338764
DOGWOOD DR @ MARINA ST,0.0016173392204213133,0.00026068969168660365
N DRUID HILLS RD NE @ COLONIAL DR,0.008395254185849021,0.00026023375960463035
FOREST PKWY @ BARTLETT DR,0.028897303260883377,0.00025974010883350395
Woodruff Circle Emory,6.382071328183912e-05,0.0002597106805124295
PEACHTREE ST NE @ 8TH ST NE,0.025305529110690773,0.00025967948217134616
LAKEWOOD-FT MCPHERSON STATION,0.12069545089384658,0.0002591674951175774
Windy Hill Rd at S Park Pl,0.0005244589611966107,0.00025904270586844076
GREEN FORREST DR @ GAY DR,0.0012697035039397648,0.00025891920429209353
CHAMBLEE TUCKER RD @ HOLIDAY PL,0.017573301223936414,0.0002585843198490234
BOULDER PARK DR SW @ BRANCH DR SW,0.006243838767513376,0.0002585643799477873
PEELER RD @ VILLAGE MILL RD,0.0017054312826980341,0.0002584519843819905
Maxham Rd at Salt Springs Pl,0.0001629908583599854,0.0002580085524550879
LAWRENCEVILLE HWY @ HUGH HOWELL RD,0.0077532960263677845,0.0002573654489863633
Austell Rd at Landington Dr,0.0003702940479256731,0.0002571981267163027
GREENBRIAR PKWY SW @ CONTINENTAL COLONY PKWY SW,0.01449842564921902,0.0002569405818024484
JOSEPH E BOONE BLVD @ MAPLE ST NW,0.003787106517683496,0.00025647506544110006
BUFORD HWY NE @ LENOX RD,0.010985958195271964,0.0002564353874001215
PRYOR RD SW @ HILLTOP DR SW,0.002525209410003527,0.0002561397847350765
BROOKHAVEN-OGLETHORPE STATION,0.06636499738523768,0.00025602456419853375
GLENWOOD RD @ HOLLYHOCK TER,0.00782411662713404,0.00025576268568520705
SOUTHLAKE PKWY @ S LEE ST,0.01130805446719986,0.00025502142005408247
Breckinridge Blvd & Eldridge Rd,0.00973383049577677,0.0002545808283909244
GLENWOOD RD @ 4371,0.006019591285091387,0.0002533117361261054
NORTH POINT PKWY @ OLD MILTON PKWY,0.002409483009310063,0.00025321572927515805
GARDEN WALK BLVD @ RIVERDALE RD,0.002036556395004381,0.0002529740979520678
RALPH MCGILL BLVD NE @ PARKWAY DR NE,0.015435200808967865,0.00025269664489540136
FULTON INDUSTRIAL BLVD @ GREAT SOUTHWEST PKWY,0.0031507710939098514,0.00025237890148492923
CONLEY RD @ MORELAND AVE,0.006064291653538073,0.00025175793097302005
CLIFTON SPRINGS RD @ AYLESBURY LOOP,0.0028391239293862306,0.0002512258477094266
Satellite Blvd & Satellite Shops,0.009111357892651611,0.00025093189919404363
BATTLE CREEK RD @ OLD MORROW RD,0.0025831867389505482,0.0002508218811491366
Windy Hill Rd at N Park Pl,0.0004452232783023483,0.0002504739455360476
MONROE DR NE @ AMSTERDAM AVE NE,0.015729842812048363,0.0002504446914716748
Old Alabama Rd SW at Old Powder Springs Rd SW,0.00038430904004121285,0.0002498857767725739
DOGWOOD DR @ NORTH AVE,0.0020207914310177368,0.00024952280167287377
RALPH MCGILL BLVD NE @ JOHN LEWIS FREEDOM PKWY NE,0.014690253000585464,0.0002491505399362516
HOLLYWOOD RD NW @ PERRY BLVD NW,0.006625066335346774,0.00024896607616977745
Cobb Pkwy at White Cir,0.00015841049720170366,0.00024890609837968707
W MARIETTA ST NW @ LONGLEY AVE NW,0.008085859159037779,0.000248791365208433
Windy Hill Rd at Cobb Pkwy,0.0004341451955009227,0.0002487854139156727
MEMORIAL DR SE @ OAKRIDGE AVE SE,0.016445665001636908,0.00024869000432360287
2ND AVE SE @ GLENWOOD AVE SE,0.011502960754583,0.0002483640709784537
Breckinridge Blvd & Fairfield Inn,0.007444060779596947,0.00024824292107735314
Ted Turner Dr (N) at Brotherton St,0.0003889654869330209,0.000247944670297647
INDIAN CREEK STATION - OUTSIDE BUS LOOP,0.0,0.00024775775411338386
REDAN RD @ MAINSTREET VALLEY DR,0.009850682965326422,0.0002475133438524289
DEKALB INDUSTRIAL WAY @ 766,0.003890278772345124,0.0002472297255216821
BOULDER PARK DR SW @ LINE RD SW,0.006047887569389808,0.0002471545870536373
Satellite Blvd & Chevy Dealership,0.007889984046647737,0.00024683673984616036
PEELER RD @ OLDE VILLAGE LN,0.0017771040436797847,0.00024669562140915206
DELOWE DR @ HEADLAND DR,0.007144922109665046,0.00024664330119861824
POWERS FERRY RD NW @ NEW NORTHSIDE DR NW,0.0014154381179359913,0.00024656741134114425
GREENBRIAR PKWY SW @ CAMPBELLTON RD SW,0.01611401489776923,0.00024625596349002596
FLAT SHOALS RD @ MALLORY RD,0.003743007226531667,0.0002461713061093599
Central Ave at MLK Jr Dr,0.00045172099994549215,0.00024597665731521367
REDAN RD @ REDAN WAY,0.005586130861192201,0.00024584058087269087
COLLIER DR NW @ COLLIER RIDGE DR NW,0.003976909988538141,0.0002451483175000088
BOLTON RD NW @ CORONET WAY NW,0.002571629316027907,0.0002449963459750261
NORTHSIDE PKWY NW @ 4111,0.0020205327395237476,0.00024472967779251673
Buford Hwy & Jones Mills Rd,0.007076977549626082,0.0002446499591646095
PEACHTREE ST NE @ 16TH ST NE,0.021458124649187702,0.00024464367278368397
PIEDMONT RD NE @ PEACHTREE RD NE,0.004977414558688593,0.00024441893250284045
LAMAR HUTCHESON PKWY @ 6842,0.0018418682200573497,0.00024434081230316474
HENDERSON MILL RD @ SHABROMAT WAY,0.009250024142003247,0.00024433305494620547
PLEASANTDALE RD @ 3930,0.0037382899110530382,0.00024429158571309537
GLENWOOD AVE SE @ HOWARD ST SE,0.02555014220778663,0.0002437124044292774
AVONDALE STATION,0.09087934645966438,0.00024358445356490566
JOSEPH E LOWERY BLVD @ SELLS AVE SW,0.006994021274362385,0.00024340681431116154
LAVISTA RD NE @ BERNADETTE LN NE,0.005351147681769654,0.0002433613115243556
NORTHSIDE DR SW @ MITCHELL ST SW,0.00715755995000376,0.00024335412093493068
BRIARCLIFF RD NE @ RANDOLPH RD NE,0.005670966454073997,0.00024292959461179214
WELCOME ALL RD @ SOUTHMEADOW PKWY,0.0017403546343865942,0.00024285282801180568
GARNETT STATION,0.1806059281154366,0.0002423755085735978
SOUTHLAKE PKWY @ MT ZION RD,0.010435295307448906,0.00024204130218216947
FLAT SHOALS RD @ SHENFIELD LN,0.003611751727625491,0.00024201730651107826
JONESBORO RD SE @ CLEVELAND AVE SE,0.025308252979951013,0.0002419378395057167
WASHINGTON RD @ STONE RD,0.03278377521036107,0.00024180085309641835
MARIETTA BLVD NW @ MOORES MILL RD NW,0.00283492399689558,0.00024165705177690028
CANDLER RD @ RAINBOW DR,0.02669926504123395,0.00024165641960844503
HILL ST SE @ TUSKEGEE ST SE,0.01754629839710794,0.00024164296596418456
NORTH AVE NE @ PARKWAY DR NE,0.008170649100479458,0.0002415198626662291
WINDWARD CONCOURSE @ 1100,0.0005283849850465665,0.00024127611723994503
15TH ST NE @ PEACHTREE ST NE,0.035436481484034575,0.00024023288212950478
COVINGTON HWY @ CRAGSTONE CT,0.005018675851979892,0.0002399128332732158
Six Flags Dr at Factory Shoals Rd,0.0005076287969405987,0.0002398765035026089
PRYOR RD @ FAIR DR,0.005204598950424697,0.00023984136545980404
DONALD L HOLLOWELL PKWY @ MARIETTA BLVD,0.012539111490890513,0.00023975670953168984
SOUTH DEKALB MALL (PICADILLY),2.5397417851070453e-05,0.00023942651449516261
Delk Rd at Bentley Rd,0.0007948524410022852,0.00023938039108506893
NORTHSIDE DR NW @ THURMOND ST NW,0.006545861086745923,0.00023907646202222952
TILLY MILL RD @ PEACHTREE INDUSTRIAL BLVD,0.00616259442125402,0.00023847510384462507
METROPOLITAN PKWY SW @ CLEVELAND AVE S,0.004438050402294186,0.00023847002307901996
HOLLY RD NW @ ANDREWS ST NW,0.005358101917813956,0.0002381252747960705
CLEVELAND AVE SW @ MACON DR SW,0.0024708309362522986,0.00023801238085772913
W HOWARD AVE @ PADEN CIR,0.008910050258887794,0.00023745624673450846
Church St Ext at Loudermilk Dr,0.00044884495921819896,0.00023727491142273963
MONROE DR NE @ 8TH ST NE,0.01617810951969176,0.0002371423254648521
ALISON CT @ 1935,0.0021709314089851345,0.00023708012944875144
COLLIER DR NW @ 3075,0.005756327038517124,0.00023701422010474372
CHAMBLEE TUCKER RD @ HENDERSON MILL,0.009651208997740588,0.00023691632545919661
County Services Pkwy at Al Bishop Dr,0.0007634594673493443,0.00023663347927824885
NORTHLAKE PKWY @ PARKLAKE DR,0.010169581100255096,0.00023659246584265993
WASHINGTON RD @ N COMMERCE DR,0.023914446036056542,0.00023644086199561408
BEECHER RD SW @ HIGHVIEW RD SW,0.011537731934804509,0.00023620468976915136
ROSWELL RD NE @ HILDERBRAND DR NE,0.010304602842970823,0.00023606072690805812
MCDONOUGH BLVD SE @ BOULEVARD  SE,0.005478302159638764,0.00023520260904371683
IDLEWOOD RD @ LAWRENCEVILLE HWY,0.0007453814970635015,0.00023517460764590988
N HIGHLAND AVE NE @ CUMBERLAND RD,0.017323656323663353,0.00023488612197400223
FULTON INDUSTRIAL BLVD @ SHIRLEY DR,0.005123293735578519,0.00023488518279763418
MEMORIAL DR @ WASHINGTON ST,0.0246986540829385,0.000234690443236269
REDAN RD @ S INDIAN CREEK DR,0.011602237419688084,0.00023468163599889565
CLIFTON SPRINGS RD @ BUNNY LN,0.002635777197963909,0.0002346707319966559
Satellite Blvd & Tandy Key Ln,0.009111373109798317,0.0002344193885911693
BOULDERCREST RD SE @ 2000,0.006930761059317524,0.00023410156490621665
CORONET WAY @ PINE GROVE DR,0.0032094255858852562,0.0002339896403901195
PEACHTREE ST @ ANDREW YOUNG INTL BLVD,0.012168071802776282,0.00023396962337610193
GLENWOOD AVE @ FAYETTEVILLE RD,0.0213579628533826,0.00023384768181463546
Breckinridge Blvd & Duluth Hwy,0.00419626515829439,0.00023370377650944242
MEMORIAL DR SE @ PEARL ST SE,0.03318860457273432,0.00023363157412367144
CASCADE RD SW @ VENETIAN DR SW,0.013360563504333584,0.00023361875870493883
E PONCE DE LEON AVE @ BEVERAGE DR,0.003525790065887506,0.00023354756777857678
RALPH D ABERNATHY BLVD @ 1701,0.015804239442290355,0.00023340734279516542
HEADLAND DR SW @ GREENBRIAR PKWY SW,0.005205116333412675,0.00023338970589990748
Delk Rd at Powers Ferry Rd,0.0007561095854907062,0.00023336134362943002
East-West Connector at Floyd Rd,0.0031527036715414186,0.00023300825657734456
N COMMERCE DR @ MARKETPLACE BLVD,0.003476935416390285,0.00023290680552932655
AUBURN AVE NE @ JESSE HILL JR DR NE,0.005789142815387006,0.00023285371503215443
Ted Turner Drive at West Peachtree Place,0.008724020640416053,0.0002328531792233886
PEACHTREE ST NE @ 25TH ST NW,0.015568891051346883,0.0002327900169524215
OLD NATIONAL HWY @ PLEASANT HILL RD,0.009048031736637693,0.00023248326110728235
Cobb Pkwy at Franklin Dr,0.001582689777373448,0.00023221115825137835
CHAMBLEE TUCKER RD @ SHALLOWFORD RD,0.015363512830839409,0.00023175462961078796
MCAFEE RD @ SHANNON RIDGE CT,0.01134313252654659,0.00023166916114116456
N DRUID HILLS RD NE @ BROOKSHIRE LN,0.008072194161296458,0.00023141816822086302
Burton Rd at Hamilton E Holmes Dr,0.0001281588095516569,0.00023138736198586815
LEE ST SW @ OAK ST SW,0.0039105784460499345,0.0002313821333526551
MORELAND AVE @ MANSFIELD AVE,0.013108362123414041,0.00023135949578574424
MERCURY DR NW @ BOLFAIR DR NW,0.0013249721807732508,0.00023131155311583573
MONROE DR NE @ GREENWOOD AVE NE,0.007608862478414857,0.00023089084448151445
JOSEPH E BOONE BLVD @ DIXIE HILLS CIR NW,0.005311826574683275,0.00023025517455073667
Jimmy Carter Blvd & Wandering Way,0.0023472600964322757,0.00023024964329130572
Ted Turner Dr at Mitchell St,0.00038898070407972614,0.00023012641199732546
BOBBY BROWN PKWY @ CAMBRIDGE AVE,0.002820345970351946,0.00023007193393453267
Powers Ferry Rd at Terrell Mill Rd,0.0006910106318856257,0.0002300384241279696
MEMORIAL DR @ 3982,0.010758035771920657,0.00022940097773691716
Bells Ferry Rd at Bridgestone Dr,0.0005403152280634863,0.00022931574610094655
METROPOLITAN PKWY @ SAINT JOHNS AVE S,0.006747145894789682,0.00022919732603073374
E PONCE DE LEON AVE @ PATTERSON AVE,0.005628343226152578,0.00022894342168988945
Floyd Rd at Hicks Rd,0.0029794260220086808,0.0002288550537869035
DELOWE DR @ CONNALLY DR,0.0027956789755427276,0.00022874594827629828
METROPOLITAN PKWY SW @ CASPLAN ST SW,0.0036247547794851314,0.000228677306240328
S MAIN ST @ JANIS LN,0.00413687263470378,0.00022822476964935254
N DECATUR RD NE @ SPRINGDALE RD NE,0.007934943106588412,0.00022820117076776894
REDAN RD @ SAGEHILL DR,0.01175775665901579,0.00022796637550265368
BUFFINGTON RD @ FLAT SHOALS RD,0.004889254019251699,0.0002279177801622159
OAKLEY INDUSTRIAL BLVD @ OAKLEY RD,0.002827041514902258,0.00022784851823932594
CLEVELAND AVE SE @ 84,0.005027927877176687,0.00022783577315643933
FOREST PKWY @ ASH ST,0.023116063217018635,0.0002274925459982051
HAYNES BRIDGE RD @ OLD MILTON PKWY,0.00383927089658911,0.00022744058817104958
PERRY BLVD NW @ MCCALLIE BLVD NW,0.0024570822442041007,0.00022742781194630402
HANK AARON DR @ ORMOND ST SE,0.02293534438274703,0.0002271629622557904
S PARK BLVD @ ANVIL BLOCK RD,0.0008089435188513513,0.00022712922339201912
BOULEVARD SE @ DECATUR ST SE,0.0026691788349819437,0.00022710253948966875
N DRUID HILLS RD NE @ SYLVAN CIR NE (S),0.004894169157637496,0.0002270321702832668
PEACHTREE INDUSTRIAL BLVD @ LONGVIEW DR,0.0067380916925000554,0.00022682067488201795
Beaver Ruin Rd & Buford Hwy (McD's),0.004015120243915035,0.00022679606670350335
FOREST PKWY @ OLD DIXIE RD,0.022174000098789715,0.00022669305432623931
Tech Dr & Chevron Gas Station,0.004751021458581163,0.00022669052681766145
Tech Dr & Food Depot,0.003989296745956218,0.00022661418048956268
Buford Hwy & Amwiler OB,0.0070769927667727875,0.00022652288161795382
DONALD L HOLLOWELL PKWY @ BOLTON RD,0.003342370188075716,0.00022651744734737589
PERIMETER CTR E @ 24,0.0008177390296469886,0.00022650602563658112
COMMERCE DR @ E COLLEGE AVE,0.009596434878175023,0.00022648136103118414
DONALD L HOLLOWELL PKWY @ FINLEY AVE,0.007585854152596512,0.00022614216836733768
BRIARWOOD RD @ BRIARWOOD IND CT,0.004346245356221383,0.00022610043427569415
N DRUID HILLS RD @ SPRING CREEK RD,0.013902042844120022,0.00022607678025693496
Floyd Rd at Veterans Memorial Hwy,0.002577875954750414,0.00022606821632471607
HEADLAND DR @ FOREST TRL,0.004772173292501468,0.00022566946725459025
COVINGTON HWY @ PHILLIPS RD,0.004536368387156838,0.00022549791498265202
ROOSEVELT HWY @ HERSCHEL RD,0.01588419793965312,0.00022546850829748837
WENDELL DR SW @ WENDELL CT SW,0.0007078255789949323,0.00022544456957322413
Singleton Rd & Church (Iglesia Universal,0.0021540784190090647,0.00022541988194449414
Satellite Rd & Pars Cars Sales,0.007889999263794441,0.00022540923289831566
COLLIER DR @ LINKWOOD RD,0.003976909988538141,0.00022532133271654592
RAINBOW WAY @ CANDLER RD,1.331500336709805e-05,0.00022520201533293975
Collins Hill Rd Collins Industrial Way I,0.000883127109039469,0.0002250735485408871
N MAIN ST @ CUMMING ST,0.002946952630939667,0.00022469178669234056
Circle 75 Pkwy at Herodian Way,0.0006600741726338424,0.00022433887116969336
PERIMETER CTR E @ ASHFORD DUNWOODY,0.0045164187078262485,0.00022431166031605204
CENTRAL AVE SW @ GLENN ST SW,0.011419563182064852,0.00022422075918860732
HILLANDALE DR @ PANOLA RD,0.009098058106431219,0.0002241845963732917
OAKLEY INDUSTRIAL BLVD @ BOHANNON RD,0.0006068293763121555,0.00022411158589992028
PANOLA RD @ SHIREWICK DR,0.0021182192127981317,0.00022390195743054032
FLAT SHOALS RD @ CLIFTON CHURCH RD SE,0.0012843423990702202,0.00022382624888098537
Sugarloaf Pkwy & MacLeod Indusrial Park,0.0028871188100946044,0.00022372754459686842
Club Dr & Shackleford Rd,0.005775728900566324,0.00022347735599361566
PIEDMONT RD NE @ HABERSHAM RD NE,0.004398980378128444,0.00022347674096288102
CHURCH ST @ GLENLAKE COMMONS DR,0.018458931553608896,0.00022346989014819743
NORTH POINT PKWY @ NORTH POINT CT,0.01168803169281231,0.000223277473418514
RAINBOW DR @ SNAPFINGER RD,0.021551692348087192,0.00022318802768058862
TARA BLVD @ FLINT RIVER RD,0.006613250220930144,0.000223138513918382
REDAN RD @ ADCOX RD,0.010136826191972035,0.00022295635926834054
CECILIA DR SE @ BOULDERCREST RD SE,0.012263353966871235,0.00022279525606404578
SIDNEY MARCUS BLVD @ ADINA DR,0.012990733579382421,0.00022278230038538072
LAVISTA RD NE @ MERRY LN NE,0.004593630510208712,0.00022262591647647913
E SIDE DR @ OLD WESLEY CHAPEL RD,0.0003232730646064354,0.00022248246716573042
BEECHER RD SW @ SHIRLEY ST SW,0.012043641194167414,0.00022205163348457056
ROSWELL RD NE @ LAKE PLACID DR NE,0.006143961025113435,0.00022185205306741345
PEACHTREE RD @ PEACHTREE MEMORIAL DR,0.013473307344272817,0.00022180432261790015
EMORY DECATUR HOSPITAL,0.009067981415968283,0.0002218029371452121
OAKLEY INDUSTRIAL BLVD @ JONESBORO RD,0.003987790248432398,0.00022178849607716638
NATHAN RD SW @ BOULDER PARK DR SW,0.008450888074203433,0.00022165586019151547
BRIARCLIFF RD NE @ 869,0.01043053234053016,0.00022164200623017572
S MCDONOUGH ST @ BENSON ST,0.007571892420494441,0.00022154255990761425
W HOWARD AVE @ GREENWOOD CIR,0.00841969292345766,0.00022154081749488192
FOREST PKWY @ LAKE DR,0.01970314633681736,0.00022141709356578813
JONESBORO RD @ 4330,0.004797509841765717,0.00022141356479617215
MARIETTA ST NW @ PEACHTREE ST,0.009872352182234706,0.00022135693892143683
DECATUR STATION - BUS LOOP,0.02102872720345882,0.00022121575240067963
ROCKBRIDGE RD @ SAFARI CIR,0.01218993123401838,0.00022109254722823282
NEW PEACHTREE RD @ MCELROY RD,0.007351007927494313,0.00022108408684219497
GLENWOOD AVE SE @ EVA DAVIS WAY,0.025547296601352746,0.0002209675749695718
S Cobb Dr at King Springs Rd,0.0004564230982774159,0.00022086035555383892
MARIA HEAD TER @ NORMAN BERRY DR,0.000607042416366029,0.00022085438415499109
WEST LAKE STATION - WEST LOOP,0.007148969870688643,0.00022079213515936415
CHURCH ST @ BELL ST,0.017628090560648683,0.0002206674611955321
Peachtree Corners Cir & Jones Mill Spur ,0.0030722810512041464,0.00022066449680003164
COLUMBIA DR @ PEACHCREST RD,0.018291261422637043,0.00022055122484408309
HAYNES BRIDGE RD @ DEVORE RD,0.004931770727146181,0.0002203584026551461
SYLVAN RD @ N CENTRAL AVE,0.0027589447833962426,0.00022016968634513173
N MAIN ST @ VAUGHAN DR,0.0013652519681020604,0.0002199986268769535
MARTIN L KING JR DR SW @ BARFIELD AVE SW,0.033181079693688574,0.00021969335432757707
TILSON RD @ WINDYHILL RD,0.0036767822040703977,0.00021964227624128745
CASCADE RD SW @ CASCADE HILLS DR SW,0.004140007366925063,0.00021963953558769538
Austell Rd at Perkerson Mill Rd SW,0.0005315045001211436,0.00021960160520704606
MEMORIAL DR SE @ 1ST AVE,0.018756061560175702,0.000219263241234587
REDAN RD @ AVONRIDGE DR,0.011277762200491932,0.00021918594096547106
SHALLOWFORD RD NE @ BRIARLAKE CT NE,0.008497779711775675,0.00021918342987471148
PEACHTREE ST @ ANDREW YOUNG INTL BLVD (PEACHTREE CTR STN),0.012168071802776282,0.00021918203106498463
SR 42 @ ROCK CUT PL,0.005748581510844149,0.00021906171030111314
Windy Hill Rd at Belmont Cir,0.0005513628765715014,0.00021895942349320127
KING MEMORIAL STATION - BAY A,0.012182147663478643,0.00021893719601760806
Gwinnett Justice & Admin Center,0.0026216100343813167,0.00021892341225223473
WESTVIEW DR SW @ CHICAMAUGA AVE SW,0.005026664854000151,0.00021825293425852799
ROOSEVELT HWY @ GATEWAY BLVD,0.022815707175350315,0.00021822440830062534
SR 85 @ ROBERTS DR,0.005227470321922695,0.00021818744884481277
FORREST PARK RD SE @ NATHAM DR SE,0.007008865600973361,0.00021817199283734464
WINN WAY @ COALTER WAY,0.0024090949720690794,0.0002180124906845709
BROWNLEE RD SW @ DAMERON CIR SW,0.0007652855249539749,0.00021797010900637557
PRYOR RD SW @ UNIVERSITY AVE SW,0.005933447017592939,0.00021783030212141596
BUFORD HWY NE @ BRIARWOOD RD,0.004129340147084679,0.00021769008809523256
MANSELL RD @ WARSAW RD,0.0015239972425312798,0.00021760596993233044
AUBURN AVE NE @ HILLIARD ST NE,0.005789142815387006,0.00021731844617113499
Forsyth Street at Martin Luther King Junior Drive,0.000449027564978662,0.00021723702463819899
MEMORIAL DR SE @ WILKINSON DR SE,0.011342381813975799,0.00021718384526523449
CROFT PL NW @ BOLTON RD NW,0.0030210297011008477,0.0002171395109946864
REDAN RD @ MARTIN RD,0.0013010203918591794,0.00021705403980263997
PIEDMONT RD NE @ E PACES FERRY RD NE,0.00593174269716195,0.00021691478632470727
HAMILTON E HOLMES STATION - BUS LOOP,0.020990760422429207,0.00021688019509750008
LAVISTA RD @ LEAFMORE PL,0.002582654138815864,0.00021685704246207456
Satellite Blvd & Golden Corral,0.009111388326945023,0.00021674245912987853
MARTIN LUTHER KING J DR @ LARCHWOOD,0.02039584607198727,0.00021647946383758783
BAKER RD NW @ GARY RD NW,0.0012179804222886034,0.00021575606540405373
HOWELL MILL RD NW @ COLLIER RD NW,0.00845522496101443,0.00021557766252003463
Jimmy Carter Blvd & Atlantic Blvd,0.0037785240469417323,0.00021550781117286223
E PONCE DE LEON AVE @ EXCHANGE AVE,0.005341834787986038,0.00021542116340354426
JOSEPH E LOWERY BLVD @ PARSONS ST SW,0.005604079485731049,0.00021530126611048834
ATLANTA ST @ CHATTAHOOCHEE CIR,0.004134011811123192,0.00021510411928560974
SR 85 @ LAKE RIDGE PKWY,0.004027583087066639,0.00021501805617144614
WINN WAY @ RUFUS EVANS DR,0.0034515760414059776,0.00021498896677463536
OLD NATIONAL HWY @ BISCAYNE DR,0.008854545716280377,0.00021478491916298827
Mitchell St at Forsyth St,0.0003889959212264314,0.00021468481432067923
GRESHAM RD SE @ COTTONWOOD DR,0.008562581931020004,0.0002146369525705609
CLEVELAND AVE @ JEFFERSON TER,0.005594728549080669,0.0002146172866698735
MT ZION RD @ DOROTHY LN,0.001511904683282837,0.0002145694294207064
BOULDERCREST DR SE @ FAYETTEVILLE RD SE,0.00796984870493915,0.00021450605159843413
H E Holmes Dr at Mlk Jr Dr,0.00012817402669836216,0.00021448115925118264
PLEASANTDALE RD @ PLEASANT SHADE DR,0.005872662125078798,0.00021445273372038045
COLLIER DR NW @ COLLIER CT NW,0.006081547897901832,0.00021442614615168625
COMMERCE DR @ CLAIREMONT AVE,0.020476854552472692,0.0002143397001838299
HILL ST SE @ FARRINGTON AVE,0.016418175226113864,0.0002142100777175246
TILSON RD @ DAWN DR,0.0033729262186598676,0.00021413642257867707
BOULDERCREST RD @ SUGAR CREEK GOLF DR,0.004889867777502145,0.00021391670957028187
HILL ST SE @ WOODWARD AVE SE,0.0018927239243463115,0.00021372118714859173
Buford Hwy & Mitchell Rd (NAPA) IB,0.00595667599203851,0.0002135800956348384
PLAINVILLE CIR @ PLAINVILLE DR,0.001011179398564189,0.00021349536013689596
ROCKBRIDGE RD @ SAN MARCOS WAY,0.008820018010406154,0.00021342465519504352
METROPOLITAN PK @ FAIR DR,0.0036247547794851314,0.00021314222687545257
JONESBORO RD SE @ CONSTITUTION RD SE,0.016057886452146897,0.00021292633257753713
ROCKBRIDGE RD @ N INDIAN CREEK DR,0.019408230425096165,0.00021290034685027582
JOSEPH E BOONE BLVD @ VINE ST NW,0.0031596731247324253,0.00021285213921577918
HAMILTON E HOLMES @ MARTIN L KING JR DR,0.02359333380628225,0.00021279588458024054
PEACHTREE RD @ CLUB DR,0.006956412096280348,0.00021265752296818904
CHESHIRE BRIDGE RD NE @ MANCHESTER ST,0.008315371774219786,0.0002125934169658038
GLENWOOD RD @ ATHERTON DR,0.004943503147255932,0.00021254654736177836
LAWRENCEVILLE HWY @ TOWNSHIP LN,0.005800593718282711,0.00021207541365354216
N DECATUR RD NE @ OXFORD RD NE,0.007934943106588412,0.00021203643201341666
HOLCOMB BRIDGE RD @ OLD DOGWOOD RD,0.01088986191382828,0.00021202129481115117
Buford Hwy & Post Office OB,0.004015135461061741,0.00021197732708678934
BUFORD HWY NE @ PLASTER RD,0.0050058782316007725,0.0002118193005797462
FLAT SHOALS RD @ GUILFORD LN,0.00554359132757766,0.00021170028069147855
FLAT SHOALS AVE SE @ CAVANAUGH AVE SE,0.014749970156639118,0.00021168608624422806
REDAN RD @ REDAN CIR,0.008606635570731717,0.00021161587571102592
CLAIRMONT RD @ MCCONNELL DR,0.008694948281635664,0.0002115988483027128
HARWELL RD @ DONALD L HOLLOWELL PKWY,0.0012132783239566796,0.00021157155546295392
N DRUID HILLS RD NE @ SYLVAN CIR NE (N),0.004894169157637496,0.00021155663335720146
JONESBORO RD @ OAKLEY INDUSTRIAL BLVD,0.007494817572432325,0.00021150452953379607
METROPOLITAN PKWY SW @ 1577,0.007918364025253036,0.00021149578205632375
LAVISTA RD NE @ N DRUID HILLS RD NE,0.0025864736426388832,0.00021143110030296826
JOSEPH E BOONE BLVD @ ANDERSON AVE NW,0.00491514599437069,0.00021137597171115718
Philip Blvd & Katherine Oaks Rd,0.002263398400939616,0.00021114415207140025
MEMORIAL DR SE @ CLIFTON ST SE,0.011480051340218239,0.00021075205502418164
S STONE MOUNTAIN LITHONIA RD @ 490,0.006332379735617902,0.00021072884101933426
WINDWARD CONCOURSE @ ALDERMAN DR,0.0006196117795445696,0.00021035376113048398
ROSWELL RD NE @ 7155,0.0019107714603387438,0.00021032855887166387
CANDLER RD @ RAINBOW WAY,0.014823773318159608,0.00021008674002060389
HOLLYWOOD RD @ GUN CLUB RD,0.01374754315362157,0.00021008226347150703
MARTIN L KING JR DR SW @ HOWELL DR SW,0.018837884158009858,0.00020997901703399453
CENTRAL AVE SW @ ALICE ST SW,0.011419563182064852,0.00020977119433648338
HOLDERNESS ST SW @ WESTVIEW DR SW,0.005451055858463005,0.00020976686819695837
BAKERS FERRY RD @ CORNELL BLVD,0.004139489983937084,0.00020974126787841126
JONESBORO RD SE @ MIDWAY ST SE,0.023078537733243476,0.0002097386670517543
LAKEWOOD AVE @ SHADYDALE AVE,0.008509930603419822,0.0002097165112140501
VENETIAN DR SW @ PINEHURST DR SW,0.0016028601053312632,0.00020960364505851837
SCOTT ST SW @ BROWNLEE RD SW,0.0009621193175864473,0.00020954739457921729
VENETIAN DR SW @ CAHABA DR SW,0.0016083306695718026,0.00020953397537302307
MT ZION RD @ MT ZION CIR,0.006025427060852852,0.00020951044618446998
DONALD L HOLLOWELL PKWY @ HAMILTON E HOLMES DR,0.02913538820204268,0.00020947926951270498
PLAINVILLE DR @ 658,0.0038355122613529117,0.0002093154147581219
BURTON RD NW @ LINKWOOD RD NW,0.01416792443992759,0.00020929882586093177
N PEACHTREE RD @ SAVOY DR,0.0043215479271187535,0.00020928580891139853
BRIARWOOD RD NE @ BUFORD HWY NE,0.0031547884206400384,0.00020922260870510752
Satellite Blvd & Gwinnett Place Ford,0.009111403544091727,0.0002091961750223676
HOSEA L WILLIAMS DR NE @ NORWOOD AVE NE,0.0050437080583100365,0.0002089982267888938
LAWRENCEVILLE HWY @ SHADY LN,0.006255046196061796,0.00020897260445832183
HOLCOMB BRIDGE RD @ CHAMPIONS GREEN PKWY,0.0022225403620360065,0.00020885768338303973
BRIARCLIFF RD NE @ STILLWOOD DR NE,0.010244578807791945,0.00020883526308205404
ALPHARETTA HWY @ WILLS RD,0.004840650452675115,0.00020879550983921114
Sugarloaf Pkwy & The James @ Sugarloaf,0.00288713402724131,0.00020876727133336997
WINN WAY @ BILL THRASHER DR,0.003169541444370783,0.00020868854269390845
CHAMBLEE TUCKER RD @ BUCKEYE RD,0.010211063042173622,0.0002086341773538859
PEACHTREE IND BLVD @ JOHNSON FERRY,0.004696711461990109,0.00020859702619467136
UPPER RIVERDALE RD SW @ HAYES DR,0.001596309123674651,0.00020858917489772674
COLUMBIA DR @ WOODS DR,0.004849917695018615,0.00020826960810365773
HUTCHENS RD SE @ 916,0.02023600516299527,0.00020826640333124988
EDGEWOOD AVE @ HILLIARD ST,0.001953470773993689,0.00020817321542688136
Roswell St at Anderson St,0.000806600078258742,0.00020805230253084688
PEACHTREE ST @ PEACHTREE PL,0.02525617990392563,0.00020802265454786313
Floyd Rd at Fontaine Rd,0.0027120151029572364,0.00020801166331454535
CENTRE PKWY @ 3000,0.0019670901202948924,0.00020795033584026287
Bells Ferry Rd at Bristol Ln,0.0007423228505757453,0.00020787664440223796
S Service Rd at Riverside Pkwy,4.638186315761698e-05,0.0002078250652463674
ROSWELL RD NE @ 7070,0.0022914131680239905,0.00020776914344709465
PANOLA RD @ 2944,0.0008840705721351948,0.0002077425816796852
WYLAND DR SW @ LANVALE DR SW,0.006915622534536912,0.0002076984775072097
ALMONT DR SW @ EDGEFIELD DR SW,0.007276147174277811,0.00020757598193877277
CLAIRMONT RD @ LAVISTA RD,0.009599653304703184,0.00020753903480655322
WASHINGTON RD @ REDWINE RD,0.029899547658140468,0.00020753422406408526
ATLANTA AVE SE @ BOULEVARD SE,0.01281724288979581,0.00020734549767327482
ROOSEVELT HWY @ WICKERSHAM DR,0.014304125511512973,0.00020724330385073284
Cobb Pkwy at Bells Ferry Rd,0.0002498046803134647,0.00020709801829469536
NORTHLAKE PKWY @ NORTHLAKE CENTER DR,0.006577467100452737,0.00020699897755420632
DELMAR LN NW @ 2971,0.01114035136574348,0.00020696737466154686
MARTIN L KING JR DR NW @ WELLINGTON ST SW,0.036439892529205736,0.00020695530212600205
MARIETTA BLVD @ PLYMOUTH RD,0.003155640580855533,0.00020691575792492755
DECATUR STATION,0.09094824969994576,0.00020686682021143078
17th Street Northwest at Village Street,0.00010624611829608981,0.0002068621648011644
FOREST PKWY @ WEST ST,0.0197855015347862,0.0002068521144202388
BELLEMEADE AVE NW @ BUCHANAN ST NW,0.005717325491511556,0.0002067052470991435
FAIRINGTON RD @ WALMART DR,0.004217234386454232,0.0002066731746195669
MAIN ST @ WILLIAMS AVE,0.07399358635816478,0.00020643113954798905
FLINT RIVER RD @ TARA BLVD,0.0021883322162425936,0.00020634978173081142
N HIGHLAND AVE NE @ LOS ANGELES AVE,0.028112757900582788,0.0002062551927115606
PEACHTREE CENTER STATION,0.15890158496017565,0.00020623802936014442
HOLLYWOOD RD NW @ SPINK ST NW,0.003626618879956525,0.00020603353479775347
DECATUR ST @ KIMBALL WAY,0.009872352182234706,0.0002059290547055139
STANTON RD @ LESLIE AVE,0.003841743682928714,0.00020583151383691284
2ND AVE SE @ COTTAGE GROVE AVE,0.008927945623413175,0.0002055913380086876
N COMMERCE DR @ 4100,0.002325956091044919,0.00020554155195198764
CHURCH ST @ LUCERNE ST,0.017831848155032047,0.00020551724666044598
ATLANTA ST @ OXBO RD,0.0027905812313964674,0.00020549223531741303
Windy Hill Rd at Roswell St,0.00046575120920773716,0.00020545134964892057
MARIA HEAD TER @ CALHOUN AVE,0.000607042416366029,0.0002053234995945816
SHANNON PKWY @ RESURRECTION WAY,0.004435722178848281,0.00020532143008110485
ROCKBRIDGE RD @ ORCHARD DR,0.0068985336787869105,0.00020520769326466117
S CANDLER ST @ KIRK RD,0.007452521513165069,0.0002051824286969496
PONCE DE LEON AVE NE @ FREDERICA ST NE,0.019562897504208376,0.0002048863467281594
HOWELL MILL RD NW @ TRABERT AVE NW,0.009850211233778558,0.00020488092370939435
JOHNSON RD NE @ NOBLE DR NE,0.0036358937308733777,0.00020472575271387406
PONCE DE LEON AVE NE @ KENNESAW AVE NE,0.0038968677968684996,0.00020451004833738518
CHESHIRE BRIDGE RD @ WOODLAND AVE NE,0.008251459758057715,0.00020445144785823555
BOULDER PARK DR SW @ WILSON MILL RD SW,0.004238797083335578,0.0002043261233758333
DEFOOR AVE NW @ MANTISSA ST NW,0.003598642155738914,0.00020400991747777822
SNAPFINGER RD @ COLUMBIA DR,0.010550932941453255,0.0002039958927502717
CLAYTON COUNTY LIBRARY SYSTEM HQ,0.00415505712501656,0.0002039773801387792
PEACHTREE ST @ BAKER ST,0.012168071802776282,0.00020389076830396445
PEACHTREE RD NE @ OSBORNE RD NE,0.005514937440331665,0.00020376134266855122
CASCADE AVE SW @ BEECHER ST SW,0.01776372098923262,0.00020358768658588957
S PARK BLVD @ 4500,0.000606798942018745,0.00020341426989463088
HEADLAND DR @ DODSON DR,0.004902447285445155,0.00020339072075559024
Acworth Park & Ride,0.0,0.0002033412657325542
AUBURN AVE @ WILLIAM H BORDERS SR DR,0.005789142815387006,0.00020320351179175153
Circle 75 Pkwy at Windy Hill Rd,0.0003719374997698406,0.0002030060729645615
LAWRENCEVILLE HWY @ TERRI LYNN CT,0.012967687210697312,0.00020294001080081717
Buford Hwy & Summerour St IB,0.005956691209185215,0.00020290800977668008
BUFFINGTON RD @ SABLE RUN RD,0.005893966130466155,0.00020285728228984948
CHARLES W GRANT PKWY @ INTERNATIONAL PKWY,0.0015048388548293639,0.00020275639790928726
West Peachtree St at Peachtree Pl,0.0005167895192571621,0.00020274902997798343
AVONDALE STATION - NORTH LOOP,0.012702414300757955,0.00020268589497819897
BRANNEN RD SE @ BOULDER RD SE,0.011655839818957344,0.00020267113377372875
CIVIC CENTER STATION,0.15927887889558573,0.0002026516139339641
BARGE RD SW @ MELLWOOD PL SW,0.01334784196968799,0.0002025634893781863
OAKCLIFF RD @ PIN OAK CIR,0.009382694835553013,0.00020249786833207809
COVINGTON HWY @ TURNER HILL RD,0.0024104492981258468,0.00020245048140337424
Mitchell Rd & Co-Op Ministry,0.0038469555556752636,0.0002023724376643349
N DECATUR RD NE @ OAKDALE RD NE,0.007934943106588412,0.00020233858573541266
SNAPFINGER WOODS DR @ PANOLA RD,0.01027980650241461,0.00020226036681120454
SANDTOWN RD SW @ WICHITA DR SW,0.002934999562202689,0.00020219936279906208
FULTON INDUSTRIAL BLVD @ WENDELL DR,0.006014896795332816,0.00020212616642043395
DONALD L HOLLOWELL PKWY @ COMMODORE DR NW,0.029656818951044946,0.0002020359034738718
PERRY BLVD NW @ MARY GEORGE AVE NW,0.0014098382079484573,0.00020202506425125925
Buford Hwy & East Lake Dr (across) OB,0.0070770079839194925,0.00020196910922081062
CONSTITUTION RD SE @ 1224,0.0005057266536024419,0.00020185121638189693
MONTREAL RD @ KENNERSLY CLOSE,0.005900836672203577,0.00020176644796257972
REDWINE RD @ N DESERT DR,0.004041354604834895,0.00020176532746245336
NEW PEACHTREE RD @ HARDEE AVE,0.009937093532892212,0.00020174320177701176
N DRUID HILLS RD NE @ BUFORD HWY NE,0.010482301073621438,0.00020173811294112322
DEFOORS FERRY RD @ GLENDEVEN CT,0.0018975325427051722,0.00020170003426644813
PEACHTREE RD NE @ MAPLE DR NE,0.009735763073408336,0.00020163177824151994
HOLLYWOOD RD NW @ EUGENIA PL NW,0.013814399687671106,0.00020143670522449226
OLD FAIRBURN RD @ CAMP CREEK PKWY,0.003293127501337511,0.00020138620994908702
UNIVERSITY AVE @ BOOKER AVE,0.005525307925811297,0.0002013794978325053
BOULDERCREST DR SE @ STALLINGS AVE SE,0.00963270241115588,0.00020132284593053459
HOLCOMB BRIDGE RD @ FOUTS RD,0.0028277415036506996,0.00020125920516971874
HEADLAND DR @ PLANTATION DR,0.007865925737706728,0.00020091501201839366
HEADLAND DR @ 2472,0.005195346925227901,0.00020070819127065238
MT ZION RD @ PAVILION TRC,0.006047750615069461,0.0002006786282197506
SHALLOWFORD RD NE @ DRESDEN DR NE,0.009125304407606978,0.00020066122697664986
BOLTON RD NW @ MARIETTA BLVD NW,0.003485997227253264,0.0002005740632675973
Philip Blvd & Walther Rd OB,0.0022634136180863214,0.00020055475292230917
FULTON INDUSTRIAL BLVD @ BUCKNELL DR,0.001659460282501459,0.00020050373632416843
PEELER RD @ INDEPENDENCE SQ,0.001736352524803112,0.00020027755023288303
DECATUR ST SE @ HILL ST,0.0007092559907852263,0.00020024222825525416
STANTON RD @ SWEETBRIAR CIR,0.0024561616068284327,0.00020021550931174627
Martin Luther King Junior Drive at Stone Hurst Place,0.0001281892438450674,0.00019995756632333665
MARTIN LUTHER KING J DR @ 2085,0.02039584607198727,0.00019991121955380972
S PARK BLVD @ 4644,0.0004045934965993177,0.00019987243977325595
LA FRANCE ST NE @ FLORA AVE NE,0.0012133239753967953,0.00019972027716435277
MANSELL RD @ OLD ROSWELL RD,0.001405577406870986,0.00019942980106420457
Concord Rd SE at S Cobb Dr,0.000888437893239603,0.00019940843080556512
COMMERCE DR @ W HOWARD AVE,0.008398769346737934,0.00019929478005555022
S Cobb Dr at Walthall Ave,0.0011706550960352605,0.00019916650131110179
MT ZION RD @ IMPERIAL DR,0.0013906240240419555,0.00019911161044002473
ROSWELL RD @ HIGHTOWER TRL,0.0037541157436265034,0.00019900025436216183
CHAMBLEE TUCKER RD @ LIVSEY RD,0.004746441097422882,0.00019896604308141993
OLD DIXIE HWY @ 4453,0.04236732623765898,0.00019885668117565974
MT VERNON RD @ VERNON RIDGE DR,0.0014207641192828303,0.00019881094592886665
PEACHTREE RD NW @ PEACHTREE HILLS AVE,0.01218796061352005,0.00019881020376167068
CAMPBELLTON RD SW @ WELLS DR SW,0.02142609255537314,0.00019879900871928432
SR 85 @ SR 138,0.007399809316978066,0.0001987264399475769
TILSON RD @ 2580,0.003689625475889633,0.00019869632167353698
DONALD L HOLLOWELL PKWY @ GERTRUDE PL NW,0.04476673042346793,0.0001986457395451523
BATTLE CREEK RD @ TARA BLVD,0.004883745412144397,0.00019854204873115573
COLUMBIA DR @ OREGON TRL,0.005046310190396635,0.00019846634578143206
BOULDERCREST DR SE @ FLAT SHOALS RD SE,0.009944851741520775,0.0001984444396783175
LAWRENCEVILLE HWY @ BROCKETT RD,0.006138285029392375,0.0001983757237668956
ROSWELL RD NE @ IVY PKWY NE,0.004015919144117062,0.00019833802562561803
LAVISTA RD @ BRIANWOOD RD,0.0024707624590921246,0.00019796717655158383
MCAFEE RD @ HOLLY HILL DR,0.011164026709825739,0.0001979641145559616
Roswell St at Cole St,0.0008066152954054473,0.00019794859427819605
MCAFEE RD @ WILLA WAY,0.011105379826423687,0.00019790254703758162
HOLLYWOOD RD NW @ MAIN ST NW,0.0038782191835812097,0.00019773834984320802
INDIAN CREEK STATION - INSIDE BUS LOOP,0.012551300425401422,0.00019773683983553868
Satellite Blvd & InTown Suites IB,0.005328253484551598,0.00019771729264561798
N DECATUR RD @ SCOTT BLVD,0.014940498978153381,0.0001976971951902729
Old Norcross Rd & Breckinridge Blvd IB,0.007719947649363218,0.00019768743126941565
METROPOLITAN PKWY SW @ GRANT ST SW,0.0036247547794851314,0.0001975629827287648
E PONCE DE LEON AVE @ N INDIAN CREEK DR,0.0027888845195388314,0.00019733884548115067
S Cobb Dr at Concord Rd,0.0005514541794517328,0.00019719908068768733
Buford Hwy & Mitchell Rd (Advance Auto) ,0.004015150678208446,0.000197133039642297
JONESBORO RD @ SR 138,0.0029257247112858364,0.00019711224501881035
MLK Jr Dr at Peachtree St,0.0010150293366806187,0.00019711085578036916
RAINBOW DR @ COLUMBIA DR,0.02304400749117813,0.00019710671431728193
MALL PKWY @ STONECREST TRC,0.0002236540137004841,0.00019701330583240726
SHANNON PKWY @ LANCASTER LN,0.007410545013978622,0.0001969759215919445
CHAMBLEE DUNWOODY RD @ N SHALLOWFORD RD,0.0018797284810600238,0.00019695369579579336
CENTRAL AVE @ PULLIAM ST,0.011419563182064852,0.00019681164378400538
Old Norcross Rd & Burnham Ridge,0.004266842284713362,0.00019658471031567634
ATLANTA STUDENT MOVEMENT BLVD @ WALNUT ST SW,0.019536853357622334,0.0001965734740094505
SW BROAD ST @ SMITH ST,0.0038323775291316292,0.00019643159099081228
SR 85 @ LAKEVIEW DR,0.0037329334754127885,0.0001964309397981356
GODBY RD @ OLD NATIONAL PKWY,0.0038265341447968116,0.00019625597928017355
PEACHTREE RD NE @ STRATFORD RD NE,0.007406124432860746,0.000196252497786191
CAMPBELLTON RD SW @ BARGE RD SW,0.003625226511032994,0.0001961471384337577
1535 Atkinson Rd,0.002887149244388015,0.0001960544019258148
N MCDONOUGH ST @ SR 138,0.0015393056921167662,0.000195973010235263
RIVERDALE RD @ OLD RIVERDALE RD,0.0022100623017376974,0.00019596274862215135
N CENTRAL AVE @ STILLWOOD DR,0.002496981602865279,0.00019594026097287395
VALLEY BROOK RD @ E PONCE DE LEON AVE,0.014747644469384332,0.0001957677832755911
ROSWELL RD NE @ SANDY SPRINGS PL NE,0.006977769361681173,0.00019576062374521909
PLEASANTWOOD DR @ SNAPFINGER RD,0.000469798970231335,0.00019575755249875754
SOUTHLAKE PKWY @ MT ZION BLVD,0.0019155952958443097,0.00019572974381393493
STANTON RD @ MEADOW CROSSING,0.0032439380746127743,0.00019562752845721001
MARTIN L KING JR DR @ WESTLAND BLVD NW,0.009524427339965757,0.0001956173581853785
JOHNSON FERRY RD NE @ DURDEN DR NE,0.005276849962981247,0.00019551237637240406
Powder Springs St at Booth Rd,0.0006861107106465336,0.00019524932362454683
FULTON INDUSTRIAL BLVD @ ROBINSON DR,0.003931486805622954,0.00019523663065511323
PONCE DE LEON AVE NE @ BONAVENTURE AVE,0.007930111662509494,0.00019520286845593038
ROCKBRIDGE RD @ WILLOW RIDGE WAY,0.026055711617539782,0.00019516956892041601
DECATUR ST SE @ SHIRLEY C FRANKLIN BLVD,0.009872352182234706,0.00019514227345480967
GLENWOOD RD @ MEADOW LN,0.004533134743481971,0.0001951260989915345
CASCADE RD SW @ DOLPHIN DR SW,0.013563590675675094,0.00019508014549756404
CROWN RD SE @ 3900,0.009828678971190623,0.00019501587966722227
PANOLA RD @ HILLANDALE PARK CT,0.0008840705721351948,0.000195006305724534
Buford Hwy & Pittman Cir,0.0006170552988980868,0.0001949888774630039
MOUNTAIN IND BLVD @ GREER CIR,0.005214847698730686,0.00019496915849392217
BUFORD HWY NE @ DERING CIR,0.004186822918763779,0.0001949673890512256
MARTIN L KING JR DR NW @ PASCHAL BLVD SW,0.014953593332893252,0.00019476801286701242
MANSELL RD @ EAGLES CREST VILLAGE LN,0.00206603200817246,0.00019460682809366024
S HAIRSTON RD @ BIG VALLEY RD,0.004906855185607443,0.0001945576353642984
BRIARCLIFF RD @ BRIARCLIFF WAY,0.0075992985017106045,0.00019444288255264928
COVINGTON HWY @ PANOLA RD,0.007048262793793266,0.00019436411554078659
BOULEVARD NE @ PONCE DE LEON AVE,0.007767425147083613,0.00019431671601809655
HOWELL MILL RD NW @ WESLEY DR NW,0.006347802313803677,0.00019431654205428748
Floyd Rd at White Blvd,0.002845591216735964,0.00019413875597770343
CASCADE RD SW @ BOULEVARD LORRAINE SW,0.013669699839650837,0.00019403939732441804
COLUMBIA DR @ COLUMBIA WOODS DR,0.0044540588406281134,0.0001939397113502388
GLENWOOD AVE SE @ BROWNWOOD AVE,0.017539326407725812,0.0001939245030566683
CANDLER RD @ TUPELO ST SE,0.011470715620714566,0.0001939136836442512
JONESBORO RD SE @ MCWILLIAMS RD SE,0.025333155840534163,0.0001938418962878861
RIVERDALE RD @ LAKE REGENCY DR,0.001826011953190474,0.00019381233642671008
CALHOUN AVE @ 1101,0.000607042416366029,0.0001936905355717939
PEACHTREE INDUSTRIAL BLVD @ MCGAW DR,0.004696711461990109,0.00019362419205022047
FAIRBURN RD SW @ HERITAGE VALLEY RD SW,0.0056001991133212085,0.00019349763439639123
N DRUID HILLS RD NE @ LAVISTA RD NE,0.014388839367221127,0.00019343354640602916
OLD NATIONAL HWY @ GODBY RD,0.009448607906506824,0.00019342237692240207
RAINBOW DR @ KINGS PARK CIR,0.022495064140932768,0.0001933889159113129
N PEACHTREE RD @ DUNWOODY XING,0.0041233902427229244,0.00019336825437655373
CALHOUN AVE @ BAYARD ST,0.001129310108437083,0.0001932759649181516
CANDLER RD @ TUPELO ST,0.011373409576107813,0.00019325697270321476
COVINGTON HWY @ S HAIRSTON RD,0.009011792101759128,0.00019324321495425964
OLD NATIONAL HWY @ BURDETT RD,0.009118000177188456,0.0001931930665009928
CHANTILLY DR NE @ 1680,0.010858111337227765,0.00019319053506247839
HENDERSON MILL RD @ LESLIE DR,0.007291592578183645,0.00019312792565620536
PEACHTREE ST @ RALPH MCGILL BLVD,0.012168071802776282,0.000193103805809664
PLEASANTDALE RD @ TUCKER NORCROSS RD,0.005569749602763994,0.000193090608326038
PONCE DE LEON AVE NE @ GLEN IRIS DR NE,0.0038968677968684996,0.00019306260048739722
BATTLE CREEK RD @ CHASE VILLAGE DR,0.0029222704189837433,0.00019303122603961674
BARGE RD SW @ PACIFIC DR SW,0.006885119763966228,0.00019300124626451889
OGLETHORPE AVE SW @ LAWTON ST SW,0.023728971843439542,0.00019297785368244965
CAMPBELLTON RD SW @ MAXWELL DR SW,0.019656247090671763,0.00019297386980299017
GREENBRIAR PKWY SW @ 3268,0.014123094725733908,0.00019284708305192423
E PONCE DE LEON AVE @ JOLLY AVE,0.0028956328036761946,0.00019277686069678449
Bells Ferry Rd at Oak Harbor Trl,0.0005822080329430531,0.00019264928489882546
COVINGTON HWY @ WELBRON DR,0.015939116622112382,0.0001926304332727702
HOSEA L WILLIAMS DR @ CLIFTON ST NE,0.0024250805846829497,0.00019250586911072806
MONTREAL RD @ NOBLE VINES DR,0.012691465563703526,0.00019249512896837148
CHAMBLEE TUCKER RD @ STRATFORD ARMS,0.0073195084338144355,0.0001924887069738899
MONROE DR NE @ DUTCH VALLEY RD NE,0.015160873696738882,0.000192296114592936
IDLEWOOD RD @ BROWNING CHASE DR,0.0018366791730308578,0.00019228951827103736
GLENWOOD RD @ AUSTIN DR,0.004564071202733754,0.00019221818743855168
West Peachtree St at 12th St,0.0005168047364038674,0.00019210249007186984
RIVER RD @ WELLHAUN RD,0.004538574873429099,0.00019207448650168882
Bells Ferry Rd at Arnold Ave,0.0006237964948885147,0.00019207259963610124
PANOLA RD @ MARBUT RD,0.002272650426136411,0.00019204070682856086
CLEVELAND AVE SE @ BROWNS MILL RD SE,0.0035721795376184753,0.00019195638433602816
OLD DIXIE RD @ FOREST PKWY,0.034216147476388896,0.0001918868573297237
S MCDONOUGH ST @ DAVIS ST,0.007446602043096724,0.00019185802670897766
Circle 75 Pkwy at Days Inn,0.00037195271691654587,0.0001918204914710862
N PEACHTREE RD @ TERRELL DR,0.0014732632754159598,0.00019179081241904925
LAVISTA RD @ HAROBI DR,0.005619311849583009,0.00019178533847468392
E WESLEY CHAPEL WAY @ 4300,0.00010116359129653468,0.00019177927114232864
2ND AVE @ 1900,0.02368645259935394,0.00019156953968739693
COVINGTON HWY @ WESLEY CHAPEL RD,0.01960074508425546,0.00019151896278009768
ROCKBRIDGE RD @ RAYS RD,0.011306378044871165,0.00019145015010483613
COLUMBIA DR @ IRISH LN,0.005344703220139978,0.00019141007031781403
RIVER RD @ RIVERCHASE DR,0.0038340818495626178,0.00019138658030889205
OLD NATIONAL HWY @ SURREY TRL,0.008726889072569993,0.00019128625843553974
RIVERDALE RD @ FLAT SHOALS RD,0.00181085567507204,0.0001912571020209211
DOGWOOD DR @ OAK DR,0.0028280610637315103,0.00019104088774216495
N DRUID HILLS RD NE @ CURTIS DR,0.008183796715232798,0.00019099434265810073
MOUNTAIN INDUSTRIAL BLVD @ N ROYAL ATLANTA DR,0.0039368660669832625,0.00019095642138884642
GLEN IRIS DR @ ANGIER AVE,0.003427449255304796,0.0001909532698583715
WENDELL DR @ FULTON INDUSTRIAL BLVD,0.0003069146318982864,0.00019086112648451038
PEACHTREE INDUSTRIAL BLVD @ PEACHTREE SQ,0.0029194856811366817,0.00019085147953369947
GLENWOOD AVE SE @ BROWNWOOD AVE SE,0.021661134067191393,0.0001908396081183137
ELLSWORTH INDUSTRIAL BLVD @ ELAINE AVE NW,0.004166956933740069,0.00019081058894304578
CASCADE RD SW @ POLLARD DR SW,0.013808541086189584,0.00019070990645024105
BOULEVARD NE @ PONCE DE LEON AVE NE,0.0054037914007964835,0.00019061300947188187
CASCADE RD SW @ CENTRA VILLA DR SW,0.015058188390771821,0.00019049647145551155
HAMMOND DR @ BOYLSTON DR,0.0027107216454872896,0.00019049090368618337
GLENWOOD AVE SE @ PARKER AVE,0.005955991220436774,0.00019048630254803666
MORELAND AVE SE @ LYNDALE DR SE,0.0166377738702174,0.00019046518988103547
BOAT ROCK RD @ FULTON INDUSTRIAL BLVD,0.002392622410760641,0.00019045172130267022
LAVISTA RD @ CHESTERFIELD DR,0.004979552567800681,0.00019037865237320849
CLIFTON RD NE @ 1599,0.0038808213156678083,0.0001903580344908626
S Cobb Dr at Powder Springs St,0.0006583698522028539,0.00019034915667680944
EASTLAND RD SE @ GLYNN DR SE,0.012791480260423814,0.00019030248953156106
MORELAND AVE SE @ METROPOLITAN AVE SE,0.015537771986334636,0.00019028859513576726
Buford Hwy & Steve Dr OB,0.007077023201066198,0.00019026510672011176
NORTHLAKE PKWY @ HENDERSON MILL RD,0.008039074041492471,0.00019026143831417337
ENGLEWOOD AVE SE @ GAULT ST SE,0.012247200965643608,0.00019014454790466085
Sugarloaf Mills GCT Park and Ride,0.00032760995141743304,0.0001901297629754953
RALPH D ABERNATHY BLVD @ FORMWALT ST,0.030329835306951606,0.00019012879749846678
MEMORIAL DR SE @ WOODFERN DR,0.008543583323358493,0.00019011688851555718
LUCKIE ST @ NORTH AVE,0.003255130286014489,0.0001900566163555292
HOLLYWOOD RD NW @ BROOKS AVE NW,0.012464182260513837,0.00019005550977685277
PRYOR RD SW @ THIRKELD AVE,0.004127118443665712,0.00018985425876173674
HILLANDALE DR @ JW WILLIAMS SR LN,0.008818077824201234,0.00018972464062927324
JONESBORO RD @ RUSKIN DR,0.018351818057950605,0.00018965038684267373
ALICE WILLIAMS TOWERS,0.0,0.0001895189315678013
CAMP CREEK PKWY @ POTOMAC DR,0.0008841162235753106,0.00018950969012456714
FORREST PARK RD SE @ EISENHOWER RD SE,0.019440376647511016,0.00018935121507576306
CHAMBLEE TUCKER RD @ MORGAN RD,0.004699404896956938,0.00018927381418137719
17TH ST NW @ BISHOP ST NW,0.008497094940173939,0.0001892532939031209
CHAMBLEE TUCKER RD @ MERCER UNIVERSI,0.011287904428770985,0.00018923708918907217
FAIRBURN RD SW @ 1041,0.004373179705889684,0.00018918716954015056
SR 42 @ OLD REX MORROW RD,0.003521780347730671,0.00018913197929467003
MCAFEE RD @ WINDYHILL RD,0.011500280000571758,0.00018909501102121396
GLENWOOD AVE SE @ WINTHROP DR SE,0.025394942528539733,0.0001890796647122479
RALPH MCGILL BLVD @ BOULEVARD NE,0.005967472557625889,0.00018902584409925658
MCAFEE RD @ CANDLER RD,0.011391332838735484,0.0001889771587041003
TRINITY AVE SW @ TED TURNER DR SW,0.03494365136226484,0.00018892601665940534
CAMPBELLTON RD SW @ CAMP GROUND RD,0.00574864237943097,0.0001888786475478997
N DECATUR RD NE @ LULLWATER RD,0.007934943106588412,0.00018878022034233207
Buford Hwy & Carlyle St OB,0.004015165895355151,0.00018876194884560337
BOULDERCREST RD @ NORTHRIDGE TRL,0.011765664502920287,0.00018873232617182018
HEADLAND DR @ GRAYWALL ST,0.005195346925227901,0.0001887299805702077
Powers Ferry Rd at Wildwood Pkwy,0.0006811499208206205,0.00018869745312844792
DONALD L HOLLOWELL PKWY @ GARY RD NW,0.029052743878286443,0.00018857114961289998
Hamilton E. Holmes Station,0.00012820446099177265,0.00018856594958997585
MT VERNON RD @ CEDAR CHASE,0.0009522738236681474,0.00018856424305011067
MORELAND AVE SE @ KEY RD SE,0.003347901620903076,0.00018853521206616761
SNAPFINGER WOODS DR @ TREECREST PKWY,0.016156950077198105,0.0001884101355351868
Cobb Pkwy at Barrett Pkwy,0.00028798450139694927,0.0001883738320992159
SNAPFINGER RD @ GLENMAR DR,0.010089412099029579,0.0001883652956910823
FLAT SHOALS RD @ DORIS DR,0.0012080740597834824,0.00018832603269217172
CADIZ CIR @ KIMBERLY MILL RD,0.000606859810605566,0.00018831353064882405
New Peachtree Road at Oakcliff Road,0.0071621327025886885,0.00018829484167217245
MARTIN LUTHER KING J DR SW @ 2021,0.02039584607198727,0.00018828088068304643
10TH ST NW @ STATE ST NW,0.013032116609847362,0.00018827508025934806
KING MEMORIAL STATION - BAY C,0.0007092559907852263,0.00018818780696305137
ROSWELL RD NE @ GLENRIDGE DR NE,0.0054218617625089735,0.00018813107843189845
CASCADE RD SW @ CARLO WOODS DR SW,0.00432906519759115,0.00018790860596982928
E PONCE DE LEON AVE @ 5650,0.0030495694597465536,0.00018790545949310807
CHAMBLEE TUCKER RD @ W HOSPITAL AVE,0.0039860250594145885,0.0001875169227395782
MANSELL PARK & RIDE - ON RAMP,0.012623338397904098,0.00018748955154139515
CHEROKEE AVE SE @ BASS ST SE,0.013178300129671394,0.00018739268281653038
ROOSEVELT HWY @ GULLATT RD,0.002625505623937862,0.0001873845760263859
VIRGINIA AVE @ OAK RIDGE AVE,0.0013067876904604711,0.00018737560992096618
MT ZION PKWY @ FIELDER RD,0.0028285175781326676,0.00018733656534411053
TARA BLVD @ BATTLE CREEK RD,0.01417395043002287,0.00018720975753780517
SOUTH DEKALB MALL (MACY'S),0.00013167397044057077,0.00018715303350491376
CLIFTON SPRINGS RD @ 2946,0.0022537659470751896,0.00018709398103181497
FULTON INDUSTRIAL BLVD @ MARVIN MILLER DR,0.004125581511848481,0.0001870911570476639
MEMORIAL DR @ COVINGTON DR,0.007856125895228544,0.00018708269562583532
WESTRIDGE RD SW @ BAYBERRY DR SW,0.002483111173643439,0.00018704824660959878
MCDONOUGH BLVD SE @ GAULT ST SE,0.0025291354338534827,0.00018704027391935342
NORTHLAKE PKWY @ LAWRENCEVILLE HWY,0.0069017140624483084,0.00018697792368048747
FLOWERS RD S @ UNIVERSITY CIR,0.0013138484465317095,0.000186918517339997
LAWRENCEVILLE HWY @ LOVELY LN,0.012193971386468626,0.00018671910278018563
JOSEPH E BOONE BLVD NW @ WOODLAWN AVE NW,0.004570180887135914,0.00018670515973375276
WINDWARD PKWY @ INNOVATION WAY,0.0009302546123856434,0.0001866905250528426
CHAMBLEE TUCKER RD @ DEKALB TECHNOLOGY PKWY,0.011141515477466434,0.00018662550452677455
HWY 138 @ 5250,0.00010116359129653468,0.00018645126982128066
HOLCOMB BRIDGE RD @ STEEPLE CHASE DR (SOUTH),0.0018194077115203935,0.0001864350691413238
DONALD L HOLLOWELL PKWY @ EVELYN PL NW,0.04462647398228559,0.00018637692348694773
RALPH MCGILL BLVD NE @ GLEN IRIS DR N,0.013222490723703453,0.0001863709656432479
WILLINGHAM DR @ 1053,0.04455594757968897,0.00018631944424038802
MCDONOUGH BLVD SE @ PARK RD SE,0.004817345392496017,0.00018631047960463294
W HILL ST @ MCKOY ST,0.007679553733434119,0.00018627314582823616
CHAMBLEE TUCKER RD @ EMBRY CIR,0.010550831493808553,0.00018624019590233017
BARGE RD PARK & RIDE,0.003369182800570375,0.00018611650837974816
E PONCE DE LEON AVE @ MONTREAL RD,0.0026795493204615746,0.00018603386929541698
MACON DR @ POLAR ROCK RD,0.007897333928506375,0.00018590848449013847
S STONE MOUNTAIN LITHONIA RD @ SOUTHLAND DR,0.0055765744930613,0.00018585215788356277
Windy Hill Rd at Powers Ferry Rd,0.0004174215512718476,0.00018583942533737682
MEMORIAL DR SE @ MORELAND AVE SE,0.01268588847943605,0.00018579135582125192
N COMMERCE DR @ 4800,0.0025749694797297103,0.00018576745135681042
WASHINGTON RD @ ARLINGTON RD,0.029416205427341455,0.0001857162482991976
HENDERSON MILL RD @ ASHWOOD LN,0.009480868257521964,0.00018570227824277048
FORREST PARK RD SE @ NORWOOD RD SE,0.004783548109663646,0.00018566122744490107
PANOLA RD @ HILLANDALE DR,0.0008840705721351948,0.00018563475734803452
LINDBERGH DR NE @ STRATHMORE DR NE,0.005953236916883122,0.000185615315318006
BROWNS MILL RD SE @ JONESBORO RD SE,0.009807626048723903,0.00018561486986481897
Satellite Blvd & Midas IB,0.005328268701698303,0.00018556930722232764
MOUNTAIN IND BLVD @ LEWIS RD,0.005214847698730686,0.00018543287686608484
ROSWELL RD NE @ HAMMOND DR NE,0.006731282019349453,0.0001854324562257429
2ND AVE @ SWAZEY DR,0.0240593031279261,0.00018543152306028224
E PONCE DE LEON AVE @ VERDI WAY,0.00411938052456609,0.000185393549387111
ROSWELL RD NE @ SPALDING DR NE,0.0028682951996202044,0.00018535559946815416
14TH ST NE @ 14TH PL,0.010848204974722645,0.0001852668671924247
MARTIN L KING JR DR @ 2600,0.009524427339965757,0.00018526092405314105
Atkinson Rd & Atkinson Park Dr IB,0.0028871644615347204,0.00018524870140097818
MEMORIAL DR @ 4988 (GPTC - NORTH ENTRANCE),0.012118243255889925,0.00018521585374675178
JOSEPH E BOONE BLVD @ SPELLMAN ST NW,0.004750755158513822,0.00018521458797739041
AVON AVE SW @ GRAYMONT DR SW,0.0052743010909081164,0.0001851891720129182
Old Norcross Rd & Old Victorian Rd IB,0.0021820779689467338,0.00018518127816296526
N Berkeley Lake Rd & Marquis @ Nberkeley,0.000898405124331545,0.0001851778613124222
METROPOLITAN PKWY SW @ GRAND AVE SW,0.0034321665707834252,0.00018513780982488539
Hurt Rd at Hurt Rd,0.0005944882703341937,0.00018512135570748076
SNAPFINGER WOODS DR @ QUAIL RUN,0.016692213212555446,0.0001849871348356693
WASHINGTON RD @ CARMEL DR,0.022625858053055555,0.0001849489732418902
OLD MILTON PKWY @ HAYNES BRIDGE RD,0.0034321665707834252,0.00018487984836588475
METROPOLITAN PKWY SW @ BROOKLINE ST SW,0.00675866527484556,0.00018487858758782714
MCAFEE RD @ DELLWOOD PL,0.011046382948647413,0.00018478845636351427
COLUMBIA DR @ SNAPFINGER RD,0.018138100841048655,0.0001847442828809801
NW BROAD ST @ DODD ST,0.0038323775291316292,0.000184714268228837
CLAIREMONT AVE @ SCOTT BLVD,0.01106908185914942,0.00018452336317084387
COLUMBIA DR @ SPRINGSIDE XING,0.0025776476975498354,0.000184487188876809
OLD NATIONAL HWY @ TOPAZ RD,0.002043579108208856,0.000184296368215997
CASCADE RD SW @ DODSON DR SW,0.002677091751268676,0.00018424051056076753
MT ZION RD @ 3196,0.001617324003274608,0.0001842170155757211
WESTVIEW PL SW @ MIMS ST SW,0.004723250165844073,0.0001840065273963737
MEMORIAL DR @ 5158 (MEMORIAL BEND SC),0.012118243255889925,0.00018400516810738107
CHILDRESS DR SW @ 1860,0.006276951278744011,0.00018394912950609144
MONROE DR NE @ ROCK SPRINGS RD NE,0.01399282073279022,0.00018389083721990674
UPPER RIVERDALE RD @ LEES MILL RD,0.002847508577220826,0.00018379845699984556
ATLANTA S PKWY @ FOREST PKWY,0.009443289513733338,0.00018376690667043085
ATLANTA AVE SE @ MARION AVE SE,0.012444826049904753,0.00018376300730497816
MT ZION RD @ SOUTHLAKE PKWY,0.0002957604633633345,0.0001837015422612363
COVINGTON HWY @ MILLER RD,0.008523626035454552,0.00018370061623386262
GRESHAM RD SE @ 2926,0.006336891619616009,0.00018362209782217385
SR 85 @ MAIN ST,0.0043085220495390555,0.0001836102449168477
COLUMBIA DR @ STARDUST CIR,0.003500461125196609,0.00018357061642407333
JOHN LEWIS FREEDOM PKWY NE @ CARTER CENTER ENTR,0.011541574264347584,0.00018342725041617264
BOLTON RD @ PARROTT AVE,0.0003069450661916969,0.00018334917517463838
MONROE DR NE @ VIRGINIA AVE NE,0.02793930525386294,0.00018328006964810566
CANDLER RD @ CHEVELLE LN NE,0.011373409576107813,0.00018327859715244255
CLIFTON SPRINGS RD @ CLIFTON SPRINGS MNR,0.0024364782275651856,0.0001832227985182864
S HAIRSTON RD @ COVINGTON HWY,0.005273588421204086,0.0001832196255735459
POWERS FERRY RD @ RAIDER DR,0.002323977861973236,0.00018308109197746826
PERRY BLVD NW @ 2245,0.001059646010820426,0.00018301683776438254
MAIN ST @ VESTA AVE,0.028010475849003416,0.00018300670025575772
DONNELLY AVE SW @ ALLEGHENY ST SW,0.014921812321999328,0.0001829938488130514
Delk Rd at Northchase Pkwy,0.0010848608229110334,0.00018297467721384685
PEACHTREE RD @ LANIER DR,0.005769033356016012,0.00018292224963525615
PIEDMONT AVE NE @ MORNINGSIDE DR NE,0.008792885837830684,0.00018291986066207796
FLAT SHOALS RD @ BUFFINGTON RD,0.0012571950093480454,0.0001829081900457327
PEACHTREE ST @ PINE ST NE,0.012168071802776282,0.00018290417898729347
SR 85 @ BRIAR HILL LN,0.0057019561733392485,0.00018279282584674787
BUFORD HWY NE @ DREW VALLEY RD,0.0034697300974253467,0.00018270297010681137
BEST RD @ SULLIVAN RD,0.0002974952180877336,0.0001824727226720303
MALL PKWY @ 8109,0.00019095997400424392,0.00018233305221556585
COVINGTON HWY @ GLENWOOD RD,0.016921216053322828,0.0001822654314511954
E WESLEY CHAPEL WAY @ SNAPFINGER WOODS DR,0.00010116359129653468,0.00018206814261380062
N DECATUR RD @ N INDIAN CREEK DR,0.010652573336679887,0.00018191538033011348
MARIETTA BLVD @ TACOMA DR,0.004493311470554318,0.00018177458640637745
WINDWARD PKWY @ 5530,0.004867265242262606,0.00018175575860948932
MOUNTAIN INDUSTRIAL BLVD @ 2550,0.0039368660669832625,0.00018166674594037905
PONCE DE LEON AVE NE @ 675,0.0038968677968684996,0.00018163412575055959
JONESBORO RD @ MT ZION RD,0.004487536563379675,0.00018156633744823562
Austell Rd at East-West Conn,0.0020604625324783365,0.00018151361828659343
WHITES MILL RD @ FLAT SHOALS RD,0.0008798706396445444,0.00018150238358835829
PHOENIX BLVD @ W FAYETTEVILLE RD,0.0012777838088402552,0.00018149027731555184
N DRUID HILLS RD @ N CROSSING WAY,0.013938792253413212,0.0001814732793252628
GLENWOOD RD @ GLENDALE DR,0.004556264806473958,0.00018141793279957084
West Peachtree St after 14 St,0.0005168199535505727,0.00018130499142568406
E PONCE DE LEON AVE @ RAYS RD,0.002167598853856684,0.00018123953206494137
CALHOUN AVE @ JOHN FREEMAN WAY,0.000607042416366029,0.00018117819574053613
BUFORD HWY NE @ LENOX POINTE,0.0049453672477273265,0.00018114269134644566
ROCKBRIDGE RD @ N HAIRSTON RD,0.004255269644644016,0.00018105524110680329
CLEVELAND AVE @ SYLVAN RD,0.0037193445634049957,0.00018105037633641864
UPPER RIVERDALE RD @ ARROWHEAD BLVD,0.001903604184240569,0.00018102997683297527
DUNWOODY PARK @ DUNWOODY PARK SOUTH,0.00210034667399281,0.00018098240910471158
OLD NATIONAL HWY @ FLAT SHOALS RD,0.007487787250654496,0.00018096410689908947
N DECATUR RD @ 1660,0.015339606693365454,0.00018090082712788884
WASHINGTON RD @ W POTOMAC DR,0.02955411842793118,0.00018089714831833587
JOSEPH E LOWERY BLVD NW @ NEAL ST NW,0.0025600718931052657,0.00018087718540793913
Xpress Sugarloaf Mills P&R,0.0003276251685641383,0.00018082480285451163
N SHALLOWFORD RD @ PERNOSHALL CT,0.0025983886685090976,0.00018082171279751663
VIRGINIA AVE @ LEE ST,0.0019338406547439104,0.00018080709097789298
PLEASANTDALE RD @ PLEASANTDALE PKWY,0.006128812355568353,0.0001807924152609442
N MAIN ST @ PINE GROVE DR,0.002052427879017962,0.00018076897556994082
Austell Rd at Sandtown Rd,0.0055985404443303355,0.00018069814531977352
LAVISTA RD NE @ WOODLAND HILLS DR,0.00917349711122252,0.00018064157099245012
ROOSEVELT HWY @ HUNTER RD,0.009289261554782748,0.00018053568930216204
BOAT ROCK RD SW @ REYNOLDS RD SW,0.002392622410760641,0.00018053312204242987
MEMORIAL DR SE @ DELANO DR,0.008543583323358493,0.00018051756946992444
OAKLEY INDUSTRIAL BLVD @ TERMINUS DR,0.002222251236248607,0.00018045089571034042
PONCE DE LEON AVE @ SPRINGDALE RD,0.017130451820520084,0.00018042845338606388
WESTMONT RD SW @ VENETIAN DR SW,0.004122697862547835,0.00018031159502935676
GREENBRIAR PKWY SW @ 3170,0.014310569973142648,0.00018029517239552496
N DECATUR RD NE @ S OXFORD RD NE,0.007934943106588412,0.0001802660228176416
BOAT ROCK RD SW @ WESTCHASE LN,0.002392622410760641,0.00018024506859135747
DALE LN SW @ COUNTRY CLUB LN SW,0.006882000248891651,0.000180212535360601
GLENWOOD RD @ IRIS LN,0.0030667420098034336,0.00018020911955857365
FAIRBURN RD SW @ MAYS XING SW,0.0033415180278602214,0.00018019839031710447
MARTIN L KING JR DR SW @ ANDERSON AVE NW,0.020375820306923153,0.00018009448055083895
S HAIRSTON RD @ MAINSTREET PARK DR,0.003035952649636468,0.00018003206679052314
Windy Hill Rd at Larose Dr,0.0008239171912093221,0.00017999929651812626
E PONCE DE LEON AVE @ TUGGLE DR,0.00042159104946908743,0.00017995960735308586
MORELAND AVE SE @ HILLCREST DR SE,0.003347901620903076,0.0001797602176110153
Hamilton E Holmes Dr NW at Burton Rd NW,0.0001282196781384779,0.00017974246974848326
JOSEPH E BOONE BLVD @ JOSEPH E LOWERY BLVD,0.002559889287344803,0.00017971863479872695
14TH ST NW @ HOWELL MILL RD NW,0.006047750615069461,0.0001797152357387668
LUCILE AVE SW @ ALTOONA PL SW,0.016543648209272045,0.00017951878298026608
BEVERLY ENGRAM PKWY @ PARKWAY RD,0.00010116359129653468,0.0001795019977347795
CLIFTON RD NE @ TURNER LN,0.0038808213156678083,0.00017949961074665213
UNIVERSITY AVE SW @ 71,0.009634173402004054,0.00017945254415729177
MORELAND AVE SE @ MCPHERSON AVE SE,0.015537771986334636,0.00017940625978935096
FOREST PKWY @ JONESBORO RD,0.016202162756250537,0.00017939205451406297
14TH ST @ SNYDER ST,0.006731776576617375,0.00017935904471405088
MANSELL RD @ KINGSWOOD PL,0.0019079258539048613,0.0001793155294993337
LAVISTA RD @ MONTREAL RD,0.006259862422994009,0.00017912827372485157
SWALLOW CIR @ FINCH DR,0.00040460871374602294,0.00017902981672413064
Atkinson Rd & Westfield Dr,0.0028871796786814254,0.0001789861160287969
LAVISTA RD @ CEDAR CANYON DR,0.004433454823989199,0.00017896761554157364
N INDIAN CREEK DR @ MARKET ST,0.012971582800253857,0.00017888788402596018
KENSINGTON RD @ MEMORIAL DR,0.014563083305569649,0.00017886019108592457
BRIARCLIFF RD @ SAINT CHARLES PL NE,0.01103135094389374,0.00017885801053671812
John Portman Blvd at Courtland St,0.0011417729515886869,0.00017867508413935468
MARTIN L KING JR DR NW @ MATHEWSON PL SW,0.026124873549315163,0.00017866643393277837
W LAKE AVE NW @ EZRA CHURCH DR NW,0.023847384070526483,0.0001786481136663323
BOULEVARD SE @ SYDNEY ST SE,0.0011526836457763545,0.0001786180720652361
MT ZION RD @ TARA BLVD,0.003092616231584602,0.00017852022102762973
DEFOORS FERRY RD @ HILLS AVE,0.0023162932028870822,0.0001784838669741814
RALPH MCGILL BLVD @ 542,0.005967472557625889,0.00017847856144403
FAIRBURN RD SW @ HOWELL DR SW,0.00408703647924407,0.00017838245823362941
VIRGINIA AVE @ CONLEY ST,0.0029749217465839255,0.000178325198435355
COVINGTON HWY @ GLEN BRIAR WAY,0.006653530008258954,0.000178306995272729
BUFORD HWY NE @ BEVERLY HILLS DR,0.006829638047078869,0.00017828226510686803
COVINGTON HWY @ STRATHMOOR MANOR DR,0.0064631635029762146,0.00017827384748288902
BUFORD HWY @ MCELROY RD,0.010366513804341154,0.00017824746495072433
MERCHANTS WAY @ EXCHANGE PL,0.0013912276375279307,0.00017824186688941712
Buford Hwy & N Norcross Tucker Rd OB,0.004015181112501856,0.0001782123303445307
Austell Rd at Milford Church Rd,0.0048781302850101575,0.00017817898713225802
TURNER HILL RD @ STONECREST CONCOURSE,0.0008043175062529538,0.00017816716135893483
WILLINGHAM DR @ COLVILLE AVE,0.04420472061658498,0.0001780797065786536
ATLANTA STUDENT MOVEMENT BLVD @ JAMES P BRAWLEY DR SW,0.007255002948930859,0.00017807909800178303
RALPH MCGILL BLVD NE @ 530,0.013222490723703453,0.00017798373131224873
VIRGINIA AVE @ ELKINS ST,0.0009090114755851076,0.00017786772719439502
HILLANDALE DR @ 5850,0.008248134811502616,0.0001778029169856872
E PONCE DE LEON AVE @ ROADHAVEN DR,0.0024207513064453045,0.00017778484486598154
PEACHTREE ST @ PEACHTREE CONN,0.007560639340505905,0.00017777578168480144
COLUMBIA DR @ MEMORIAL DR,0.010588425454743885,0.00017766845651980172
S Cobb Dr at Glendale Pl,0.0006929736438106036,0.00017762595722668276
ROCKBRIDGE RD @ HALWICK WAY,0.009780143881774212,0.00017759183404503966
CHATTAHOOCHEE AVE NW @ COLLIER RD NW,0.0017065269172608125,0.00017755973814056352
MARTIN L KING JR DR SW @ ADAMSVILLE PLACE PKWY  SW,0.010778122405571593,0.00017755652768310302
FAIRBURN RD SW @ KENNER DR SW,0.0043183523263106505,0.00017754886113712404
MCDANIEL ST @ FLETCHER ST,0.006084127204268373,0.0001775114228870597
MARTIN L KING JR DR @ WILLIS MILL RD SW,0.012576104374530987,0.00017748768243926568
New Peachtree Road at Longmire Way,8.506385008237497e-05,0.0001774070242525115
MEMORIAL DR @ LAKE DR SE,0.0175725479751745,0.00017734965080993517
DECATUR ST @ PIEDMONT AVE,0.0015171419179405624,0.00017733480997611425
LAWTON ST SW @ MATHEWS ST SW,0.023464452182262095,0.00017733198305448032
S FULTON PKWY @ STONEWALL TELL RD,0.0008090348217315828,0.00017729009751563316
OLD DIXIE HWY @ LAKE MIRROR RD,0.042322298700558134,0.00017721721107872464
JETT FERRY RD @ MT VERNON RD,0.0009522738236681474,0.00017716003679290224
COLUMBIA DR @ HAMILTON RD,0.010612514197978304,0.00017715367149138497
CLIFTON SPRINGS RD @ CORBIN AVE,0.0036964123233201767,0.00017712985299837182
Cobb Pkwy at Marietta Trade Center,0.0008147716860394639,0.00017709841153155012
N DRUID HILLS RD NE @ EXECUTIVE PARK DR,0.015492523800606561,0.00017700340169380359
CAMPBELLTON RD SW @ RIDGEWOOD LN SW,0.029737903517263898,0.00017695424278886296
Cobb Pkwy at Cumberland Point Dr,0.0014515636242142663,0.00017677555884973247
ATLANTA ST @ WARM SPRINGS CIR,0.0037433724380525933,0.00017670045506835137
TARA BLVD @ VILLAGE LN,0.014731613205330346,0.0001767003327229931
GRESHAM RD SE @ TALLY HO DR SE,0.006336891619616009,0.00017659273752012038
Satellite Blvd & Bank of America IB,0.005328283918845008,0.0001765320792618136
E LAKE RD @ RIDGECREST RD,0.01592182994345521,0.00017641914002443465
N SHALLOWFORD RD @ COMMODORE DR,0.004299133070021914,0.00017637311368769726
FULTON INDUSTRIAL BLVD SW @ BAKERS FERRY RD (S),0.002392622410760641,0.00017636835172467127
NORTH AVE NW @ BLANCHE ST NW,0.0028492281147985197,0.0001763483630484453
N HIGHLAND AVE NE @ COURTENAY DR NE,0.017163336074550138,0.00017633132427823453
JONESBORO RD SE @ SAWTELL AVE SE,0.009807626048723903,0.0001762839954834356
ROCKBRIDGE RD @ ROCKBOROUGH DR,0.007847429295886492,0.00017624652561696558
BOULEVARD SE @ HAMILTON AVE SE,0.0006190030936763594,0.0001762024987268222
MOUNTAIN INDUSTRIAL BLVD @ HUGH HOWELL RD,0.004772530895449041,0.00017617667269137293
FAIRBURN RD SW @ REDWINE PKWY SW,0.005868294803974389,0.00017615564337172124
Austell Rd at Pair St,0.005753907512190988,0.00017613931364299
GARDEN WALK BLVD @ SR 85,0.008233693739279329,0.00017607004458217206
CONLEY RD @ 1625,0.0065892832148693676,0.00017606114341379831
JONESBORO RD @ SCOTT RD,0.01753625508028247,0.0001759852632384613
S HAIRSTON RD @ ROCKBRIDGE RD,0.0027300727837141388,0.00017594099001180306
CLIFTON RD NE @ EMORY POINT DR,0.0038808213156678083,0.00017592114921564326
NW BROAD ST @ 152,0.0038323775291316292,0.00017582315203955795
HOSEA L WILLIAMS DR @ DOYLE ST SE,0.0035337866764811173,0.0001758047549444852
N HAIRSTON RD @ WEATHERLY DR,0.010114997195023347,0.0001757783431078348
ROSWELL RD @ MORGAN FALLS RD,0.0018887826833496506,0.00017571891310506945
NORTHSIDE DR NW @ MARIETTA ST NW,0.004400524918519027,0.00017570702329231753
Dunwoody Station,0.00023460275075491504,0.0001756331972165973
BUFORD HWY NE @ JESSE NORMAN WAY,0.012865047556170368,0.0001756138594983197
MERRILL AVE SW @ HALL ST SW,0.008624355938069986,0.00017553856613711428
GLENWOOD AVE SE @ 2ND AVE SE,0.014485564624061961,0.0001755359381944214
MARTIN L KING JR DR SW @ LYNHURST DR SW,0.019941720762862346,0.00017550044926737158
CHAMBLEE TUCKER RD @  DEKALB TECHNOLOGY PKWY,0.0069445275047035435,0.00017545718577714994
BEECHER ST SW @ KENNOLIA DR SW,0.012508388071692604,0.0001754112793270178
CUSTER AVE SE @ MORELAND AVE SE,0.013201901924211244,0.00017536864286129243
FLAT SHOALS RD @ NORMA CIR,0.0011966764169012464,0.00017535831288270875
SR 138 @ NORTH AVE,0.0007596095292329148,0.0001753124551633218
HEADLAND DR @ BRYANT DR,0.005387204710887755,0.00017525952124861836
UPPER RIVERDALE RD SW @ ROY HUIE RD,0.0015807724168885858,0.000175257720817884
CASCADE RD SW @ WILLIS MILL RD SW,0.002677091751268676,0.0001752397117410068
BOULDER PARK DR @ 4230,0.002223225133637743,0.0001752110362577997
KENSINGTON RD @ 3560,0.014374953720852582,0.000175186515242734
BOULDERCREST RD @ SUGAR CREEK COVE,0.003988754001057064,0.0001751780573582381
BAKERS FERRY RD @ BOAT ROCK RD,0.002392622410760641,0.0001750023210608261
ALPHARETTA ST @ COMMERCE PKWY,0.00587217517638423,0.00017497919469305353
N PEACHTREE RD @ BARCLAY DR,0.002925846448459478,0.00017497670480784815
Courtland Street at Gilmer St,0.007798026829107881,0.00017495987629115471
PEACHTREE ST @ RENAISSANCE PKWY NE,0.012168071802776282,0.00017492248271379392
DONALD L HOLLOWELL PKWY @ ADDIE ST,0.002982020545521927,0.0001748778425112977
MORELAND AVE SE @ FAITH AVE SE,0.015537771986334636,0.00017486041748050832
PEELER RD @ CHERRING DR,0.003462859555687924,0.0001748450827641965
FLAT SHOALS RD @ ROCKDALE DR,0.0010720479853852088,0.00017477231096172408
BOULDER PARK DR SW @ MARTIN L KING JR DR,0.0014881608620404044,0.00017465320247169903
ROOSEVELT HWY @ DIXIE LAKE RD,0.008508241500135539,0.0001746133880211395
Hurt Rd at Tranquil Dr,0.0006745608962972451,0.0001745530075304451
FLAT SHOALS RD SE @ WINFIELD AVE SE,0.004406003091332919,0.00017452887922580167
N HAIRSTON RD @ SUMMIT LAKE DR,0.00958267096898012,0.00017451735475334027
FLAT SHOALS RD @ SHAWN WAYNE CT,0.002040269378800463,0.0001745095289576476
AVON AVE SW @ LORENZO DR SW,0.0061799039256312475,0.00017446531623318038
LAVISTA RD @ LAVISTA WAY,0.004083216975421051,0.00017443070995286147
N DECATUR RD NE @ 1641,0.007934943106588412,0.00017442532246957505
N COMMERCE DR @ 4909,0.002737564692275359,0.0001744129464271068
ALMONT DR SW @ INDALE PL SW,0.00784698799863204,0.00017440204048594873
POLAR ROCK RD SW @ BAGWELL DR SW,0.001111277789591356,0.00017433981304969005
METROPOLITAN PKWY SW @ CONNELL AVE SW,0.004839737423872799,0.00017421572565900914
ROOSEVELT HWY @ GLOBAL GATEWAY CONN,0.013975313405505825,0.0001741878283874451
FAIRINGTON PKWY @ RUE FONTAINE,0.0012132783239566796,0.00017418520278775579
CHESHIRE BRIDGE RD @ LAVISTA RD,0.0063206397069347975,0.00017405726770690144
RALPH MCGILL BLVD NE @ FELTON DR NE,0.007041513989229486,0.00017403886672179988
JONESBORO RD @ W MIMOSA DR,0.0023437145012499515,0.00017399491759107676
N DECATUR RD NE @ BRIARCLIFF RD NE,0.01173798197687231,0.00017394922715269386
MARIETTA ST @ CENTENNIAL OLYMPIC PARK DR,0.004714005749220631,0.00017393554539654925
FAIRBURN RD @ BOLTON RD,0.0008519167411469912,0.0001739045931598151
S STONE MOUNTAIN LITHONIA RD @ S DESHON RD,0.0044688651243723265,0.00017389637771230576
DUNWOODY PARK @ N SHALLOWFORD RD,0.0022984587069485233,0.00017385354577232403
PERIMETER CTR E @ ASHFORD DUNWOODY RD,0.004024904869246514,0.00017378381420947312
Peachtree St at Baker St,0.001518701675477851,0.0001737722650769481
MEMORIAL DR SE @ PATTERSON AVE SE,0.012298794701547775,0.0001737625306740357
MARTIN L KING JR DR SW @ LAMAR AVE,0.020503796510714347,0.000173746176087467
REDAN RD @ TO LANI FARM RD,0.010585701585483645,0.00017370304966182428
MCDONOUGH BLVD SE @ MARCY ST SE,0.009549413894855785,0.00017363438689403906
CHAPPELL RD @ JOSEPH E BOONE BLVD,0.004342623675305532,0.00017352452696465162
CASCADE RD SW @ OLD CASCADE RD SW,0.0039696666267064395,0.00017349849398531748
OLD MILTON PKWY @ NORTHWINDS PKWY,0.0028277415036506996,0.0001734776067656516
S Cobb Dr at Austell Rd,0.0010914802817278194,0.00017345526088809212
S MCDONOUGH ST @ DOUGHERTY ST,0.007249243258902921,0.00017342355056011299
N HAIRSTON RD @ KEIGHLEY DR,0.002925009505390689,0.0001733902519697233
CHUPP RD @ LITHONIA INDUSTRIAL BLVD,0.001893758690322269,0.00017329396401157568
CONLEY RD @ SWEETBRIAR LN,0.008181544577520421,0.00017327575466824773
SOUTHLAKE MALL,0.0009685054468204194,0.00017320198658837222
MARIETTA BLVD @ CARROLL DR,0.0036585901051842656,0.00017304994972831155
MT VERNON RD @ MEADOW LAKE DR,0.0008549145190479264,0.00017304308130681892
PLEASANTDALE RD @ VALLEY BLUFF WAY,0.006394534171335515,0.00017303443947438448
ROSWELL RD NE @ MIDVALE DR NE,0.0033597557781864695,0.0001730185901244324
BRIARCLIFF RD NE @ DRUID VALLEY DR NE,0.00840086931298326,0.00017296752912725636
HIGHTOWER RD NW @ JAMES DR NW,0.0034985361561383943,0.00017296642531180008
N HIGHLAND AVE NE @ PONCE DE LEON AVE NE,0.014334613064936951,0.00017288360054234123
BRIARCLIFF RD NE @ BRIARCLIFF PL NE,0.010517574419684218,0.00017274188090249287
New Peachtree Road at McElroy Road,0.00012750447224333094,0.00017272875963270898
Buford Hwy at Global Forum OB,0.0070770384182129034,0.00017270245370436916
METROPOLITAN PKWY SW @ FLETCHER ST SW,0.0060572004631734245,0.00017268654251952005
LUCKIE ST NW @ MERRITTS AVE,0.0030670463527375388,0.00017266483019660257
CUSTER AVE SE @ 1278,0.013014517979682734,0.00017264098773893987
ROCKBRIDGE RD @ HAMBRICK RD,0.011117137608444615,0.00017263852790428197
KENSINGTON RD @ CAMP RD,0.008237193683021537,0.0001725414945609404
BEECHER RD SW @ RECTOR DR SW,0.011758228390563652,0.0001725244259573676
FOREST PKWY @ GEORGIA AVE,0.02002829111046854,0.0001725228830307729
Atkinson Rd & Dollar Tree,0.002887210112974836,0.00017249449121782028
MOUNTAIN INDUSTRIAL BLVD @ 2530,0.0039368660669832625,0.0001724321470423599
TARA BLVD @ N CARTER DR,0.012798959488029445,0.0001723780384154843
COLUMBIA DR @ SPRINGSIDE RUN,0.0026666071371887557,0.00017235416308500497
2ND AVE @ NORTHERN ST,0.018495734222915554,0.00017231923949794487
NORTH AVENUE STATION,0.16101335210277076,0.00017228087951783126
MARTIN L KING JR DR SW @ 2001,0.020375820306923153,0.00017223722392972242
OLD NATIONAL HWY @ JONESBORO RD,0.011756250161491968,0.00017219521147257032
MEMORIAL DR @ CAMP RD,0.010280481129251876,0.00017216902064530378
N ARCADIA AVE @ E PONCE DE LEON AVE,0.009941331508249626,0.0001720859178098615
JONESBORO RD SE @ WHATLEY ST SE,0.010081390126524791,0.00017207000902748194
WEYMAN AVE SW @ RIDGE AVE SW,0.017468538777444084,0.00017206832218733784
CAMPBELLTON RD SW @ FAIRBURN RD SW,0.006547162152789222,0.0001720313381810169
CHESHIRE BRIDGE RD @ SHERIDAN RD,0.0018935456502683953,0.00017202004934851748
BRIARCLIFF RD @ BROOKDALE DR,0.007992722612628265,0.00017183839919417376
CHAMBLEE TUCKER RD @ NORTHCREST RD,0.009708516772232579,0.00017182974896970952
CUSTER AVE SE @ 930,0.013506168772582816,0.0001717996195823796
BEECHER RD SW @ BEECHER CIR SW,0.0013357002692004553,0.00017179579355643351
MEMORIAL DR SE @ VENICE DR,0.008543583323358493,0.00017174041845683898
Central Ave at Garnett St,0.00023361363621907346,0.00017170933913373325
BUFORD HWY @ WOODSIDE WAY,0.0055102962105865625,0.0001716996529475615
Austell Rd at Elmwood Dr,0.0007917177087810027,0.00017156054418852163
UPS DISTRIBUTION CENTER,0.0022302402382688657,0.00017154535051228136
CHATTAHOOCHEE AVE NW @ LOGAN CIR NW,0.0019772095228538867,0.00017149777249435928
CLEVELAND AVE @ BLOUNT ST,0.004798917427835953,0.0001714515990486236
BOULDER PARK DR SW @ FAIRBURN RD SW,0.006746263300280777,0.00017140157188597635
MCDONOUGH BLVD SE @ ELLEBY RD SE,0.004685747507788972,0.00017131982609131156
Courtland St at Ellis St,0.0011417881687353921,0.00017131790900078327
Cobb Pkwy at Industrial Park Dr,0.0003165470857627127,0.0001712438818259045
MT ZION RD @ CAMERON LANDING DR,0.0008090348217315828,0.00017118695595860406
Hurt Rd SW at Brooks Ct,0.0005944121846006674,0.000171140152598967
MARTIN L KING JR DR @ FLORIDA AVE,0.012576104374530987,0.00017112379441320587
MARTIN L KING JR DR SW @ ADAMSVILLE DR SW,0.010778122405571593,0.00017101749390088949
SHALLOWFORD RD NE @ WOODSIDE WAY,0.0095021113943225,0.00017098349245889692
SYLVAN RD @ DILL AVE,0.0022420487441121434,0.0001709688924193521
COVINGTON HWY @ CAGLE ST,0.003633458987400537,0.00017081909383606455
STONE HOGAN RD CONNE @ CAMP CREEK,0.005967754074839936,0.00017081365513810893
EXECUTIVE PARK S @ EXECUTIVE PARK DR,0.011295086922015866,0.0001708097186047492
Buford Hwy & Reyes Auto OB,0.0070770536353596085,0.00017073528165433713
PIEDMONT RD NE @ ALPINE RD NE,0.006718697439024208,0.00017069672308790576
CONLEY RD @ BOLING DR,0.007830774128817589,0.00017067988176189519
ALPHARETTA ST @ 10730,0.004477812806635017,0.00017066739914912727
SR 85 @ PINE RIDGE DR,0.0033411223820458847,0.00017054396319210658
W HOWARD AVE @ ADAIR ST,0.008674701867944322,0.0001705215065159623
PANOLA RD @ DIVIDEND DR,0.001989238677324391,0.00017043921703226479
OGLETHORPE AVE SW @ PEEPLES ST SW,0.024469620807877707,0.00017026872785292187
PEACHTREE ST NE @ PEACHTREE CIR NE,0.007560639340505905,0.0001702480475430933
E PONCE DE LEON AVE @ LAREDO DR,0.005817005411004328,0.00017020836334293723
W LAKE AVE NW @ PORTER DR NW,0.018438487317010387,0.00017015331082060426
REDAN RD @ VALERIE WOODS DR,0.010942087161320715,0.00017007120107378175
N CAMP CREEK PKWY SW @ STONE RD SW,0.006068932883283176,0.0001700001929399018
CLEVELAND AVE SW @ DEARWOOD DR SW,0.0035399724466168036,0.0001699651956519108
Austell Rd at Bishop Row SW,0.00018551223548376268,0.00016986057328081367
RIVER RD @ RIVERSIDE PKWY,0.005242520080014192,0.0001698595955675056
ROOSEVELT HWY @ DELANO RD,0.012687159111185939,0.00016984799412972165
ARMOUR DR @ ARMOUR CIR,0.0023457992503485713,0.00016983744974323811
Bells Ferry Rd at Manuel Dr,0.0005694104125639337,0.00016974922771268933
N MAIN ST @ WINDWARD PKWY W,0.00033258595839005144,0.0001697234304425262
BUFORD HWY NE @ MCCLAVE DR,0.007980541286690708,0.0001696979947926607
N DECATUR RD NE @ DOWMAN DR NE,0.015339606693365454,0.00016964382635158647
E PONCE DE LEON AVE @ LITTON DR,0.002872791866471607,0.00016962270679848118
JOSEPH E BOONE BLVD @ SCIPLE TER NW,0.0028621779066446917,0.00016951308037443051
WINN WAY @ IRVIN WAY,0.0030479716593425016,0.00016950798334819264
STANTON RD @ MCCLELLAND AVE,0.0028468009798990317,0.00016950445660059412
RALPH MCGILL BLVD NE @ GLEN IRIS DR NE,0.005967472557625889,0.0001693668061133449
NW BROAD ST @ NE BROAD ST,0.0038323775291316292,0.00016934673678955706
MEMORIAL DR @ CHEROKEE AVE,0.03354438146270318,0.00016932167314216468
JOSEPH E LOWERY BLVD NW @ JOSEPH E BOONE BLVD,0.0027227507999577935,0.00016927389624623327
GEORGIA AVE SE @ GRANT ST SE,0.013387071773894138,0.00016925279182036223
GREENBRIAR PKWY SW @ 3350,0.013945251932189593,0.00016924510315886917
ENGLEWOOD AVE SE @ MAILING AVE SE,0.012467956112896741,0.0001691041952669316
S HAIRSTON RD @ PINNACLE DR,0.0033875600414080883,0.0001690490317783081
PEACHTREE RD @ HIGHLAND DR,0.007177486803614291,0.00016901746105276109
BOULEVARD SE @ ROSALIA ST,0.0011526836457763545,0.00016899458770182162
S STONE MOUNTAIN LITHONIA RD @ REDAN EAST,0.004275257366841368,0.00016898625411659892
Buford Hwy & Value Pawn OB,0.0040151963296485614,0.00016890102029937926
MARTIN L KING JR DR SW @ 3050,0.027193452025251575,0.00016888977684903416
S Cobb Dr at Cooper Lake Rd,0.0003368467594675228,0.00016887620123557997
CENTRAL AVE @ BUFORD HWY,0.012865047556170368,0.00016886692461618968
BROWNTOWN RD @ REY ST,0.0015265537231777626,0.00016884432161389
FULTON INDUSTRIAL BLVD SW @ LAKEVIEW CT SW,0.002392622410760641,0.00016878212610644042
CENTRE PKWY @ 3201,0.0019731313275368786,0.00016877653158157028
SR 42 @ SLATE RD,0.005279878175175593,0.0001687536762476269
SHALLOWFORD RD NE @ ORTEGA WAY,0.020808732913540948,0.00016872417385637586
LAVISTA RD @ AMANDA CIR,0.002453582300461892,0.0001686719910384868
MT OLIVE RD @ STONE RD,0.0007400250614232517,0.00016865818133568797
GRESHAM RD @ ZANE GREY DR,0.006074380621803657,0.0001686257200500904
NORTH POINT PKWY @ 4000,0.0010820760850639717,0.00016852754223104573
Arts Center  Station,0.0005168351706972779,0.00016848623009429396
S GORDON ST SW @ ROGERS AVE SW,0.013077524575615842,0.00016843443099019142
CLAIRMONT RD @ AZALEA CIR,0.008127257406649423,0.00016833586284277228
JETT FERRY RD @ DUNWOODY CLUB DR,0.0009522738236681474,0.00016832226974599902
LAKEWOOD AVE SE @ ANNE ST SE,0.0069885811444152564,0.00016826895035772156
WINN WAY @ PINEHURST ST,0.0017804137730881777,0.0001682639507589075
NORTH AVE @ PELTON PL,0.0011030605303705182,0.00016823285940779104
S STONE MOUNTAIN LITHONIA RD @ 1054,0.004615900804411852,0.00016820563887029973
17TH ST NW @ NORTHSIDE DR NW,0.004967873407704398,0.00016815479180618513
FAIRBURN RD SW @ MT GILEAD RD SW,0.0057705550706865375,0.0001681400819361718
RALPH MCGILL BLVD NE @ BOULEVARD NE,0.013222490723703453,0.00016813429037153396
S GORDON ST SW @ S OLYMPIAN WAY SW,0.01277643811090567,0.0001681238577719
BRANNEN RD SE @ ROCKCLIFF RD SE,0.011839176002462256,0.00016811138119048895
HEADLAND DR @ BEN HILL RD,0.0046963158161757715,0.0001681090729561651
DEFOOR AVE NW @ COLLIER RD NW,0.0030429119580630045,0.00016801501888836227
JOHN LEWIS FREEDOM PKWY NE @ 441,0.0024794134069940623,0.00016791605457752007
COLUMBIA DR @ COLUMBIA VILLAGE CTR,0.010320786278491862,0.00016789475415820843
MONTREAL RD @ SIMPSON DR,0.005845126698115639,0.0001678406936955141
ATLANTA ST @ JONES DR,0.003563855758370701,0.00016780667984275886
MORELAND AVE @ VICKERS ST,0.0154586123891739,0.00016774953746086753
BOULDERCREST RD @ BOULDER HILLS DR,0.008268906216755289,0.00016771752634780142
MARIETTA BLVD @ CHATTAHOOCHEE AVE,0.0031134053901750976,0.00016769740966436758
BAKERS FERRY RD @ S MONTE VISTA DR SW,0.002392622410760641,0.00016767280986934485
FORSYTH ST @ MARTIN L KING JR DR,0.020532503657973808,0.00016766465486212572
CHILDRESS DR SW @ MCMURRAY DR SW,0.006185602747072365,0.00016762958319378686
LAWRENCEVILLE HWY @ NORTHLAKE PKWY,0.00712715609088666,0.00016761034479345602
LAWTON ST SW @ RICHLAND RD SW,0.009212087795267047,0.00016756655463336228
MALL AT STONECREST,0.000376708075261938,0.0001673873269308597
MCDONOUGH BLVD SE @ HENRY THOMAS DR SE,0.004528843508111089,0.000167377571039857
ALPHARETTA ST @ 10761,0.00587217517638423,0.0001673693079157256
ROOSEVELT HWY @ 3199,0.02234356476452637,0.00016733575624584398
BOULDER PARK DR SW @ HOWELL TER SW,0.00724698351261719,0.00016728881445720757
BEECHER RD SW @ BENJAMIN E MAYS DR SW,0.011013683836568939,0.0001672755317113615
FLAT SHOALS RD @ BATTLECREST DR,0.0016869576665978546,0.00016727473165332785
REDAN RD @ YOUNG RD,0.0060326247712444376,0.00016727215036712264
MORELAND AVE SE @ SANDERS AVE SE,0.015537771986334636,0.00016720803853710272
Fairground St at Rigby St,0.0005579214668014663,0.00016712150096747036
ROSWELL RD NE @ ALDERWOOD PL,0.004243529615960912,0.00016711041922037333
PRATT ST SE @ DECATUR ST SE (GRADY HOSP),0.024060758901627566,0.00016710339768511527
BRANNEN RD SE @ FLAGSTONE DR SE,0.01165287247534982,0.00016710042539461837
BOULDERCREST DR SE @ SMITH ST SE,0.008696467460115072,0.00016708944091440052
HAMILTON E HOLMES DR NW @ DONALD L HOLLOWELL PKWY,0.024465519786840643,0.00016705371912824788
CLEVELAND AVE SW @ OLD HAPEVILLE RD SW,0.0023994320839112425,0.00016705075599164523
S HAIRSTON RD @ MANLY CT,0.004606803486873227,0.00016703872994041648
PEACHTREE ST @ NORTH AVE,0.012168071802776282,0.0001669710513818987
Barrett Pkwy at Cobb Place Blvd,0.00036760061295884296,0.00016696119219771052
HIGHTOWER RD NW @ ETHERIDGE DR NW,0.003710541444036006,0.00016686584801185698
N DECATUR RD @ LULLWATER RD,0.015339606693365454,0.00016670966730147313
N HIGHLAND AVE NE @ BLUE RIDGE AVE NE,0.014334613064936951,0.00016668794591453526
PONCE DE LEON AVE @ S PONCE DE LEON AVE,0.016546265558505347,0.0001666722201977548
CONLEY RD @ JONESBORO RD,0.00835282878083477,0.0001666353707760827
JOSEPH E BOONE BLVD @ HOLLY RD/ST,0.009142469349090505,0.00016661450113637886
TARA BLVD @ LOVEJOY RD,0.004541770474237203,0.00016661029128208158
NORTHSIDE DR @ LARKIN ST,0.022088913422987282,0.00016660296592921976
VIRGINIA AVE @ NORMAN BERRY DR,0.0008281019065532672,0.00016647124287935878
AUSTIN DR @ COREY BLVD,0.0017762975349044062,0.00016646934638820792
Washington Street at Martin Luther King Junior Drive,0.007798042046254587,0.00016640442983638547
OLD NATIONAL HWY @ WOODWARD RD,0.004871001051778746,0.00016639240625721788
ROCKBRIDGE RD @ THOMAS JEFFERSON DR,0.010151853124343475,0.00016630653314323463
WELCOME ALL RD CONN @ WELCOME ALL RD,0.001139277339529025,0.00016612978963125166
WINDWARD PKWY @ WESTSIDE PKWY,0.005396776296165361,0.00016612527728258251
DEFOOR AVE NW @ TAYLOR ST NW,0.0038544119575608386,0.00016606161531925205
NORTH POINT PKWY @ ROCK MILL RD,0.004399885798357406,0.0001660212142521555
BOULEVARD SE @ ATLANTA AVE,0.0006190030936763594,0.00016599818420905512
CHURCH ST @ BETHSAIDA RD,0.002482966610749739,0.00016590179259489915
CLARK HOWELL HWY @ OLD CLARK HOWELL HWY,0.009711339552946403,0.00016584057054137526
Central Ave at Mitchell St,0.0002336288533657787,0.00016575091026959556
INTERSTATE NORTH PKWY @ 5665,0.00040456306230590716,0.00016570223860538233
HILL ST SE @ ENGLEWOOD AVE SE,0.00847595832340034,0.00016568973960092226
UNITED AVE @ WALKER AVE SE,0.01207030163519502,0.00016565655311832255
RESURRECTION WAY @ LONDONDERRY WAY,0.00337426532756993,0.00016562645497244827
UNITED AVE @ MORELAND AVE SE,0.011720337695267567,0.00016558030835470085
HUFF RD NW @ FAIRMONT AVE NW,0.004578717706437562,0.00016557006921881737
MOUNTAIN INDUSTRIAL BLVD @ TUCKERSTONE PKWY,0.0039368660669832625,0.0001655625048970103
LAVISTA RD @ WINSTON PL,0.002303328193894205,0.00016554919220522005
MARTIN L KING JR DR SW @ BAKERS FERRY RD SW,0.009752806277718223,0.00016553409136129825
JONESBORO RD SE @ CLAIRE DR SE,0.010081390126524791,0.00016537584223269623
County Services Pkwy at Austell Rd,0.0004740902056022169,0.0001653712720955113
PANTHERSVILLE RD @ CLIFTON SPRINGS RD,0.01797649220684773,0.00016536834036052402
NORMAN BERRY DR @ 2814,0.0003871089950349798,0.00016531352136190918
MEMORIAL DR SE @ 2154,0.012621854726100336,0.00016531342972179243
Circle 75 Pkwy at 900 Building,0.0008204628989072292,0.0001652359755016227
N MAIN ST @ COGBURN RD,0.00033258595839005144,0.00016514912203336214
DEFOORS FERRY RD @ WARREN CT,0.001937279729899298,0.00016513725516732047
FLAT SHOALS AVE SE @ NEWTON AVE SE,0.01527067048259953,0.00016507876752054718
SHALLOWFORD RD @ BUFORD HWY,0.03482272830597153,0.00016507627291613634
NORTH POINT PKWY @ 960,0.001118445065689531,0.000165062246652361
JACKSON ST @ EDGEWOOD AVE,0.011007490457859901,0.0001650397112574276
CASCADE RD SW @ FAIRBURN RD SW,0.0039696666267064395,0.00016490176925916202
LAVISTA RD @ RESERVE WAY,0.003756185275578418,0.00016488184191180738
WESTWOOD AVE SW @ AKRIDGE PL SW,0.013390997797744093,0.00016487921165761458
KIMBERLY MILL RD @ VALLEY BEND RD,0.001718137600196922,0.00016483840896675474
MARTIN L KING JR DR SW @ 2051,0.020375820306923153,0.00016480568299499202
BARGE RD SW @ FAIRBURN RD SW,0.006379043115989565,0.00016479079740268823
OLD NATIONAL HWY @ CREEL RD,0.004809211827582058,0.000164789355852806
CHAMBLEE TUCKER RD @ STANTONDALE DR,0.010877543633570377,0.00016476713698917902
MEMORIAL DR SE @ ELLINGTON ST,0.008543583323358493,0.00016474936124625926
FAIR ST SW @ JOSEPH E LOWERY BLVD,0.0065744921482718596,0.0001647285454014811
SR 138 @ ROUNTREE RD,0.0010670263269724747,0.00016467625681756642
TILSON RD @ 2095,0.0019810594609703165,0.00016462335797504476
MONROE DR NE @ PARK DR NE,0.002487668709081663,0.00016457533932118194
JONESBORO RD @ METCALF RD,0.014144629524512961,0.0001645729076461569
GRESHAM RD SE @ ZANE GREY DR,0.006336891619616009,0.00016452763356626036
CUSTER AVE SE @ BENTEEN PARK DR SE,0.013521096793500671,0.00016452131322687466
HILLANDALE DR @ 6136,0.007658713851021273,0.0001645013821114137
N INDIAN CREEK DR @ INDIAN CREEK LN,0.015023310690523378,0.00016443199414457833
Powers Ferry Rd at Powers Ferry Common,0.000715205895146981,0.00016441182760163847
KENNARD LN @ GREEN FORREST DR,0.0015303884441474867,0.00016436609213949904
OLD NATIONAL HWY @ HILLSIDE RD,0.004971875517287881,0.00016435442818303012
Courtland St at Auburn Ave,0.0011418033858820974,0.00016434193846518304
NORTHSIDE PKWY @ RIVER GREEN DR,0.0018193011914934567,0.0001643044362796044
SHALLOWFORD RD NE @ FLAIR KNOLL DR NE,0.00833437799045465,0.0001642584934639504
MORELAND AVE SE @ VILLAGE CREEK LNDG,0.012855689010946636,0.00016424793230751872
LENOX RD NE @ VALE CLOSE,0.00355215377255436,0.00016410916199237515
MCAFEE RD @ QUILLIAN AVE,0.012415271814812029,0.0001640888009444448
GRESHAM RD @ TALLY HO DR,0.006074380621803657,0.00016408146975564826
TARA BLVD @ FLINT TRL,0.017066349590024198,0.0001640463724959733
ATLANTA ST @ CANNON CT,0.0037298900460717376,0.00016404341841629947
FLAT SHOALS RD SE @ FAYETTEVILLE RD,0.0031057283396622964,0.00016402977710665127
FOREST PKWY @ SOUTHRIDGE PKWY,0.0016716492170123682,0.00016401818369775488
TURNER RD SE @ KIPLING ST SE,0.005449922181033464,0.0001639718629111709
JONESBORO RD @ 4295,0.00748351123243032,0.00016394287687907015
ARTHUR LANGFORD JR PL SW @ BOWEN CIR SW,0.0008088826502645303,0.0001638725027479059
DELMAR LN NW @ DELMOOR DR NW,0.010542195763053321,0.00016382293974156553
HOWELL MILL RD NW @ WESLEY RD NW,0.005244209183298475,0.00016374283592076125
PEACHTREE ST NE @ PEACHTREE ST NW,0.007560639340505905,0.0001637338530537397
Buford Hwy & Andy Glass OB,0.0070770688525063135,0.00016372041150989513
CLIFTON RD @ BRIARCLIFF RD,0.007071080905277796,0.00016371312073882387
ALPHARETTA HWY @ HOUZE WAY,0.00744664769453684,0.00016370508947006514
BRADY AVE @ HOWELL MILL RD,0.01063946376479331,0.00016366831271714068
BUFORD HWY NE @ CLAIRMONT TER,0.003612261502040117,0.00016364013076248217
CAMP CREEK PKWY @ HERSCHEL RD,0.0006560264116102447,0.00016354297959300697
CAMPBELLTON RD SW @ MYRTLE DR SW,0.013486196267532169,0.00016352591111140453
N INDIAN CREEK DR @ MEMORIAL COLLEGE AVE,0.014896004041187216,0.00016349445669135853
ALPHARETTA HWY @ COMMERCE PKWY,0.004477812806635017,0.0001634801898590981
CLARK HOWELL HWY @ LAKE MIRROR RD,0.010099787656891445,0.00016346094130998947
Six Flags Pkwy SW at Silver Arrow Cir,0.0002934778913575463,0.0001634583629928306
MEMORIAL DR SE @ WARREN ST SE,0.01143229993385715,0.00016341708938886942
DONALD L HOLLOWELL PKWY @ AZLEE PL NW,0.007089790387151907,0.00016328452645032783
PIEDMONT CIR @ PIEDMONT RD,0.01163422386206253,0.00016317289364144316
RIVER RD @ RIVERVIEW CLUB DR,0.0035321888760770654,0.00016314335011975164
CLIFTON RD NE @ 1749,0.0038808213156678083,0.00016313506768156068
JONESBORO RD SE @ 2491,0.015753071786493936,0.0001630566485735286
MORELAND AVE SE @ MCDONOUGH BLVD SE,0.009899628917703874,0.000163056235823304
PHOENIX BLVD @ PHOENIX PKWY,0.001407738241703132,0.00016296276901349888
LEE ST SW @ POOLE PL SW,0.0034923199517092975,0.00016295035359598024
MEMORIAL DR SE @ DOUGLAS ST SE,0.01128817833741168,0.0001629269582113676
BROWNS MILL RD SE @ CLEVELAND AVE SE,0.005975530036806321,0.00016290195550707504
BAKER RD NW @ HOOD AVE NW,0.001519903830067566,0.00016286670047460823
HENDERSON MILL RD @ HENDERSON RD,0.0076517520064036185,0.00016283684197847175
HUFF RD NW @ BOYD AVE NW,0.00527885862634634,0.0001628009744354094
ASHFORD DUNWOODY RD @ MEADOW LANE RD,0.004127864083854269,0.00016277671299525526
COLLIER DR @ FAIRBURN RD,0.008157881914393749,0.00016272975807383422
MARIETTA ST NW @ MARIETTA BLVD NW,0.004372707974341821,0.00016271766999810715
N HAIRSTON RD @ CENTRAL DR,0.010812733805752695,0.00016270726189439766
MARTIN L KING JR DR NW @ BROWNING ST SW,0.024783603804420587,0.00016267903605892255
BAKERS FERRY RD SW @ FULTON INDUSTRIAL BLVD,0.002392622410760641,0.00016266962100214237
GEORGIA AVE SE @ CHEROKEE AVE SE,0.013241702371418838,0.00016262863946221116
STANTON RD @ 1847,0.00035693339311845926,0.0001625929702678861
CANDLER RD @ WHITE OAK DR,0.010662213399117666,0.00016257200624184638
DUNWOODY CLUB DR @ MT VERNON RD,0.0009522738236681474,0.00016252489018758935
ROSWELL RD NE @ WIEUCA RD NE,0.0033405669561911433,0.00016249068516397625
BOLTON RD NW @ 901,0.0008519167411469912,0.00016246947351299866
Hurt Rd at Hicks Rd,0.0006420722880815259,0.00016236355980135146
SR 42 @ HOLLAND PARK DR,0.004647027477997451,0.00016225815817722246
JONESBORO RD @ HARPER DR,0.01010131951632644,0.00016223547409793143
BOULEVARD SE @ BERNE ST,0.0011526836457763545,0.00016218118343622239
LAVISTA RD @ CLAIRMONT RD,0.002305489028726351,0.0001621645727918619
HOWELL MILL RD NW @ 17TH ST,0.01004179511079772,0.00016216449226038137
XPRESS - RIVERDALE PARK & RIDE,0.0,0.00016214797546506605
NORTHSIDE DR NW @ 10TH ST NW,0.0037538950949992773,0.0001621469208092233
CLAIREMONT AVE @ GARDEN LN,0.011908474888557986,0.00016211292488928659
SNAPFINGER WOODS DR @ MILLER RD,0.007533461516490319,0.00016206881998984715
ROCKBRIDGE RD @ ROCKBRIDGE TRL,0.00559594592081709,0.0001619937100190301
CHAMBLEE TUCKER RD @ CASTLE PINES CT,0.004825357220236333,0.00016199237442902635
BROWNS MILL RD SE @ 2045,0.009582168803138846,0.0001619716753897944
CHAMBLEE TUCKER RD @ 5193,0.00012872184397975134,0.0001619597454324215
MIMS ST SW @ MATHEWSON PL SW,0.004592397921325586,0.0001618993655738913
JONESBORO RD SE @ LETHEA ST SE,0.008295171011968559,0.00016189770875981203
W MOUNTAIN ST @ VFW DR,0.0006177857219399391,0.00016183457633209503
FORREST PARK RD SE @ CONSTITUTION RD,0.007046847599149678,0.00016180416121971416
FLAT SHOALS RD SE @ KEYSTONE DR,0.002559965373078329,0.00016180068877283396
MCAFEE RD @ MCAFEE PL,0.01312114959902869,0.00016174471382555025
N SHALLOWFORD RD @ PEACHFORD RD,0.0033999670883551056,0.00016169473243798167
Peachtree Corners Cir & Gleanleaf Dr IB,0.0013916841519290883,0.00016165458609856243
ROSWELL RD NE @ WINDSOR PKWY NE,0.003296163322105209,0.00016162736185365903
FOREST PKWY @ MAIN DR (FARMERS MKT ENTRANCE),0.002379855224674932,0.00016141908392594626
Panola Rd Park and Ride,0.00014631286557102602,0.00016129936322277594
N PEACHTREE RD @ KINGS POINT DR,0.003124749773043865,0.00016129407168029004
VIRGINIA AVE @ LANG AVE,0.000799858882268314,0.00016126900274160348
MAIN ST @ JACKSON AVE,0.000606859810605566,0.0001612315304532005
SPRINGDALE RD SW @ GLENWAY DR,0.00125567329467752,0.0001612052680403145
EAST LAKE STATION,0.09103313094426768,0.00016115758791907179
DONALD L HOLLOWELL PKWY @ OAK ST NW,0.02895833670012704,0.0001611028348834757
CORRAL DR SE @ GRESHAM RD SE,0.0009099245043874229,0.0001610140211684314
PANOLA RD @ REDAN RD,0.0038679932609952785,0.0001609997041769838
ALPHARETTA ST @ MANSELL RD,0.00587217517638423,0.00016099199294486934
ROSWELL RD @ BRANTLEY RD,0.0020595038522359054,0.00016097758636609617
NORTHSIDE DR SW @ SPELMAN LN SW,0.023366940706174823,0.00016096039664323568
INTERSTATE NORTH PKWY @ 5500,0.00040456306230590716,0.00016089744336498824
Interstate North Pkwy at 180 Building,0.0002302202125038016,0.00016087594384363738
MCAFEE RD @ PINEDALE PL,0.012758844553123275,0.00016083439660476717
BUFFINGTON RD @ 5355,0.0062271151232843,0.00016076058566678764
MONROE DR NE @ PIEDMONT WAY NE,0.014178774265528436,0.00016072771607074092
DEERFIELD PKWY @ THREE VERIZON PL,0.0014968194185156945,0.00016072655274990485
Buford Hwy & WA Credit Dealer (Gwin Dr),0.004015226763941972,0.0001607221849043929
PEACHTREE ST SW @ BROTHERTON TRANSPORTATION MALL,0.0074782156653768915,0.00016071805764975437
ROOSEVELT HWY @ PALMETTO LOGISTICS PKWY,0.0022225403620360065,0.0001606879185969602
MARTIN L KING JR DR NW @ GORDON TER,0.02806510540567528,0.00016061698471267545
RAINBOW DR @ DA VINCI BLVD,0.023256225819129617,0.00016050514450732415
MOUNTAIN INDUSTRIAL BLVD @ HAMMERMILL RD (S),0.005506012583789033,0.00016041018325783823
JOSEPH E BOONE BLVD NW @ LANIER ST NW,0.009142469349090505,0.00016037245867355133
MEMORIAL DR @ LAUREN PKWY,0.0199965075633835,0.00016035713890384984
COVINGTON RD @ STRATFORD GRN,0.02080728728460395,0.00016035067645847677
MARIETTA BLVD NW @ 860,0.009975859214123849,0.00016033194394386374
Buford Hwy & S. Peachtree St  OB,0.004015211546795267,0.00016029504656218162
N INDIAN CREEK DR @ HILL ST,0.013364215619542845,0.00016028159889136295
STONECREST SQ @ 7846,0.000376708075261938,0.0001602364197240573
GLENWOOD RD @ THOMAS ST,0.004700964654494227,0.00016014684873495177
PEACHTREE ST @ 3RD ST,0.012168071802776282,0.00016013785444298745
HOWELL MILL RD NW @ 3280,0.0039367975898230885,0.00016006893752614534
BOULEVARD SE @ DELMAR AVE,0.0006190030936763594,0.00016006024533874374
PORSCHE AVE @ PORSCHE DR,0.04324459474521693,0.00016002231113776942
KING MEMORIAL STATION,0.0913630539019843,0.00016001849283057772
JONESBORO RD SE @ BROWNS MILL RD,0.010081390126524791,0.0001600106559003432
GLENDALE DR @ GLENDALE CT,0.0013945754098030868,0.00015995630479747827
PERRY BLVD NW @ ODESSA DR NW,0.0018717851304798807,0.00015994434779366827
PERIMETER CTR PL NE @ MEADOW LANE RD,0.005627848668884656,0.00015985357100191345
PANOLA RD @ BIFFLE RD,0.0033679273859671915,0.00015978447362616758
TARA BLVD @ COMMERCIAL CT,0.0029213878244748388,0.0001597709553293133
FAIRBURN RD SW @ MARTIN L KING JR DR,0.0045622527537024764,0.00015967044607463266
FAIRBURN RD SW @ BENJAMIN E MAYS DR SW,0.003559244962919009,0.00015965399341984373
MEMORIAL DR @ COVINGTON HWY,0.010159408437682633,0.00015962841526425463
VALLEY BROOK RD @ VISTA BROOK DR,0.013788157718177894,0.000159541924947606
GLENWOOD RD @ WELIKA DR,0.004585740419642037,0.00015937608287425536
ATLANTA STUDENT MOVEMENT BLVD @ MILTON ST SW,0.006891739222783014,0.0001593679108230809
COOPER ST SW @ LOVE ST SW,0.0021256832232570593,0.0001593443404635972
ROSWELL RD NE @ LONG ISLAND DR NE,0.004343803004175189,0.00015932637140303774
FAIR ST SW @ LAWTON ST SW,0.005798250277690101,0.00015923543634058603
S CANDLER ST @ BUCHANAN TER,0.007338271175702014,0.00015918890028876245
MONTREAL RD @ CANADIAN WAY,0.012072462470027166,0.0001591880801234952
MCGINNIS FERRY RD @ TIDWELL DR,0.0018096230861889145,0.00015918221505051733
CHATTAHOOCHEE AVE NW @ CARROLL DR NW,0.0029906258419837486,0.00015917292446512507
ROSWELL RD NE @ CHASTAIN DR NE,0.003796031374226128,0.00015915534683853854
S STONE MOUNTAIN LITHONIA RD @ RICE RD,0.004860889257793104,0.00015911366882820764
CONLEY RD @ ELIZABETH PARK CT,0.007303667384094265,0.00015911015262661449
14TH ST @ MCMILLAN ST,0.006368482416176119,0.0001590690761589575
JOSEPH E BOONE BLVD NW @ W LAKE DR NW,0.008853176173076904,0.00015903937312734785
CASCADE AVE SW @ ALLEGHENY ST SW,0.00572449276760973,0.00015897316684417487
N DECATUR RD NE @ OAKDALE RD,0.015339606693365454,0.0001589298384808671
MARTIN L KING JR DR SW @ ADAMSVILLE PLACE PKWY,0.009752806277718223,0.0001589296440836405
ROOSEVELT HWY @ WALNUT WAY,0.001819088151439583,0.00015889451733383406
FULTON INDUSTRIAL BLVD @ WESTGATE DR,0.0016649841067554664,0.00015889271033137697
FLAT SHOALS RD @ 2555,0.00572176889834949,0.0001588726253081852
MCAFEE RD @ MARION CIR,0.01215381080012234,0.00015884767298335502
S HAIRSTON RD @ FAIRFOREST DR,0.002673967163811864,0.00015883434440698292
BRIARCLIFF RD NE @ BRIAR VISTA TER NE,0.005291298643777887,0.00015883301397904908
S STONE MOUNTAIN LITHONIA RD @ 2222,0.004088877753995406,0.00015881844975344827
2ND AVE @ BEATY PL,0.018106099181527502,0.00015880160130850697
S CARGO DR @ AIRPORT LOOP RD,1.1291122855299146e-05,0.00015879280332064955
MORRIS RD @ WEBB RD,0.003003499548096394,0.0001587536717988146
NORTH AVE NW @ SPRING ST NW,0.005752766226188095,0.00015875223889471186
POINTE SOUTH PKWY @ SR 85,0.0027477145291277642,0.00015863525202370297
BUFFINGTON RD @ SABLE CHASE LN,0.005579412490921831,0.0001585967179835816
STONE RD @ DODSON DR,0.0010804935018066252,0.00015858340342157052
FLAT SHOALS RD @ KIMBERLY MILL RD,0.001138318659286594,0.00015857875793799726
FLAT SHOALS RD @ COOK RD,0.0015889135903758972,0.0001585197889286696
TILSON RD @ TILSON RIDGE LN,0.0019810594609703165,0.00015850149526728507
CASCADE RD SW @ UTOY SPRINGS RD SW,0.0039696666267064395,0.0001584301417531713
N DRUID HILLS RD NE @ STANDARD DR,0.007881721135986784,0.00015838878089855413
COLUMBIA DR @ PEPPERTREE CIR,0.001361706372919736,0.00015833434841756112
Cobb Pkwy at Spinks Dr,0.0016344280761713148,0.0001583203260821288
LAMAR HUTCHESON PKWY @ VALLEY HILL RD,0.0026233295719590107,0.00015831996388467544
E PONCE DE LEON AVE @ STONE RIDGE DR,0.002933219156038174,0.00015827627600876188
DEFOOR AVE NW @ MARVIN ST NW,0.004260496734537271,0.00015825859858783578
BOULEVARD SE @ WARMBREEZE RD SE,0.009927027390346685,0.00015824814814094484
S MARTIN ST @ 3125,0.0032537607428110163,0.00015821748000137883
LYNHURST DR @ BENJAMIN E MAYS DR,0.019703876759859212,0.00015817023785643386
E PONCE DE LEON AVE @ 5130,0.002342641692407231,0.00015813355568761194
LUCILE AVE SW @ MUSE ST SW,0.01652954191427627,0.0001579970034527144
PEACHTREE RD @ BROAD ST,0.0006459830947847764,0.00015795028948152815
ROOSEVELT HWY @ HIGHPOINT RD,0.008769900337732396,0.00015793649228727113
FLAT SHOALS RD SE @ LEAH LN SE,0.003831479717476019,0.00015788275660500128
PIEDMONT RD @ 2135,0.01163422386206253,0.0001578800250080341
MT ZION BLVD @ REX RD,0.002808704853122426,0.00015787856451155913
CUSHMAN CIR SW @ BOULDER PARK DR SW,0.001287796691372313,0.00015786367018842727
BOULEVARD NE @ HIGHLAND AVE NE,0.002379809573234816,0.00015784007022501137
CLOVIS CT @ CROFT PL,0.0008099630676806033,0.0001577951551334593
CLEVELAND AVE SW @ SPRINGDALE RD SW,0.003290266677756923,0.000157794843480584
LLOYD RD @ CAVALIER DR,0.002063308138912219,0.00015778735449869616
Buford Hwy & Oakcliff Rd,0.0070770840696530194,0.00015775746086630997
Mall of Georgia Park and Ride,4.5499268648712196e-05,0.0001577240059922642
BROWNS MILL RD SE @ MERRILYN DR SE,0.009582168803138846,0.00015771298113902507
MIMS ST SW @ WELLINGTON ST SW,0.004878799839465189,0.00015770751951187022
E LAKE DR @ W PHARR RD,0.008988684864487199,0.00015766708500037805
S Marietta Pkwy at Wylie Rd,0.001528136306435109,0.00015764797568977592
CLIFTON RD @ OLD BRIARCLIFF WAY,0.007071080905277796,0.00015764545091438156
SNAPFINGER WOODS DR @ GOLF VISTA CIR,0.017071683199944388,0.00015761376124900139
CLAIREMONT AVE @ MAEDIRIS DR,0.01089333903185043,0.00015753464556399001
Steve Reynolds Blvd & Hillcrest Ct,0.002272346083202306,0.00015753310178500275
SANDTOWN RD SW @ ANIWAKA AVE SW,0.0029309822354725017,0.0001574490288825111
DEKALB INDUSTRIAL WAY @ RIMINGTON LN,0.00859045974378403,0.00015743659386175676
E PONCE DE LEON AVE @ BROCKETT RD,0.002297279378078866,0.0001573729545980978
ROSWELL RD NE @ MYSTIC PL NE,0.0033571384289531655,0.00015727486839465558
REDAN RD @ PERRY WAY,0.0008091869931986354,0.0001571962770351778
UNITED AVE @ EDIE AVE SE,0.012293126314400066,0.00015719057721042955
MCDANIEL ST SW @ ARTHUR ST SW,0.006076031682221177,0.00015715052788943185
10TH ST NW @ HEMPHILL AVE NW,0.012037113038230858,0.0001571141950107173
JONESBORO RD SE @ SPRINGSIDE DR SE,0.021668166925160336,0.00015708787780302637
CANDLER RD @ WHITES MILL RD,0.015008595709659397,0.00015708269260811966
CENTRA VILLA DR SW @ CAMPBELLTON RD SW,0.0022704971998776173,0.00015703133951684936
SR 42 @ REX RD,0.0032569259093257093,0.00015702345151608185
N MAIN ST @ 684,0.00033258595839005144,0.00015699231775439759
WASHINGTON RD @ JACKSON DR,0.03331429059594637,0.00015693070127183162
VALLEY BROOK RD @ HOLLYWOOD DR,0.013726026108180338,0.00015680850157711215
MARTIN L KING JR DR NW @ FEDERAL DR SW,0.024783603804420587,0.00015679858125820128
FULTON INDUSTRIAL BLVD @ PATTON DR,0.004625495215409515,0.00015674870323955606
MARTIN L KING JR DR SW @ 2085,0.020375820306923153,0.00015672634164402803
N DECATUR RD @ OXFORD RD,0.015339606693365454,0.0001567108510310507
BOLTON RD @ BOLTON PKWY,0.0008519167411469912,0.00015668141431518824
BOULDERCREST RD @ YOLANDA TRL,0.012234915655870234,0.0001565855098810263
COLUMBIA DR @ COLUMBIA CROSSING DR,0.004063008604596473,0.0001565784670411067
ROOSEVELT HWY @ MASON RD,0.00913695313340985,0.00015651372934944992
WELCOME ALL RD CONN @ CAMP CREEK PKWY,0.0007471771203747216,0.00015650484648646964
MORELAND AVE @ 327,0.0017182289030771535,0.00015649080679871523
LAKEWOOD AVE @ LAKEWOOD WAY,0.00834886471411805,0.0001564338381716906
MONROE DR NE @ 10TH ST NE,0.002487668709081663,0.0001563761276771849
METROPOLITAN PKWY SW @ STEVE DR SW,0.0039351997894190366,0.0001563740633169846
LINCOLN ST SW @ ARTHUR LANGFORD JR PL SW,0.0008088826502645303,0.00015636218151576092
DESERT DR @ 3112,0.005102796238966541,0.00015628227668552854
FULTON INDUSTRIAL BLVD @ BAKERS FERRY RD (S),0.002392622410760641,0.000156247781294868
Roberts Blvd at Cobb Place Blvd,0.0003218578699628467,0.0001562275958361091
BRIARCLIFF RD NE @ MAYFAIR DR NE,0.0065073845313016855,0.0001561544543108393
SNAPFINGER RD @ GREENTREE DR,0.009353632621537092,0.0001561286691072502
N HAIRSTON RD @ KENILWORTH DR,0.0030391355694889834,0.000156096715557532
SNAPFINGER RD @ TIFFANY DR,0.008717038506269459,0.00015609304769639685
GREEN FORREST DR @ BELLGREEN WAY,0.0010750914147262597,0.0001560653856101122
PLEASANTWOOD DR @ E SIDE DR,0.00011228732553807602,0.00015606215613731765
CHAMBLEE TUCKER RD @ CUMBERLAND DR,0.004320452292555976,0.00015605869970758564
MARTIN L KING JR DR NW @ RACINE ST SW,0.02806510540567528,0.00015601807713325232
Peachtree Corners Cir & Parton Ct,0.0013916993690757935,0.00015600240292698524
DONALD L HOLLOWELL PKWY @ OLIVER ST,0.0067775117110400185,0.00015591620471429638
MCAFEE RD @ MEADOW LN,0.006081152252087495,0.00015579941468701786
BOULEVARD SE @ DELMAR AVE SE,0.0011526836457763545,0.0001557819501890225
N PEACHTREE RD @ PEACHTREE RD,0.0010365768164152596,0.0001557414513627729
JOSEPH E BOONE BLVD @ ARCHER WAY NW,0.003541106124046345,0.00015569028782587476
S Cobb Dr at Windy Hill Rd,0.0007663202909299323,0.00015561564857138668
GRESHAM RD @ WEE KIRK RD,0.006074380621803657,0.00015550259033361775
PEACHTREE ST @ 4TH ST,0.012168071802776282,0.00015546502911295765
ALPHARETTA ST @ WOODSTOCK ST,0.0011512075825459449,0.0001554247867267481
Mableton Pkwy at Old Gordon Road,0.001271316521490522,0.00015541889584278908
Franklin Rd at Twin Brooks Dr,0.001422772782647924,0.00015539179043280239
CLIFTON RD NE @ OLD BRIARCLIFF WAY,0.0038808213156678083,0.00015522253367337657
CAMPBELLTON RD SW @ VENETIAN DR SW,0.03038775176731181,0.00015521236778012808
MONTREAL RD @ CLARKSTON INDUSTRIAL BLVD,0.012405428857084849,0.00015519223307782648
CHAMBLEE TUCKER RD @ GLADNEY DR,0.005257813312452973,0.0001550829403697166
PEACHTREE RD @ ASHFORD DUNWOODY RD,0.006207165443953711,0.0001550564937146463
Austell Rd at Cunningham Rd,0.005517113492310517,0.00015504889109318538
RUFUS EVANS DR @ SYCAMORE DR,0.008850163178029264,0.00015504879975554274
PANTHERSVILLE RD @ 2929,0.018846669524041026,0.00015504351320225006
COLUMBIA DR @ FLAT SHOALS PKWY,0.002430802231844125,0.00015501079851594601
Fairground St at Commerce Park Dr,0.0015284406493692143,0.0001549323714123914
MT VERNON RD @ JETT FERRY RD,0.0009522738236681474,0.000154931420104718
MT VERNON RD @ STRATHAM DR,0.0011489250105401565,0.00015491680183309719
OLD DIXIE HWY @ BROWN DR,0.042504858809581075,0.00015487449369848647
PERRY BLVD NW @ W HIGHLANDS BLVD NW,0.0018717851304798807,0.00015485440868347918
SARR PKWY @ IDLEWOOD RD,0.002136365660244148,0.00015476621409537048
PLEASANT HILL RD @ WILLOW PARK BLVD,0.0011748702456726163,0.0001547542354771627
TARA BLVD @ MT ZION RD,0.01115933222006717,0.00015470069417565077
N CENTRAL AVE @ VIRGINIA AVE,0.002238396628902882,0.00015469573828528918
VALLEY HILL RD SW @ CAMP ST,0.0008215128820298919,0.00015464871174006504
JOHNSON FERRY RD NE @ WADDESTON WAY,0.006510945343630715,0.00015463269943748556
FLINT RIVER RD @ KENDRICK RD,0.0019396536047853177,0.0001546256949969622
Buford Hwy & Simpson Cir,0.0005858144967121984,0.00015461362555914336
GLENWOOD RD @ LINE ST,0.004822032273681235,0.00015452303798688187
PANTHERSVILLE RD @ RIVER SUMMIT LN,0.01786688309912978,0.0001544602068319238
MCAFEE RD @ WILLA DR,0.011288198626940618,0.00015445602745885837
RAINBOW DR @ RAINBOW PKWY,0.02196613133860481,0.00015440155902205253
BEST RD @ 4736,0.0005240176639421583,0.00015439260457469662
BOULEVARD SE @ BERNE ST SE,0.0006190030936763594,0.00015431325474588283
ROOSEVELT HWY @ GRESHAM ST,0.008110510936700292,0.000154310241636296
POLLARD BLVD SW @ BILL LUCAS DR SW,0.02226604101063645,0.000154283331803936
JAMES JACKSON PKWY @ 954,0.0012915705437552161,0.0001542662749816192
DELMAR LN NW @ ALLEN TEMPLE CT NW,0.010042540750986276,0.00015425174440842918
FLAT SHOALS RD SE @ HILLBURN DR SE,0.0034622813041131247,0.00015423991143536994
E TRINITY PL @ CHURCH ST,0.007076810161012324,0.00015417087295353118
PORSCHE AVE @ TRADEPORT BLVD,0.04309119068928125,0.0001539477455596548
ROSWELL RD @ 7840,0.0015919874540103586,0.00015382784676833087
8TH ST NE @ VEDADO WAY NE,0.03641665594618681,0.00015381486137496986
E PONCE DE LEON AVE @ KELTON DR,0.002665458242612509,0.0001537327083992731
LINCOLN ST SW @ THORNTON ST,0.0008088826502645303,0.0001537269954073363
Barrett Pkwy at Barrett Lakes Blvd,0.0003306381636117788,0.00015369825129457398
2ND AVE SE @ 90,0.015878461075345237,0.00015364043719798414
PANOLA RD @ MALLARD TRL,0.0020826415238012455,0.0001535747451709221
CLIFTON RD @ 1762,0.007071080905277796,0.00015353042703332456
RAINBOW DR @ WHIRLAWAY DR,0.022239035647616853,0.0001534917810618167
N DRUID HILLS RD NE @ THORNWELL DR,0.007881721135986784,0.00015347363194389996
COVINGTON HWY @ REDWING CIR,0.017694939486124866,0.00015346706627034068
DEFOORS FERRY RD @ HYDE MANOR DR,0.0018360552700159422,0.00015344406399540297
MCDONOUGH BLVD SE @ BENTEEN AVE SE,0.005025957256678357,0.00015341978461436698
CASCADE AVE SW @ DONNELLY AVE SW,0.00572449276760973,0.0001533529504718306
MANSELL PARK & RIDE - IN LOT,0.010772400758410417,0.00015332285641439432
TARA BLVD @ WALDEN LANDING,0.005242520080014192,0.00015332210237595323
CAMPBELLTON RD SW @ ALMA ST SW,0.030020288108673313,0.00015325394376043694
PONCE DE LEON AVE @ PONCE DE LEON MNR,0.016074853570723257,0.00015325085543153164
BOLTON RD @ 1051,0.0008519167411469912,0.00015320884799096586
SULLIVAN RD @ EMBARCADERO LN,0.00032954252904900046,0.00015319926167676502
GLENWOOD AVE SE @ CARTER AVE SE,0.006130874278946916,0.00015317081239108233
JONESBORO RD @ PETERS RD,0.007827023102154744,0.00015316133405889187
VIRGINIA AVE @ MADISON ST,1.5217146705254915e-08,0.0001531498886641959
GLENWOOD AVE SE @ EASTSIDE AVE SE,0.026013717365015513,0.00015312345999725116
Buford Hwy & CarZ (across) OB,0.0040152419810886774,0.0001531193160629237
Cobb Pkwy at Franklin Rd,0.0015357296626410312,0.00015311876353927612
WASHINGTON RD @ DELOWE DR,0.033835447436307946,0.0001531117405008706
MORELAND AVE SE @ DELAWARE AVE SE,0.01607906111178726,0.0001531010851421012
LAVISTA RD NE @ VISTA VALLEY DR NE,0.004872537983595976,0.00015309102082678314
CANDLER RD @ MCAFEE RD,0.010964349846950503,0.00015305375449451008
BOULDERCREST RD @ ANVIL BLOCK RD,0.011345397345214557,0.000153035071575305
RALPH D ABERNATHY BLVD SW @ DUNN ST SW,0.02769866890443939,0.00015303298480544544
SR 138 @ LAKE RIDGE PKWY,0.008520780429020668,0.00015302037464836324
KIPLING ST SE @ HENRY THOMAS DR SE,0.006691519615008623,0.0001529990701604202
BOLTON RD NW @ 1020,0.0010276595684459802,0.0001529949180787811
CHAMBLEE TUCKER RD @ FLIGHTWAY DR,0.003411410382677457,0.00015291643866997498
SNAPFINGER RD @ SNAPFINGER CIR,0.008426786650013425,0.0001527807036240579
GRESHAM RD SE @ FLAT SHOALS RD SE,0.0037297074403112745,0.00015273180358252436
HUGH HOWELL RD @ LAWRENCEVILLE HWY,0.0013634106933507247,0.00015271350148075272
Bells Ferry Rd at Cobb Pkwy,0.0005206546745202969,0.00015271071610875128
DEERFIELD PKWY @ WEBB RD,0.0012978552253444864,0.00015270312851221768
VALLEY HILL RD SW @ EUNICE DR,0.0018573136239631834,0.00015266895201737808
N HIGHLAND AVE @  E ROCK SPRINGS RD,0.00812773674677064,0.00015265382499641772
10TH ST @ BRADY AVE,0.011239841070902437,0.00015261620454912528
GARDEN WALK BLVD @ GARDEN SPRINGS DR,0.0021844061923926377,0.0001525677569959671
COLUMBIA DR @ 1757,0.012666075754425807,0.000152559934524141
BOULEVARD SE @ HANSELL ST SE,0.0006190030936763594,0.0001525247860187896
Steve Reynolds Blvd & Ashford Apts IB,0.0022723613003490114,0.00015250168015546497
MIDWAY RD @ LARK LN,0.020984871386654273,0.00015249541433181977
ROCKBRIDGE RD @ RIDGE AVE,0.0074710027378386,0.00015246128596619848
CASCADE RD @ UTOY SPRINGS RD,0.0039696666267064395,0.0001524522262276335
BUFFINGTON RD @ NATURALLY FRESH BLVD,0.006391338570527412,0.00015242258637225575
N DECATUR RD @ SUZANNE DR,0.014816129238131331,0.00015241890243644768
SPRINGDALE RD @ BROOKDALE DR,0.0014706763604760665,0.0001523380979744475
Buford Hwy & Remington Park Ct,0.00039693927180657444,0.00015232705014657809
MERCURY DR NW @ VENUS PL,0.0008099630676806033,0.00015227825283195225
Austell Rd at Mimosa Dr,0.004613701926712943,0.00015225901589769293
STANTON RD @ CONNALLY DR,0.0005058940422161996,0.000152215067867852
N DECATUR RD @ GLENDALE RD,0.01905324482675598,0.00015217577832052077
HWY 138 @ JONESBORO RD,0.0013765887423974753,0.00015215233652893543
OLD DIXIE RD @ OLD DIXIE HWY,0.020803308000740525,0.00015214658910523137
MT VERNON RD @ TILLY MILL RD,0.0009522738236681474,0.00015214306529257312
CAMPBELLTON RD @ HONEYSUCKLE LN,0.024497825789295897,0.00015205795281097827
GLENWOOD RD @ OLD HICKORY ST,0.004944895516179463,0.00015204487735556057
BOULDER PARK DR @ 4104,0.0012121218208070803,0.00015200898532973276
COVINGTON HWY @ LITHONIA INDUSTRIAL BLVD,0.004157994034330674,0.0001519857226171842
JONESBORO RD SE @ MOURY AVE SE,0.00904466113864248,0.00015197966620068856
METROPOLITAN PKWY SW @ AVERY RD SW,0.005642563649748638,0.00015197056307299006
Cumberland Pkwy at Atlanta Rd,0.00024806992558906564,0.00015193272964224625
GODBY RD @ LIMETREE WAY,0.0015117474394335496,0.00015191333937339207
SYLVAN RD SW @ BYRON DR SW,0.0016707057539166424,0.00015190244124370253
S HAIRSTON RD @ 1235,0.004828654268689139,0.00015188844286041434
Powers Ferry Rd at Parkwood Circle,0.00032563172234574995,0.00015186862115446883
SPRINGDALE RD @ SPRINGDALE PL,0.00247914710692672,0.0001518550860494451
HOSEA L WILLIAMS DR @ ANNISTON AVE SE,0.00121330875825009,0.00015184879100884705
Six Flags Dr at Riverside Pkwy,8.774206790249984e-05,0.00015184597941243509
JONESBORO RD @ ERNEST DR,0.017197323571716328,0.00015179024978744367
RIVERDALE RD @ W FAYETTEVILLE RD,0.002862908329686544,0.00015177528558314507
LUCILE AVE SW @ HOPKINS ST SW,0.01682445021742411,0.0001517362820050561
WASHINGTON RD @ PEARL ST,0.03520260154774816,0.00015170030245273994
FLAT SHOALS AVE SE @ EAST SIDE AVE,0.014938419301436995,0.0001516167406749469
OLD DIXIE RD @ MORROW RD,0.020585913306718134,0.00015153175563773882
MCDANIEL ST SW @ ROCKWELL ST SW,0.00661735124196721,0.0001515118508676044
MARTIN L KING JR DR NW @ W LAKE AVE SW,0.024783603804420587,0.00015146987758079405
HAYNES BRIDGE RD @ ROCK MILL RD,0.0059260286585741265,0.00015144516528216678
WESLEY CHAPEL RD @ E SIDE DR,0.015516708919103447,0.00015144248120282493
MARTIN L KING JR DR SW @ WILSON AVE,0.020375820306923153,0.00015143105502404312
VIRGINIA AVE @ HARRISON RD,0.0,0.00015142320545371204
DELOWE DR @ ELINWOOD DR,0.0021244506343739335,0.00015137306225105398
CLAIRMONT RD @ N DRUID HILLS RD,0.008347479953767873,0.00015136091915495125
NEW PEACHTREE RD @ LONGMIRE WAY,0.0077449950728400675,0.0001513483647899261
PLAINVILLE CIR @ PLAINVILLE TER,0.00010116359129653468,0.0001513434914088588
S INDIAN CREEK DR @ ROWLAND RD,0.0005366783300009303,0.0001513218591982969
MORELAND AVE @ MCLENDON AVE,0.0017182289030771535,0.00015130540650039816
FLAT SHOALS RD @ WILLIAMSBURG WAY,0.003328233458786534,0.00015124511229424643
OLD DIXIE RD @ BRECKEN RIDGE,0.021692017266429706,0.00015124382103572982
Peachtree Corners Cir & Bannor Ln,0.0013917145862224988,0.00015119874371920787
RIVEREDGE PKWY NW @ 1600,0.00040456306230590716,0.00015114987739113758
DELOWE DR @ W WOODBERRY AVE,0.0013526673877768147,0.00015105555133786014
E PONCE DE LEON AVE @ N DECATUR RD,0.005052069880424574,0.00015103287014570362
W LAKE AVE NW @ NEKOMA ST NW,0.01648476546009606,0.0001509966994400531
PERIMETER CTR E @ 53,0.0007036560807976925,0.000150936875755013
SURREY TRL @ MONTILLY CIR S,0.0007820091691830501,0.0001509343299512883
MT ZION BLVD @ LAKE HARBIN RD,0.002450310613920262,0.00015093274864207002
GLENWOOD RD @ MISTY VALLEY RD,0.004871267351846087,0.00015092674906079469
HAMMOND DR NE @ GLENRIDGE DR NE,0.010244441853471599,0.0001508867429755344
MALDO DR NW @ ARGYLE DR NW,0.0006078945765815233,0.00015083486794275602
FOREST PKWY @ 103,0.0025655957173592735,0.00015072976946129102
HENDERSON MILL RD @ MERCER UNIVERSITY DR,0.005976648497089157,0.00015064244737402228
GLENWOOD RD @ 4115,0.004769822243335505,0.00015062052404268313
COVINGTON HWY @ WOODCREST WALK,0.005499507253572537,0.00015061780233230896
PEACHTREE ST NE @ 6TH ST NE,0.012168071802776282,0.0001506118879972218
HOLCOMB BRIDGE RD @ HOLCOMB WOODS PKWY,0.0034321665707834252,0.0001505802674696857
LANGSTON AVE SW @ BIRCH ST SW,0.045353899246236895,0.00015054493371936524
ROSWELL RD NE @ RICKENBACKER DR NE,0.0033952269471564187,0.0001505322237069785
S STONE MOUNTAIN LITHONIA RD @ 2399,0.0036060985576244885,0.00015049180983420362
ROOSEVELT HWY @ WHITE CITY RD,0.002860108374692777,0.0001504837279055827
LUCILE AVE SW @ LANGHORN ST SW,0.01667646346571551,0.00015048171330324763
GLENWOOD AVE SE @ CLIFTON ST SE,0.025458854544701804,0.0001504600967539417
S HAIRSTON RD @ ADCOX RD,0.0048235108731027624,0.00015044627664038182
PERRY BLVD NW @ HABERSHAL DR NW,0.0018717851304798807,0.0001503915309553853
MALL PKWY @ TURNER HILL RD,0.0005095613745721661,0.0001503755964905721
N DECATUR RD @ NORTHERN AVE,0.005920679831507229,0.00015034874357458024
Mableton Pkwy at Veterans Memorial Hwy,0.0012713317386372272,0.0001503199868478162
HUTCHENS RD @ FORREST PARK RD,0.011236432430040461,0.0001503197956123974
Factory Shoals Rd at Britt Rd,0.0009385783916334179,0.0001502602500349882
N HAIRSTON RD @ HAIRSTON XING RD,0.003185699517980646,0.00015024921166605085
COVINGTON HWY @ BEECH DR,0.019336854398475167,0.0001502425427986808
BARFIELD AVE @ MARTIN L KING JR DR SW,0.00072082102228122,0.00015020405506177353
Buford Hwy & Pine St OB,0.0040152571982353825,0.0001501748485381962
E PONCE DE LEON AVE @ PECAN ST,0.0030113439872229532,0.00015015939028540986
Blair Bridge Rd at S Gordon Rd,0.0007977284817295784,0.00015015321890158467
PEACHTREE ST NE @ 5TH ST NE,0.012168071802776282,0.00015014396047494124
MARTIN L KING JR DR SW @ LAUREL AVE SW,0.02806510540567528,0.00015005017151760447
PANTHERSVILLE RD @ RIVER TREE DR,0.017384073468465454,0.0001500393752479897
SHANNON PKWY @ SHANNON BLVD,4.621447454385918e-05,0.00015003824241947714
ROSWELL RD @ NORTHRIDGE PKWY,0.0030659811524681706,0.000149959792069012
RIVEREDGE PKWY NW @ 2100,0.00040456306230590716,0.00014994963694359205
GREENBRIAR PKWY SW @ 3480,0.013589779385154838,0.0001498812266162955
GLENWOOD RD @ MEADOWGLADES DR,0.002386565986371949,0.00014986929972060008
SYLVAN RD @ AVON AVE,0.0029021685681861016,0.0001498105176646991
NORTHWEST DR NW @ 1190,0.0012915705437552161,0.00014981038984065797
SYLVAN RD @ 3107,0.0029310050611925597,0.00014980102662077028
TILLY MILL RD @ CHERRING DR,0.0023285886574249282,0.000149729060806511
MARIETTA ST NW @ WALLACE ST NW,0.003637689354184598,0.00014972684766654566
MCAFEE RD @ LONG DR,0.006081152252087495,0.00014971730880932786
Austell Rd SW at Hurt Rd SW,0.0026601246326923168,0.00014970393468958083
NORTH AVE @ CHERRY ST,0.006750174106984028,0.0001496733839106409
N DECATUR RD @ DEKALB INDUSTRIAL WAY,0.0057754778176456875,0.00014965479647361925
SR 85 @ AIRPORT SOUTH PKWY,0.008235093716776214,0.00014964678464173358
LUCKIE ST @ HUNNICUTT ST,0.002920231321325239,0.00014964178444736338
JOSEPH E BOONE BLVD @ EDWARDS ST NW,0.0022490334144498556,0.0001495350222980272
MOURY AVE @ PRYOR RD,0.004621782231613433,0.00014951170631642097
OLD DIXIE RD @ SYLVIA DR,0.020766373449495754,0.00014946647177814702
PANTHERSVILLE RD @ GLEN HOLLOW DR,0.01824948781874,0.0001494392818522698
CHANTILLY DR NE @ CHESHIRE BRIDGE RD,0.003847335984342895,0.00014943283906921137
OLD FAIRBURN RD @ SOMERSET TRL,0.003745320232830866,0.00014943070443142683
BOULEVARD SE @ ATLANTA AVE SE,0.0011526836457763545,0.00014929736497072693
POLAR ROCK RD SW @ PRYOR RD SW,0.001111277789591356,0.00014926378352528462
DAWSON BLVD NW @ RUTHERFORD GLEN CIR,0.0002620392662644896,0.00014915659043390165
Powder Springs St at Sandtown Rd,0.000686491139314165,0.000149156586627199
W MOUNTAIN ST @ MEADOW ROCK DR,0.0014127599001158664,0.00014912933851907149
PLAINVILLE CIR @ 819,0.00010116359129653468,0.00014910147268543204
FLAT SHOALS RD @ RED OAK RD,0.0008550819076616841,0.0001490605334157334
PANTHERSVILLE RD @ ROVENA CT,0.017690303328762,0.00014905240059941816
CAMERON M ALEXANDER BLVD @ SUNSET AVE NW,0.001224402058198221,0.00014905088758775193
CREEKWOOD RD @ OAKLEY INDUSTRIAL BLVD,0.0,0.00014902686187146912
LAWRENCEVILLE HWY @ WHITE BLVD,0.009095204891423984,0.00014900521052864117
MARIETTA ST @ HOWELL MILL RD,0.0030928394164029455,0.00014883972907600034
OAKCLIFF RD @ PLEASANTDALE RD,0.008314222879643538,0.00014882596598488548
CHURCH ST @ STEEPLECHASE LN,0.0011559096808778685,0.0001487470738362711
NORTH POINT PKWY @ PRESTON RIDGE RD,0.0019115931862608276,0.00014873924311864314
BOLTON RD NW @ BOLTON PKWY,0.0010276595684459802,0.00014873886842291638
SOUTHLAKE PKWY @ 7420,0.002303876011175594,0.00014870312975151636
JONESBORO RD @ SOUTHLAKE COVE CT,0.003506365378118248,0.00014867491403205364
Old Alabama Rd at Mableton Pkwy,0.00019989243912022856,0.00014864556145455292
SYLVAN RD @ OAKLEIGH DR,0.005165232191898202,0.00014862877580206564
HOLCOMB BRIDGE RD @ MARKET PL,0.009848917776308612,0.0001486271039402005
N INNER LOOP RD @ UNION AVE,0.0011971481484491094,0.0001485954913465919
PERIMETER CTR E @ 72,0.0007036560807976925,0.00014859223920993687
CLIFTON RD NE @ BILTMORE DR NE,0.0038808213156678083,0.00014858461934143382
BOULEVARD SE @ HAMILTON AVE,0.0011526836457763545,0.00014855924741598558
CASCADE RD @ SHANTER TRL,0.0039696666267064395,0.0001485398210390374
PEACHTREE ST NE @ W PEACHTREE ST NW,0.008658876035370857,0.00014853113163586758
DURHAM PARK RD @ S INDIAN CREEK DR,0.0006709696496748049,0.00014851278536453784
LAWTON ST SW @ MONTREAT AVE SW,0.009015132265460933,0.00014849340615163473
N INDIAN CREEK DR @ JAMISON PL,0.014407761889149112,0.00014849038813823963
DONALD L HOLLOWELL PKWY @ PEYTON AVE NW,0.0285716233509064,0.00014845894794775392
SNAPFINGER RD @ HYLAND DR,0.010398031051358853,0.00014845608934748784
FORREST PARK RD SE @ PINE FOREST DR,0.011236432430040461,0.00014837767509499628
PLEASANT HILL RD @ SURREY TRL,0.0009765299555163237,0.0001481762960272532
SNAPFINGER RD @ EMERALD FALLS DR,0.008607939172966133,0.00014817138245612417
MARTIN L KING JR DR SW @ BOLTON RD NW,0.011617119789165823,0.00014814665665614655
HENDERSON MILL RD @ MERCER UNIVERSIT,0.0025422678314601177,0.00014814600380302524
SPRINGDALE RD SW @ PEGG RD SW,0.0017878625664004,0.0001480949480813255
BROWNTOWN RD @ BOLTON RD,0.00010177227716474488,0.00014804072834413189
14TH ST @ BARNES ST,0.007109009643440644,0.00014803719843652785
PANOLA RD @ BENTON DR,0.001842819291726428,0.0001479598975513785
HWY 138 @ PARKWAY RD,0.0013765887423974753,0.0001479528112463869
CENTENNIAL OLYMPIC PARK DR @ HUNNICUTT ST,0.0020528843934191194,0.00014793545318749943
N DECATUR RD @ SPRINGDALE RD,0.015339606693365454,0.0001478958815150903
CLEVELAND AVE @ WINBURN TER,0.0024976892001870735,0.00014776939452425283
CASCADE RD SW @ NEW HOPE RD SW,0.004723813200272167,0.00014774127919147146
NORTHSIDE PKWY NW @ 3487,0.002625855618312083,0.00014773946561971908
CLIFTON RD @ CDC PKWY,0.007071080905277796,0.0001477337583438566
LAVISTA RD NE @ BROOKFOREST DR NE,0.00798781508281582,0.00014763742868571352
N DECATUR RD @ PARKDALE DR,0.008955686481856854,0.00014763133986369332
TILSON RD @ CANDLER RD,0.0040088507794724705,0.0001475837549746714
N CLARENDON AVE @ LAREDO DR,0.020451814737569195,0.0001473928265501425
N DECATUR RD @ WEBSTER DR,0.015274287091133147,0.00014737714033196203
CASCADE AVE @ RALPH D ABERNATHY BLVD,0.00572449276760973,0.0001473710594551734
2ND AVE SE @ MEMORIAL DR SE,0.010655806980354754,0.00014736970088864506
Church St Ext at Cobb Emc Pkwy,0.0003038407682638249,0.0001473336132980991
IRENE KIDD PKWY @ CENTRAL AVE,0.012830375287402445,0.0001472710976434226
Cumberland Pkwy at Home Services at Home Depot Par,0.0005104287519343656,0.00014726564016812163
RIVER RD @ KRISTA LN,0.004034978620365393,0.00014724786892191636
CAMPBELLTON RD SW @ STANTON RD SW,0.025040423589365174,0.00014724162420019053
LENOX RD NE @ CRANE RD NE,0.004243636135987849,0.00014719880209759998
CLIFTON RD @ CLIFTON WAY,0.007071080905277796,0.0001471954295437099
HAMMOND DR NE @ BARFIELD RD,0.010244441853471599,0.00014719486534828878
FLAT SHOALS RD @ 3491,0.003328233458786534,0.00014716267426846536
Peachtree Corners Cir & Kilnect Ct,0.001391729803369204,0.0001471165472031535
PANOLA RD @ FOREST EAST LN,0.004036934023717019,0.00014711062782955158
DESERT DR @ KENELWORTH DR,0.00475289316762591,0.00014708999964736983
GEORGIA AVE SE @ HILL ST SE,0.013537858480596509,0.00014706336781039576
CLEVELAND AVE SW @ STEELE AVE SW,0.0027171508899702596,0.00014699217831616967
E PONCE DE LEON AVE @ MILAM CIR,0.003540733303952066,0.00014697483545296985
METROPOLITAN PKWY SW @ UNIVERSITY AVE,0.005660672054327891,0.00014695814600891718
FORREST PARK RD SE @ OAKSHIRE WAY SE,0.019058920822477038,0.00014694202485753633
MONTREAL RD @ WINDFIELD CIR,0.006030943276533507,0.0001469351696465034
NORTHSIDE DR @ INTERSTATE NORTH PKWY,0.00040456306230590716,0.0001469136800761441
GLENWOOD AVE SE @ LOMITA RD SE,0.010747710937881141,0.00014689471703201453
WILLINGHAM DR @ HARRISON RD,0.04540780345224914,0.00014689409313004372
N COMMERCE DR @ WASHINGTON RD,0.002917720492118872,0.00014689318332148686
BOULDERCREST RD @ CLARK ST,0.008053045918359014,0.00014687700316758272
OLD MILTON PKWY @ NORTH POINT PKWY,0.002021217511125484,0.0001468683843324375
BROWNTOWN RD @ JAMES JACKSON PKWY,0.003225243809885369,0.00014686814811159054
OLD DIXIE RD @ JOHNSON RD,0.02113838703499912,0.0001468240002943984
ROCKBRIDGE RD @ CLUB HOUSE DR,0.010735537220516938,0.00014681984697726278
BULL RUN DR @ LLOYD RD,0.002329592989107475,0.0001468028512359461
NORTHWEST DR NW @ 1285,0.0012915705437552161,0.0001467862345053511
N Marietta Pkwy at Amy Dr,0.00045547963518169013,0.00014675983776178794
SANDTOWN RD SW @ VENETIAN DR SW,0.003058958439263696,0.0001467094384956665
I-85 ACCESS RD @ CENTURY BLVD NE,0.00315337322599645,0.00014654973248478948
HOSEA L WILLIAMS DR NE @ BATES AVE SE,0.0030250926792711507,0.00014649327923964213
WESLEY CHAPEL RD @ 2552,0.015516708919103447,0.0001464451345229825
N DECATUR RD @ E PONCE DE LEON AVE,0.006476014383368802,0.00014635974501956683
ROOSEVELT HWY @ HOBGOOD RD,0.002423908864386645,0.00014634082180687747
LYNHURST DR @ 155,0.014954863964643142,0.00014633086851110176
MORELAND AVE SE @ HILLCREST DR,0.009358263706517725,0.00014631513815858114
PRINCETON LAKES PKWY @ CAR MIA DR,0.0016604189627438901,0.00014629894065176956
GLENWOOD RD @ 4100,0.004871267351846087,0.00014627934201052523
SMITH ST @ LEE ST,0.002011722011581405,0.00014627902844034687
ROCKBRIDGE RD @ KENRIDGE CIR,0.011699863024375647,0.0001462599835195667
HARPER DR @ JONESBORO RD,0.007501946805663736,0.00014619803027578177
E PONCE DE LEON AVE @ CREEKDALE DR,0.0033526950221152312,0.00014618640710343608
ROSWELL RD @ ROBERTS DR,0.004519796914394815,0.00014616183682783068
Atlanta St at S Cobb Dr,0.005863607922789171,0.00014614612647578985
BOLTON RD NW @ FAIRBURN RD NW,0.0010276595684459802,0.00014613522706616755
GLENWOOD RD @ LA MESA LN,0.004769822243335505,0.00014611452140059382
GLENWOOD RD @ S COLUMBIA PL,0.004417073565560992,0.00014610614785211132
MT ZION RD @ 2042,0.003022247072837268,0.00014609199514036727
BOLTON RD @ PEYTON RD,0.00010177227716474488,0.00014605992862579438
Austell Rd SW at Mulkey Rd SW,0.0026601398498390222,0.00014598402777453987
SNAPFINGER WOODS DR @ MILLER RD (E),0.008274787643956871,0.0001459623695333427
MT ZION BLVD @ RICHARDSON PKWY,0.001511108319271929,0.00014593989582902824
SR 138 @ TAYLOR RD,0.0014149816035348335,0.000145923613819145
W HILL ST @ MCDONOUGH ST,0.006556535915159659,0.00014590764623317745
MURPHY AVE SW @ ARDEN AVE SW,0.046415127840314666,0.00014590596823790169
GLENWOOD AVE SE @ HEMLOCK CIR SE,0.021781981037751173,0.00014583754552590608
PEACHTREE INDUSTRIAL BLVD @ RENAISSANCE BLVD,0.0029194856811366817,0.00014582833559388257
MALL PKWY @ KLONDIKE RD,0.0006272888300573708,0.00014582078598210222
THORNTON ST SW @ LINCOLN ST SW,0.0008088826502645303,0.00014581847142987068
RAINBOW DR @ COMET CIR,0.022924355066634712,0.00014579195093478235
GLENWOOD RD @ GLEN ACRES CT,0.002386565986371949,0.0001457681847192729
MONTREAL RD @ JUNEAU CT,0.012365605584157197,0.00014575974558770683
Six Flags Dr at Elsner Rd,0.00019263386014182197,0.00014574722226297354
BUFORD HWY NE @ SHALLOWFORD TER,0.005871962136330356,0.00014573441834871747
OLD HILLANDALE DR @ LITHONIA INDUSTRIAL,0.0008630252582418272,0.00014571746631093568
MILTON AVE SE @ 79,0.007819650394576048,0.00014569227731813943
S Cobb Dr at Pat Mell Rd,0.000894113888960663,0.0001456600841539045
PIEDMONT RD NE @ MIAMI CIR NE,0.0069411416895616244,0.00014565490073556483
CAMPBELLTON RD SW @ CHILDRESS DR SW,0.01890137009406418,0.00014564276127182786
Steve Reynolds Blvd at Meadow Creek HS,0.002272391734642422,0.00014562165712797995
DUNWOODY PL @ ROBERTS DR,0.010475118580376558,0.0001456115276243838
BARFIELD AVE SW @ WINGATE ST SW,0.00072082102228122,0.0001454870253191689
HIGHTOWER RD @ 954,0.003676348515389298,0.00014547405408848275
TARA BLVD @ ROBERT E LEE PKWY,0.004882254131767282,0.00014546995118447565
DEKALB INDUSTRIAL WAY @ STRATFORD CMNS,0.00911934689467187,0.00014542620937643867
BRIDGEPORT DR @ MARCO DR,0.001140053414010993,0.00014526986629798033
JONESBORO RD SE @ HARPER RD SE,0.016117126804270455,0.0001452685132975053
FAIR ST SW @ AGNES JONES PL SW,0.006088669522559892,0.0001452325843094569
ROOSEVELT HWY @ COOK RD,0.00945152199010088,0.00014521957893981214
Steve Reynolds Blvd & Falling Water Ln I,0.0022723765174957164,0.00014521660142658937
PEACHTREE ST NE @ 7TH ST NE,0.012168071802776282,0.0001452136150679002
WINDWARD PKWY @ MARCONI DR,0.0008339757251814956,0.000145205122461424
HARPER RD SE @ SWALLOW CIR SE,0.0014154076836425807,0.00014519660642147415
JOSEPH E LOWERY BLVD NW @ NORTH AVE NW,0.0024082580290002904,0.00014510670383918283
S CANDLER ST @ MIDWAY RD,0.010243353827482172,0.00014505833905093348
METROPOLITAN PKWY SW @ PEGG RD SW,0.005342238042373727,0.00014501902977483443
DECATUR ST SE @ PIEDMONT AVE SE,0.00045799046438805717,0.00014495293861815068
BUTTON GWINNETT DR @ 4550,0.0002620392662644896,0.0001449393990025618
ALPHARETTA HWY @ SUN VALLEY DR,0.00704523458159892,0.00014490665345383682
Cobb Pkwy at Hargrove Rd,0.001639464951730754,0.00014490337836738302
SR 42 @ ROCK CUT RD,0.0029725326545512005,0.0001447777540641389
Windy Hill Rd at Old Concord Rd,0.000653180805176362,0.00014477475617375276
CLIFTON SPRINGS RD @ PANTHERSVILLE RD,0.0021943582063378743,0.00014468819677098245
PLEASANTDALE RD @ 3772,0.0072883285002153676,0.00014466874218240392
E PONCE DE LEON AVE @ RICHARDSON ST,0.0014781023280682308,0.00014455237572283392
BULL RUN DR @ BATTLE FORREST DR,0.0021728259437499386,0.00014449805120766337
OLD DIXIE RD @ AGNEW DR,0.02233300913709516,0.00014448132457830308
OLD DIXIE RD @ OLD DIXIE WAY,0.020405696638287802,0.0001444763297583669
CENTRE PKWY @ 1800,0.0014095034307209417,0.00014447367976984493
Powder Springs St at Chestnut Hill Rd,0.0006442026886202616,0.00014443896649777915
STONE HOGAN CONNECTOR SW @ N CAMP CREEK PKWY,0.004330936906635896,0.00014438632548779154
MONTREAL RD @ LAVISTA RD,0.00526675338614231,0.00014437828924421638
MEMORIAL DR SE @ BEREAN AVE SE,0.010571595290487873,0.00014436379791086975
INMAN PARK-REYNOLDSTOWN STATION,0.09124419276906956,0.00014430413962827972
WESTVIEW DR SW @ HOPKINS ST SW,0.0008147564688927586,0.00014425293199673864
Windy Hill Rd at Cherrywood Ln,0.0004087021262097365,0.00014424746284619905
PONCE DE LEON AVE NE @ DURANT PL NE,0.0038316014546496613,0.00014424518081384937
PEACHTREE INDUSTRIAL BLVD @ CHAMBLEE DUNWOODY RD,0.0023904007073416735,0.00014419156781882527
FELLOWSHIP RD @ 2ND ST,0.0020628972759511774,0.00014418440278200835
CHURCH ST @ 711,0.01152679080632343,0.0001441378803996282
ROSWELL RD @ RIVER PKWY,0.005003063059460301,0.00014408438746450574
JOSEPH E BOONE BLVD NW @ HOLLY RD NW,0.004280887711122313,0.0001440760207953846
RIVERDALE RD @ E FAYETTEVILLE RD,0.0017776214266677635,0.00014399950797754587
CALHOUN AVE @ NORMAN BERRY DR,0.00046400123733663284,0.0001439658925559972
GLENWOOD RD @ GLENVALE PL,0.00450235045569724,0.000143944954273335
Jimmy Carter Blvd & Williams Rd,0.0004367473275875213,0.00014393960593364933
SARR PKWY @ GREER CIR,0.002517387796597026,0.0001438997175051981
BOLTON RD NW @ 902,0.0010276595684459802,0.0001438710137463504
S STONE MOUNTAIN LITHONIA RD @ LITHONIA INDUSTRIAL BLVD,0.0031167607710236066,0.00014384994672932003
ATLANTA ST @ OAK ST,0.002004676472656872,0.000143836806132147
MT OLIVE RD @ DRESDEN TRL,0.0004122477213920609,0.00014382320802173824
HOSEA L WILLIAMS DR @ ROCKYFORD RD SE,0.0030250926792711507,0.0001438120969456256
Windy Hill Rd at Atlanta Rd,0.0002788542133737963,0.000143796574022254
HUTCHENS RD SE @ JONESBORO RD SE,0.021386741013993352,0.00014376579616071317
S MCDONOUGH ST @ ANSLEY ST,0.007136088556002645,0.00014376019178841292
Peachtree Corners Cir & Brandywine Tr,0.0013917450205159093,0.0001436448614200771
FOREST PKWY @ BLALOCK INDUSTRIAL BLVD,0.002100422759726336,0.00014359721709426227
OAKLEY INDUSTRIAL BLVD @ SPENCE RD,0.0020205327395237476,0.00014359474752116542
OLD NATIONAL HWY @ JOLLY RD,0.009158173444490329,0.0001435945493374221
WELCOME ALL RD SW @ 4125,0.001485269604166406,0.00014357825245149504
CANDLER RD @ GLENWOOD RD,0.010711410434415756,0.00014357009228072813
MORELAND AVE @ KEY RD,0.009358263706517725,0.00014353502850034114
EAST POINT ST @ WARE AVE,0.0069870898640381415,0.00014352257784449153
DEFOORS FERRY RD @ WESTOVER PLANTATION RD,0.001815329516203385,0.00014343180586590576
Five Points Station (Forsyth Street at Alabama Street),0.007859488884650406,0.0001434078663275837
JOHNSON FERRY RD NE @ GATEBURY CIR,0.0022382901088759456,0.00014337840339903786
CORNELL BLVD SW @ DARTMOUTH DR SW,0.0015158560690439683,0.00014332743921641837
MONROE DR NE @ 1705,0.014593365427513105,0.00014329171917244323
HAMMOND DR NE @ CONCOURSE PKWY,0.010244441853471599,0.0001432845494025089
S Cobb Dr at Oak St,0.0010343855472897028,0.00014321687212071358
WINTERS CHAPEL RD @ AMWILER RD NW,0.0029194856811366817,0.00014321054161862084
HWY 138 @ GRESHAM ST,0.0013765887423974753,0.00014317723873956748
IVAN ALLEN JR BLVD NW @ LUCKIE ST,0.0014743589099787382,0.00014311797784394544
WENDELL DR @ MARTIN L KING JR DR NW,0.0014046339437752602,0.00014304870894189063
N DRUID HILLS RD @ CHILDERS RD,0.0026822351468550523,0.00014303829608246983
OAKCLIFF RD @ NORTHCREST RD,0.008445151209895552,0.00014301260369479395
VIRGINIA AVE @ BARNETT ST,0.026215217749304263,0.00014300982902893942
RALPH D ABERNATHY BLVD @ W LAKE AVE SW,0.008585141351010545,0.00014300866886131158
BUFFINGTON RD @ BUFFINGTON CENTER,0.006571600890397862,0.00014300602923061187
ROOSEVELT HWY @ LOWER DIXIE LAKE RD,0.007522155176488314,0.00014297898009963333
DEKALB MEDICAL - HILLANDALE (5900),0.007684659086153732,0.0001429705897149154
MT ZION BLVD @ MADDOX RD,0.0020491866267697426,0.00014295138328824746
NORTH AVE @ GLEN IRIS DR,0.002891257873998434,0.0001429253504039931
HWY 138 @ GOODSON CONNECTOR RD,0.0013765887423974753,0.0001428858366409592
DUNWOODY VILLAGE PKWY @ MT VERNON RD,0.0020568865030026018,0.00014286897398149728
HUFF RD NW @ ENGLISH ST NW,0.004673033581716732,0.00014284957597770898
GSU/PERIMETER COLLEGE - DECATUR CAMPUS,0.0021943582063378743,0.00014282288636840328
METROPOLITAN PKWY SW @ LANGSTON DR SW,0.0058427756489496776,0.0001428058938618686
BOULEVARD NE @ RALPH MCGILL BLVD NE,0.002296039180622388,0.00014271290294849768
BARFIELD AVE SW @ LARCHWOOD ST SW,0.00072082102228122,0.00014263845390793037
GLENWOOD RD @ GLENMAR DR,0.004769822243335505,0.00014262975334818352
HARPER DR @ N LAKE DR,0.007501946805663736,0.00014262868277100025
Cumberland Pkwy at Beech Haven Tr,0.0002447678047540253,0.00014261402926359437
STONE HOGAN CONNECTOR SW @ 2950,0.004330936906635896,0.00014259261279146732
FLAT SHOALS RD @ CANDLER RD,0.003328233458786534,0.00014259053459829706
TILLY MILL RD @ HOLLAND CT,0.0013700149350208053,0.00014257650017366109
REDWINE RD SW @ N COMMERCE DR,0.002741916796233062,0.00014255651827146316
NORTHWEST DR @ 1304,0.0012915705437552161,0.00014255172389422637
WINDWARD PLZ @ 4025,0.00010536352378718503,0.00014254920090866195
17TH ST NW @ VILLAGE ST,0.010005114178664702,0.00014254322842350442
LAVISTA RD NE @ CITADEL DR NE,0.008041219659177912,0.00014249267285280952
S STONE MOUNTAIN LITHONIA RD @ MARBUT RD,0.0027348408230151184,0.00014246703093754174
N DECATUR RD NE @ HEALTHGATE DR,0.016780761789233326,0.00014241125163308704
Steve Reynolds Blvd & Windward Lane IB,0.002272406951789127,0.00014237504257817612
CANDLER RD @ ELLEN WAY,0.014534117466816196,0.00014230834076805872
SNAPFINGER WOODS DR @ MILLER RD (W),0.008274787643956871,0.0001421790236553938
LAVISTA RD NE @ BRIARCLIFF RD NE,0.004957130102130489,0.00014211080675366293
EXECUTIVE PARK DR @ ORTHO LN,0.0044508480226733045,0.00014206968977976636
S Gordon Rd at Riverside Intermediate School,0.0008379169661781567,0.00014200701638220263
LYNHURST DR SW @ SPREADING OAK DR SW,0.018551543108457077,0.0001419839138537264
GLENWOOD AVE SE @ QUILLIAN AVE,0.0057902993185366056,0.0001419512775327773
N INDIAN CREEK DR @ ROGERS ST,0.013755859324295992,0.0001419376141644316
Windy Hill Rd at Wildwood Pkwy,4.2562359334597996e-05,0.00014188636183072107
CLIFTON RD NE @ 1615,0.007071080905277796,0.00014178939407303207
PETERS ST SW @ FAIR ST SW,0.015421665156973541,0.0001417556929768185
N OUTER LOOP RD @ ATLANTA AVE,0.0011971481484491094,0.0001416900487458718
PEACHTREE RD @ VERMONT RD,0.003241495722566581,0.00014165668528896507
HAMILTON E HOLMES DR NW @ BAKER RD NW,0.02327227483652143,0.00014162278224999427
CANDLER RD @ HILLSIDE AVE,0.010663582942321139,0.00014160987570463324
Buford Hwy & Cornerstone Auto (across) O,0.004015287632528793,0.0001415998205130475
SR 138 @ ANTEBELLUM LN,0.0012219520975786748,0.0001415968628139803
RALPH D ABERNATHY BLVD @ QUEEN ST SW,0.00572449276760973,0.0001415954337248425
GLENWOOD AVE @ TERRY MILL RD,0.010747710937881141,0.00014155902736402034
PEACHTREE INDUSTRIAL BLVD @ IVY LN,0.0023904007073416735,0.000141551316327671
S FULTON PKWY @ MAJESTIC PL,0.0012130500667561009,0.0001415479437213121
STONE RD @ PENNY LN,0.0017735888827908708,0.00014149847283018133
CAMERON M ALEXANDER BLVD @ NORTHSIDE DR,0.0014148674749345442,0.00014148443295844285
MEMORIAL DR @ PARK AVE,0.010571595290487873,0.00014147409425756735
REDAN RD @ 4911,0.004870696708844641,0.00014143298001840582
WESLEY CHAPEL RD @ S HAIRSTON RD,0.008650828700954894,0.0001414074760206205
JONESBORO RD @ 4770,0.0013765887423974753,0.00014140450228501
PEACHTREE ST NW @ PEACHTREE CIR NE,0.008658876035370857,0.00014139637823113406
Austell Rd at Pat Mell Rd,0.005473729407053835,0.00014122342244122257
Busbee Park-N-Ride,0.0015650074529019416,0.00014122288835014877
DUNWOODY VILLAGE PKWY @ 1424,0.0020568865030026018,0.0001412185254193869
WINTERS CHAPEL RD @ OAKCLIFF RD,0.004237381888691989,0.00014121056821158356
N HAIRSTON RD @ FELLSRIDGE CT,0.011134393852808374,0.00014119077617968608
RALPH D ABERNATHY BLVD SW @ ATWOOD ST SW,0.00572449276760973,0.00014111890150861564
BOULDERCREST RD SE @ BOULDERCREST LN SE,0.003023636905569681,0.00014108952404556788
BOULEVARD NE @ IRWIN ST NE,0.0023605903169460793,0.00014107898637939078
W LAKE AVE NW @ CALLOWAY DR NW,0.01857431556850149,0.00014102851831319536
MEMORIAL DR SE @ HILL ST SE,0.03396618555222614,0.00014100551475184915
E PONCE DE LEON AVE @ 5830,0.0014781023280682308,0.0001409739970069118
N DRUID HILLS RD @ GAIL DR,0.0026822351468550523,0.00014094723257446695
Jimmy Carter Blvd & Meadowbrook Dr OB,0.0004367625447342266,0.00014094514283336285
JOSEPH E BOONE BLVD @ WOODLAWN AVE,0.004280887711122313,0.00014091973328364885
RALPH D ABERNATHY BLVD SW @ HOPKINS ST SW,0.00572449276760973,0.0001409026066440164
MCAFEE RD @ SHAMROCK DR,0.01169865072502146,0.00014084924804507986
SHALLOWFORD RD NE @ SHALLOWFORD PL,0.009732955509841218,0.00014081822952341497
WINTERS CHAPEL RD @ CLARKE DR,0.0029194856811366817,0.0001408159071690748
NORTHWEST DR NW @ 1341,0.0012915705437552161,0.00014081137022048783
LYNHURST DR SW @ MANGUM LN SW,0.006898434767333326,0.0001408043382206248
WINDWARD PKWY @ ALDERMAN DR,0.00010536352378718503,0.00014079187386380323
W CLEVELAND AVE @ MAIN ST,0.0069870898640381415,0.00014074953052328653
Peachtree Corners Cir & Appletree Way IB,0.0013917602376626145,0.00014069322130694781
CASCADE RD SW @ MILANO DR SW,0.0045261881160110215,0.00014069002414897564
MT ZION BLVD @ SHELLEY LN,0.002516185642007311,0.00014060011455083074
THORNTON ST SW @ ARTHUR LANGFORD JR PL SW,0.0008088826502645303,0.00014059718812206253
Buford Hwy & Hillside Dr,0.004015272415382088,0.0001405955262317671
MCAFEE RD @ DON JUAN LN,0.011190550196532999,0.00014050043302278337
E PONCE DE LEON AVE @ MELL AVE,0.00316486978033227,0.00014047014449693041
S Cobb Dr at Plaza Dr,0.0006241008378226198,0.00014045220371199465
NORTH POINT PKWY @ 3180,0.0014159250666305593,0.00014043290435343186
WHITEFOORD AVE @ FINLEY ST,0.00020232718259306936,0.00014036003536527702
E PONCE DE LEON AVE @ MILTON ST,0.004685694247775504,0.0001403265316340549
14TH ST @ FOWLER ST,0.007697548009413083,0.00014031303627440761
MORELAND AVE SE @ CONSTITUTION RD SE,0.009358263706517725,0.00014029497211494248
CHAMBLEE TUCKER RD @ BAGLEY DR,0.011516496406577325,0.00014027761442046339
FLINT RIVER RD @ ASHTON RD,0.0016651058439291085,0.00014027540775201955
S INDIAN CREEK DR @ INCA CT,0.0017668172525070324,0.00014027263786794598
DECATUR ST SE @ JESSE HILL JR DR SE,0.00045799046438805717,0.00014025472707865575
Atlanta Rd at E Dixie Ave,0.005922376543364865,0.0001402323517254367
CORNELL BLVD @ WHITWORTH DR,0.0015158560690439683,0.00014021754648675807
E PONCE DE LEON AVE @ 4352,0.0025268148189809313,0.00014020295782999343
Windy Hill Rd at Favor Rd,0.00040871734335644176,0.00014018270492517746
PIEDMONT AVE NE @ 15TH ST NE,0.010481639127739759,0.00014016608156964798
CANDLER RD @ TILSON RD,0.011082419688236575,0.00014014239620771535
Powder Springs St at Griggs St,0.0009904232104582214,0.00014008789053678405
HAMMOND DR @ PEACHTREE DUNWOODY RD,0.010244441853471599,0.00014006225593028032
COVINGTON HWY @ HILLVALE RD (W),0.006076191462261582,0.0001400517925528323
MARIETTA BLVD @ 2095,0.0021007118855137356,0.00014004368708724229
MEMORIAL DR @ MIDWAY RD,0.007277174331680416,0.00014003006879661147
N LAKE DR @ CLAYTON STATE BLVD,0.007501946805663736,0.00014002612183269122
Powder Springs St at W Gramling St,0.000764037718924144,0.0001399296759235881
MCDONOUGH BLVD SE @ ERIC ST SE,0.0026794351918612855,0.00013988433401560492
TILLY MILL RD @ N PEACHTREE RD,0.002626738212820988,0.00013988250140306547
HOSEA L WILLIAMS DR NE @ LAKEVIEW DR SE,0.0030250926792711507,0.00013984136930554633
HOLCOMB BRIDGE RD @ ALPHARETTA ST,0.009569683134267185,0.00013975357488778357
RAINBOW DR @ CLOUD LN,0.022022229349933732,0.0001397405017644469
PEACHTREE ST NE @ SPRING ST NW,0.008658876035370857,0.00013973631277662172
W MOUNTAIN ST @ SEXTON DR,0.0010141315250250086,0.0001397116565839405
THORNTON ST @ THORNTON PL,0.0008088826502645303,0.00013964487348477257
LUCILE AVE SW @ ATWOOD ST SW,0.017149534122488472,0.0001396358378472722
IRWIN ST NE @ BOULEVARD NE,0.00030344512244948827,0.0001396186226466509
Beaver Ruin Rd & Steve Reynolds Blvd,0.0022724221689358324,0.00013961484792256843
N OUTER LOOP RD @ RAINEY AVE,0.0011971481484491094,0.00013960495232727356
NORTHWEST DR NW @ MANGO CIR,0.0012915705437552161,0.00013955989773054386
STONE HOGAN CONNECTOR SW @ HOGAN RD SW,0.004330936906635896,0.00013953794884998287
MEMORIAL DR SE @ DIXIE ST SE,0.0118044124308141,0.0001395242924634655
BOULDERCREST RD SE @ CLIFTON CHURCH RD SE,0.003023636905569681,0.00013951918648044947
GLENWOOD RD @ COLUMBIA DR,0.004457665304397259,0.00013949223545139104
HOSEA L WILLIAMS DR NE @ 1ST AVE SE,0.0030250926792711507,0.00013941699246111203
S PARK BLVD @ 4712,0.00020232718259306936,0.00013940626674028154
BOULDERCREST RD @ CECILIA DR,0.0038059453453046016,0.00013939617413315496
Nash St & GJAC Garage Ave,0.0008803880226325231,0.00013938981787279384
MCAFEE RD @ NORMAL ST,0.011616904212920831,0.00013938822066856602
COLUMBIA DR @ SANTA MONICA DR,0.011295672782164019,0.00013937604683798526
JOSEPH E BOONE BLVD @ 2275,0.004310728535811318,0.0001393480913401498
SOUTHAMPTON RD @ W FAYETTEVILLE RD,0.0014301530987999727,0.00013932450624982228
VALLEY BROOK RD @ FANTASY LN,0.014278941133715776,0.00013929678740291288
WELCOME ALL RD @ 4365,0.0018696547299411452,0.0001392617473766561
SULLIVAN RD @ 2411,0.001232223671604722,0.00013924967718481659
EMORY HILLANDALE HOSPITAL (5910),0.007684659086153732,0.00013924918679754473
SNAPFINGER RD @ DR CRAWFORD LEWIS DR,0.01027556345467496,0.0001392291002993749
REDAN RD @ ALLGOOD RD,0.0106394333304999,0.00013921840833460336
SR 9 @ WEBB RD,0.0003254186822918764,0.00013917507921898435
JOSEPH E LOWERY BLVD NW @ THURMOND ST NW,0.00342754816675838,0.0001391199762547505
E PONCE DE LEON AVE @ ROCK MTN BLVD,0.0014781023280682308,0.0001390912696084034
HOLCOMB BRIDGE RD @ WARSAW RD,0.010229102969592702,0.0001390725528466222
MONROE DR NE @ YORKSHIRE RD NE,0.014987915607286954,0.0001390714666837093
RALPH D ABERNATHY BLVD @ MARTIN L KING JR DR,0.008585141351010545,0.000139038875014144
METROPOLITAN PKWY @ FAIR DR,0.0036247547794851314,0.00013901253500715147
FLAT SHOALS RD @ CONNELL RD,0.0006134640522756467,0.00013899225023128998
DEERFIELD PKWY @ AVENSONG XING,0.0009053745775225517,0.00013898760899004733
SR 138 @ HOWELL LN,0.008163086178566946,0.00013897205595614159
Buford Hwy & Susan Ln OB,0.0040153028496754985,0.00013894804707190956
RALPH DAVID ABERNATH BLVD @ LAWTON S,0.00572449276760973,0.00013887749358541305
S STONE MOUNTAIN LITHONIA RD @ 2843,0.0025481720843817564,0.00013877512748466063
ROOSEVELT HWY @ WESTBROOK PL,0.0077549014353451885,0.00013874756847987414
RIVER RD @ 3796,0.003231756748675218,0.00013874432573944662
WINTERS CHAPEL RD @ RENAISSANCE BLVD,0.0029194856811366817,0.0001386898695411134
SR 138 @ CROSS RD PKWY,0.0005487303101914923,0.0001386736805106433
MCDANIEL ST SW @ FULTON ST SW,0.007586622618505128,0.00013864344342118048
E LAKE DR @ 3RD AVE,0.01794265180876636,0.00013863540970333144
TILLY MILL RD @ DARTFORD DR,0.001941220970895959,0.0001386310844276793
ALPHARETTA HWY @ ELKINS RD,0.006844976930957766,0.00013861455780483063
CASCADE RD SW @ AUDUBON CT,0.010416030399720052,0.0001386108338022215
N DECATUR RD @ CLAIRMONT RD,0.015614801182956637,0.00013860239979222045
HILL ST SE @ NOLAN ST SE,0.0032075158339737466,0.00013859938932425355
MEMORIAL DR @ GRANT ST,0.011482113263596801,0.0001385417065404916
STANTON RD @ CAMPBELLTON RD,0.0044378601879603696,0.0001385415276878142
LAVISTA RD @ LAVISTA DR,0.0027109651198345738,0.00013851776556173342
PEACHTREE RD @ 3660,0.003241495722566581,0.00013851057030585145
S Cobb Dr at Pearl St,0.0014491136635947203,0.0001385045030698009
N ARCADIA AVE @ WINN WAY,0.002973894589181321,0.00013850084097270711
N DECATUR RD @ 2806,0.01048876836097117,0.000138489424667387
Jimmy Carter Blvd & NAPA,0.00043677776188093183,0.00013840038270469837
N OUTER LOOP RD @ DELTA BLVD,0.0011971481484491094,0.00013835926734447155
ROSWELL RD NE @ ALLEN RD NE,0.004188998970742631,0.00013832846746348077
DECATUR ST @ PRATT ST SE,0.00045799046438805717,0.0001383022761360119
WYLAND DR SW @ ALMONT DR SW,0.0036676975674873606,0.00013824557113010252
Powers Ferry Rd at Windy Hill Rd,0.0006552503371282766,0.00013823475379498126
CHURCH ST @ KING RD,0.0008746055068845262,0.00013819453332041475
Peachtree Corners Cir & Holcomb Bridge R,0.0013917754548093198,0.00013818122464725866
EXECUTIVE PARK DR @ 7,0.0044508480226733045,0.0001381415044267509
PEACHTREE RD @ NARMORE DR,0.003241495722566581,0.0001381125187911455
RALPH D ABERNATHY BLVD @ MCDANIEL STSW,0.018701918952198405,0.00013810914632933575
ROOSEVELT HWY @ GREENSPRING RD,0.0032082919084557146,0.00013808168510682177
MT GILEAD RD SW @ CAMPBELLTON RD SW,0.007038432517021672,0.00013807149849902106
HEADLAND DR @ HEADLAND TER,0.0027280996270246907,0.00013799738887601312
BRIARCLIFF RD NE @ VIRGINIA AVE NE,0.0011537488460457224,0.00013799606943030353
ACADEMY ST @ MARKET ST,0.0017187310689184268,0.00013797763668784704
ARTHUR LANGFORD JR PL SW @ BOOKER ST SW,0.0008088826502645303,0.0001379738590290077
N HAIRSTON RD @ FELLSRIDGE DR,0.011393009261064182,0.00013795378798178804
ABNER TER NW @ MARY GEORGE AVE NW,0.00029349310850425157,0.00013793624166194817
OAKLEY RD @ SHANNON BLVD,0.0006068141591654503,0.00013792071831760113
RALPH DAVID ABERNATH BLVD SW @ JOSEPH E LOWERY BLVD,0.00572449276760973,0.0001379165935593858
LARCHWOOD ST SW @ CAMFIELD CT SW,0.00072082102228122,0.0001378952345982205
CHAMBLEE TUCKER RD @ WEBB RD,0.004831459296065141,0.00013788574235729003
MCAFEE RD @ 2ND AVE,0.013692705629278065,0.00013787343809685035
FLAT SHOALS AVE SE @ MAY AVE SE,0.015532435840223326,0.00013784908671662355
CLIFTON RD @ HOUSTON MILL RD,0.007071080905277796,0.00013783594272583256
REDWING CIR @ COVINGTON HWY,0.0023103585156720326,0.00013783233710878515
MAIN ST @ MERCER AVE,0.02783433737589009,0.00013783053758283708
CLAIRMONT RD @ PINE FOREST DR,0.004810444416465184,0.00013782930498735662
BOULDERCREST RD @ 1470,0.0038059453453046016,0.00013781855156647975
DONALD L HOLLOWELL PKWY @ W LAKE AVE NW,0.03380515009721778,0.0001377782893106403
SPRINGDALE RD SW @ JEFFERSON AVE SW,0.001334300291703572,0.00013774719228508832
CORNELL BLVD @ CANDLELIGHT LN,0.0015158560690439683,0.00013768715027316045
SULLIVAN RD @ EDISON DR,0.0010370485479631224,0.00013765065377154413
DEKALB INDUSTRIAL WAY @ IRVIN WAY,0.008872433472232405,0.0001376117403653633
CHAMBLEE DUNWOODY RD @ DUNWOODY VILLAGE PKWY,0.0020568865030026018,0.00013759797310366564
Cumberland Blvd at Residence Inn Loop,0.0006670892772649649,0.00013759157723771816
OLD NATIONAL HWY @ JEROME RD,0.008628753693467805,0.00013756709625019597
TARA BLVD @ SR 138,0.009353143136651407,0.00013756419046244105
MORELAND AVE NE @ FAIRVIEW RD NE,0.0016156044656969143,0.00013755861632524502
NORTH POINT PKWY @ 900,0.00019506860361466277,0.00013754036760247243
METROPOLITAN PKWY SW @ CASPLAN ST SW (S),0.0036247547794851314,0.00013753583553539897
CHAMBLEE DUNWOODY RD @ NANDINA LN,0.0020568865030026018,0.0001375188643978581
MARIETTA BLVD @ BOLTON PL,0.0021007118855137356,0.00013746055014169338
Lonnie Harvel Blvd & Student Center IB,0.0007259796350143015,0.00013742781166640374
N DECATUR RD @ WENDAN DR,0.015092601968045755,0.00013738778122598897
N DECATUR RD @ JORDAN LN,0.005995472107563558,0.0001373517015584526
OLD NATIONAL HWY @ HACKAMORE DR,0.005024998576435925,0.00013734972820803114
JOSEPH E LOWERY BLVD NW @ FOX ST NW,0.0023656348010788713,0.0001373218447708123
Park Dr & Beaver Ruin Rd IB,0.0022724373860825374,0.00013726866700679413
STONE RD @ MEADOWBRIDGE DR,0.007471055997852069,0.00013726066154142475
Sugarloaf Mills Cir by 412/410 P&R,0.0,0.00013723200791526885
IRWIN ST NE @ RANDOLPH ST NE,0.00030344512244948827,0.00013722836243892626
SYLVAN RD SW @ ASTOR AVE SW,0.026646296689744078,0.00013722043139759009
COLUMBIA DR @ MCKENZIE DR,0.011792025673396022,0.00013720671394126222
EDGEWOOD-CANDLER PARK STATION,0.09113325976958826,0.0001372016612550251
2ND AVE @ CAMELLIA DR,0.012159709980661744,0.0001371991354087788
ROSWELL RD NE @ CARPENTER DR NE,0.004188998970742631,0.00013718933051151734
PANOLA RD @ COVINGTON HWY,0.001879766523926787,0.00013716462294816913
GREENBRIAR PKWY SW @ BARGE RD SW,0.013240500216829123,0.00013716191485697033
FLAT SHOALS RD @ OAKLEY RD,0.002521671423394555,0.0001371391275551187
PONCE DE LEON AVE @ N HIGHLAND AVE,0.015977950780504194,0.00013713336035790273
CANDLER RD @ VALLEY RIDGE DR,0.015028088874588829,0.00013709877785968646
CONTINENTAL COLONY PKWY SW @ 3060,0.004330936906635896,0.00013709705579574317
CHAMBLEE TUCKER RD @ STONECREST CT,0.009973249473463898,0.00013708992717713817
WOODWIN RD @ WINTERS CHAPEL RD,0.004237381888691989,0.00013708808436973573
W MARIETTA ST NW @ HERNDON ST,0.003104252276431887,0.00013707964590168602
Nash St & Stone Mountain St,0.0008804032397792284,0.0001370784550966917
CANDLELIGHT LN @ KENORA DR,0.0015158560690439683,0.00013705931856358038
ROSWELL RD @ 8740,0.0027315995707668994,0.00013704997290891953
S Cobb Dr at Ask-Kay Dr,0.0005924339555289843,0.0001370106331141163
WELCOME ALL RD @ 4195,0.0015526206954838643,0.00013700841538210438
NORTHSIDE DR @ 610,0.006472689436813704,0.0001370069541002826
FAIRBURN RD @ MARK PL,0.0015478729457118247,0.00013699688097349404
MEMORIAL DR SE @ WILBUR AVE SE,0.01285989655201064,0.00013699015388564452
CASCADE RD @ WILLIS MILL RD,0.010416030399720052,0.00013697577118557396
BUFFINGTON RD @ 6180,0.005011645530202064,0.00013694198916769647
BOULDERCREST RD @ CONSTITUTION RD,0.003023636905569681,0.00013691756586816552
Floyd Rd at Bates Rd,0.0015393817778502925,0.00013690717341398865
WILDWOOD LAKE DR SW @ PLAINVILLE DR S,0.0029254964540852573,0.000136883917237559
CANDLER RD @ TONEY DR,0.014765958305444107,0.00013686566800765615
GREENBRIAR PKWY @ HEADLAND DR SW,0.013877200852123694,0.00013681613668938076
JOSEPH E LOWERY BLVD @ LUCILE AVE SW,0.0030037962824571466,0.00013681244729492033
BOULEVARD NE @ OLD WHEAT ST NE,0.002463488662967013,0.00013679637547187355
GLENWOOD RD @ CANDLER RD,0.005075154291976446,0.00013677697907489122
MT ZION RD @ KING WILLIAMS DR,0.0004663142436358316,0.00013675032924308133
PANOLA RD @ PANOLA INDUSTRIAL BLVD,0.001974812822247809,0.00013665394443203074
REDWINE RD @ CREST RIDGE DR,0.0034539270905719396,0.00013663441837105203
RAINBOW DR @ STARDUST TRL,0.022806209139615112,0.00013659434982970047
SR 138 @ SCARLETT DR,0.0012870967026238711,0.0001365415602443633
N INDIAN CREEK DR @ ROCKBRIDGE RD,0.020481153396416926,0.0001365126225055132
Cumberland Blvd at Spring Rd,0.0006671044944116702,0.0001364579830891533
LARCHWOOD ST SW @ AUTUMN LN SW,0.00072082102228122,0.00013644310024330957
REDAN RD @ BENTLEY WOODS TRL,0.006421164178069711,0.00013642560670961334
HENDERSON MILL RD @ KINGS ARMS DR,0.007385619327675415,0.000136361084977424
NORTHWEST DR @ 1514,0.0012915705437552161,0.00013634436865758885
BOULDERCREST RD @ CEDAR VALLEY LN,0.008050930734966984,0.00013634373667760288
N OUTER LOOP RD @ WOOLMAN PL,0.0011971481484491094,0.000136324868519295
E PONCE DE LEON AVE @ 2995,0.0062077360869551585,0.00013630346466862636
WOODWIN RD @ TILLY MILL RD,0.004237381888691989,0.00013630330424722515
ROOSEVELT HWY @ BISHOP RD,0.002827041514902258,0.00013629132494581535
MIDWAY RD @ BEECH DR,0.02025555919651152,0.00013624252174788992
Jimmy Carter Blvd & WalMart OB,0.0004367929790276371,0.00013623592708537444
CLAIREMONT AVE @ HUNTER ST,0.012708957673841215,0.0001361570286180332
N DRUID HILLS RD @ DRUID KNOLL DR,0.0026822351468550523,0.00013614644615878333
ARTHUR LANGFORD JR PL SW @ 220,0.0008088826502645303,0.00013614462284209777
ACADEMY ST @ HAYNES BRIDGE RD,0.0017187310689184268,0.00013607742072907389
FLANKERS RD @ METCALF CONN,0.006099742532979081,0.00013607741123997403
Holcomb Bridge Rd & Veranda Knolls Apts,0.001391790671956025,0.00013605080151088574
FLINT RIVER RD SW @ THOMAS RD,0.0015353644511201052,0.00013604535322888514
PERIMETER CTR E @ 14,1.1945460163625108e-05,0.00013603811904556952
Cobb Pkwy at N Marietta Pkwy,0.0003961784144713117,0.00013602108952310383
CLAIRMONT RD @ BLACK FOX DR,0.004810444416465184,0.00013598232819860543
HEADLAND DR @ 2469,0.0027280996270246907,0.0001359644424671904
WASHINGTON RD @ CHARLES DR,0.030172299795685455,0.0001359585611946376
Cobb Pkwy at Airport Industrial Park Dr,0.001364917190874545,0.00013595179734233838
BRIARCLIFF RD @ 939,0.0011537488460457224,0.0001359461480431762
NORTHWEST DR @ 1415,0.0012915705437552161,0.00013593898763269264
HENDERSON MILL RD @ BOLERO DR,0.007577507547628679,0.00013591639861682182
DECATUR ST SE @ BELL ST SE,0.0004342517155278595,0.00013589393784262682
REGIS RD SE @ CONSTITUTION RD SE,0.011116201753922242,0.00013587951218879742
MINOLA DR @ PANOLA RD,0.0003991153237854259,0.00013586746629756379
BOULDERCREST RD @ LOVELESS DR,0.013661852864333163,0.0001358046572968983
North Ave at Peachtree St,0.0001335152451919066,0.00013577571978348445
PEACHTREE ST NE @ DEERING RD,0.008658876035370857,0.0001357438103241197
DECATUR ST SE @ PRATT ST SE,0.0004342517155278595,0.0001357255668481058
W MOUNTAIN ST @ RIDGE AVE,0.00042789094820506297,0.00013571993298197994
PANOLA RD @ SNAPFINGER PARK DR,0.001974812822247809,0.00013569493364494728
W MARIETTA ST NW @ RICE ST NW,0.004880428074162651,0.00013567930558227228
ASHFORD DUNWOODY RD @ ASHFORD CTR N,0.003341548462153632,0.00013567235282405086
FLAT SHOALS RD @ 4300,0.002521671423394555,0.00013561718914028895
BOULEVARD NE @ MORGAN ST NE,0.0023473970507526232,0.00013558836506298924
CANDLELIGHT LN @ SARNIA LN,0.0015158560690439683,0.00013558130483807906
FLINT RIVER RD SW @ GUTHRIE DR,0.0014604656550368405,0.00013557460349860164
WINTERS CHAPEL RD @ HOMELAND DR,0.0029194856811366817,0.00013556616073404285
ANDERSON AVE @ MARTIN LUTHER KING J D,0.0037174272029201335,0.00013554097269766554
ARTHUR LANGFORD JR PL SW @ JOYLAND PL,0.0008088826502645303,0.0001355376305924426
BOULDERCREST RD SE @ 1504,0.0038059453453046016,0.00013550847668990741
RALPH D ABERNATHY BLVD @ HUMPHRIE ST,0.018701918952198405,0.00013548547815008191
MARIETTA BLVD @ BOLTON DR,0.0021007118855137356,0.00013547229534876287
CLAIRMONT RD @ MASON MILL RD,0.0050272811484417135,0.0001354716203477439
HENDERSON MILL RD @ MIDVALE RD,0.0073947496156985685,0.00013545100807705232
NORTH POINT PKWY @ 500,0.00019506860361466277,0.00013542702585704448
MEMORIAL DR @ 5211 (STONEMONT VILLAGE SC),0.009560869870133723,0.00013540090214880335
TUCKER NORCROSS RD @ BRITT RD,0.005448879806484154,0.0001353725576244171
ROSWELL RD @ NORTHRIDGE RD,0.0027767488450413905,0.00013535831521235367
S STONE MOUNTAIN LITHONIA RD @ WELLBORN RD,0.005447418960400449,0.00013530845554910657
Park Dr & Communications Dr IB,0.002272452603229243,0.00013527283297016003
ALPHARETTA HWY @ HANEY DR,0.005241470096891529,0.00013526851641670553
ROSWELL RD @ HUNTCLIFF NE,0.0027315995707668994,0.0001352090395950578
WILSON MILL RD SW @ WILDWOOD LAKE DR SW,0.0029254964540852573,0.00013518930267267845
BOULDERCREST RD SE @ CHERRY VALLEY DR,0.003023636905569681,0.00013518428187533636
GREER CIR @ 4478,0.002718497607453675,0.00013517141507409715
LAKEWOOD AVE @ SYLVAN RD,0.002909716272951908,0.00013516619682773324
MERCURY DR NW @ SATURN DR NW,0.0010108446213366734,0.00013511692183547342
S Clayton St & Wells Fargo,0.0008804184569259336,0.00013511168981197126
MARTIN L KING JR DR SW @ TREADWELL CIR SW,0.01782108963231143,0.0001351067965691669
LUCILE AVE SW @ LAWTON ST SW,0.01757468598428659,0.0001350924197938486
RALPH D ABERNATHY BLVD SW @ PEEPLES ST,0.00572449276760973,0.00013508205428919092
PEACHTREE RD @ WIEUCA RD,0.003241495722566581,0.00013506797578987945
Floyd Rd at Trestle Dr,0.0015393969949969977,0.00013506485273340673
CLIFTON SPRINGS RD @ PINE SPRINGS MNR,0.002514755230217017,0.0001350198214371181
BULL RUN DR @ COHASSETT LN,0.003183351005005802,0.00013501973307245268
FORREST PARK RD SE @ PINE FOREST DR SE,0.008524736887164035,0.00013493043490026233
CHURCH ST @ HOWARD ST,0.0008690512483371082,0.00013491690302598825
BEST RD @ 4475,0.0010837804054949602,0.00013490490047836538
ALPHARETTA HWY @ ROSEMONT PKWY,0.006144044719420314,0.00013490051078084874
BUFORD HWY NE @ N DRUID HILLS RD,0.0019477947782726292,0.00013483008541105576
COVINGTON HWY @ LAYTON DR,0.003580564185453071,0.00013482343126975657
BOBBY BROWN PKWY @ VIRGINIA AVE,0.001149853256489177,0.00013476678335783975
BUFORD HWY NE @ 3160,0.0019477947782726292,0.00013476196837588526
BUFORD HWY @ N CLIFF VALLEY WAY,0.0019477947782726292,0.0001347586524954222
S STONE MOUNTAIN LITHONIA RD @ 465,0.0027102118710726633,0.00013471563238637063
MORELAND AVE NE @ PONCE DE LEON AVE N,0.0016156044656969143,0.00013467180304126142
Lonnie Harvel Blvd @ Sugar Oak Ln IB,0.000726010069307712,0.00013464184048958238
S MAIN ST @ MAXWELL RD,0.0023203105296172692,0.00013463260677033404
MERCURY DR @ CLOVIS CT,0.0010108446213366734,0.00013463164362997716
FAIRBURN RD SW @ WISTERIA LN SW,0.003964203671039252,0.00013461996150702227
MT ZION RD @ JONESBORO RD,0.0003582420677351112,0.0001346087620741233
ANVIL BLOCK RD @ METCALF CONN,0.006099742532979082,0.00013458866688899137
2ND AVE @ COGAR DR,0.011884058976669405,0.00013454943386952402
COBB PKWY @ RIVER PKWY,0.0008088826502645303,0.00013454630590289515
PONCE DE LEON AVE NE @ 680,0.004913875362620801,0.00013453473514971002
MONROE DR NE @ COOLEDGE AVE NE,0.013619711512724075,0.00013447471283220677
SNAPFINGER WOODS DR @ FRIENDLY HILLS DR,0.008810050779314212,0.00013445901506791363
LOU WALKER SENIOR CENTER,0.0,0.0001344516671905148
N HIGHLAND AVE NE @ ROSEDALE DR,0.014035801563659214,0.00013444703468882435
Jimmy Carter Blvd & Rockbridge School Rd,0.00043680819617434235,0.00013439559105489238
E PONCE DE LEON AVE @ IDLEWOOD RD,0.002132705936461534,0.00013438887522694527
CONTINENTAL COLONY PKWY SW @ 2999,0.004330936906635896,0.00013437622453734416
WINTERS CHAPEL RD @ CHICOPEE RD,0.0029194856811366817,0.00013436116159643293
REDAN RD @ PANOLA RD,0.0006194748252242224,0.0001343431890090261
VA HOSPITAL,0.0094841551612103,0.00013429567092189157
PIEDMONT AVE NE @ AVERY DR NE,0.009287062677083837,0.00013427545752787008
MONROE DR @ PARK DR,0.013619711512724075,0.00013421718470026713
NORTHWEST DR @ BOLTON RD,0.0012915705437552161,0.00013421632269606073
SYLVAN RD @ BAKER DR,0.0032054158677284218,0.00013415611143152798
LAVISTA RD @ HOLLIDON RD,0.0020171849672485915,0.00013411198867698164
Lonnie Harvel Blvd & GGC Housing IB,0.0007259948521610068,0.00013411153537022175
E PONCE DE LEON AVE @ PALOMA DR,0.0022758232012244565,0.00013403100178476196
ROSWELL RD NE @ 5925,0.004188998970742631,0.00013402811531209764
JOHN WESLEY DOBBS AVE @ HOWELL ST,0.00030344512244948827,0.0001340276871420298
Holcomb Bridge Rd & A Hand to Hold,0.0013918211062494356,0.00013400561789704598
WILSON MILL RD @ 606,0.0029254964540852573,0.0001339968428432631
Cumming Park and Ride,0.00011266775420570739,0.00013399471418170143
WYNNWOOD DR SW @ LARCHWOOD ST,0.00072082102228122,0.00013394824876852973
BOULEVARD NE @ NORTH AVE NE,0.004266035775937984,0.0001339191238350247
HEADLAND DR @ FARLEY ST,0.008596698773933185,0.0001338639875901304
CLAIRMONT RD @ COUNCIL BLUFF DR,0.004810444416465184,0.0001338511814420941
WYNNWOOD DR @ WINGATE ST,0.00072082102228122,0.00013382594788531726
HOLLY RD NW @ JOSEPH E BOONE BLVD,0.004852360047064809,0.00013382484702166854
FLAT SHOALS RD @ HIDDEN BROOK TRL,0.0005521389510534694,0.00013378329433620027
LAWRENCEVILLE HWY @ VALLEY BROOK RD,0.009344020457201606,0.0001337312677888716
ANVIL BLOCK RD @ S 1ST ST,0.006099742532979082,0.0001337202914857186
S INDIAN CREEK DR @ REDAN RD,0.0006001947003486643,0.00013371095763762858
BOLTON RD @ REY ST,0.0012915705437552161,0.00013364792837366088
Park Dr & Shackleford Rd,0.002272467820375948,0.00013357701168582113
MEMORIAL DR @ MOUNTAIN DR,0.022980460686536995,0.00013356832722366676
Hurt Rd SW at Lakeshore Dr,0.00020829230410152928,0.00013354927514061356
DEERFIELD PKWY @ TWO VERIZON PL,0.0016969096805430914,0.00013354792623030732
BOULDERCREST RD @ TOWN COUNTRY DR,0.0038059453453046016,0.00013353061346869425
COLLIER DR @ 3075,0.005621594421588797,0.00013352718875558482
BOULDERCREST RD SE @ 2326,0.003023636905569681,0.00013352165773324628
ROOSEVELT HWY @ CONLEY ST,0.015658991776988696,0.00013348978325325762
PEACHTREE RD @ PEACHTREE DUNWOODY RD,0.003241495722566581,0.00013348963944615175
SR 42 @ E CONLEY RD,0.002923259533519585,0.00013348666028134684
County Services Pkwy at Kurt Dr,0.0002929300740761571,0.00013347746956227498
N CENTRAL AVE @ N WHITNEY AVE,0.002091581597490583,0.00013346146327886623
Grayson Hwy & Phillip St (Citgo),0.0008804336740726389,0.00013343758891740185
IDLEWOOD RD @ FELLOWSHIP RD,0.0009758147496211766,0.0001334085015526831
KENSINGTON RD @ KENSINGTON CT,0.0138082976118423,0.00013338928417512007
HAYNES BRIDGE RD @ CAMPION PATH,0.0017187310689184268,0.00013338733191607603
S MAIN ST @ 421,0.0023203105296172692,0.00013333065810100978
CHANTILLY DR NE @ CHESHIRE BRIDGE RD NE,0.007088945835509766,0.0001333004713966105
BUFORD HWY NE @ 3072,0.0019477947782726292,0.00013326152693083262
Brook Hollow Pkwy & Best Friend Rd OB,0.0030402185230961744,0.00013325845572078997
COVINGTON HWY @ SCARBROUGH DR,0.007832158889167768,0.0001332520074307278
CONTINENTAL COLONY PKWY SW @ RIVIERA DR,0.004330936906635896,0.0001332490763588268
OLD MILTON PKWY @ MORRIS RD,0.002222251236248607,0.00013323615835721396
RALPH D ABERNATH BLVD @ CENTRAL AVE,0.02053359929253659,0.00013321037819528635
IDLEWOOD RD @ ELMDALE DR,0.0009758147496211766,0.00013320835374327152
CONTINENTAL COLONY PKWY SW @ 3030,0.004330936906635896,0.00013308206485179212
POINTE SOUTH PKWY @ BRANDON HILL WAY,0.0023545947611442086,0.00013306069923278775
POINTE SOUTH PKWY @ NICHOLSON DR,0.0016248564908937094,0.00013305772001146645
METROPOLITAN PKWY SW @ MAYLAND AVE SW,0.005857673235574122,0.00013304362531882323
Walther Blvd & Parc 980 Apartments IB,0.0007260252864544172,0.00013304264739346427
HOWELL MILL RD NW @ SPRING LAKE PL NW,0.0035254933315267533,0.00013302851797334172
PONCE DE LEON AVE NE @ PONCE DE LEON CT,0.004913875362620801,0.00013299964310127868
OLD DIXIE RD @ SOUTHPOINT DR,0.0007595943120862096,0.0001329495402977354
MT VERNON HWY @ LAKE FORREST DR,0.0036348133134573046,0.00013292047347190602
Ivan Allen at Alexander St,0.00013353046233861187,0.00013291450502550013
CANDLELIGHT LN @ BAKERS FERRY RD,0.0015158560690439683,0.00013291315736476498
HOLLY RD NW @ 236,0.004852360047064809,0.0001328786395326764
CROFT PL NW @ CLOVIS CT NW,0.0010108446213366734,0.00013286976247978006
BROWNLEE RD SW @ CEDAR ISLAND DR SW,0.0012413843939212855,0.0001328588128389062
LAWRENCEVILLE HWY @ SAINT LAWRENCE CV,0.011744593827115743,0.00013284448009960202
Buford Hwy at Tofu House IB,0.0070771753725332506,0.00013284064723872102
Jimmy Carter Blvd & Tracey Valley Dr,0.0004368234133210476,0.00013282693099771274
BRANNEN RD SE @ 2190,0.007355869805866642,0.00013276796493146912
PLEASANTDALE RD @ SHADOW WALK,0.002683285129977715,0.00013274406388933194
MT VERNON HWY @ HEARDS FERRY RD NW,0.0028275893321836475,0.00013273120846588754
CANDLER RD @ H F SHEPHERD DR,0.040728203671729094,0.000132700960364814
CLAIRMONT RD @ AUDUBON DR,0.004810444416465184,0.00013266502442537916
HUTCHENS RD SE @ FORREST PARK RD SE,0.008524736887164035,0.00013265013661048453
TOFFIE TER @ VIRGINIA AVE,0.0011971481484491094,0.0001326446408559762
TILSON RD @ MARK TRL,0.001484265272483859,0.00013260558073117454
N HIGHLAND AVE NE @ BRIARCLIFF PL,0.013954085485851994,0.00013253104366926546
SYLVAN RD SW @ VICTORY DR SW,0.0008123521597133284,0.0001325234575719332
UNIVERSITY AVE @ GARIBALDI ST,0.005848885333351837,0.00013251685098930716
Holcomb Bridge Rd & The Centre Apts,0.0013918363233961408,0.00013249851697660697
SCOFIELD RD @ BRITTANY TRL,0.0007646616219390595,0.00013248055092693564
CUSTER AVE SE @ FUNSTON AVE SE,0.013639105766199922,0.00013238408686964812
BUFORD HWY NE @ W DRUID HILLS DR,0.0019477947782726292,0.0001323746312546256
PEACHTREE ST @ 7TH ST,0.01372345441038715,0.00013235576509707428
PANTHERSVILLE RD @ RIVER RD,0.01568317689548558,0.00013234331492170237
Cobb Pkwy at Wylie Rd,0.0027167324184358653,0.0001323261058348775
SR 138 @ W FAYETTEVILLE RD,0.00908711697795014,0.00013223098520170903
Hurt Rd at Donald Rd,0.0006155031499341508,0.0001321804033581748
JONESBORO RD SE @ 2267,0.007834905584148066,0.00013215031356974286
BOULDERCREST RD SE @ GATES DR SE,0.0038059453453046016,0.00013214617052837574
Shackleford Rd & Doan Way IB,0.0022724830375226534,0.00013213713099670196
MARTIN L KING JR DR SW @ WYNNWOOD,0.019701822445054,0.00013212689313984983
HOWELL MILL RD NW @ 14TH ST NW,0.010440301748714935,0.00013209018147323462
Grayson Hwy & St. Lawrence Church,0.0008804488912193441,0.0001320165146994613
MONROE DR NE @ 1942,0.0013986840394135055,0.00013201629901271817
JONESBORO RD @ BETHSAIDA RD,0.008178980488300585,0.0001319804255247216
ANVIL BLOCK RD @ MORELAND AVE,0.006099742532979082,0.000131961856405599
ROSWELL RD @ HOPE RD,0.0027315995707668994,0.00013192268507026473
PEACHCREST RD @ MARYVALE DR,0.01945594378859049,0.0001319110588521679
COBB PKWY SE @ PARKWAY POINTE SE,0.0008088826502645303,0.00013190920531696256
BRIARCLIFF RD NE @ STILLWOOD DR,0.0011537488460457224,0.00013188332410054603
VALLEY VIEW RD SE @ LEILA LN SE,0.010197938253140339,0.0001318766956066742
Boggs Rd & Post Office (3rd entrance),0.0004032696048359605,0.00013187072683086353
Best Friend Rd & Best Friend Ct OB,0.0030402337402428794,0.0001318648030483807
HOWELL MILL RD NW @ LONGWOOD DR NW,0.0035254933315267533,0.00013185379687905054
EVANS MILL RD @ DAVIDSON DR,0.0015462066681475994,0.0001318333202275137
HOWELL MILL RD NW @ WOODLEY DR NW,0.0035254933315267533,0.00013183103551309835
FLAT SHOALS RD @ TAHOE DR,0.000637187583989139,0.00013181424853357407
N PEACHTREE RD @ BROOKHURST DR,0.0037245183932847824,0.0001317963038988817
COLLIER DR @ 3114,0.005621594421588797,0.0001317898462744401
BOULDERCREST RD @ MARY LOU LN,0.0038059453453046016,0.0001317851303404455
10TH ST NE @ JUNIPER ST NE,0.035907611954602625,0.00013177075008309833
PERRY J HUDSON PKWY @ ATLANTA AVE,0.001149853256489177,0.00013173875600363174
RALPH D ABERNATHY BLVD @ COOPER ST,0.02053359929253659,0.000131721228156083
BOLTON RD NW @ PARROTT AVE,0.0012915705437552161,0.00013170738601492822
Walther Blvd & C3 Church,0.0007260405036011225,0.00013168232144808144
Austell Rd at Seayes Rd,0.0003241404419686349,0.00013165842737072534
BRANNEN RD SE @ 2154,0.007355869805866642,0.00013165237014369345
LAKEWOOD AVE SE @ HARRIETT ST SE,0.007454005184968831,0.00013163292553552885
Floyd Rd at East-West Conn,0.001539412212143703,0.00013162682137843082
MONROE DR @ WIMBLEDON RD,0.0013986840394135055,0.0001315904508677395
S MAIN ST @ 571,0.0023203105296172692,0.0001315894052946297
SR 138 @ TARA BLVD,0.0008166433950842103,0.0001315780745411041
WAITS DR @ ESTER DR,0.0015158560690439683,0.00013156776163036966
WENDELL DR @ 4050,0.00030225818500647836,0.00013154832262776773
NEW PEACHTREE RD @ OAKCLIFF RD,0.0029194856811366817,0.00013153543829902642
Jimmy Carter Blvd & Dunkin Donuts OB,0.00043683863046775287,0.00013149814988692527
HAMILTON E HOLMES STATION,0.0,0.00013148070519231086
SANDY SPRINGS STATION,0.053235270387849455,0.00013147806187336847
Cobb Pkwy at White Circle,6.471852493744915e-05,0.00013146552232813776
BUFORD HWY NE @ 2858,0.0019477947782726292,0.00013144728227920774
ALPHARETTA ST @ THOMAS DR,0.0004802379328711399,0.00013144108584337865
LAVISTA RD @ OAK GROVE RD,0.0006610328528762735,0.0001313966323926184
Buford Hwy at Korean Catholic Church IB,0.007077190589679956,0.00013135197627383715
HOLLYWOOD RD NW @ BROWNTOWN RD NW,0.009372993904528412,0.000131323427797006
PEACHCREST RD @ ORCHARD CIR,0.019566039845003012,0.0001313066195278557
Peachtree Pkwy & Publix,0.001391851540542846,0.00013121515692663587
NORTHSIDE DR NW @ 14TH ST NW,0.0037669970583125018,0.00013121146072373605
CHANTILLY DR NE @ 1700,0.007088945835509766,0.00013119560515686314
WINDSOR ST SW @ CRUMLEY ST SW,0.004450498028299084,0.0001311883453920874
MARTIN L KING JR DR SW @ BROWNLEE RD SW,0.017637418671579003,0.00013118011690121928
Powder Springs Park and Ride,0.00023341581331190513,0.00013117763098807124
Holcomb Bridge Rd & The Veiws Apts,0.0013918058891027303,0.00013117382652257637
BOLTON RD NW @ SAM ST,0.0012915705437552161,0.00013113410117819463
DALE LN SW @ MT GILEAD RD SW,0.004340538926206912,0.0001311248754858106
BRIARCLIFF RD NE @ SHERIDAN RD NE,0.006594441827602449,0.000131111478039788
WASHINGTON RD @ ABBEY RD,0.030660039781882288,0.00013108540955470745
Austell Rd at Evergreen Dr,0.0003241556591153402,0.0001310662152359636
BOULDERCREST RD SE @ 2290,0.003023636905569681,0.0001310506984987025
S CENTRAL AVE @ VIRGINIA AVE,0.04404078629512927,0.00013102742110006243
COMMERCE DR @ W PONCE DE LEON AVE,0.02083957046133915,0.00013099655144315465
HOLLYWOOD RD NW @ 843,0.007354553522676637,0.00013097277015988276
Windy Hill Rd at Bouldercrest Dr,0.0007165297869103381,0.00013094508996739835
Shackleford Rd & Corporate Dr IB,0.0022724982546693585,0.00013091058462657226
HENDERSON MILL RD @ CHAMBLEE TUCKER RD,0.006773737858657115,0.00013089097486728907
PRYOR RD SW @ UNIVERSITY AVE,0.0050337408272180945,0.00013087732498140417
Hurt Rd at Dyer Parke Ln SW,0.0007453206284766805,0.0001308755327843597
CLAIRMONT RD @ BRIARCLIFF RD,0.004810444416465184,0.00013085975582723618
Best Friend Rd & Royal Palm Ct OB,0.0030402793916829954,0.00013085493039299083
WILSON MILL RD @ BOULDER PARK DR,0.0029254964540852573,0.00013084959037499034
JONESBORO RD @ BATTLE CREEK RD,0.003697751432230239,0.000130800489239181
JOHN WESLEY DOBBS AVE @ JACKSON ST,0.00030344512244948827,0.00013077690689422599
RAINBOW DR @ COCKLEBUR RD,0.0221294265398989,0.00013077564173640845
WASHINGTON RD @ CLOVERHURST DR,0.03417597674527814,0.00013077202631320297
Gwinnett Dr & Scenic Hwy OB,0.0008804945426594599,0.00013076213531667476
BOULDERCREST RD SE @ 2156,0.003023636905569681,0.00013074790477287694
MT ZION RD @ KING WILLIAM DR,0.0009236250088043873,0.00013074464934003017
COBB PKWY @ RIVERWOOD PKWY,0.0008088826502645303,0.00013074153243584896
Williams St at Baker St,5.733820878540052e-05,0.0001307218545671548
WASHINGTON RD @ LAUREL RIDGE DR,0.023271658542079868,0.00013069455471573926
Boggs Rd & Post Office  (First Entrance),0.00040328482198266575,0.00013068923489038158
Best Friend Rd & Nancy Hanks Dr OB,0.003040248957389585,0.0001306861061421328
N DECATUR RD @ FRANCES ST,0.006307925780862557,0.00013066785544916222
ANVIL BLOCK RD @ S PARK BLVD,0.006099742532979082,0.0001306061341178558
CAMERON M ALEXANDER BLVD @ GRIFFIN ST NW,0.0012406920137461963,0.00013057914181843942
ROOSEVELT HWY @ JOHN RIVERS RD,0.004137374800545054,0.00013056282390913555
Cobb Pkwy at Pete Scoggin Pkwy,6.473374208415441e-05,0.00013053868060337545
CHATTAHOOCHEE AVE NW @ MARIETTA BLVD,0.0015577793082169457,0.00013052791361660201
Lawrenceville Suwanee Rd & Verizon,0.0007260557207478277,0.00013052357056798125
N INNER LOOP RD @ DELTA BLVD,0.001149853256489177,0.00013052254306599037
N SHALLOWFORD RD @ ELLWYN DR,0.005093955076730788,0.00013051763915659535
TILSON RD @ 2128,0.001484265272483859,0.00013050231533195294
BROWNLEE RD SW @ RABUN DR SW,0.0008383886977260196,0.00013049253178650113
WILSON MILL RD SW @ WILDWOOD LAKE DR,0.0029254964540852573,0.00013045748032957947
JONESBORO RD SE @ 2520,0.010089523691438751,0.00013045442456770197
LAVISTA RD @ OAKRIDGE CIR,0.0031475146245149264,0.00013039774085847464
HIGHTOWER RD NW @ WHITING ST NW,0.003867080232192963,0.0001303953165025101
CLAIRMONT RD @ 2890,0.004810444416465184,0.00013037877803895933
PRINCETON DR @ PRINCETON AVE,0.004291113633708244,0.00013036602116206755
BOULDERCREST RD @ BOULDER SPRING POINT,0.012118656655042085,0.00013032809771205546
DONALD L HOLLOWELL PKWY @  ELIZABETH PL NW,0.020066425280111908,0.000130269251515608
HOWELL MILL RD NW @ WELLESLEY DR NW,0.0035254933315267533,0.00013025126308039553
PEACHTREE RD NE @ 3414,0.003241495722566581,0.00013024008447713853
DUNWOODY PL @ HIGHTOWER TRL,0.010938678520458737,0.00013018902442395527
HOLLYWOOD RD NW @ DONALD L HOLLOWELL PKWY NW,0.007354553522676637,0.00013014319870716283
Peachtree Pkwy & The Corner Bakery,0.0013918667576895514,0.00013011450313997244
COLUMBIA DR @ WICKHAM DR,0.008863194127991195,0.00013010460557327206
Buford Hwy at Jenny's Place IB,0.0070772058068266615,0.00013010174086095685
JACKSON ST @ JOHN WESLEY DOBBS AVE,0.013631588495727527,0.0001300718011768948
MT ZION RD @ 2839,0.0011117343039925135,0.00013006898701440996
OAKLEY INDUSTRIAL BLVD @ STALWART DR,0.002423908864386645,0.0001300519630864925
VENETIAN DR SW @ WILLOW TRL SW,0.003268924629502803,0.00013005183406155957
LYNHURST DR SW @ LYNN CIR SW,0.015337986067241344,0.00013005151251349468
E PONCE DE LEON AVE @ COUNTRY ADDRESS,0.002123819122785665,0.00013001997874696267
MEMORIAL DR @ BEECH DR,0.007364505536621874,0.00012991009719773574
COLUMBIA DR @ BOBOLINK DR,0.010976295307114128,0.0001299086902284674
MT ZION RD @ 2923,0.0011117343039925135,0.00012984398805703214
Best Friend Rd & Button Gwinnett Dr OB,0.0030402946088297004,0.00012982281746156202
John Portman Blvd at Peachtree St,5.735342593210577e-05,0.00012979130328928608
Breckinridge Blvd/Old Norcross Rd,0.0037715698108974306,0.00012978507147700917
Gwinnett Dr & Green Tomato OB,0.0008805097598061652,0.0001297435176679322
Breckinridge Blvd & The Enclave @ Breck,0.000403300039129371,0.00012968844992835917
INNER LOOP RD @ WOOLMAN PL,0.001149853256489177,0.00012968712040296938
WAITS DR @ DOSTER DR,0.0015158560690439683,0.00012963402089101526
PIEDMONT AVE NE @ WESTMINSTER DR NE,0.009829675694299817,0.00012962194990883647
Austell Rd at Clay Rd,0.00032417087626204544,0.00012960038146537164
BUFORD HWY NE @ CURTIS DR NE,0.0019477947782726292,0.0001295709156308216
Duluth Hwy & Publix (L'ville Suwanee Rd),0.000726070937894533,0.00012953427567436875
FLINT RIVER RD SW @ GLENWOODS DR,0.0014012405200599883,0.0001294722969734781
TARRAGON WAY SW @ ALEX WAY SW,0.0015158560690439683,0.0001294539142459644
RIVER RD @ OAKVALE RD,0.005642959295562975,0.0001294530919960711
Breckinridge Blvd & RICOH (across),0.00040333047342278153,0.00012945006464575614
PEACHTREE RD NE @ LENOX RD,0.003241495722566581,0.00012941875403903324
N MAIN ST @ NORTH AVE,0.002171775960627276,0.00012940579472904714
ROSWELL RD @ HUNTINGTON PLACE DR,0.0014145555234270865,0.0001294021422379533
MT ZION RD @ 3156,0.0011117343039925135,0.00012933783472405253
MORELAND AVE @ 1475,0.009221841986305115,0.00012930117095203997
Live Oak Pkwy & Thompson Pkwy OB,0.00043686906476116333,0.00012928292865571077
COVINGTON HWY @ 4414,0.011661196254597593,0.00012927367503416656
WINDWARD CONCOURSE @ MCGINNIS FERRY R,0.00019659031828518826,0.00012925144475130996
CASCADE RD SW @ KIMBERLY RD SW,0.007318367147811541,0.00012920940368233596
PORSCHE AVE @ SOUTH ST,0.04340079875614637,0.00012919976463655943
Technology Pkwy  & Homewood Suites,0.0013918819748362566,0.00012918331758126768
STEPHENS ST SW @ COLEMAN ST SW,0.007282507941600608,0.00012912676292145233
PRYOR RD SW @ MANFORD RD SW,0.0047260044693977245,0.0001291041327903624
BOULDERCREST DR SE @ BLACK OAK DR SE,0.004768049445744343,0.0001290553057244394
West Peachtree St at 14Th St,0.00010627655258950033,0.00012904336426108816
HAYNES BRIDGE RD @ NORTH POINT DR,0.006121005959308558,0.00012903196203848457
OAKLEY INDUSTRIAL BLVD @ CARNEGIE DR,0.0018191033685862883,0.0001290220455671975
Buford Hwy at Global Forum IB,0.0070772210239733666,0.00012900428593596013
FLINT RIVER RD SW @ DORSEY RD,0.0015290949866775402,0.00012894934283090353
BENJAMIN E MAYS DR SW @ LYNHURST DR SW,0.0021699194687292353,0.00012894770496019007
Button Gwinnett & TOPSA,0.003040309825976406,0.0001289456995094989
DRYDEN RD @ NORTH POINT PKWY,0.0006378419212974651,0.00012893533133642975
S COLUMBIA DR @ CONWAY RD,0.002826813257701679,0.0001289330298429008
CONLEY RD @ CLOUDLAND DR,0.008534749769696093,0.0001288970951046534
S COLUMBIA DR @ DERRYDOWN WAY,0.002826813257701679,0.0001288910874664591
Stone Mountain St & Piedmont Bank,0.0008805249769528704,0.0001288791040913452
PERRY J HUDSON PKWY @ RAINEY AVE,0.001149853256489177,0.00012887607242170816
SCOFIELD RD @ ORLY TER,0.0009098636358006019,0.0001288612099654242
Breckinridge & Mustangs Unltd OB across,0.00040331525627607627,0.00012884120336680444
ROCKBRIDGE RD @ 3672,0.012879207111179607,0.0001288372732398387
CLAIRMONT RD NE @ CLAIRMONT WAY,0.0061522087186276836,0.0001288236774575365
LINKWOOD RD NW @ HEDGEWOOD DR NW,0.005930472065412061,0.00012881118067213713
AKERS MILL @ CUMBERLAND BLVD,0.0008088826502645303,0.00012880847886543329
LAVISTA RD NE @ WEMBLEY CT NE,0.00073066651619952,0.00012880365500810785
BUFORD HWY NE @ RIVERS EDGE DR NE,0.0019477947782726292,0.00012878896238459328
MAIN ST @ BRADY PL,0.0023203105296172692,0.00012878280151503796
S COLUMBIA DR @ CARTER RD,0.002826813257701679,0.00012876363414397212
MORELAND AVE SE @ MORELAND DR SE,0.009221841986305115,0.00012876220217041668
WILDWOOD LAKE DR @ PLAINVILLE DR,0.0029254964540852573,0.00012876004569939707
Old Norcross & Sweetwoods Dr,0.00040320873624913946,0.00012875754144363053
CLAIRMONT RD @ CANNON FARM HILL RD,0.004810444416465184,0.0001287439724245201
WYNNWOOD DR @ TELHURST DR,0.00072082102228122,0.00012873200851975418
COVINGTON HWY @ MIDWAY RD,0.020294264009156338,0.00012870544171030135
Duluth Hwy & Lutheran Church,0.0007260861550412382,0.00012869354188802375
CAMPBELLTON RD SW @ LORENZO DR SW,0.030757132786435167,0.0001286910952045745
TARA BLVD @ NORTH AVE,0.008961362477577913,0.00012864473634229375
CHAMBLEE TUCKER RD @ MENLO DR,0.005015206342531094,0.00012864014586360355
COLUMBIA DR @ CANARY CT,0.010874431727069152,0.00012863097514527
TARRAGON WAY @ ESTER DR,0.0015158560690439683,0.00012862832105660986
S Cobb Dr at Waldrep Cir,0.0009809124937674371,0.00012862608847014954
SYLVAN RD @ MILLEDGE ST,0.0053628724933060526,0.00012861981139962206
N HAIRSTON RD @ KENILWORTH CIR,0.004386248698718381,0.00012854524174939533
JONESBORO RD @ 4751,0.0031058500768359385,0.00012854157425649772
COVINGTON HWY @ 4360,0.011661196254597593,0.00012849738545960508
Thompson Pkwy & Singleton Rd IB,0.0004368842819078686,0.00012848765665797853
PEACHCREST RD @ GLENN RD,0.019842976697891947,0.0001284826578859958
CLAIRMONT RD NE @ CENTURY BLVD,0.004810444416465184,0.00012844764201656154
Grayson Hwy & Associated Credit Union,0.0008804641083660494,0.00012843420971995098
NORTH AVE @ PIEDMONT AVE,0.0060588743493110025,0.00012842783138580685
N DRUID HILLS RD NE @ BRIARWOOD RD,0.0029322528672223905,0.00012839335098961446
CHAMBLEE TUCKER RD @ CATALINA DR,0.0003887676640258526,0.0001283857600566094
SWALLOW CIR @ JAY PL,0.0,0.0001283554942702285
S COLUMBIA DR @ FORREST BLVD,0.002826813257701679,0.00012833648669015183
PIEDMONT RD NE @ PIEDMONT CIR NE,0.0005021810584201175,0.0001283117275645223
Breckinridge Blvd & Breckinridge Pkwy,0.003771585028044136,0.00012829691664520627
NORTH POINT PKWY @ 4125,0.001524849402746774,0.0001282939572228306
PEACHTREE IND BLVD @ MCGAW DR,0.007046345433308404,0.00012828809925702833
S Cobb Dr at Mccaulley Rd,0.00029127140508528434,0.00012825277078650963
PEACHTREE IND BLVD @ CLAIRMONT RD,0.007046345433308404,0.0001282274620837149
JONESBORO RD @ SOUTHERN RD,0.004191715231429519,0.00012822069468509692
MAIN ST @ MAXWELL RD,0.0023203105296172692,0.00012821206554159456
WESTWOOD AVE SW @ WILLARD AVE SW,0.014227925649386408,0.00012821043197263206
Button Gwinnett Dr & Mimms Dr,0.003040325043123111,0.00012819840486265785
S COLUMBIA DR @ TALLEY ST,0.002826813257701679,0.0001281883223129503
MONTREAL RD @ MONTREAL INDUSTRIAL WAY,0.005561418214942867,0.0001281480743167603
HOLLY RD NW @ WILLIS ST NW,0.00040456306230590716,0.00012814764633409424
Stone Mountian St & Boys & Girls Club OB,0.0008805401940995757,0.00012814175262708285
HAMILTON E HOLMES DR @ SANTA BARBARA,0.02191084237224239,0.00012813966547861496
MT VERNON RD @ VERMACK RD,0.00039264803643569257,0.00012813909152256528
DOUG DAVIS DR @ ATLANTA AVE,0.0016671145072942022,0.00012813545742107124
Jimmy Carter Blvd & Gale Dr,0.0007207601536943991,0.00012813323075236391
BOULDERCREST RD @ LINECREST RD,0.012116389300183003,0.0001281175233197044
N DECATUR RD @ BLACKMON DR,0.005368982177708213,0.00012810305596742296
S Cobb Dr at Lake Dr,0.0002912866222319896,0.0001280998272353816
NORTH AVE NW @ MARKTWO PL NW,0.0014901086568186771,0.00012809618775399195
WELCOME ALL RD @ SUNRISE TRL,0.0026137579866814054,0.00012809097365535887
BURTON RD NW @ 2811,0.011455818034090121,0.00012805246068114604
PIEDMONT CIR NE @ 1911,0.0005021810584201175,0.00012801607981746633
BOULDERCREST DR SE @ WINFIELD AVE SE,0.004998959502232116,0.00012795896787633202
MONROE DR NE @ MONROE PL NE,0.0005021810584201175,0.0001279420498428945
Buford Hwy at Steve Dr (Accu-Car Expo),0.007077236241120072,0.00012792619171381973
MEMORIAL DR SE @ DAHLGREEN ST SE,0.004872933629410313,0.00012792264826687753
WINDWARD PARK & RIDE,0.0006378419212974651,0.00012792143567377134
TARRAGON WAY SW @ 454,0.0015158560690439683,0.0001279181976592102
Boggs Rd & Old Norcross Rd,0.0004032239533958447,0.00012788298242339706
BOULEVARD NE @ ANGIER AVE NE,0.0022902110134342753,0.00012788159177183967
WASHINGTON RD @ W RUGBY AVE,0.03050477923404857,0.0001278795582708125
MOUNTAIN INDUSTRIAL BLVD @ GRANITE DR,0.005546474976878306,0.00012787215335231962
REDAN RD @ N REDAN CIR,0.004878807448038542,0.00012783561636856613
Gwinnett Dr & Town Center Cinemas OB,0.0008804793255127546,0.00012777370818402818
Old Alabama Rd at Pebblebrook High School,0.00016308216124021692,0.00012775577858567397
CHAMBLEE TUCKER RD @ HOOD AVE,0.0003887676640258526,0.00012775390542711635
PEACHCREST RD @ WILD FLOWER CV,0.019012303093545492,0.0001277459014968858
NORTHEAST EXPY @ BRIARWOOD RD NE,0.0030521944175532097,0.00012764643389177367
ROSWELL RD NE @ CLIFTWOOD DR NE,0.0023818334537466152,0.00012764642800217307
SYLVAN RD @ PARKSIDE TER,0.004776829739393276,0.00012760461188117568
Button Gwinnett Dr & RUSH Truck Ctr,0.0030403402602698164,0.00012756454509417397
ASHBY STATION - NORTHBOUND,0.0036885983184870284,0.0001275546733108271
Best Friend Rd & Skyland Ct OB,0.00304026417453629,0.00012755216805070398
STONE MOUNTAIN ST @ COLLEGE AVE,0.00210634222979468,0.00012753936324635457
S COLUMBIA DR @ THOMAS RD,0.002826813257701679,0.00012753776760806687
AKERS MILL RD @ CUMBERLAND BLVD,0.0008088826502645303,0.00012751983571222388
Stone Mountain St & Somerset Dr OB,0.0008805554112462809,0.00012751344760897362
Jimmy Carter Blvd & Rockbridge Rd (IHOP),0.0007207753708411043,0.00012750377597293223
CENTENNIAL OLYMPIC PARK DR @ MILLS ST,0.001549333791795529,0.00012750085373761615
S COLUMBIA DR @ MISSIONARY DR,0.002826813257701679,0.00012747656279376058
MORELAND AVE SE @ ISA DR SE,0.008518079385480486,0.0001274498024708196
PEELER RD @ ADAMS RD,0.0015376470231258934,0.00012741855182123578
CUMBERLAND TRANSFER CENTER,0.0008088826502645303,0.00012738248736790067
JOSEPH E LOWERY BLVD @ MITCHELL ST SW,0.0036885983184870284,0.00012737967530809837
JOSEPH E BOONE BLVD @ NORTHSIDE DR,0.002073305804297572,0.00012735627956835473
TARRAGON WAY SW @ FENNEL CIR SW,0.0015158560690439683,0.0001273199722423684
CLAIRMONT RD @ STARVINE WAY,0.00985339922601331,0.00012731783374001193
BUFORD HWY NE @ 2750,0.0019477947782726292,0.00012731420944659923
Boggs Rd & Astor Place Apts,0.00040323917054255,0.0001273123104372242
CLAIRMONT RD @ TANGLEWOOD CIR,0.004810444416465184,0.00012730615876515268
NORTH AVE @ JETAL PL,0.0013415284363885681,0.0001272360144661636
ROSWELL RD NE @ ALLEN RD,0.0023818334537466152,0.00012723081203191468
S COLUMBIA DR @ INMAN DR,0.002826813257701679,0.0001272186724277548
CLAIRMONT RD @ CENTURY PL,0.004810444416465184,0.0001272177607218174
WEYMAN AVE @ HANK AARON DR,0.0056036381884765965,0.00012720999542411955
COBB PKWY @ 2980,0.0008088826502645303,0.00012719264656865098
CLAIRMONT RD @ BUFORD HWY,0.004810444416465184,0.00012717325866363832
Live Oak Pkwy & Wells Fargo Bank,0.0004368538476144581,0.0001271332971534581
Buford Hwy at Lake Dr IB,0.007077251458266777,0.0001271324146109705
CLAIRMONT RD @ MCJENKIN DR,0.004810444416465184,0.00012711503714916178
W FAIRINGTON PKWY @ BUCKINGHAM WAY,0.001718137600196922,0.00012710642053471123
PANTHERSVILLE RD @ 3073,0.01809867067774422,0.0001270933404050576
FAIRBURN RD SW @ 320,0.003748789742279664,0.0001270929739018116
ATLANTA ST @ CHATTAHOOCHEE ST,0.001644304004383025,0.00012706558009738649
SNAPFINGER RD @ WESLEY CHAPEL RD,0.0005919774411278267,0.00012705256518343407
DOBBS PLAZA,0.0008746359411779367,0.00012702955139784705
Button Gwinnett Rd & Ryder,0.0030403554774165215,0.00012702757743371802
JOSEPH E LOWERY BLVD @ MARTIN L KING JR DR,0.0036885983184870284,0.0001270188939284402
WAITS DR @ BREWER DR,0.0015158560690439683,0.00012699841643425605
Jimmy Carter Blvd & Shelby Dr,0.0007207905879878096,0.00012697181310452243
Stone Mountain Street & Open Field,0.0008805706283929862,0.0001269716348363531
W HILL ST @ OAKVIEW RD,0.007905558796300565,0.0001269567789263352
MEMORIAL DR @ RICHARD ALLEN DR,0.003488249364965642,0.0001269022297664939
CHAMBLEE TUCKER RD @ WATKINS AVE,0.0003887676640258526,0.00012689809119859302
IVAN ALLEN JR BLVD @ MARIETTA ST,0.002073305804297572,0.00012688341899856818
S COLUMBIA DR @ CLARENDON AVE,0.002826813257701679,0.00012683921784549716
HOLLY RD NW @ AKRIDGE ST NW,0.00040456306230590716,0.0001267614736502444
Spring Rd SE at Sports Ave SE,0.000502515835647633,0.00012675541763289134
POWERS FERRY RD @ BRICKSTONE DR,0.0009096962471868441,0.00012673157076826673
MONROE DR NE @ PIEDMONT CIR,0.0005021810584201175,0.00012672269263141428
N PEACHTREE RD @ PEACHFORD RD,0.0033242465663497573,0.00012671367876514826
Lakes Pkwy & Riverside Pkwy IB,0.000726131806481354,0.00012670448324120313
Spring Rd SE at Woodruff Dr,0.0005025006185009278,0.00012666224087275847
W LAKE AVE @ JOSEPH E BOONE BLVD,0.014922885130842048,0.00012665814342332035
MORRIS RD @ 12395,0.0006378419212974651,0.00012664805576044808
KING HISTORIC DISTRICT,0.0008746359411779367,0.00012664049048707106
Spring Rd SE at Campbell Rd,0.0005024854013542225,0.0001266077354150099
NORTH POINT PKWY @ MANSELL RD,0.01705703669624058,0.00012660315719797264
POWERS FERRY RD @ DUPREE DR,0.0009096962471868441,0.000126584869264253
EASON ST NW @ HOLLY RD NW,0.00040456306230590716,0.00012657973649403601
ALEX DR @ ALEX WAY,0.0015158560690439683,0.00012655326625968735
HOLLY RD NW @ EZRA CHURCH DR NW,0.00040456306230590716,0.00012652257891604494
Stone Mountain St & Charleston Ln,0.0008805858455396915,0.00012651690844300384
BRIARCLIFF RD @ HAWTHORNE DR,0.0077631263031393795,0.000126499773147704
PEACHTREE RD @ 2626,0.005523489476780019,0.00012635697069621825
S COLUMBIA DR @ KIRK RD,0.002826813257701679,0.000126349673038253
CLAIRMONT RD @ CLAIRMONT NORTH  NE,0.004810444416465184,0.00012634098046180773
MEMORIAL DR @ VENICE DR,0.003488249364965642,0.00012633907692867136
MEMORIAL DR @ MOUNTAIN VIEW DR,0.003188012524279845,0.00012631880995754005
Lakes Pkwy & Lakes Court Dr IB,0.0007261470236280593,0.00012629227679254355
WASHINGTON RD @ CHESTNUT DR,0.022953711478820273,0.0001262857736197714
N ROYAL ATLANTA DR @ S ROYAL ATLANTA DR,0.0015613096862525648,0.0001262360277953892
Old Alabama Rd SW at Pisgah Rd SW,0.00016309737838692218,0.00012622044835833057
2700 Breckinridge Blvd,0.003771600245190841,0.00012621789647774894
PRINCETON AVE @ COLLEGE ST,0.004585869765389032,0.0001262114057111927
LYNHURST DR SW @ LYNHURST CIR SW,0.014932403456106184,0.00012620866560521525
S ATLANTA ST @ MARIETTA HWY,0.001644304004383025,0.00012620748835409938
HAMILTON E HOLMES DR NW @ BURTON RD NW,0.014145494365684044,0.00012615570185312662
FOREST PKWY @ ATLANTA SOUTH PKWY,0.0018207772547238663,0.00012614074240496935
OLD NATIONAL HWY @ THORNTON DR,0.004770537449230653,0.00012612813347723104
N PEACHTREE RD @ PERIMETER PARK DR,0.004621721363026612,0.00012611718679732945
LAWRENCEVILLE HWY @ MONTREAL RD E,0.0026573398948452555,0.0001261086406146473
BILL KENNEDY WAY SE @ FAITH AVE SE,0.020026191144223215,0.00012608964544893583
BRANNEN RD SE @ CECILIA DR SE,0.007542173332979078,0.00012607581558206452
COBB PKWY @ CUMBERLAND BLVD,0.0008088826502645303,0.00012606163493021698
N CLARENDON AVE @ CHESTNUT ST,0.020029112836390625,0.00012605580529972488
SHALLOWFORD RD NE @ 2728,0.005616953191843695,0.00012605523787862373
BRANNEN RD SE @ DIANNE CT SE,0.007542173332979078,0.00012604858966768704
CLIFTON SPRINGS RD @ CLIFTON FARM DR,0.001289835789030817,0.00012597927762853566
PRYOR RD @ THIRKELD AVE,0.004127118443665712,0.00012597468669203957
COBB PKWY @ 3220,0.0008088826502645303,0.00012594405775635554
Lakes Pkwy & Wiegand Blvd,0.0007261622407747645,0.00012593482218497865
Indian Trail Rd & Indian Way,0.0016045263828954888,0.0001259238875416679
MEMORIAL DR @ LINE ST,0.003488249364965642,0.00012591403670564834
MEMORIAL DR @ DELANO DR,0.003488249364965642,0.0001258776053827625
MONROE DR NE @ PIEDMONT AVE NE,0.014844722256790507,0.00012583953486236624
N ROYAL ATLANTA DR @ 5060,0.0015613096862525648,0.00012579116288693003
LAMAR HUTCHESON PKWY @ 618,0.0020864838533443224,0.0001257818654513553
Pleasant Hill Rd & Pleasant Hill Plaza,0.002268359190765529,0.0001257767987399207
VICKI LN SE @ 1897,0.0011119625611930924,0.00012572691554281942
Windy Hill Rd at Venlo Ave,0.0002456808335563406,0.00012566635051293427
Jimmy Carter Blvd & Regency Pkwy OB,0.002099129302256389,0.00012566198052849236
SMITH ST @ FAYETTEVILLE RD,0.0019743030478331833,0.00012565634759464803
ALPHARETTA HWY @ HEMBREE RD,0.0058427756489496776,0.00012564527971088723
Lakes Pkwy @ Smokey Tr,0.0007261774579214698,0.0001256372766986165
Indian Trail Rd & Market Center,0.001604541600042194,0.00012563220529012713
N ROYAL ATLANTA DR @ COMMERCE PL,0.0015613096862525648,0.00012557273305169284
CHAMBLEE TUCKER RD @ NEW PEACHTREE RD,0.0003887676640258526,0.00012555843684889238
Old Alabama Rd SW at S Glenn Forest SW,0.00016306694409351166,0.0001255345058529359
Koger Blvd & Assi Farmers Market,0.0022683744079122345,0.0001255071879642503
PEACHTREE RD NW @ W SHADOWLAWN AVE,0.005523489476780019,0.00012547100866767296
CLAIRMONT RD @ CLAIRMONT CIR,0.010074900013455,0.0001254530321274405
VICKI LN SE @ GRESHAM RD,0.0011119625611930924,0.0001254519703874357
Windy Hill Rd at Village Pkwy,0.0004333082524321337,0.00012544336017304047
East-West Connector at Hospital South Dr,0.0015928243970791476,0.0001254345843235827
Indian Trail Rd & Checks Cashed Bldg,0.0016044959486020782,0.00012541421229774
Jimmy Carter Blvd & Best Friend Park OB,0.0020991445194030946,0.00012540927103163915
Burns Rd & Jodeco Rd,0.0016045568171888993,0.00012538428553574466
CLAIRMONT RD NE @ CLAIRMONT NORTH NE,0.0061522087186276836,0.0001253802223542339
GLENWOOD AVE SE @ MAYNARD TER SE,0.025525459995830706,0.00012536026438717186
ATLANTA ST @ 426,0.001644304004383025,0.00012535459138370207
PEACHTREE RD NW @ 3180,0.005523489476780019,0.00012535067498226047
I-85 ACCESS RD NORTH (N.E. EXPY) @ COLONIAL WAY,0.003248556478637819,0.0001253032857801301
Maxham Rd at Pontiac Cir,0.00016300607550669065,0.00012528806535379774
Koger Blvd & Devry University IB,0.0022683896250589395,0.00012527755193272058
PEACHTREE ST NW @ BAKER ST,0.01372345441038715,0.000125233413156738
N ROYAL ATLANTA DR @ N ROYAL PL,0.0015613096862525648,0.0001252269178692383
JONESBORO RD @ CONLEY RD,0.01730022191773726,0.00012521518721232553
Jimmy Carter Blvd & Sunrise Village Ln,0.00072082102228122,0.00012520963471628923
Jimmy Carter Blvd & Quick Trip OB,0.0020991597365497996,0.00012519331065985402
PEACHTREE RD @ MATHIESON DR NE,0.005523489476780019,0.00012518107727891575
Boggs Rd & Magnolia Pointe Apts,0.00040325438768925524,0.00012517558383541731
PLEASANTDALE RD @ 4000,0.0037382899110530382,0.00012517424684797333
Burns Rd & Jacksons Mill Way,0.0016045720343356045,0.00012517308764039127
CLAIRMONT RD NE @ WILMONT DR,0.0061522087186276836,0.00012517189978714365
WOODRUFF PARK,0.0008746359411779367,0.00012516649350018152
WILLINGHAM DR @ PLANT ST,0.045752289219362696,0.00012515974608018937
CHAPPEL RD @ EASON ST,0.00040456306230590716,0.00012515762944678802
HIGHTOWER RD NW @ 7TH ST NW,0.0017563022041337012,0.00012514161379234537
SHALLOWFORD RD NE @ 2739,0.00322785355054532,0.00012512867168356525
Old Alabama Rd SW at South Gordon Rd SW,0.00016303650980010117,0.0001251178661212607
Old Alabama Rd at Cardell Rd,0.0001630212926533959,0.00012509707673176882
Old Alabama Rd Sw at James Rd,0.0001630517269468064,0.00012507832880192873
Jimmy Carter Blvd & Britt Rd,0.0007208362394279253,0.00012502463838287074
Jimmy Carter Blvd & Sonic OB,0.002099174953696505,0.00012501075620871538
N MAIN ST @ HENDERSON PKWY,0.0004398668426620986,0.0001250032747393999
HANK AARON DR SW @ LITTLE ST SE,0.011668401573562533,0.00012500066527374148
CLAIRMONT RD NE @ 3018,0.0061522087186276836,0.0001249993844746193
HILLANDALE DR @ LITHONIA INDUSTRIAL,0.000830087744198303,0.00012499530094135057
Burns Rd & Springwood Dr,0.0016045872514823098,0.00012499373104364432
MARIETTA BLVD NW @ JEFFERSON ST NW,0.00993621854695666,0.00012493653029474927
JONESBORO RD @ LAKELAND CIR,0.01783482564340404,0.00012487258491363597
S ROYAL ATLANTA DR @ 5007,0.0015613096862525648,0.00012486189365127937
N Norcross Tucker Rd & Pelican Dr,0.00209919017084321,0.0001248568037828514
CLAIRMONT RD NE @ CENTURY PL,0.0061522087186276836,0.00012484581291036546
Burns Rd & Beaver Ruin Rd (Chevron),0.001604602468629015,0.00012484013545695222
ATLANTA AVE SE @ CONNALLY ST SE,0.007786362886158304,0.00012482390853819832
SYCAMORE DR @ RUFUS EVANS DR,0.003053274834969283,0.0001248076758797275
New Peachtree Road at Pebblewood Apartments,4.2562359334597996e-05,0.00012476749829258948
BOULDERCREST RD @ PANTHERSVILLE RD,0.012446829640887613,0.00012474418177180473
S COLUMBIA DR @ MIDWAY RD,0.002826813257701679,0.00012473601812120592
Burns Rd & Shady Dr (across),0.0016046176857757203,0.00012471060418532608
PEACHTREE ST @ JOHN PORTMAN BLVD,0.01372345441038715,0.0001246812956837763
Riverside Pkwy & Duluth Hwy,0.0007261013721879435,0.000124637022946622
Burns Rd & Walking Ln (past),0.0016046329029224256,0.00012460170924942154
POINTE SOUTH PKWY @ ANSLEY DR,0.001965522754184251,0.00012456667540269872
LINDBERGH DR NE @ PIEDMONT RD NE,0.0006508677988771633,0.0001245451592750843
Riverside Pkwy & Golden Corral,0.0007261165893346487,0.00012454407965766383
RN MARTIN ST @ RANDALL ST,0.003586103226853784,0.00012453886544868268
N COMMERCE DR @ LOGISTICS WAY,0.0015909374708876962,0.00012452556115465096
CLAIRMONT RD @ CLAIRMONT TER,0.004810444416465184,0.00012451149893370934
Burns Rd &  Garner Way,0.0016046481200691308,0.00012450661146440646
ATLANTA AVE SE @ GRANT TER SE,0.007786362886158304,0.00012450559636956497
AUBURN AVE @ PIEDMONT AVE,0.0008746359411779367,0.00012450307416864568
PEACHTREE RD NW @ RUMSON RD,0.005523489476780019,0.00012449195984403036
PEACHTREE RD NW @ ANDREWS DR NW,0.005523489476780019,0.00012445781706274533
ROOSEVELT HWY @ 4003,0.01088519785836312,0.00012445779318565365
PEACHTREE RD NW @ PEACHTREE AVE,0.005523489476780019,0.00012445515277411146
MCDONOUGH RD @ HASTINGS BRIDGE RD,0.002020380568056695,0.00012445424056685837
PEACHTREE RD NW @ PHARR RD NW,0.005523489476780019,0.0001244390161639706
MEMORIAL DR @ 5019 (GPTC - NORTH ENTRANCE),0.009560869870133723,0.00012443474979055468
Burns Rd & Johns Way,0.001604663337215836,0.0001244248628627349
W MARIETTA ST @ 887,0.0032404000880038026,0.00012441539990667782
PEACHTREE RD @ BUCKHEAD AVE NE,0.005523489476780019,0.00012440561204752243
NORTH POINT PKWY @ ROYAL BLVD S,0.001679699087619448,0.0001244009193575886
FLAT SHOALS RD @ HEMPERLEY RD,0.004165526521949775,0.000124399480395688
MCDONOUGH RD @ BEL AIR BLVD,0.002020380568056695,0.00012438115140951198
Burns Rd & Pleasant Hill Rd OB,0.0016046785543625413,0.00012434932868830417
WESTVIEW DR SW @ ATWOOD ST SW,0.0042805377167480915,0.00012430551483429914
Pleasant Hill Rd & Lawrenceville Hwy OB,0.0016046937715092466,0.00012429214418277986
CASCADE RD SW @ WESTPARK DR SW,0.002489159989458778,0.00012427577785600915
NORTH POINT PKWY @ KIMBALL BRIDGE RD,0.001679699087619448,0.0001242728894486022
ROSWELL RD NE @ SANDY SPRINGS CIR NE,0.005422660662710999,0.00012424338299701077
BOULDERCREST RD @ CHERRY VALLEY DR,0.0027927268490819082,0.00012423974921229905
STONE RD @ PEBBLE DR,0.0015160386748044315,0.00012423515283051107
NORTH POINT PKWY @ EXECUTIVE DRIVE,0.0007834547981200493,0.00012423112699977827
COUNTY SERVICES PKWY + COBB COUNTY HEALTH DEPARTMENT,0.0004491797364457146,0.00012422562519558733
MMTC,5.478172813891769e-07,0.00012422528467372166
County Services Pkwy at Cobb Co Dot,0.0004492101707391251,0.00012422501087719305
ATLANTA S PKWY @ SR 85,0.009008094335109752,0.00012422243273928161
County Services Pkwy at Cobb Co Juvenile Detention,0.0004491493021523041,0.0001242097407052482
MANSELL RD @ COLONIAL CTR PKWY,1.1215037121772873e-05,0.00012420381809676124
PEACHTREE RD NW @ 2820,0.005523489476780019,0.00012419105176072697
Dorris @ Courthouse OB,4.565144011576475e-07,0.00012419007617636154
BUFFINGTON RD @ BIRDSEYE TRL,0.005139941294074068,0.00012417550820141164
Hospital @ Professional IB,3.3477722751560816e-07,0.000124160316698996
Peachtree Center Avenue at Andrew Young International Boulevard,8.504863293566973e-05,0.00012415020676180983
ROSWELL RD NE @ 7140,0.00039200891627407187,0.00012414424718996443
Douglas @ Hampton Inn OB,1.8260576046305898e-07,0.00012413447928748237
Club Dr & Steve Reynolds Blvd,0.0022683135393254134,0.0001241251393724439
BOULDERCREST RD @ CONTINENTAL WAY,0.0027927268490819082,0.00012412465827421287
Arbor Place Mall @ Belk IB,0.0,0.00012411589777519753
Club Dr & Carrington Ct Apts (Court Dr),0.0022683287564721185,0.00012410687729327228
County Services Pkwy at Cobb County Public Safety,0.00044916451929900934,0.0001241043921527392
PEACHTREE ST NE @ RENAISSANCE PKWY NE,0.01372345441038715,0.00012409586574963695
PEACHTREE ST NE @ PONCE DE LEON AVE,0.01372345441038715,0.00012409040541146285
PEACHTREE ST @ JOHN PORTMAN BLVD (P'TREE CTR STATION),0.01372345441038715,0.00012404577841504454
PEACHTREE RD NE @ E PACES FERRY RD,0.005523489476780019,0.00012403441459972556
PEACHTREE RD NW @ SHERIDAN,0.005523489476780019,0.0001240267590233023
MCDANIEL ST SW @ NORTHSIDE DR SW,0.001536840514350515,0.00012399406782772918
WHITE OAK DR @ THOMAS ST,0.002020380568056695,0.00012397962955779478
BRYANT DR @ N BRYAN CIR,0.0021212398164191246,0.00012397962955779478
BRYANT DR @ HEADLAND DR,0.0021212398164191246,0.00012397962955779478
WHITE OAK DR @ WELIKA DR,0.002020380568056695,0.00012397962955779478
BRYANT DR @ S BRYAN CIR,0.0021212398164191246,0.00012397962955779478
WHITE OAK DR @ LINE ST,0.002020380568056695,0.00012397962955779478
BRYANT DR @ WOODHILL LN,0.0021212398164191246,0.00012397962955779478
PEACHTREE INDUSTRIAL BLVD @ 6706,0.0018240337241187908,0.00012397962955779478
OLD COLONY RD @ RANTIN DR,0.0021212398164191246,0.00012397962955779478
OLD COLONY RD @ 2485,0.0021212398164191246,0.00012397962955779478
LINE ST @ LINE CIR S,0.002020380568056695,0.00012397962955779478
PEACHTREE INDUSTRIAL BLVD @ TILLY MILL RD,0.0018240337241187908,0.00012397962955779478
OLD COLONY RD @ BRYANT DR,0.0021212398164191246,0.00012397962955779478
TALMADGE RD @ LOVEJOY RD,0.002020380568056695,0.00012397962955779478
VERBENA CIR @ GAS LIGHT LN,0.0033303638593252696,0.00012397962955779478
TALMADGE RD @ TARA BLVD,0.002020380568056695,0.00012397962955779478
CARVER DR NW @ FAIRFIELD PL NW,0.0033303638593252696,0.00012397962955779478
HYACINTH AVE NW @ PANSY ST NW,0.0033303638593252696,0.00012397962955779478
HAPEVILLE RD SW @ 2909,0.0037334508584007673,0.00012397962955779478
BUTNER RD SW @ 2578,0.0027260757465128915,0.00012397962955779478
VERBENA ST NW @ 2240,0.0033303638593252696,0.00012397962955779478
HAPEVILLE RD SW @ WATERS RD SW,0.0037334508584007673,0.00012397962955779478
PENELOPE RD NW @ ANDERSON AVE SW,0.0033303638593252696,0.00012397962955779478
HAPEVILLE RD SW @ OLD HAPEVILLE RD SW,0.0037334508584007673,0.00012397962955779478
TALMADGE RD @ WILLARDS WAY,0.002020380568056695,0.00012397962955779478
PEACHTREE RD @ PEACHTREE BATTLE AVE,0.005523489476780019,0.00012397962955779478
PENELOPE RD NW @ HELENA AVE NW,0.0033303638593252696,0.00012397962955779478
E LOVEJOY RD @ BEL AIR BLVD,0.002020380568056695,0.00012397962955779478
PENELOPE RD NW @ PENELOPE DR NW,0.0033303638593252696,0.00012397962955779478
AARON ST @ PENELOPE RD,0.0033303638593252696,0.00012397962955779478
ZIP INDUSTRIAL BLVD SE @ BROWNS MILL,0.0037334508584007673,0.00012397962955779478
ZIP INDUSTRIAL BLVD SE @ 3550,0.0037334508584007673,0.00012397962955779478
VERBENA ST NW @ WADLEY ST NW,0.0033303638593252696,0.00012397962955779478
E LOVEJOY RD @ HASTINGS BRIDGE RD,0.002020380568056695,0.00012397962955779478
EMPIRE BLVD SW @ OAK DR SW,0.0037334508584007673,0.00012397962955779478
EMPIRE BLVD SW @ WARD DR SW,0.0037334508584007673,0.00012397962955779478
HAMILTON BLVD @ BROWNS MILL RD,0.0037334508584007673,0.00012397962955779478
EMPIRE BLVD SW @ BROWNS MILL RD SE,0.0037334508584007673,0.00012397962955779478
CAMPBELLTON @ 3911,0.0027260757465128915,0.00012397962955779478
BUTNER RD SW @ DANIEL RD SW,0.0027260757465128915,0.00012397962955779478
BUTNER RD SW @ WAITS AVE SW,0.0027260757465128915,0.00012397962955779478
BUTNER RD SW @ FAIRBURN AVE SW,0.0027260757465128915,0.00012397962955779478
WILSON MILL RD @ BAKERS FERRY RD,0.0015158560690439683,0.00012397962955779478
HASTINGS BRIDGE RD @ GLEBE CT,0.002020380568056695,0.00012397962955779478
COUNTY LINE RD SW @ BUTNER RD SW,0.0027260757465128915,0.00012397962955779478
PEACHTREE INDUSTRIAL BLVD @ 6670,0.0018240337241187908,0.00012397962955779478
SIX FLAGS PKWY @ SERVICE RD,0.0,0.00012397962955779478
BUTNER RD SW @ 2656,0.0027260757465128915,0.00012397962955779478
BUTNER RD SW @ BLANTON AVE SW,0.0027260757465128915,0.00012397962955779478
BUTNER RD @ PALMETTO AVE,0.0027260757465128915,0.00012397962955779478
BUTNER RD SW @ 2511,0.0027260757465128915,0.00012397962955779478
BUTNER RD SW @ 2636,0.0027260757465128915,0.00012397962955779478
BUTNER RD SW @ 2616,0.0027260757465128915,0.00012397962955779478
BUTNER RD SW @ 2598,0.0027260757465128915,0.00012397962955779478
HAMILTON BLVD @ 3400,0.0037334508584007673,0.00012397962955779478
PEACHTREE INDUSTRIAL BLVD @ HOMELAND DR,0.0018240337241187908,0.00012397962955779478
HAMILTON E HOLMES STATION - OUTSIDE LOOP,0.0,0.00012397962955779478
CLAIRMONT RD NE @ AUDUBON DR,0.0061522087186276836,0.00012397962955779478
Johnson Rd & L&ing Plaza OB,0.0008806619312732176,0.00012397962955779478
Burns Rd & Shady Dr,0.0018896804950052607,0.00012397962955779478
Burns Rd & Bradstone Trace,0.0018896652778585554,0.00012397962955779478
Burns Rd & Cliffglen Way IB,0.0018896500607118501,0.00012397962955779478
Burns Rd & Johns Way IB,0.0018896348435651449,0.00012397962955779478
Burns Shopping Ctr & Pleasant Hill Rd IB,0.0018896196264184396,0.00012397962955779478
Data Drive at Vital Solutions,0.0013922319692104774,0.00012397962955779478
Lawrenceville Hwy & PNC Bank (WalMart),0.001889589192125029,0.00012397962955779478
Lawrenceville Hwy & US Postal,0.0018895435406849133,0.00012397962955779478
Lawrenceville Hwy & Car Care Service Cen,0.001889528323538208,0.00012397962955779478
Lawrenceville Hwy & BBT Bank IB,0.0018895131063915028,0.00012397962955779478
Lawrenceville Hwy & Indian Trail/Killian,0.0018894978892447976,0.00012397962955779478
Lawrenceville Hwy & Main St,0.0018894826720980923,0.00012397962955779478
Lawrenceville Hwy & Pine St,0.001889467454951387,0.00012397962955779478
Peachtree Corners Cir & Autumn Trace Dr,0.0013927037007583404,0.00012397962955779478
Peachtree Corners Cir & Parton Ct OB,0.0013926884836116351,0.00012397962955779478
Peachtree Corners Cir& Springs Ln,0.0013926732664649299,0.00012397962955779478
Peachtree Corners Cir & Klinect Court (a,0.0013926580493182246,0.00012397962955779478
Peachtree Corners Cir & Elmside Villg Ln,0.0013926428321715193,0.00012397962955779478
Lonnie Harvel Blvd & Student Center OB,0.0003387945542457954,0.00012397962955779478
Lonnie Harvel Blvd @ GGC Housing OB,0.00033877933709909017,0.00012397962955779478
Peachtree Corners Cir & Westchase Villge,0.001392627615024814,0.00012397962955779478
Lawrenceville Hwy & Bryson Park OB,0.0016048763772697097,0.00012397962955779478
Lawrenceville Hwy & Exxon Gas Station,0.0016049220287098255,0.00012397962955779478
Sugarloaf Pkwy & Five Forks Trickum Rd,0.0008807075827133334,0.00012397962955779478
Holcomb Bridge Rd & Woodland Rd OB,0.0013925819635846983,0.00012397962955779478
Sugarloaf Pkwy & PNC Bank OB,0.0008806923655666282,0.00012397962955779478
Holcomb Bridge Rd & Woodmont Land Apts,0.001392566746437993,0.00012397962955779478
Burns Rd & Beaver Ruin Rd (CVS),0.001889695712151966,0.00012397962955779478
Burns Rd & Burns Cir B,0.0018897109292986712,0.00012397962955779478
Burns Rd & Springwood Dr IB,0.0018897261464453764,0.00012397962955779478
Gwinnett Dr & Police Security Bldg,0.0008808901884737965,0.00012397962955779478
Grayson Hwy & Metro Matress,0.0008809967085007333,0.00012397962955779478
Satellite Blvd & The Maddox Apts IB,0.004807157512776849,0.00012397962955779478
Grayson Hwy & Big Lots,0.0008809814913540281,0.00012397962955779478
Grayson Hwy & VFW IB,0.0008809662742073228,0.00012397962955779478
Gwinnett Dr & Kroger Shopping IB,0.0008809510570606176,0.00012397962955779478
Gwinnett Dr & PNC Bank,0.0008809358399139123,0.00012397962955779478
Satellite Blvd at Recycling Center IB,0.004807172729923554,0.00012397962955779478
Gwinnett Dr & Bridgestone Tire,0.000880920622767207,0.00012397962955779478
Gwinnett Dr & Stone Mountain St,0.0008809054056205018,0.00012397962955779478
Satellite Blvd & The Portico Apts IB,0.004807187947070259,0.00012397962955779478
Satellite Blvd & Aviation Insitute IB,0.004807203164216964,0.00012397962955779478
Satellite Blvd & West Liddell IB,0.00480721838136367,0.00012397962955779478
Gwinnett Dr & HS Football Field,0.0008808749713270913,0.00012397962955779478
Burns Rd & Hillcrest Rd (across),0.0018897413635920817,0.00012397962955779478
Gwinnett Central High School IB,0.000880859754180386,0.00012397962955779478
Lawrenceville Hwy & Bartow Jenkins Park,0.0008808445370336807,0.00012397962955779478
Lawrenceville Hwy & Hanarry Dr,0.0008808293198869755,0.00012397962955779478
Lawrenceville Hwy & Lawrenceville Pediat,0.0008808141027402702,0.00012397962955779478
Lawrenceville Hwy & Little Ceasars,0.000880798885593565,0.00012397962955779478
Lawrenceville Hwy & Pizza Hut,0.0008807836684468597,0.00012397962955779478
Satellite Blvd & Steve Reynolds Blvd IB,0.004807233598510375,0.00012397962955779478
Sugarloaf Pkwy & Dunnhill Dr,0.0008807380170067439,0.00012397962955779478
Sugarloaf Pkwy & Prodigy Point,0.0008807227998600387,0.00012397962955779478
Indian Trail Rd & Wellington Sq Plaza,0.0018897870150321975,0.00012397962955779478
Indian Trail Rd & Indian Trail Ct Plaza,0.0018897717978854922,0.00012397962955779478
Burns Rd & Jodeco Cir (across),0.001889756580738787,0.00012397962955779478
Sugarloaf Pkwy & Bellbrook Ln OB,0.0008806771484199229,0.00012397962955779478
Johnson Rd & Stone Mountain St,0.0008806467141265125,0.00012397962955779478
Nash St & Culver St,0.0008810271427941439,0.00012397962955779478
Stone Mountain St & Highgate Dr OB,0.0008806314969798072,0.00012397962955779478
Singleton Rd & Myrtle Creek Dr,0.0012432561029660318,0.00012397962955779478
Singleton Rd & Harbins Rd IB,0.001243271320112737,0.00012397962955779478
Reps Miller Rd & Wyngate (Reps Ln),0.00139238414067753,0.00012397962955779478
TATNALL ST @ WALNUT ST,0.013385382670609855,0.00012397962955779478
MITCHELL ST @ NORTHSIDE DR,0.013385382670609855,0.00012397962955779478
MITCHELL ST @ MANGUM ST,0.013385382670609855,0.00012397962955779478
MITCHELL ST @ TED TURNER DR,0.013385382670609855,0.00012397962955779478
Medlock Bridge Rd & Thai Star Restaurant,0.0013923384892374142,0.00012397962955779478
Medlock Bridge Rd & Chevron Gas Station,0.001392323272090709,0.00012397962955779478
Singleton Rd & Singleton Valley Cir (1),0.0012432865372594424,0.00012397962955779478
Lawrenceville Hwy & Linda Dr,0.0016050133315900568,0.00012397962955779478
Singleton Rd & Singleton Valley Cir (2),0.0012433017544061476,0.00012397962955779478
Medlock Bridge Rd & Medlock Corners Dr,0.0013923080549440036,0.00012397962955779478
Lawrenceville Hwy & Citgo Gas Station,0.0016050589830301726,0.00012397962955779478
Jimmy Carter Blvd & Home Depot,0.0016050742001768778,0.00012397962955779478
Singleton Rd & Metro Self Storage,0.0012433930572863792,0.00012397962955779478
Singleton Rd & Santa Anna Dr,0.001243377840139674,0.00012397962955779478
Singleton Rd & Riva Ridge Dr,0.0012433626229929687,0.00012397962955779478
Spalding Dr & Medlock Bridge Rd (Citgo) ,0.0013922928377972984,0.00012397962955779478
Spalding Dr & Norcross HS (bfr light),0.0013922776206505931,0.00012397962955779478
Spalding Dr & Technology Pkwy,0.0013922624035038879,0.00012397962955779478
Singleton Rd & Sandune Dr (2nd Entrance),0.0012433169715528529,0.00012397962955779478
Jimmy Carter Blvd & Mr. Clean Carwash,0.001605089417323583,0.00012397962955779478
Singleton Rd & Seattle Slew Ln,0.0012433474058462634,0.00012397962955779478
Jimmy Carter Blvd & Everest Tr OB,0.0016051046344702884,0.00012397962955779478
Singleton Rd & Williams Rd,0.0012433321886995581,0.00012397962955779478
Peachtree Pkwy & Residence Inn Hotel,0.0013921863177703616,0.00012397962955779478
Singleton Rd & Harbins Ridge Drive IB,0.0012432408858193266,0.00012397962955779478
Peachtree Industrial Rd & ADVA OB,0.0013924297921176457,0.00012397962955779478
Peachtree Industrial Rd & DIVOTS Sportsw,0.001392445009264351,0.00012397962955779478
Lawrenceville Hwy & Jordan Drive OB,0.001604967680149941,0.00012397962955779478
Stone Mountain St & Liegh Kay Apts OB,0.000880616279833102,0.00012397962955779478
Dawson Blvd & Varsity Entrane 1,0.0012428604571516951,0.00012397962955779478
Dawson Blvd & Varsity Entrance 2,0.0012428756742984004,0.00012397962955779478
McDonough Dr & Dawson Blvd (Rooms2Go),0.0012428908914451056,0.00012397962955779478
McDonough Dr & Wilwat Dr (ACE) IB,0.001242906108591811,0.00012397962955779478
McDonough Dr & Fit Food IB,0.0012429213257385162,0.00012397962955779478
McDonough Dr & Young Ct IB,0.0012429365428852214,0.00012397962955779478
McDonough Dr & Webb Dr (APEX),0.0012429517600319267,0.00012397962955779478
McDonough Dr & DACA Specialty Svc IB,0.001242966977178632,0.00012397962955779478
Graves Rd & McDonough Dr IB,0.0012429821943253372,0.00012397962955779478
Graves Rd & Champions Park Apts IB,0.0012429974114720424,0.00012397962955779478
Graves Rd & Osborne Dr,0.0012430126286187477,0.00012397962955779478
Graves Park Entrance,0.001243027845765453,0.00012397962955779478
Singleton Rd & Walton Way,0.0012432256686726213,0.00012397962955779478
Graves Rd & Graves Mill Dr,0.0012430430629121582,0.00012397962955779478
Graves Rd & Marquis Estates Apts IB,0.0012430582800588635,0.00012397962955779478
Graves Rd & E National Cir,0.0012430734972055687,0.00012397962955779478
S Norcross Tucker Rd & Graves Rd,0.001243088714352274,0.00012397962955779478
S Norcross Tucker Rd & The Pointe Apartm,0.0012431039314989793,0.00012397962955779478
S Norcorss Tucker Rd & Oakwood Cir,0.0012431191486456845,0.00012397962955779478
S Norcross Tucker Rd & Checkers,0.0012431343657923898,0.00012397962955779478
Singleton Rd & Sarah Ct,0.001243149582939095,0.00012397962955779478
Singleton Rd & Thompson Pkwy,0.0012431648000858003,0.00012397962955779478
Singleton Rd & The Chelsea Apts IB,0.0012431800172325055,0.00012397962955779478
Singleton Rd & Pirkle Rd IB,0.0012431952343792108,0.00012397962955779478
Singleton Rd & Button Gwinnett Pl IB,0.001243210451525916,0.00012397962955779478
Grayson Hwy & Lawrenceville Square Plaza,0.0008810119256474386,0.00012397962955779478
Pleasant Hill Rd & Lawrenceville Hwy IB,0.0018896044092717344,0.00012397962955779478
Spalding Dr & Bank of America,0.0013922471863571826,0.00012397962955779478
Peachtree Pkwy & Hyatt IB,0.0013920341463033092,0.00012397962955779478
CLAIRMONT RD @ CANMONT DR,0.004810444416465184,0.00012397962955779478
Beaver Ruin Rd & Bailey Dr OB,0.003587503204350667,0.00012397962955779478
Beaver Ruin Rd & Twin Creek Dr,0.0035875336386440777,0.00012397962955779478
Beaver Ruin Rd & NE Community Church OB,0.003587548855790783,0.00012397962955779478
Beaver Ruin Rd & Price Place (across) OB,0.003587564072937488,0.00012397962955779478
CLAIRMONT RD @ DRESDEN DR,0.004810444416465184,0.00012397962955779478
RIVER RD @ RIVER MILL LN,0.0015158560690439683,0.00012397962955779478
CLAIRMONT RD @ TOBEY RD,0.004810444416465184,0.00012397962955779478
CLAIRMONT RD @ NEW PEACHTREE RD,0.004810444416465184,0.00012397962955779478
CLAIRMONT RD NE @ LAWSON WAY,0.004810444416465184,0.00012397962955779478
CLAIRMONT RD @ DYER CIR,0.004810444416465184,0.00012397962955779478
Scientific Dr & Peachtree Pkwy (UCI),0.001392018929156604,0.00012397962955779478
CLAIRMONT RD @ RAVEN HILL DR,0.004810444416465184,0.00012397962955779478
Beaver Ruin Rd & Rockborough Tr (DMV),0.0035874727700572566,0.00012397962955779478
CLAIRMONT RD @ AIRPORT RD,0.004810444416465184,0.00012397962955779478
CLAIRMONT RD NE @ GRACE ARBOR CT,0.0061522087186276836,0.00012397962955779478
CLAIRMONT RD NE @ BLACK FOX DR,0.0061522087186276836,0.00012397962955779478
Technology Pkwy & Technology Pkwy South,0.0013919428434230777,0.00012397962955779478
Old Norcross Rd & Riverside Pkwy IB,0.0017201766978554261,0.00012397962955779478
Old Norcross Rd & Benefield Elementary,0.0017201919150021314,0.00012397962955779478
Old Norcross Rd & Discovery HS IB,0.0017202071321488367,0.00012397962955779478
Technology Pkwy & Yardi Business,0.001391958060569783,0.00012397962955779478
Scientific Dr & Meridian Business Plza,0.0013920037120098987,0.00012397962955779478
Beaver Ruin Rd & Child Ntwrk Daycare OB,0.0035875184214973726,0.00012397962955779478
CLAIRMONT RD @ BRAGG ST,0.004810444416465184,0.00012397962955779478
Beaver Ruin Rd & East Hill Way OB,0.003587487987203962,0.00012397962955779478
CLAIRMONT RD NE @ PINE FOREST DR,0.0061522087186276836,0.00012397962955779478
Technology Pkwy & Research Dr,0.0013919732777164882,0.00012397962955779478
Scientific Dr & Technology Pkwy,0.0013919884948631934,0.00012397962955779478
CLAIRMONT RD @ YOUNG RD,0.004810444416465184,0.00012397962955779476
Holcomb Bridge Rd & Peachtree Corners Ci,0.0013925971807314036,0.00012397962955779476
VERBENA CIR @ SEWANEE AVE,0.0033303638593252696,0.00012397962955779476
SEWANEE AVE @ 131,0.0033303638593252696,0.00012397962955779476
Lawrenceville Hwy & Lilburn School Rd OB,0.001604891594416415,0.00012397962955779476
CARVER DR NW @ DAHLIA AVE NW,0.0033303638593252696,0.00012397962955779476
CARVER DR NW @ HYACINTH AVE NW,0.0033303638593252696,0.00012397962955779476
Lawrenceville Hwy & Harbins Rd OB,0.0016049068115631202,0.00012397962955779476
VERBENA ST NW @ 2208,0.0033303638593252696,0.00012397962955779476
VERBENA ST NW @ LAMAR AVE NW,0.0033303638593252696,0.00012397962955779476
VERBENA ST NW @ PENELOPE ST NW,0.0033303638593252696,0.00012397962955779476
PENELOPE ST NW @ TORRENCE ST NW,0.0033303638593252696,0.00012397962955779476
PENELOPE ST NW @ AARON ST NW,0.0033303638593252696,0.00012397962955779476
Lawrenceville Hwy & Shell/Lilburn Animal,0.0016048611601230044,0.00012397962955779476
Lawrenceville Hwy & Arcado Rd IB,0.0018895587578316186,0.00012397962955779476
Lawrenceville Hwy & Pizza Hut IB,0.0018895739749783238,0.00012397962955779476
LINE ST @ LINE CIR,0.002020380568056695,0.00012397962955779476
LINE ST @ FAIRLEE DR,0.002020380568056695,0.00012397962955779476
CLAIRMONT RD @ W HARDEE AVE,0.004810444416465184,0.00012397962955779476
Lawrenceville Hwy & Harmony Grove Rd OB,0.0016049524630032358,0.00012397962955779476
Holcomb Bridge Rd & Gwinnett Walk Plaza,0.0013925515292912878,0.00012397962955779476
Peachtree Pkwy & Peachtree Corner Cir IB,0.001392079797743425,0.00012397962955779476
Triangle Pkwy & Triangle Dr,0.001392216752063772,0.00012397962955779476
Peachtree Pkwy & Triangle Dr,0.0013922015349170668,0.00012397962955779476
CLAIRMONT RD NE @ BRIARCLIFF RD NE,0.0061522087186276836,0.00012397962955779476
Peachtree Pkwy & Quicktrip IBOB (End of ,0.0013921711006236563,0.00012397962955779476
CLAIRMONT RD NE @ MT BRIAN RD,0.0061522087186276836,0.00012397962955779476
CLAIRMONT RD NE @ COUNCIL BLUFF DR,0.0061522087186276836,0.00012397962955779476
CLAIRMONT RD NE @ BARONE AVE NE,0.0061522087186276836,0.00012397962955779476
Peachtree Pkwy Plaza IB,0.0013920493634500145,0.00012397962955779476
Lawrenceville Hwy & Stone Center OB,0.0016050437658834673,0.00012397962955779476
Peachtree Pkwy & Weslayan School OB,0.0013920645805967197,0.00012397962955779476
Lawrenceville Hwy & Braxton Pl,0.001605028548736762,0.00012397962955779476
Medlock Bridge Rd & Animal Hospital,0.0013923537063841194,0.00012397962955779476
N Peachtree St & Reps Miller Road,0.0013923689235308247,0.00012397962955779476
Lawrenceville Hwy & KED Plasma US OB,0.0016049981144433516,0.00012397962955779476
I-85 ACCESS RD NORTH (N.E. EXPY) @ WOODCOCK BLVD,0.003248556478637819,0.00012397962955779476
Holcomb Bridge Rd & Citgo Gas Station,0.0013925363121445825,0.00012397962955779476
3119 Reps Miller Rd Office Park,0.0013923993578242352,0.00012397962955779476
Peachtree Pkwy & Piedmont Bank,0.0013921102320368353,0.00012397962955779476
Reps Miller Rd & Race Track,0.0013924145749709405,0.00012397962955779476
Medlock Bridge Rd & P'tree Corners Cir,0.0013921254491835405,0.00012397962955779476
Lawrenceville Hwy & Kenvilla Dr OB,0.0016049828972966463,0.00012397962955779476
Peachtree Corners Cir & Davinci Ct IB,0.0013921406663302458,0.00012397962955779476
P'tree Ind Blvd & Peachtree Corners Cir ,0.0013924602264110562,0.00012397962955779476
Peachtree Industrail Blvd & Target Plaza,0.0013924754435577615,0.00012397962955779476
Peachtree Corners Cir & CHASE Bank IB,0.001392155883476951,0.00012397962955779476
Holcomb Bridge Rd & Bank of America OB,0.0013924906607044667,0.00012397962955779476
Indian Trail Rd & Steve Reynolds Blvd,0.001889817449325608,0.00012397962955779476
Lawrenceville Hwy & Rockbridge Rd (Walgr,0.0016049372458565305,0.00012397962955779476
Holcomb Bridge Rd & Ryan Rd,0.001392505877851172,0.00012397962955779476
Holcomb Bridge Rd & The Corners Pkwy OB,0.0013925210949978773,0.00012397962955779476
Indian Tr & Wuthering Way (CPA) IB,0.0018898022321789027,0.00012397962955779476
Peachtree Corners Cir & Pineland Woods D,0.0013926123978781088,0.00012397962955779476
EMPIRE BLVD SW @ 3485,0.0037334508584007673,0.00012397962955779476
EMPIRE BLVD SW @ EMPIRE WAY SW,0.0037334508584007673,0.00012397962955779476
EMPIRE BLVD SW @ MT ZION RD SW,0.0037334508584007673,0.00012397962955779476
EMPIRE BLVD SW @ GLENROSE CIR SW,0.0037334508584007673,0.00012397962955779476
Lawrenceville Suwanee & Radio Shack,0.0008807532341534492,0.00012397962955779476
Technology Pkwy & City Hall,0.0013919124091296671,0.00012397962955779476
Technology Pkwy at 157 Tech Pkwy,0.0013919276262763724,0.00012397962955779476
Lawrenceville Hwy & Wal-Mart,0.0008807684513001545,0.00012397962955779476
PENELOPE ST NW @ COLLUM ST NW,0.0033303638593252696,0.00012397962955779473
Lawrenceville Hwy & Hillcrest Rd OB,0.0016048459429762992,0.00012397962955779473
Lawrenceville Hwy & Indian Trail Rd,0.001604830725829594,0.00012397962955779473
Lawrenceville Hwy & Wynne Russell Dr,0.0016048155086828887,0.00012397962955779473
Lawrenceville Hwy & Don Pedro OB,0.0016047242058026571,0.00012397962955779473
Lawrenceville Hwy & Popeyes OB,0.0016047394229493624,0.00012397962955779473
Brook Hollow Pkwy & Jimmy Carter Blvd OB,0.0014125164257685822,0.00012397962955779473
Peachtree Pkwy & Forum IB,0.0013920950148901302,0.00012397962955779473
Lawrenceville Hwy& Berkmar Middle Sch OB,0.0016047698572427729,0.00012397962955779473
Brook Hollow Pkwy & Financial Dr OB,0.001412501208621877,0.00012397962955779473
Lawrenceville Hwy & Providence,0.0016048002915361834,0.0001239796295577947
Live Oak Pkwy & Brookside Apartments,0.0014123642543015296,0.0001239796295577947
Brook Hollow Pkwy & EBD OB,0.0014124555571817612,0.0001239796295577947
Live Oak Pkwy at Lakeside Corporate Ct,0.0014123946885949402,0.0001239796295577947
Oakbrook Pkwy & Oakbrook Lake Dr OB,0.0014124099057416454,0.0001239796295577947
Oakbrook Pkwy & Oakbrook Dr,0.0014124251228883507,0.0001239796295577947
Center Way & Reece  Supply OB,0.001412440340035056,0.0001239796295577947
Brook Hollow Pkwy & Spring Lake Apts OB,0.0014124707743284665,0.0001239796295577947
Lawrenceville Hwy & Merchants Walk OB,0.0016047850743894782,0.0001239796295577947
Brook Hollow Pkwy &Victory World Church,0.0014124859914751717,0.0001239796295577947
Lawrenceville Hwy & Beaver Ruin Rd OB,0.0016047546400960676,0.0001239796295577947
Live Oak Pkwy & Live Oak Plaza OB,0.0014123490371548244,0.00012397962955779468
McDonough Dr & Wilwat Dr (past street),0.001412272951421298,0.00012397962955779468
Dawson Blvd & Carter Center Plaza,0.0014123186028614139,0.00012397962955779468
Live Oak Pkwy & Oaklake Office Center,0.001412379471448235,0.00012397962955779468
Dawson Blvd & Gateway Business Park,0.0014123033857147086,0.00012397962955779468
Dawson/Live Oak & Jimmy Carter Blvd,0.0014123338200081191,0.00012397962955779468
McDonough Dr & Dawson Blvd,0.0014122881685680033,0.00012397962955779468
CHURCH ST @ NORRIS ST,0.011730548400706793,0.00012395443857903462
WESTVIEW DR SW @ LANGHORN ST SW,0.0042805377167480915,0.00012394454063510818
County Services Pkwy at Cobb County Park And Recre,0.00044919495359241985,0.00012392906130164532
LINDBERGH DR NE @ MOROSGO WAY,0.0006508677988771633,0.00012384161804163796
KIMBERLY MILL RD @ KEENAN RD,0.0010111337471240733,0.0001238367140844468
PEACHTREE ST @ 3RD ST NE,0.01372345441038715,0.00012383661383435877
Delk Rd at Brunswick Bowling Lane,0.0004431537463504336,0.00012383207505933173
LAVISTA RD @ HENDERSON MILL RD NE,0.002657735540659592,0.0001238263215547413
SOUTHAMPTON RD @ GODBY RD,0.002029647810400195,0.00012380938980395312
MORELAND AVE @ 1460,0.006055671139929546,0.00012380177511435447
Jimmy Carter Blvd & RR Tracks,0.0020977597590529163,0.00012379701479648558
6695 Jimmy Carter Blvd,0.0020977445419062112,0.00012376874466247395
Jimmy Carter Blvd & Maxzone Depo,0.0020977293247595057,0.00012373420681969775
17TH ST NW @ MARKET ST NW,0.010299139887303637,0.00012371225931813275
Bells Ferry Rd at Skip Wells Park,0.00038826549818457914,0.00012370104659742404
JOSEPH E BOONE BLVD @ SIMPSON TER NW,0.001973161761830289,0.00012369690592217375
Jimmy Carter Blvd & Pacific Dr (Granite),0.0020977141076128007,0.0001236895137559929
ATLANTA AVE SE @ FRASER ST SE,0.007786362886158304,0.00012368270837009716
ENGLISH AVE NW @ NORTH AVE NW,0.0012410115738270067,0.00012367295950185939
HIGHTOWER RD @ SAINT JAMES AVE NW,0.0017563022041337012,0.0001236649778764896
MCDONOUGH BLVD SE @ MORELAND DR SE,0.002027753275635391,0.00012364985686418655
Jimmy Carter Blvd & W Peachtree St,0.0020976988904660952,0.00012363881206905246
MEMORIAL DR SE @ DANIEL AVE,0.009067555335860535,0.0001236376332242791
Spring Rd SE at Atlanta Rd,0.0005024245327674015,0.00012361821980967963
N MAIN ST @ WATER OAK PL,0.0004398668426620986,0.00012360799636506638
PEACHTREE ST NE @ NORTH AVE NE,0.01372345441038715,0.00012358824835629573
MCDONOUGH BLVD SE @ WELCH ST SE,0.002027753275635391,0.00012358305832840227
Jimmy Carter Blvd & S Peachtree St,0.00209768367331939,0.00012358087728104239
Breckinridge Blvd & Boggs Rd,0.0037716154623375466,0.00012356686529175364
N INDIAN CREEK DR @ 555,0.015189512366838171,0.00012355773361148205
DEERFIELD PKWY @ MORRIS RD,0.0052558655176747,0.00012355007917146533
S Marietta Pkwy at Manget St,0.005997047082247552,0.00012352668978900946
Jimmy Carter Blvd & Los Portales Rest,0.0020976684561726847,0.0001235109566615249
BRIARWOOD RD @ 1750,0.0009965100691403234,0.00012350369667303663
MORELAND AVE @ MORELAND INDUS BLVD,0.006055671139929546,0.00012349194332217652
FLINTWOOD DR SE @ FLAGSTONE DR,0.0011119625611930924,0.0001234768321723129
Spring Rd SE at Village Pkwy,0.000502454967060812,0.00012345498580393577
PEACHTREE ST @ 5TH ST,0.01372345441038715,0.0001234534260072841
COVINGTON HWY @ 5107,0.009473695909041555,0.0001234385963112879
W TRINITY PL @ SWANTON WAY,0.006863275549870835,0.0001234319808999737
Jimmy Carter Blvd & Best Friend Park,0.0020976532390259797,0.00012342898724802896
MONTREAL RD @ ALCAN WAY,0.01220634292674,0.00012338287572561096
ATLANTA AVE SE @ HANK AARON DR,0.007786362886158304,0.0001233438726687283
BOULDERCREST RD SE @ CLIFTON CHURCH RD,0.0027927268490819082,0.00012332354234282028
COVINGTON HWY @ 5103,0.009473695909041555,0.00012332245476827884
N DECATUR RD @ WINN WAY,0.010744013171231765,0.00012332053135193297
Jimmy Carter Blvd & Forest Vale Apts,0.0007208058051345149,0.00012328598106412406
CLIFTON RD NE @ GAMBRELL DR,0.0012415061310949275,0.0001232789078886947
PEACHTREE ST @ 4TH ST NE,0.01372345441038715,0.00012326900635349533
HUTCHENS RD SE @ DONNEBROOK LN SE,0.020632518354694096,0.00012324668824443278
PERRY BLVD NW @ MOORE ST NW,0.0005235459323942954,0.00012321686194918457
S Cobb Dr at Mill Pond Rd,0.0002125074537388849,0.00012321570582071134
ATLANTA AVE SE @ MARTIN ST SE,0.007786362886158304,0.00012321504975670134
Breckinridge Blvd & Executive Dr S,0.005940987113785393,0.00012311381966041373
BOULDERCREST RD @ 2151,0.0027927268490819082,0.00012311065108023888
BUFORD HWY NE @ KNOLL PL NE,0.001330359050706911,0.00012309866981235346
SOUTH FULTON PKWY @ DERRICK RD,0.00030344512244948827,0.00012307822094578257
BURTON RD NW @ HOLLIS TER NW,0.01222792084076805,0.00012307433270776762
LAKEWOOD AVE SE @ ADAIR AVE SE,0.00554567607667628,0.00012305939381144666
CECILIA DR SE @ BRANNEN RD SE,0.004472623759608525,0.00012304226534096517
HAYNES BRIDGE RD @ 11770,0.0019120801349553958,0.00012303208411862488
SARR PKWY @ 4401,0.0023163388543271978,0.00012302907638998527
GLENWOOD AVE SE @ SUMMIT DR,0.006314727845439806,0.0001230247772610605
S HAIRSTON RD @ FIELDGREEN DR,0.004713445250983653,0.00012296849247930356
PEACHTREE ST @ ELLIS ST,0.01372345441038715,0.0001229572644872827
PEACHTREE ST NE @ IVAN ALLEN JR BLVD,0.01372345441038715,0.0001229546379154319
Indian Trail Rd & Sterling Glen OB,0.0016045111657487835,0.00012294929518357544
Buford Hwy & Peach Corners Dist Ctr,0.0004062369484434852,0.0001229322323805715
BRANNEN RD @ DIANNE CT,0.004472623759608525,0.00012291720256084424
MCAFEE RD @ PARKER AVE,0.012645385507288895,0.00012289398008416067
BROWNTOWN RD NW @ 2571,0.004572767802075807,0.0001228446193273176
GEORGIA AVE SE @ MARTIN ST SE,0.014015372544207408,0.00012284159768309082
MT ZION PKWY @ MT ZION RD,0.0036339611532418105,0.00012280374059937972
LAKEWOOD AVE SE @ OWEN ST SE,0.00554567607667628,0.0001227961463496526
BOULDERCREST RD SE @ WESTSIDE PL,0.0027927268490819082,0.0001227873274013446
DONALD L HOLLOWELL PKWY @ PIERCE AVE NW,0.05587473013531604,0.00012275989369608126
PEACHTREE RD @ LINDBERGH DR,0.005523489476780019,0.0001227571126451972
STONEWALL DR SE @ OHARA PL SE,0.011457065840119952,0.00012274510281298063
BRIARCLIFF RD NE @ WILLOW LAKE DR NE,0.002648848726983723,0.000122742929144048
LAWRENCEVILLE HWY @ 3591,0.006421582649604106,0.00012271507017664005
PLEASANTWOOD DR @ PLEASANT POINT DR,0.00023521143662312522,0.0001227076358142587
DERRICK INDUSTRIAL PKWY @ 4505,0.00030344512244948827,0.00012270180886439646
ATLANTA AVE SE @ CHEROKEE AVE SE,0.007632365361501124,0.00012266536745035909
Aviation Rd at Roswell St,0.00013944993240695605,0.00012266278710555364
COLUMBIA DR @ RAINBOW DR,0.003779178384250058,0.0001226617735865969
LAKEWOOD AVE SW @ TERRACE WAY SE,0.00554567607667628,0.0001226460524929572
NORTH AVE NW @ EVELYN PL NW,0.001639769294664859,0.00012264388978613342
Concord Rd SE at Mccaulley Rd,0.0005024093156206962,0.0001226202962703151
LAKEWOOD AVE SE @ CONRAD AVE SE,0.00554567607667628,0.000122599998858143
SNAPFINGER RD @ ROLLINGVIEW DR,0.002762132775630993,0.00012259452629356858
BOULDERCREST RD SE @ 1470,0.004036855401792374,0.00012256130224711417
SNAPFINGER WOODS DR @ LITHONIA WAY,0.007533461516490319,0.00012254970183858647
OAKLEY INDUSTRIAL BLVD @ COATES DR,0.002625505623937862,0.00012254461358375554
LAKEWOOD AVE SE @ CLAIRE DR SE,0.00554567607667628,0.00012250123518772255
WILLINGHAM DR @ BACHELOR AVE,0.04489422475094679,0.0001224969884970992
ROLLINGWOOD LN SE @ FLINTWOOD DR,0.0011119625611930924,0.00012248103199846087
W TRINITY PL @ COMMERCE DR,0.006863275549870835,0.000122470512066782
FAIRBURN RD @ MELVIN DR SW,0.0025440482376246324,0.0001224653929342477
HUTCHENS RD SE @ KING SMITH RD SE,0.02090670090402938,0.000122426464583846
SNAPFINGER RD @ AUSTIN DR,0.002762132775630993,0.00012239502373529777
Jimmy Carter Blvd & Amway Products Dist,0.0020990988679629786,0.00012231599104219363
BRIARCLIFF RD @ LAVISTA RD,0.004957183362143957,0.000122303274565666
PEACHTREE RD NW @ WESLEY RD NW,0.005523489476780019,0.00012227021281102573
HOSEA L WILLIAMS DR @ WOODBINE AVE SE,0.0008087304787974777,0.00012223534911960955
CADIZ CIR @ CADIZ LN N,0.00010116359129653468,0.00012222704067022227
Cumberland Pkwy at Adams Lake Blvd,0.00026588920438091915,0.00012222286096444292
FAIRBURN RD @ 1581,0.0025440482376246324,0.00012222110407683203
Old Norcross Rd & Breckinridge Blvd(WF),0.003920560894288582,0.0001222207564575321
N Berkeley Lake Rd & Storage OB,0.0003774917583172587,0.00012220384268016836
FAIRBURN RD @ GARRISON DR,0.0025440482376246324,0.00012220197543192146
HOSEA L WILLIAMS DR @ WYMAN ST SE,0.0008087304787974777,0.000122194659383679
Spring Rd SE at Jonquil Dr,0.0005024397499141068,0.0001221382254586582
CADIZ CIR @ CADIZ LN S,0.00010116359129653468,0.0001221038894278644
BRIARCLIFF RD @ HENDERSON MILL RD,0.004957183362143957,0.00012210097021426517
BUFORD HWY NE @ BRAGG ST,0.0022919457681586743,0.00012208945994849883
BOULDERCREST RD SE @ BOULDERWOODS DR,0.004036855401792374,0.00012207388463305197
BROWNLEE RD NW @ DELMAR LN NW,0.0047275414012149545,0.0001220612938155795
Factory Shoals Rd at S Gordon Rd,0.0008353909198250844,0.00012205459785302156
CLAIRMONT RD NE @ TANGLEWOOD CIR,0.0061522087186276836,0.0001220487444300184
Church St at Sessions St,0.00030075168748265813,0.000122044511124404
N HIGHLAND AVE @ E ROCK SPRINGS RD,0.009333231500187581,0.00012203988347887364
Jimmy Carter Blvd & Pacific Dr,0.0020990836508162736,0.0001220143631038914
I-85 ACCESS RD NORTH (N.E. EXPY) @ 3265,0.003248556478637819,0.00012199575773309197
MARIETTA ST NW @ ROCKDALE ST NW,0.002049217061063153,0.0001219827443030655
BOULDERCREST RD SE @ 2321,0.0027927268490819082,0.00012198107685347886
AMAZON BUS LOOP,0.00030344512244948827,0.00012194957005155497
PEACHTREE RD @ INGERSOLL RAND DR,0.0007348207972500546,0.00012194326186062437
AJAX DR NW @ ABNER TER NW,0.0005701256184590806,0.00012194255889215783
EDGEWOOD/CANDLER PARK STATION - NORTH LOOP,0.0002023119654463641,0.00012192362459008648
Collins Hill Rd & Park Access Dr IB,0.0005230133322596114,0.00012189383451327338
S Cobb Dr at Magnolia Dr,0.00021249223659217963,0.0001218905958355395
DERRICK INDUSTRIAL PKWY @  DERRICK INDUSTRIAL DR,0.00030344512244948827,0.00012186656988880199
BUFORD HWY NE @ 4416,0.0022919457681586743,0.00012184963244573125
MORELAND AVE SE @ BERNE ST SE,0.015691039087949964,0.0001217997738236104
SYLVAN RD @ PEGG RD,0.004969494033828508,0.00012179822239479274
PLEASANTDALE RD @ 4025,0.0039661210315241145,0.00012179800915269886
Buford Hwy & Norcross Industrial Ct,0.00040622173129678,0.00012178729196658268
McDonough Dr & Young Ct OB,0.0014122425171278876,0.00012178089116470007
CAMP DR @ STONEWALL TELL RD,0.008995038023236644,0.00012176930788110194
S ROYAL ATLANTA DR @ 5087,0.0015613096862525648,0.00012176536397694453
BUFORD HWY NE @ AFTON LN NE,0.001330359050706911,0.0001217484799121061
FAIRBURN RD @ SUTTLES DR,0.0025440482376246324,0.00012174345972713378
Buford Hwy & Suzanne's Kitchen,0.00037750697546396394,0.00012173199758011238
ROOSEVELT HWY @ TATUM RD,0.0010104033240822211,0.00012172345457460508
PETERS ST SW @ WALKER ST SW,0.001536840514350515,0.00012172087875250492
COUNTY LINE RD SW @ SAHARA DR,0.0027260757465128915,0.0001217119036000285
PLEASANTDALE RD @ 4021,0.0039661210315241145,0.00012169617060101804
WESTWOOD AVE SW @ MANSON AVE SW,0.01353253247924967,0.00012168874176272861
Roswell St at Waddell St,0.0011542205775935852,0.00012167284822575257
Peachtree Center Avenue at John Wesley Dobbs Avenue,8.503341578896447e-05,0.00012165698536560735
BUFORD HWY NE @ 3580,0.001330359050706911,0.00012161279710345434
N Berkeley Lake Rd & The Estates Apts OB,0.0003774765411705534,0.00012155389311555977
NORTHEAST EXPY @ 2805,0.003248556478637819,0.00012153740049684113
Collins Hill Rd & Hurricane Shoals Rd IB,0.0005229981151129062,0.00012152439935038877
Sweetwater Rd & Club Dr (FedEx/Kinkos),0.002268343973618824,0.00012151407461136377
BOULDERCREST RD SE @ FOXHALL LN SE,0.004036855401792374,0.0001215118266264477
OLD DIXIE RD @ UPPER RIVERDALE RD,0.020225647358471224,0.00012150503701207683
CLIFTON RD NE @ HOUSTON MILL RD NE,0.0012415061310949275,0.00012150346366541164
JULIETTE RD @ TREE MOUNTAIN PKWY,0.0008090652560249933,0.00012147610311623422
Cumberland Pkwy SE at Mt Wilkinson Pkwy,0.0002658739872342139,0.00012145418879854123
Buford Hwy & Langford Rd (Magnolia Plaza,0.0004062065141500747,0.00012142504245659183
Technology Pkwy near Hampton Inn,0.0013918971919829619,0.0001214231273640679
PIEDMONT RD NE @ TOWER PLACE DR NE,0.001517803863822241,0.00012141813762811215
NORTHEAST EXPY @ PEACHWOOD CIR S,0.003248556478637819,0.00012141494184662809
S STONE MOUNTAIN LITHONIA RD @ CHAPMAN RD,0.0029245377738428262,0.00012140729504412162
MAIN ST @ W RUGBY AVE,0.02765978148603411,0.00012139100914940196
McDonough Dr & Webb Dr OB,0.0014122272999811823,0.00012138934126565737
JONESBORO RD @ REYNOLDS RD,0.016665281399078264,0.00012138834669919886
DELMAR LN @ 3362,0.0047275414012149545,0.00012137171024246196
BRIARCLIFF RD NE @ 2195,0.002648848726983723,0.00012136134882396793
Jimmy Carter Blvd & Martins Rest OB,0.002099114085109684,0.00012135776495244278
SNAPFINGER RD @ CHESTNUT HILL CIR (W),0.002762132775630993,0.0001213491102377168
ROLLINGWOOD LN SE @ 2796,0.0011119625611930924,0.0001213447345634711
TILLY MILL RD @ STEPHENS WALK,0.0015580379997109349,0.00012132820016444397
SULLIVAN RD @ SOUTHPORT RD,0.0006435635684586408,0.00012132589399295709
MEMORIAL DR SE @ EASTSIDE AVE SE,0.012043237939779725,0.0001213236872420478
CEDAR ST @ 3RD AVE,0.019855880838298003,0.00012127773165128137
MOUNTAIN INDUSTRIAL BLVD @ 2145,0.003349309206973312,0.00012126384299070175
CHUPP RD @ MACEDONIA DR,0.001720093003548547,0.0001212508761866252
ROSWELL RD @ CIMARRON PKWY,0.001801710169902182,0.00012124906467102735
BROWNLEE PL SW @ BROWNLEE RD SW,0.0047275414012149545,0.00012124393414960784
Buford Hwy & Button Gwinnett Dr IB,0.007077297109706893,0.00012123609788253104
LYNHURST DR SW @ LYNWAY LN SW,0.0025316310459131443,0.00012119498422681152
CHEROKEE AVE @ GRANT PARK PL,0.007632365361501124,0.00012118609874372678
Jimmy Carter Blvd & Panda Cab & Granite ,0.002099053216522863,0.00012117807995968568
BUFORD HWY NE @ 3610,0.001330359050706911,0.00012116856052081756
SR 85 @ EAGLES CROSSING WAY,0.00809614595021053,0.00012115949233269346
PLEASANTDALE RD @ 3845,0.0039661210315241145,0.0001211446428074879
Church St at Kennesaw Ave,0.0003007669046293634,0.0001211224010966762
EXECUTIVE PARK DR @ 6,0.007692457873840175,0.00012106526932412589
PIEDMONT RD NE @ CARSON LN NE,0.001517803863822241,0.00012106269266502932
Buford Hwy & S Old Peachtree Rd OB,0.00037753740975737446,0.00012099078633932177
VICKI LN SE @ FLAGSTONE DR,0.0011119625611930924,0.00012098844523445487
NATHAN RD @ 181,0.0047275414012149545,0.00012098815926378276
PEACHTREE ST @ 6TH ST,0.01372345441038715,0.0001209441483879808
McDonough Dr & DACA Specialty Svc OB,0.001412212082834477,0.00012093855291778538
Singleton Rd & Texaco Gas Station,0.003486309178760722,0.00012084326458892765
POLAR ROCK TER SW @ POLAR ROCK RD SW,0.0008088826502645303,0.00012083283173161416
MT ZION RD @ LAUREL CREEK DR,0.0011117343039925135,0.000120799666297875
BROWNLEE RD @ MARTIN LUTHER KING J D,0.0047275414012149545,0.00012077781467325461
CLIFTON SPRINGS RD @ WILDCAT RD,0.0010273247912184645,0.00012077448896056283
BUFORD HWY NE @ 3658,0.001330359050706911,0.00012077379599817072
Peachtree Center Avenue at Auburn Avenue,8.501819864225921e-05,0.00012076974071205569
VIRGINIA AVE @ COLLEGE ST,0.0025063249309423053,0.00012076738705848919
WASHINGTON RD @ ROOSEVELT HWY,0.02128248834191565,0.00012076625140364957
ATLANTA STUDENT MOVEMENT BLVD @ JOHN HOPE DR SW,0.005476818487835002,0.00012076440004224286
PEACHTREE RD NE @ CANTRELL RD NE,0.004339732417431534,0.00012076398418954762
HILLANDALE DR @ FAIRINGTON RD,0.005733927398566989,0.00012076227963576537
LA FRANCE ST @ WHITEFOORD AVE,0.0002023119654463641,0.00012075210680999023
Indian Trail Rd & TreeTrl Village Plz,0.002078160074096548,0.00012074884755012839
Jimmy Carter Blvd & Best Friend Rd IB,0.002097622804732569,0.00012074483635878694
METROPOLITAN PKWY SW @ SHELTON AVE SW,0.007456051891200688,0.00012073829168518095
DEFOOR AVE NW @ CLAREMONT ST NW,0.0015291254209709507,0.00012072406255502575
ROSWELL RD @ NORTHRIDGE CROSSING DR,0.002409528660750179,0.00012069034924068041
CASCADE RD @ LYNHURST DR,0.0025316310459131443,0.00012067468081376968
FLAT SHOALS RD @ 4483,0.0028409956384309767,0.00012067166883756022
REDFORD DR @ NATHAM DR,0.0006234160662208834,0.00012065672136824765
BENJAMIN E MAYS DR SW @ VELTRE CIR SW,0.011953738291432767,0.00012064006907041812
Buford Hwy at Pleasantdale Rd IB,0.007077281892560188,0.0001206228313566243
REBEL FOREST DR SE @ FORREST PARK RD,0.0006234160662208834,0.00012058736103728987
TARRAGON WAY SW @ WILSON MILL RD SW,0.0015158560690439683,0.00012056791651116638
GEORGIA AVE SE @ GRANT TER SE,0.013692662514029067,0.00012053951430262901
FAIRBURN RD SW @ 405,0.0036664345443108244,0.00012053336750040698
GEORGIA AVE SE @ AMI ST SE,0.013852168645793549,0.00012050568211588103
CLAIRMONT RD @ SKYLAND RD,0.004810444416465184,0.00012050058006945664
OLD COLONY RD @ RIGGS DR,0.0021212398164191246,0.00012048445147434182
CHURCH ST @ 1471,0.012240444552506474,0.00012048039286136872
FAIRBURN RD @ NEWHALEM ST,0.0025440482376246324,0.0001204618777721657
LA FRANCE ST NE @ WHITEFOORD AVE NE,0.0002023119654463641,0.00012046147920207219
PIEDMONT RD NE @ 3558,0.001517803863822241,0.00012045734840643562
CHURCH ST @ 1429,0.012240444552506474,0.0001204367961350645
LAVISTA RD @ SHEFFIELD DR,0.002648848726983723,0.0001204095074609294
PIEDMONT RD NE @ 3500,0.001517803863822241,0.00012040714355207011
Graves Rd & McDonough Dr OB,0.0014121968656877718,0.00012040336359265313
Martin Luther King Junior Drive at Peachtree Street,0.007425115431948904,0.00012038599840142236
POLAR ROCK TER SW @ POLAR ROCK DR SW,0.0008088826502645303,0.00012036981624743135
POLAR ROCK TER @ POLAR ROCK RD,0.0008088826502645303,0.00012034617499806675
Mitchell Rd & Goodwick Way,0.0031254041103521914,0.00012033753608668921
SNAPFINGER RD @ CHESTNUT HILL CIR (E),0.002762132775630993,0.00012033583908006875
HOSEA L WILLIAMS DR @ HOWARD ST SE,0.0019174365705956456,0.00012031669805078111
S ROYAL ATLANTA DR @ 4950,0.0015613096862525648,0.00012030231007128492
Steve Reynolds Blvd & Hillcrest Ct OB,0.003486293961614017,0.00012029121302693679
COVINGTON HWY @ 3408,0.011729095163196441,0.00012029095666076539
I-85 ACCESS RD NORTH (N.E. EXPY) @ 3001,0.003248556478637819,0.00012027364959499718
ATLANTA STUDENT MOVEMENT BLVD @ ELM ST SW,0.005476818487835002,0.00012027015549655201
Buford Hwy at Green Auto Body IB,0.0070772666754134825,0.00012026237824081432
SYLVAN RD @ JEFFERSON AVE,0.004587239308592505,0.0001202616295182109
HARBIN RD SW @ 1352,0.0025316310459131443,0.00012023848827824807
LAKEWOOD AVE SE @ MILLER REED AVE SE,0.007035769516348252,0.00012022723446803484
Stone Mountain St & Charter St,0.0008806010626863967,0.0001201993380933866
S CANDLER ST @ 206,0.0009235590678353313,0.00012019808194400105
BENJAMIN E MAYS DR SW @ BOB WHITE DR SW,0.011953738291432767,0.00012019408386240959
PEACHTREE RD NE @ CLUB DR NE,0.004339732417431534,0.00012018531105690213
TIGER FLOWERS DR NW @ 2219,0.0033303638593252696,0.00012018328413678655
DEFOOR AVE NW @ HARPER ST NW,0.0021669216908283,0.00012017367435956659
Jimmy Carter Blvd & O'Riley,0.0020976075875858637,0.00012016968004766268
I-85 ACCESS RD SOUTH (N.E. EXPY) @ 2550,0.0030521944175532097,0.00012016322295406407
MOUNTAIN INDUSTRIAL BLVD @ S ROYAL ATLANTA DR,0.0015613096862525648,0.00012015699104505367
Powder Springs St at Cunningham Rd,0.00044911886785889356,0.00012014097751792649
PEACHTREE RD @ 3669,0.004339732417431534,0.00012013372922911318
COUNTY LINE RD SW @ ROLLING HILL RD S,0.0027260757465128915,0.00012012105499140834
DEFOOR AVE NW @ SPRINGER ST NW,0.0025730064678047325,0.00012011957242890218
JONESBORO RD @ CITIZENS PKWY,0.0038947526134764693,0.00012011600349665243
LAWRENCEVILLE HWY @ HEBRON HILLS DR,0.007059028925087234,0.00012009337272982131
Hurricane Shoals Rd & Curtis Rd IB,0.0005229828979662009,0.00012009081367108279
Spring Rd at Spring Creek Pl,0.0005024701842075173,0.00012007735366235064
POLAR ROCK TER SW @ POLAR ROCK PL SW,0.0008088826502645303,0.00012007213844588056
Buford Hwy & Smith Ridge Trace,0.00040619129700336946,0.00012005790820175652
HOLCOMB BRIDGE RD @ MARKET BLVD,0.003833807940921923,0.0001200422746836753
E PONCE DE LEON AVE @ VALLEY BROOK RD,0.0048620229352226456,0.00012004086051510882
ROSWELL RD @ TROWBRIDGE RD,0.001801710169902182,0.00012004085062909965
COUNTY LINE RD SW @ FERNBANK DR SW,0.0027260757465128915,0.00012002364319029676
Buford Hwy & Gravitt Tr (across) OB,0.0003775221926106692,0.0001200156126153345
FLAT SHOALS RD @ LEAFWOOD TRL,0.0011628182654820542,0.00012000839537845375
STONE MOUNTAIN ST @ TRIBBLE ST,0.0023662815298138447,0.00011999950726291288
AIRPORT STATION,0.0,0.00011997752856329378
COUNTY LINE RD SW @ KIMBALL RD SW,0.0027260757465128915,0.00011997478320944805
MT ZION RD @ 2846,0.0011117343039925135,0.00011996895817926464
CHURCH ST @ 1391,0.012240444552506474,0.00011995429371634901
CHURCH ST @ FORKNER DR,0.012240444552506474,0.00011995264282755659
BENJAMIN E MAYS DR @ MOCKINGBIRD LN SW,0.011953738291432767,0.00011991946075330776
NORTHEAST EXPY @ PEACHWOOD CIR N,0.003248556478637819,0.00011991587846211778
Spring St just before Linden Ave,0.00028039114519102707,0.00011989113710789376
CHUPP RD @ EVANS MILL DR,0.0015694280340198183,0.00011988583127562114
MEMORIAL DR @ 3850,0.007575795618624338,0.00011987828747123493
BOULDERCREST RD @ GATES DR SE,0.004036855401792374,0.0001198412646449352
COVINGTON HWY @ DEKALB MEDICAL PKWY,0.005685202094816762,0.00011982131947079657
CLEVEMONT RD @ 4203,0.0015158560690439683,0.00011981701316119076
EXECUTIVE PARK DR NE @ ORTHO LN,0.007692457873840175,0.00011981044046081957
CLIFTON RD NE @ UPPER GATE DR NE,0.0012415061310949275,0.00011980115052192007
Church St at Hillside Ave,0.00030073647033595287,0.00011979955239836454
Lakes Pkwy & 1760 Apartment Homes IB,0.000726192675068175,0.00011979561764573137
GLENWOOD RD @ HIGH COURT PL,0.0029652969012928516,0.00011978994397018934
N DRUID HILLS RD NE @ WOODCLIFF DR,0.0049076972010584675,0.00011978124091814154
CLEVEMONT RD @ LINEVIEW DR,0.0015158560690439683,0.00011977873127942844
Graves Rd & Champoins Park Apts OB,0.0014121816485410665,0.00011977350299928238
REBEL FOREST DR SE @ NATHAM DR SE,0.0006234160662208834,0.00011976276113550129
ROLLINGWOOD LN SE @ 2684,0.0011119625611930924,0.00011975917635463255
MT ZION BLVD @ SOMERTON DR,0.0023988918752032057,0.00011974872444342678
BRIARCLIFF RD NE @ SHEFFIELD DR NE,0.002648848726983723,0.00011973481334947583
Lawrenceville Hwy & Lilburn School Rd,0.0018894370206579765,0.00011971943957946873
PEACHTREE RD NW @ TERRACE DR NE,0.005523489476780019,0.0001197042999254284
Mitchell Rd & Station Cir,0.003125388893205486,0.00011969604514500213
Steve Reynolds Blvd & Oak Loch Tr,0.0034862787444673114,0.00011964153776606416
BOULDERCREST RDSE @ MARY LOU LN SE,0.004036855401792374,0.00011962688075091153
SNAPFINGER RD @ ELKRIDGE DR,0.008808691380875209,0.00011958749184049213
PEACHTREE RD @ GRANDVIEW AVE,0.006621726171644971,0.00011957933935017464
Lonnie Harvel Blvd & Sugar Oak Ln OB,0.0003387641199523849,0.00011957812556310729
BOLTON RD @ BARNETT DR,0.0016447833445042406,0.00011956860189448685
Powder Springs Rd at Chapel Dr,0.0004491340850055988,0.00011954719194211692
Old Norcross Rd & Showroom (Raco Dr),0.0017201462635620156,0.00011951583942290266
MT ZION RD @ WINNSTEAD WAY,0.0011117343039925135,0.00011951489611032468
BOULDERCREST RD SE @ SUGAR MILL DR,0.004036855401792374,0.00011950978066772682
N Norcross Tucker Rd & Pelican Dr IB,0.0020975923704391586,0.00011949914597834537
S CANDLER ST @ COLLEGE AVE,0.0009235590678353313,0.00011948683254059967
PERRY BLVD @ MOORE ST,0.0006992583253998738,0.0001194612376427351
MCDONOUGH RD @ JAMES MADISON DR,0.002020380568056695,0.00011943517621750975
PEACHTREE RD @ BOLLING WAY NE,0.006621726171644971,0.00011943044751510436
Hurricane Shoals Rd & Whitehall Ln IB,0.0005229676808194957,0.00011940237546658264
MCDONOUGH RD @ TARA BLVD,0.002020380568056695,0.00011939417151237802
PEACHTREE RD @ ROXBORO RD NE,0.004339732417431534,0.00011938559808815662
W HILL ST @ S MCDONOUGH ST,0.0009777245015326862,0.00011936000478708874
Fairground St at Lawrence St,0.00025226985807971596,0.00011935918861629284
Jimmy Carter Blvd & Norhtbelt Dr,0.002097638021879274,0.00011935756530480587
EASTLAND RD SE @ LAKE DR SE,0.004620001825448919,0.0001193357827438282
NORTHEAST EXPY @ 2515 (EXIT),0.003248556478637819,0.00011933164571099794
CHAMBLEE TUCKER RD @ LAVISTA RD,0.002290728396422254,0.00011932904779946913
POLLARD BLVD @ LITTLE ST,0.010844811551007373,0.00011930713186806557
CLEVEMONT RD @ CLEVEMONT WAY,0.0015158560690439683,0.00011930147411952927
FAIRBURN RD @ UTOY SPRINGS,0.0025440482376246324,0.0001192703290875326
PERRY BLVD NW @ ODESSA DR,0.0016960727374743024,0.00011925305543916044
Central Avenue at Wall Street,8.500298149555395e-05,0.00011924552324782295
SNAPFINGER WOODS DR @ FRIENDLY HEIGHTS BLVD,0.00806872465184766,0.00011924155036990305
OLD FARM RD @ LAJEAN DR,0.00041068035528141965,0.00011922929957498409
GRAYWALL ST @ ENGLEWOOD DR,0.0021212398164191246,0.0001192259729959308
COVINGTON HWY @ MEMORIAL DR,0.011729095163196441,0.0001192248963598583
E LOVEJOY RD @ MCDONOUGH RD,0.002020380568056695,0.00011921909972529004
BUFORD HWY NE @ 3700,0.001330359050706911,0.00011920056075053292
ROSWELL RD @ 7730,0.001801710169902182,0.00011919082871782036
Lawrenceville Hwy & PepBoys,0.0016047089886559519,0.00011917824849675025
CHESHIRE BRIDGE RD @ 2171,0.0029073956580793568,0.0001191479750136293
MARTIN L KING JR DR @ HARWELL RD,0.018006784473555658,0.00011914172671677458
COVINGTON HWY @ PARK CENTRAL BLVD,0.007440043452866759,0.00011913892899103478
Roswell St at Lakewood Dr,0.0011541901433001747,0.00011913692467625521
JOSEPH E LOWERY BLVD @ 841,0.0023771541811347494,0.00011913550272289779
ATLANTA AVE @ COLLEGE ST,0.001862061373735223,0.00011913513280627203
I-85 ACCESS RD SOUTH (N.E. EXPY) @ 2628,0.0030521944175532097,0.00011911633654309464
HENDERSON MILL RD @ HENDERSON CREEK,0.007504860889257793,0.00011910498446672207
SR 138 @ OLD ROUNDTREE RD,0.00029795173248889123,0.0001190972211056264
NORTHEAST EXPY @ 2515 (ENTRANCE),0.003248556478637819,0.00011909696216332209
PEACHTREE RD NE @ E SHADOWLAWN AVE,0.006621726171644971,0.000119094059186855
PLEASANTDALE RD @ 4126,0.004027978732880976,0.00011906337244917622
DELOWE DR SW @ CAMPBELLTON RD SW,0.003566222024683368,0.00011906143423534021
MARTIN L KING JR DR @ GRIFFIN ST,0.013385382670609855,0.00011904993256126674
REDFORD DR SE @ REBEL FOREST DR SE,0.0006234160662208834,0.00011904777564114718
Graves Rd & East Windsor Ln,0.0014121664313943613,0.00011902958916773656
LAVISTA RD @ 1688,0.002648848726983723,0.00011902259349587521
PEACHTREE RD @ E PACES FERRY RD NE,0.006621726171644971,0.00011901580273032718
East-West Connector at Brookwood Dr,0.0015919722368636533,0.00011901236939591833
HOWELL MILL RD @ KIPLING DR,0.0035254933315267533,0.00011900613555057118
PERRY BLVD @ W HIGHLANDS BLVD NW,0.0016960727374743024,0.00011899419722137864
I-85 ACCESS RD NORTH (N.E. EXPY) @ 3185,0.003248556478637819,0.00011899412603499939
Cumberland Blvd at Cotton St,0.0016848729174992346,0.00011896532697383138
Lawrenceville Hwy & Harbins Rd IB,0.0018894218035112713,0.00011895953004363016
CHURCH ST @ MCELROY DR,0.005267491417757515,0.0001189395002821269
Brook Hollow Pkwy & Mitchell Rd IB,0.003125373676058781,0.00011893844988937954
FLAT SHOALS RD @ OLD NATIONAL HWY,0.005915376655880448,0.00011893436774805573
BELLEMEADE AVE NW @ HOWELL MILL RD NW,0.0025730064678047325,0.0001189227201768442
MANSELL RD @ 980,1.724102721705382e-05,0.00011890457634647784
BOULDERVIEW DR SE @ ROLLINGWOOD LN,0.0011119625611930924,0.00011888188399740939
FAIRBURN RD @ 1075,0.0028992164417252823,0.00011887664597354914
BOULDERCREST RD SE @ CECILIA DR SE,0.004036855401792374,0.000118874931540465
Steve Reynolds Blvd & Falling Water Ln O,0.0034862635273206063,0.0001188743148416468
N Berkeley Lake Rd & Cross Road Dist,0.00037746132402384817,0.00011885268473102204
SHALLOWFORD RD NE @ BEVERLY HILLS DR,0.009833784323910237,0.00011883891595150503
LENOX RD NE @ FERNCLIFF RD NE,0.004595121790585827,0.00011882236510831666
Hurt Rd SE at Springbrook Trail,0.00055188025955948,0.00011879903307271519
BRIARCLIFF RD NE @ N DECATUR RD NE,0.0009158744087491775,0.00011879820439952669
Walther Blvd & Parc 980 Apartments OB,0.00033874890280567965,0.00011879107523549289
MEMORIAL DR @ COTTAGE GROVE AVE,0.00980521413097112,0.00011875694502930768
GRAYWALL ST @ OLD COLONY RD,0.0021212398164191246,0.00011875600510932575
COVINGTON HWY @ E CLUBHOUSE CIR,0.011729095163196441,0.00011874891043551431
SNAPFINGER WOODS DR @ PARK CENTRAL B,0.007533461516490319,0.00011873134557557397
N DECATUR RD @ KENTUCKY ST,0.006143276253511698,0.00011872701030597407
Lawrenceville Suwanee Rd & Old Norcross ,0.0017201310464153104,0.00011871954868836816
ROLLINGWOOD LN SE @ 2740,0.0011119625611930924,0.00011871748405202289
Live Oak Pkwy & Thompson Pkwy IB,0.0012428300228582846,0.00011869968834312924
ZIP INDUSTRIAL BLVD SE @ 3600,0.0037334508584007673,0.00011867311594245761
REDFORD DR SE @ 955,0.0006234160662208834,0.00011866340149577117
BENJAMIN E MAYS DR SW @ TUCKWANNA DR SW,0.011953738291432767,0.00011866271125416557
I-85 ACCESS RD SOUTH (N.E. EXPY) @ ASHLEY OAKS CT,0.0030521944175532097,0.00011865853265248611
Marietta Street Northwest at Fairlie Street Northwest,0.00043434301840809104,0.00011865229825577117
E PONCE DE LEON AVE @ ORCHARD PARK DR,0.0022162937233134996,0.00011864871301662147
Ted Turner Dr at West Peachtree Pl,9.699409309929483e-05,0.00011864426110506213
MARTIN L KING JR DR @ JAMES P BRAWLEY  DR SW,0.013385382670609855,0.00011864230538041255
JOHNSON RD NE @ PASADENA AVE NE,0.003969932926773781,0.0001186330395277849
BOULDERVIEW DR SE @ 1882,0.0011119625611930924,0.00011861086833074
FULTON INDUSTRIAL BLVD @ VILLANOVA DR,2.2871371497998137e-05,0.00011859954564886406
COUNTY LINE RD @ IVYWOOD DR,0.0027260757465128915,0.00011859271422101311
MOUNTAIN INDUSTRIAL BLVD @ 2605,0.0015613096862525648,0.00011858639322333945
LYNHURST DR SW @ RABUN DR SW,0.015192434059005581,0.00011856096658433167
MORELAND AVE SE @ KIRKWOOD AVE SE,0.0010109511413636102,0.0001185382207121567
FAIRBURN RD @ CASCADE RD,0.0028992164417252823,0.00011853174274403775
Powder Springs Rd at Baltimore Pl,0.0004491036507121883,0.00011850793820529872
MOUNTAIN INDUSTRIAL BLVD @ TUCKESTONE PKWY,0.0015613096862525648,0.00011847160240009236
SYLVAN RD @ GENESSEE AVE,0.000923361244928163,0.00011845008060394071
EASTLAND RD SE @ HAZEL DR SE,0.004620001825448919,0.00011840369885584491
GLENDALE RD @ BROWNELL AVE,0.019559359517599406,0.00011839556212282995
Sugarloaf Pkwy & Marathon Blvd (McD's),0.0021396069124923673,0.00011838436023536535
N HIGHLAND AVE @ MORNINGSIDE DR,0.007889246015032532,0.00011837753212371707
COLUMBIA DR @ S COLUMBIA PL,0.003385891227652745,0.00011837638241501215
Roswell St at Alexander St,0.00115420536044688,0.00011836359000192307
PERRY BLVD @ HABERSHAL DR,0.0016960727374743024,0.00011835868638265199
HILLANDALE DR @ OCEAN VALLEY DR,0.000899242067400334,0.00011834721053275251
PEACHTREE RD @ PHARR RD NE,0.006621726171644971,0.00011833501595466761
WHITE OAK DR @ 2868,0.002020380568056695,0.00011830040098568387
POLAR ROCK AVE SW @ 2311,0.0008088826502645303,0.00011828451620685403
Lawrenceville Suwanee Rd & AMC,0.0003387032513655639,0.0001182790766867521
MARTIN L KING JR DR @ SUNSET AVE,0.013385382670609855,0.00011827583684826128
FAIRINGTON RD @ WALDEN BROOK DR,0.0038575771240755316,0.00011825603187329886
N DRUID HILLS RD @ KITTREDGE PARK RD,0.0049076972010584675,0.00011823006395035444
CLEVEMONT RD @ CLEVEMONT CT,0.0015158560690439683,0.00011822312950805707
BRIARCLIFF RD NE @ BRIARDALE LN NE,0.0009158744087491775,0.00011821727398008157
MARTIN L KING JR DR @ PASCHAL BLVD SW,0.013385382670609855,0.00011817469103447733
Graves Park Entrance (across),0.001412151214247656,0.00011815554406599787
JOHNSON FERRY RD NE @ BLAIR CIR,0.0024770623578281004,0.00011815380942915688
MARIETTA BLVD NW @ ELAINE AVE NW,0.0020788828885650477,0.00011814937460221569
MCDONOUGH RD @ WEEPING WILLOW PL,0.002020380568056695,0.00011814505256183482
N COMMERCE DR @ 4200,0.0008092326446387511,0.00011814112125246593
I-85 ACCESS RD NORTH (N.E. EXPY) @ 3355,0.003248556478637819,0.00011812428680042336
Windy Hill Rd at Beverly Ln,0.0004881508491578724,0.00011811460407057701
FAIRBURN RD @ VILLAGE DR,0.0025440482376246324,0.00011811260783133317
ROCKBRIDGE RD @ HICKORY HILLS DR,0.004255269644644016,0.000118089598844287
Lawrenceville Hwy & Greenwood Dr,0.001889406586364566,0.00011807669108591018
OLD DIXIE HWY @ NORTH ST,0.04264736738847579,0.0001180696417468459
COUNTY LINE RD SW @ CREEK VALLEY CT S,0.0027260757465128915,0.00011806448909385935
SYLVAN RD @ POPLAR ST,0.003476585422016064,0.00011806235531239978
Roswell St at Rogers St,0.0011541749261534695,0.00011805300913382156
Brook Hollow Pkwy & Pinnacle Way IB,0.0031253584589120754,0.0001180483046319184
DELOWE DR SW @ DELOWE PL SW,0.003566222024683368,0.0001180427908197674
McDonough Dr & Fit Food (across),0.0014122577342745928,0.00011802567050135182
REDFORD DR SE @ FORREST PARK RD SE,0.0006234160662208834,0.00011802399184135788
Steve Reynolds Blvd & Fire Station OB,0.003486248310173901,0.00011797283984497358
LAVISTA RD @ CAROLYN DR,0.002648848726983723,0.0001179633544214118
LAVISTA RD @ 2133,0.0018436029747817488,0.00011796263922455823
I-85 ACCESS RD SOUTH (N.E. EXPY) @ 2700,0.0030521944175532097,0.00011796086930452549
MONTROSE DR @ PLANTATION DR,0.0021212398164191246,0.00011795210828727937
S CANDLER ST @ DOUGHERTY ST,0.0009235590678353313,0.00011793025244422726
WASHINGTON RD @ HATHCOCK RD,0.021830959960613152,0.00011792979548471799
S CANDLER ST @ HANCOCK ST,0.0009235590678353313,0.00011791249730619144
Church St at Vann St,0.00030070603604254235,0.00011790822539005778
PEYTON PL @ MARTIN L KING JR DR,0.0011119625611930924,0.00011788033268866888
TIGER FLOWERS DR NW @ 2269,0.0033303638593252696,0.00011786685666562326
Walther Blvd & IHOP,0.0003387336856589744,0.00011786448337824793
GARDEN WALK BLVD @ GARDEN WOOD DR,0.00048661391734064165,0.0001178511285636954
Jimmy Carter Blvd & SPECTRA,0.002099068433669568,0.00011784594659359249
MEADOWLANE DR SW @ 2153,0.004277996453248314,0.00011783562271517695
Singleton Rd & Thompson Pkwy (QT),0.001695874914567134,0.0001178212701615281
CHURCH ST @ MEDLOCK RD,0.006627204344458863,0.00011781744635206982
WINN WAY @ 455,0.0006486156611647855,0.00011780943222548118
Prof Dr & Second Four Way Stop Sign IB,0.001720115829268605,0.00011779403806547805
WINN WAY @ 445,0.0006486156611647855,0.00011779143458671293
HARBIN RD @ 1512,0.0025316310459131443,0.00011778791008454302
BAKER RD NW @ TWILLEY RD NW,0.00043565169302474296,0.00011778664709086371
LAVISTA RD @ MAIN ST,0.002290728396422254,0.00011777137531803774
Live Oak Pkwy at Live Oak Plaza IB,0.0012428148057115793,0.00011775785067181168
OLD MILTON PKWY @ 3502,0.0009099245043874229,0.00011775391134828577
Church St at Whitcher St,0.0003007212531892476,0.00011774096413765984
Powder Springs St at Bellemeade Dr,0.00044908843356548304,0.00011773400204468393
GEORGIA STATE STATION,0.09148896818239695,0.0001177312961688411
RIVER RD @ WALDROP RD,0.0024202110977372677,0.00011770748391323155
CLAIRMONT RD NE @ CLAIRMONT TER,0.0061522087186276836,0.00011770191998922594
ZIP INDUSTRIAL BLVD @ SOUTHSIDE INDU,0.0037334508584007673,0.00011769463373602443
CHESHIRE BRIDGE RD NE @ FAULKNER RD N,0.0029073956580793568,0.0001176755581007958
ZIP INDUSTRIAL BLVD SE @ 3720,0.0037334508584007673,0.0001176632703407039
Windy Hill Rd at Kennedy Ln,0.00048813563201116714,0.00011765684472414374
BAKER RD NW @ CENTER HILL AVE NW,0.0006811499208206205,0.0001176302439777458
FAIRBURN RD NW @ COLLIER DR NW,0.002783200915244419,0.00011761721748630474
Marietta St at Ted Turner Dr,0.0004343278012613858,0.00011760601375522298
ORMOND ST @ CREW ST,0.010844811551007373,0.00011759794432697381
DELOWE DR @ DEWBERRY LN,0.0020336803542770877,0.0001175711894899512
CHURCH ST @ 1380,0.006627204344458863,0.00011756389412307492
MARIETTA BLVD @ HUFF RD,0.0020788828885650477,0.00011754925940951424
N DRUID HILLS RD NE @ HOLLY LN NE,0.0049076972010584675,0.00011754813224263723
HARBIN RD SW @ WRIGHT DR SW,0.0025316310459131443,0.00011754689801442061
ALPHARETTA HWY @ HOSPITAL BLVD,0.005642959295562975,0.00011754383048350562
JOHNSON FERRY RD @ HARLESTON RD,0.009840951600008412,0.00011753426686473013
CLAIRMONT RD NE @ BUFORD HWY,0.0061522087186276836,0.00011752904212238767
PEACHTREE INDUSTRIAL BLVD @ PEACHTREE PLACE PKWY,0.0018240337241187908,0.00011750712934390607
RAINBOW DR @ RAINBOW FOREST DR,0.016306106013011898,0.000117483905818369
Buford Hwy & Centro Norcross Plaza IB,0.004187667470405921,0.00011748390120261293
ORMOND ST SW @ POLLARD BLVD,0.010844811551007373,0.00011748323255516703
CEDAR ST @ REED ST,0.019701944182227645,0.00011748064354604728
SHALLOWFORD RD NE @ ADDISON DR,0.0291345816932673,0.0001174750273983642
TURNER HILL RD @ MALL PKWY,0.00016849946546728767,0.00011745339591785783
Satellite Blvd at Valley Ridge Ln IB,0.004807111861336733,0.00011745129341668927
PEACHTREE RD NW @ PEACHTREE AVE NE,0.006621726171644971,0.00011745052923731251
PEACHTREE RD NE @ KINGSBORO RD NE,0.004339732417431534,0.00011738461534242139
MEMORIAL DR @ CARTER AVE,0.00980521413097112,0.00011738264257045517
MARTIN L KING JR DR @ JOSEPH E LOWERY BLVD,0.013385382670609855,0.0001173783657518234
LINECREST RD @ LINCOLNDALE DR,0.0015158560690439683,0.000117339347629405
RIVER RD @ CONLEY DOWNS DR,0.0058427756489496776,0.00011732807808618458
CARVER DR @ SEWANEE AVE,0.0033303638593252696,0.00011729242431213479
WHITE OAK DR @ CAPISTRANA PL,0.002020380568056695,0.00011728487567577343
POLAR ROCK AVE SW @ POLAR ROCK DR SW,0.0008088826502645303,0.00011726297640092423
Hurt Rd SE at Lucia Dr,0.0005518650424127747,0.0001172571359203807
Buford Hwy & Phoenix Metals,0.00018869261914516094,0.00011725534057935045
HAMMOND DR @ BROOKGREEN RD,0.0002923670396480627,0.00011724080595375234
SOUTHSIDE INDUSTRIAL PKWY @ WILSON RD,0.0037334508584007673,0.00011723813860781303
MEADOWLANE DR SW @ DALE LN SW,0.004277996453248314,0.00011722651296798691
SR 138 @ RIVERVIEW PL,0.00029795173248889123,0.00011720858902062597
Beaver Ruin Rd & St. Patricks Church OB,0.0035874575529105516,0.00011719610654110674
Centennial Olympic Park Dr at Andrew Young Intl Bl,0.0004343125841146805,0.00011717103593741779
DOGWOOD DR @ GORDON CIR,0.0016156044656969143,0.00011716898613019908
SNAPFINGER WOODS DR @ EASTERLY PL,0.007533461516490319,0.00011715981716950137
MORELAND AVE NE @ BOULEVARD DR NE,0.0010109511413636102,0.00011715910824553139
Graves Rd & Downing Ln OB,0.0014121359971009508,0.00011712875353807504
COVINGTON HWY @ LAMAR ST,0.010536565418772377,0.00011708967012885593
FAIRBURN RD @ 1165,0.0025440482376246324,0.0001170835453902615
Lawrenceville Hwy & Bryson Park IB,0.0018894522378046818,0.000117079535755625
COVINGTON HWY @ 4770,0.010536565418772377,0.00011707100229191189
FAIRBURN RD SW @ CASCADE RD SW,0.0025440482376246324,0.00011705993542604045
FOREST PKWY @ N LAKE DR,0.0055740712724282855,0.0001170556741776763
Lawrenceville Hwy & Rockbridge Rd (Citgo,0.0018893913692178607,0.00011703506626501429
Hurt Rd at Floyd Rd,0.0008177542467936938,0.00011702705236837319
CLAIRMONT RD NE @ SKYLAND RD,0.0061522087186276836,0.00011701522857262867
BOAT ROCK BLVD SW @ GREENSBORO DR,0.0011119625611930924,0.00011701016981661047
Brook Hollow Pkwy & Chevron Gas Station,0.0031253432417653704,0.00011700257742836007
Old Norcross Rd & Averritt (across) IB,0.0017201614807087209,0.00011698609034863962
REDAN RD @ REDAN TRL,0.0005936969787055205,0.00011696692828406578
Indian Trail Rd & GA Belle Ct,0.0020781448569498428,0.00011695581955036466
MARIETTA ST NW @ PARK AVE WEST,0.002567558729284251,0.00011695442269570041
Steve Reynolds Blvd & Beaver Ruin Rd,0.003486233093027196,0.0001169137868326347
NORTH AVE @ BAKER RD,0.00043565169302474296,0.00011688557737354755
BRIARWOOD RD @ 1775,0.0011928721302249328,0.00011686410809775438
CLIFTON RD NE @ HAYGOOD DR NE,0.0012415061310949275,0.0001168584954450157
BAKER RD NW @ LINCOLN DR NW,0.0006811499208206205,0.00011683887264820413
HOWELL MILL RD NW @ GLENBROOK DR NW,0.0035254933315267533,0.00011683235291756874
ROCKBRIDGE RD @ SHEPPARD RD,0.004255269644644016,0.00011682461821372082
MCDONOUGH RD @ MCDONOUGH CT,0.002020380568056695,0.00011682392759624572
RUBY H HARPER BLVD SE @ SOUTHSIDE IND PKWY,0.0037334508584007673,0.00011682230353929758
PIEDMONT RD NE @ CHESHIRE BRIDGE RD N,0.0029589209168233497,0.00011682084575375466
BRIARCLIFF RD NE @ 1255,0.0009158744087491775,0.00011679707480324731
TIGER FLOWERS DR NW @ JOE LOUIS DR NW,0.0033303638593252696,0.00011678808489450264
Lawrenceville Suwanee Rd & Lawrenceville,0.00033871846851226913,0.00011678113691144154
LENOX RD NE @ LENOX POINTE  NE,0.002151887149883508,0.0001167791436290188
DONALD L HOLLOWELL PKWY @ EMILY PL NW,0.012610160348857348,0.00011677136198962623
N DRUID HILLS RD @ VALLEY DR,0.014861286120979176,0.0001167647289829673
DOGWOOD DR @ COFIELD DR,0.0016156044656969143,0.0001167453864127179
ATLANTA STUDENT MOVEMENT BLVD @ LAWSHE ST SW,0.0020110372399796688,0.00011673854570628836
Satellite Blvd & I Love Pho Restaurant I,0.004807142295630143,0.0001167382023837604
OLD COLONY RD @ WESTCHESTER DR,0.0021212398164191246,0.00011673351335256634
Powder Springs St at Laurel Springs Ln,0.0004490732164187778,0.00011673195708876918
5925 Singleton Rd (across Steeple Chase ,0.0016958596974204288,0.00011672217778851838
GLENWOOD RD @ SANTA CRUZ DR,0.002750004709706905,0.00011670804202997093
OLD MILTON PKWY @ COTTON CREEK ENTRY,0.0009099245043874229,0.00011670798949716749
575 Professional Dr,0.0017201006121218998,0.0001167023949240129
COUNTY LINE RD @ RIO GRANDE RD,0.0027260757465128915,0.00011668231113648087
S CANDLER ST @ DAVIS ST,0.0009235590678353313,0.00011667747371770702
Live OakPkwy & Live Oak Center,0.001242799588564874,0.00011666346089896329
FOREST PKWY @ 1372,0.0055740712724282855,0.00011664762857533712
CHURCH ST @ 1438,0.006627204344458863,0.00011663766551978067
REDAN RD @ 4209,0.004663538082172652,0.00011662571092425233
POLAR ROCK AVE @ POLAR ROCK PL,0.0008088826502645303,0.00011662106464368832
MARTIN L KING JR DR NW @ JAMES P BRAWLEY DR NW,0.013864060845943707,0.00011660692940992172
ZIP INDUSTRIAL BLVD @ 3675,0.0037334508584007673,0.00011660357327321612
Cobb Pkwy at S Marietta Pkwy,0.002084079544164892,0.00011659999375433484
MARTIN LUTHER KING J DR @ WHITEHOUSE DR,0.013385382670609855,0.0001165809229807073
I-85 ACCESS RD SOUTH (N.E. EXPY) @ 2772,0.0030521944175532097,0.00011657395488280734
NEW PEACHTREE RD @ HOOD AVE,0.005782629876597157,0.00011657327553439345
RIVER RD @ RIVERVIEW CHASE DR,0.001816288196445816,0.00011657290995511409
Floyd Rd at Ayres Rd,0.001405516538284165,0.00011657123183660056
LAGRANGE BLVD @ BOAT ROCK BLVD,0.0011119625611930924,0.0001165560742026513
MEMORIAL DR SE @ GIBSON ST SE,0.013082386453988171,0.00011654264135841884
MORELAND AVE NE @ WYLIE ST SE,0.0010109511413636102,0.00011648686707530379
CLIFTON RD NE @ GATEWOOD RD NE,0.0012415061310949275,0.0001164540686659405
BARGE RD SW @ BUNKER HILL DR SW,0.013085285320435522,0.00011642544599282072
BRIARCLIFF RD @ CRAVEY DR,0.0076091439956289045,0.00011641133624126513
CHESHIRE BRIDGE RD NE @ WINDEMERE DR,0.0029589209168233497,0.00011640150204192545
CANDLER RD @ WINSTON MANOR DR,0.015119467840553884,0.00011637688314853562
Sugarloaf Pkwy & Arbys,0.0021395916953456623,0.00011636421902774889
N HIGHLAND AVE @ WESSYNGTON RD,0.007889246015032532,0.00011636380487763852
PEACHTREE RD NW @ DELMONT DR,0.006621726171644971,0.00011635606261375952
HAYNES BRIDGE RD @ LAKEVIEW PKWY,0.002811230899475498,0.00011634626331633017
Buford Hwy & S Cemetery St IB,0.004187652253259216,0.00011633313159608138
DELOWE DR SW @ ALISON CT,0.003566222024683368,0.00011632174009173994
ROCKBRIDGE RD @ WINLEY DR,0.004255269644644016,0.00011631903326066428
GREER CIR @ ROADHAVEN DR,0.003286036310972862,0.00011631500701502924
HOWELL MILL RD NW @ NORTHCLIFFE DR,0.0035254933315267533,0.00011630893131307367
PLANTATION DR @ DORSEY AVE,0.0021212398164191246,0.00011630290182317827
10TH ST NW @ FOWLER ST NW,0.006814740460454424,0.00011630127210287557
Beaver Ruin Rd at Bolton Cir IB,0.004807096644190028,0.0001163005969233615
RALPH DAVID ABERNATH BLVD @ WINDSOR S,0.028346843268349724,0.00011627973690491922
LENOX RD NE @ CANTERBURY RD NE,0.002573021684951438,0.00011627779098564574
HOLLINGSWOOD DR @ FLOWERS RD,0.0002023119654463641,0.00011626890183066518
LINECREST RD @ DAVANA DR,0.0015158560690439683,0.000116268265536274
N HIGHLAND AVE @ LANIER PL,0.007889246015032532,0.00011625296262174136
CHESHIRE BRIDGE RD NE @ 1989,0.0029073956580793568,0.00011624013859553193
JOHNSON FERRY RD NE @ ASHFORD DUNWOODY RD NE,0.0024770623578281004,0.0001162361325067866
GLENWOOD AVE @ MCWILLIAMS AVE,0.025729004550160195,0.00011622814677554353
ROOSEVELT HWY @ MALLORY RD,0.009886747603017877,0.00011621285183338105
ORMOND ST @ HANK AARON DR,0.010844811551007373,0.00011620847410272975
PEACHTREE RD NE @ LENOX RD NE,0.004339732417431534,0.00011620493352806899
GLENWOOD RD @ GLENFAIR RD,0.002085882776049465,0.0001161837348801341
JOSEPH E BOONE BLVD @ CHAPPELL RD NW,0.0021119117054888034,0.00011614915513193298
POLAR ROCK AVE SW @ POLAR ROCK PL,0.0008088826502645303,0.0001161387060668788
CAMPBELLTON RD @ DELOWE DR,0.011287257700036012,0.00011613509544205019
I-85 ACCESS RD SOUTH (N.E. EXPY) @ PLASTER RD,0.0030521944175532097,0.00011613332147842662
PEACHTREE ST NE @ 26TH ST NW,0.006808836207532786,0.00011608955675342816
CAPISTRANA PL @ WHITE OAK DR,0.002020380568056695,0.0001160893009457033
LAKEWOOD AVE SW @ LAKEWOOD TERR SE,0.005611406541869628,0.00011608185771393913
PEACHTREE INDUSTRIAL BLVD @ 6750,0.0018240337241187908,0.00011606416212415639
GLENWOOD RD @ ARTHURS CT,0.002085882776049465,0.00011605622237140313
S STONE MOUNTAIN LITHONIA RD @ ROCKBRIDGE RD,0.003800954121185278,0.00011605530551753133
N DRUID HILLS RD NE @ N CLIFF VALLEY WAY,0.0026091928426698286,0.00011605432823583552
RUBY H HARPER BLVD SE @ ATKINSON DR,0.0037334508584007673,0.0001160454811337776
HAMMOND DR NE @ KAYRON DR,0.0002923670396480627,0.00011604522046507917
N INDIAN CREEK DR @ MILLIGAN DR,0.015542002353118697,0.00011604481671046297
Beaver Ruin Rd & Indian Trail Rd OB,0.003587442335763846,0.00011598311797649148
CLAIRMONT RD NE @ RAVEN HILL,0.0061522087186276836,0.0001159819861534095
LAVISTA RD @ LEHAVEN DR,0.002290728396422254,0.00011597819207964487
ROOSEVELT HWY @ JANICE DR,0.00293786799435663,0.00011597413902535234
Mable House Park And Ride,0.0014055013211374597,0.00011595743730094014
WINDWARD PKWY @ DEERFIELD PKWY,0.0005120569866318279,0.00011595395065953519
NORMAN BERRY DR @ WILLINGHAM DR,0.0015220190134595966,0.00011595196534743669
10TH ST NW @ WILLIAMS ST NW,0.006814740460454424,0.00011593472024134526
Indian Trail Rd & GACS (1st Entrance) OB,0.0020781144226564323,0.00011593158874065028
W BROAD ST @ SENOIA RD,0.0038323775291316292,0.00011592542104623131
Graves Rd & Marquis Estates Apts OB,0.0014121207799542455,0.00011591975058827673
NORTHEAST EXPY @ 2501,0.003248556478637819,0.0001159111948401935
WINN WAY @ 341,0.0006486156611647855,0.00011590220350846502
TIGER FLOWERS DR NW @ CARVER CIR NW,0.0033303638593252696,0.00011588526975096308
N DRUID HILLS RD @ KNOB HILL DR NE,0.0049076972010584675,0.00011587104264379781
WESTWOOD AVE SW @ ONTARIO AVE SW,0.013695158126088729,0.00011583648645616389
Lawrenceville Hwy & Harmony Grove Rd IB,0.0018893761520711555,0.00011581009773644518
Indian Trail Rd & Willow Trail Pkwy IB,0.003125328024618665,0.00011577130133075625
TILLY MILL RD @ SANDELL DR,0.0011948047078565002,0.00011576974548205973
CANDLER RD @ 240,0.003335735512112225,0.00011573911313778176
COUNTY LINE RD SW @ NOTTING HILL DR SW,0.0027260757465128915,0.00011572415970509463
PANHANDLE RD @ MCDONOUGH RD,0.002020380568056695,0.00011572317329096708
MONTREAL RD @ MONTREAL CREEK CT,0.005421435682401226,0.00011572156451552655
Indian Trail Rd & GACS (2nd Entrance) OB,0.0020781296398031373,0.00011570717700192708
N DRUID HILLS RD @ HIGH HAVEN CT NE,0.0049076972010584675,0.0001156865922283161
PARKWAY DR @ RALPH MCGILL BLVD,0.015390599351974763,0.00011568214163402047
Beaver Ruin Rd & Shell Gas Station,0.0034862178758804903,0.00011566683703842696
FAIRBURN RD SW @ UTOY SPRINGS RD SW,0.0028992164417252823,0.00011563034694665969
FORREST PARK RD SE @ MIDWAY ST SE,0.0006234160662208834,0.00011560847734252196
MARIETTA ST NW @ MEANS ST NW,0.0029272159916629513,0.00011559366659309828
SPRINGDALE RD SW @ PERKERSON RD SW,0.0013984101307728109,0.00011554479212597677
Live Oak Pkwy & Carter Oak Crossing,0.0012428452400049899,0.0001155401288635035
ALPHARETTA ST @ GREEN ST,0.0014255879547883962,0.00011551894726955986
TIGER FLOWERS DR NW @ WADLEY ST NW,0.0033303638593252696,0.00011551529030217928
NORTH AVE NW @ BAKER RD NW,0.0005492172588860604,0.00011551526439844553
FAIRINGTON RD @ WILLOWICK DR,0.0036242526136438576,0.00011551315531528627
S Cobb Dr at Leader Rd,0.0006445374658477772,0.00011550039520484586
ROOSEVELT HWY @ KENT RD,0.002807624435706353,0.0001154972121285056
BEST RD @ 4601,0.0008129608455815385,0.00011548983288972396
DONALD L HOLLOWELL PKWY NW @ MILDRED PL NW,0.012610160348857348,0.00011548977561367315
MORELAND AVE NE @ WADE ST NE,0.0010109511413636102,0.00011548303741059542
KING ARNOLD ST @ DOGWOOD DR,0.0007078255789949323,0.00011547118832638063
PANOLA RD @ PANOLA WAY LN,0.0016137251480788154,0.00011546633035771872
GEORGIA AVE SE @ FRASER ST SE,0.014468508738796489,0.00011546281104680441
Prof Dr at the Gwinnett Prof Center #2,0.0021061291897408064,0.00011545968883898872
BRANDYWINE RD @ 2920,0.0002023119654463641,0.0001154504864325428
RIVER RD @ RIVERSIDE CSWY,0.0024202110977372677,0.00011544365485257097
Satellite Blvd & Hopkins Mill Rd IB,0.004807127078483438,0.0001154433341667603
Singleton Rd & Pirkle Rd OB,0.0016958444802737235,0.0001154415098153166
OLD MILTON PKWY @ BRIDGE POINTE DR,0.0009099245043874229,0.00011542124765666649
JOSEPH E BOONE BLVD @ CAIRO ST NW,0.0027485058207564377,0.00011542041037067874
Philip Blvd & Katherine Oak Ct IB,0.0017200853949751946,0.0001154186503030785
N HIGHLAND AVE @ UNIVERSITY DR,0.007889246015032532,0.0001154088906900563
FOREST PKWY @ RATTERREE DR,0.0055740712724282855,0.00011539236151513065
N INDIAN CREEK DR @ DEBELLE ST,0.013884155088167994,0.00011537606089451655
Live Oak Pkwy & Salvation Army,0.0012427843714181688,0.00011537239199793618
AMAL DR @ PRYOR RD,0.00040456306230590716,0.00011534653436871286
MARIETTA ST @ BAKER ST NW,0.002567558729284251,0.00011533208670067659
ORMOND ST SE @ MARTIN ST SE,0.010844811551007373,0.00011529860622840757
N ARCADIA AVE @ COALTER WAY,0.0012389800847418552,0.00011527242569957222
FLINT RIVER RD @ 688,0.0015800572109934388,0.00011525136701968228
Brown Rd & Sugarloaf Pkwy IB,0.005169751684469663,0.0001152403050464483
MERCER UNIVERSITY DR @ HENDERSON MILL RD,0.0013138484465317095,0.00011523997266717483
MARTIN LUTHER KING J DR @ OLLIE ST,0.013385382670609855,0.00011522949098342688
BATTLE CREEK RD @ CULLEN DR,0.00218959523941913,0.00011522099035055566
ALISON CT @ PLAZA LN SW,0.00046086650511535036,0.00011521835821925048
S Cobb Dr,0.0002225964220044689,0.00011519984989236972
LAKE SPIVEY PKWY @ CAMERON PKWY,0.00030344512244948827,0.0001151884527196706
Windy Hill Rd at Windy Ridge Pkwy,0.00016585168194057333,0.0001151834275369757
GLENWOOD AVE SE @ GLENWOOD PL SE,0.019791192747653962,0.00011516572327930133
NORTHEAST EXPY NE @ 1777,0.003248556478637819,0.00011515332032792423
PEACHTREE RD NE @ OAK VALLEY RD NE,0.004339732417431534,0.00011515227111601645
MCAFEE RD @ KEHELEY DR,0.005661833629859726,0.00011515041343889692
BOLTON RD NW @ 2353,0.0016447833445042406,0.0001151484454948696
N HIGHLAND AVE NE @ REEDER CIR,0.007889246015032532,0.00011514372732697662
PEACHCREST RD @ MAPLEHURST DR,0.01935311391972973,0.00011513905367513809
N DECATUR RD @ 3770,0.005789979758455795,0.00011512485943225009
FAIRBURN RD SW @ NEWHALEM ST SW,0.0028992164417252823,0.00011507116183088738
N MCDONOUGH ST @ E MAPLE ST,0.007226600144605501,0.00011506933949950295
PEACHTREE RD NW @ SHERIDAN DR NE,0.006621726171644971,0.00011504446793807175
ROCKBRIDGE RD @ 3656,0.013446715380405384,0.00011500736069732935
PEACHTREE RD NE @ LENOX PKWY,0.004339732417431534,0.00011500570135531747
JOSEPH E BOONE BLVD @ MAYSON TURNER RD NW,0.0021119117054888034,0.00011500394295714796
ROSWELL RD @ 8215,0.0025882236145099873,0.00011499680965977244
PEACHCREST RD @ JACKSON DR,0.019256842641098938,0.00011498616708105445
Buford Hwy at Lively Ave IB,0.004187637036112511,0.00011498129072847084
LAVISTA RD @ BREEZY LN,0.002648848726983723,0.00011495978512110047
FOREST PKWY @ NORTH PKWY,0.0055740712724282855,0.00011495767853157758
FAIRBURN RD @ 680,0.0015123865595951702,0.00011494925126265414
MT GILEAD RD SW @ MEADOWLANE DR SW,0.004277996453248314,0.00011494386052813676
LYNHURST DR SW @ LYNN DR SW,0.015533572053843986,0.00011487813538496147
SR 85 @ HOWARD ST,0.0038809810957082134,0.00011484772744612795
HAYNES BRIDGE RD @ RAINWATER DR,0.0029185117837475455,0.00011483810190596931
LINECREST RD @ RIDGETOP DR,0.0015158560690439683,0.0001148354436406465
KING ARNOLD ST @ FULTON AVE,0.0007078255789949323,0.00011481005301265218
AMAL DR SW @ GIBEN RD SW,0.00040456306230590716,0.00011476995571467835
JONESBORO RD @ 4161,0.017400868126045816,0.00011476452966304067
HENRY THOMAS DR SE (W) @ MCDONOUGH BLVD SE,0.0018551299634109793,0.00011476052916662823
CLAIRMONT RD NE @ CANMONT DR,0.0061522087186276836,0.00011474480155235903
BUFORD HWY NE @ 4061,0.0018627461453369595,0.00011473157967838881
ROOSEVELT HWY @ WELCOME ALL RD SW,0.005675402252338578,0.00011472323842362368
SAN GABRIEL AVE @ SANTA MONICA DR,0.002020380568056695,0.00011469146688370812
DELMAR LN NW @ STRATFORD DR,0.005420880256546485,0.00011468654324048015
MARTIN L KING JR DR NW @ SUNSET AVE NW,0.013864060845943707,0.00011468385753214528
S INDIAN CREEK DR @ CARROLLWOOD DR,0.0012869293140101135,0.0001146838116541529
BRANNEN RD SE @ 2149,0.004286320232496089,0.0001146632876730349
BOAT ROCK BLVD @ 6040,0.0011119625611930924,0.00011465268045773405
W BROAD ST @ SMITH ST,0.0038323775291316292,0.00011463599501615652
I-85 ACCESS RD SOUTH (N.E. EXPY) @ SHALLOWFORD RD NE,0.0030521944175532097,0.00011463226478952007
BOLTON RD @ MARIETTA RD,0.0016447833445042406,0.000114589626479965
LANCASTER DR @ PLANTATION DR,0.0021212398164191246,0.00011458890753062974
CLAIREMONT AVE @ CLAIRMONT RUN,0.0107180527189526,0.0001145707373796018
BUFORD HWY @ N CLIFF VALLEY  WAY NE,0.0026978022879345282,0.00011456447928895089
ANVILBLOCK RD @ 3199,0.011553248352061634,0.0001145633922100457
Beaver Ruin Rd & Quick Trip,0.003587427118617141,0.0001145550703822411
COVINGTON HWY @ HIDDEN CHASE,0.004484302919704808,0.00011452233253793107
Indian Trail Rd & KFC/WF,0.0020780992055097268,0.00011451328667194395
Duluth Hwy & Lawrenceville Suwanee Rd,0.0003386880342188586,0.00011450805902596728
Mitchell Rd & Price Pl,0.001747689299098527,0.00011450065351171129
Graves Rd & Sienna Heights Apts OB,0.0014121055628075402,0.00011449771778968966
LAKEWOOD AVE SW @ 2000,0.005611406541869628,0.00011448380422935935
LAWRENCEVILLE HWY @ LEE WAY,0.006188729870720295,0.0001144731418604318
HAMILTON E HOLMES DR NW @ WASHINGTON ST NW,0.009919852505675158,0.00011445473455960317
BOULDERCREST RD @ POWHATTAN RD,0.0021225231291246006,0.00011444362087864804
VALLEY HILL RD SW @ WESTFIELD DR,0.0013391849957959587,0.00011442682858055914
POLAR ROCK RD @ POLAR ROCK AVE,0.0008088826502645303,0.0001144194522386536
LAKEWOOD AVE SE @ RICHMOND AVE SE,0.0008834314519735741,0.00011441379623321383
METROPOLITAN PKWY SW @ PERKERSON RD SW,0.00252032470591114,0.00011440661971029111
Akers Mill Rd at Powers Ferry Rd,0.00016572994476693129,0.00011440069061242162
Lawrenceville Hwy & Kenvilla Dr IB,0.0018893609349244502,0.0001143661254189949
MAIN ST @ PARK ST,0.0010111337471240733,0.00011434123472572308
BOND DR SW @ AMAL DR SW,0.00040456306230590716,0.00011432309237170794
Indian Trail Rd & Quicktrip,0.00312531280747196,0.00011432306697023431
E LAKE DR @ UNDERWOOD ST,0.008099075250951292,0.0001143229960437975
WINTERS CHAPEL RD @ PEACHTREE INDUSTRIAL BLVD,0.0018240337241187908,0.00011431928946347778
S FULTON PKWY @ MASON RD,0.0010110272270971365,0.0001142987074795117
WELCOME ALL RD @ WILL LEE RD,0.0021645173816488695,0.00011429792036659727
LAGRANGE BLVD @ XAVIER DR,0.0011119625611930924,0.00011427629356254565
MAIN ST @ KLONDIKE RD,0.0018471790042574837,0.00011425874675452486
PIEDMONT AVE @ ROCK SPRINGS,0.0029589209168233497,0.0001142153459064726
Park Dr & Beaver Ruin Rd OB,0.0034862026587337853,0.00011420016454172861
COUNTY LINE RD SW @ CAMPBELLTON RD SW,0.0027260757465128915,0.00011418790426303256
STONEWALL TELL RD @ ROOSEVELT HWY,0.008857611971341486,0.00011413592185559502
HAYNES BRIDGE RD @ WESTSIDE PKWY,0.0029185117837475455,0.00011412629785576152
BOULDERVIEW DR SE @ SAHARA DR,0.0011119625611930924,0.00011411048691229681
WEE KIRK RD SE @ GRESHAM RD SE,0.00040456306230590716,0.00011409744814732672
CHESHIRE BRIDGE RD NE @ LIDDELL DR NE,0.0029073956580793568,0.00011407795068249559
HOWELL MILL RD NW @ CHANNING DR,0.004828552821044437,0.00011407267503114421
PEACHTREE IND BLVD @ MILLER DR,0.005689036815786487,0.00011406348879002443
ANDERSON AVE @ 93,0.0037174272029201335,0.00011406227118232473
TARA BLVD @ AMERICAN LEGION WAY,0.0035245955198711433,0.0001140541169943347
ROSWELL RD NE @ 6925,0.0009688909478702857,0.00011404520107745976
Old Norcross Rd & Sugarloaf Pkwy,0.002139576478198957,0.00011403135900228873
PANHANDLE RD @ PANHANDLE DR,0.002020380568056695,0.00011402953873558227
Six Flags Dr at Six Flags Pkwy,0.0001296044384886561,0.00011400051302500372
HOWELL MILL RD NW @ HUFF RD NW,0.010241078864049737,0.00011396784752825906
Professional Dr & 2nd 4way Stop Sign,0.0021061139725941013,0.00011394995065279741
LUCILE AVE SW @ DARGAN PL SW,0.017449159741114943,0.00011394537704444033
PEACHTREE RD NE @ PALISADES RD NE,0.006808836207532786,0.00011393481141322556
Singleton Rd & Button Gwinnett Pl OB,0.0016958292631270183,0.00011393356292452344
FLOWERS RD S @ BRANDYWINE RD,0.0002023119654463641,0.00011392135426550006
TATNALL ST @ MARTIN L KING JR DR,0.013864060845943707,0.00011391138823954323
Philip Blvd & Walther Rd IB,0.0017200701778284893,0.00011390553640677349
SR 138 @ DEVONSHIRE DR,0.000609248902638291,0.00011388787553603762
BOULDERVIEW DR SE @ HORSESHOE DR SE,0.0011119625611930924,0.00011388317980383895
Live Oak Pkwy & Fire Department,0.0012427691542714636,0.0001138540949776369
OLD MILTON PKWY @ ROCKBERRY LN,0.0009099245043874229,0.00011384585643500945
METROPOLITAN PKWY SW @ DECKNER AVE SW,0.005134082692592545,0.00011383109717514147
MACON DR @ 2144,0.0037334508584007673,0.00011380629540344548
GARDEN WALK BLVD @ GARDEN RIDGE DR,0.002369751039262643,0.00011379967156502908
LYNHURST DR SW @ REBECCA DR SW,0.014992009019750669,0.00011379633996511229
MT GILEAD RD SW @ IMPERIAL CIR SW,0.004277996453248314,0.00011376937022417727
SYLVAN RD @ CEDAR AVE,0.0036543673469735575,0.00011376912519487153
SR 85 @ KING RD,0.0038809810957082134,0.000113756873007382
MARTIN L KING JR DR NW @ 1457,0.013569662317210492,0.00011374741378275842
MARTIN LUTHER KING J @ HUNTER PL N,0.013385382670609855,0.00011372810504757094
MEMORIAL DR @ HOOPER ALEXANDER DR,0.007186267097263223,0.000113720882903123
PEYTON PL SW @ MARTIN L KING JR DR,0.0011119625611930924,0.00011370789542083286
Satellite Blvd & Chick-fil-A IB,0.0051697364673229575,0.00011369206465224353
FLOWERS RD @ MERCER UNIVERSITY DR,0.0013138484465317095,0.0001136835726798459
ROSWELL RD NE @ PERUCA PL NE,0.00366094876292358,0.00011368155705137134
BRIARWOOD RD @ N DRUID HILLS RD,0.0018607374819718657,0.00011367173071411322
LAVISTA RD @ HARTLAND DR,0.001144055523594475,0.00011365316537863002
ALISON CT SW @ MYRTLE DR SW,0.00046086650511535036,0.00011364519746542932
FULTON INDUSTRIAL BLVD @ PHILLIP LEE,0.0013757213650352758,0.00011364174912978139
HOLCOMB BRIDGE RD @ NESBIT FERRY RD,0.0007078255789949323,0.00011363516526586374
N DRUID HILLS RD NE @ DRUID OAKS,0.0049076972010584675,0.00011361628230223398
CAMPBELLTON RD @ 2170,0.011287257700036012,0.00011361313050746425
RAINBOW DR @ DASH LEWIS DR,0.023686444990780584,0.00011359417845321093
14TH ST @ ATLANTIC DR,0.0033325094770107104,0.00011358446004346547
BAKER RD NW @ CHURCH ST NW,0.000567584354959303,0.00011358407821536503
METROPOLITAN PKWY SW @ LAKEWOOD AVE SW,0.006043337642524937,0.0001135622896739471
DAVIDSON PKWY @ DAVIDSON CIR E,0.00030344512244948827,0.00011354480785273711
S Cobb Dr at Ridgeview / Emory,0.00022258120485776364,0.00011353648291392396
MCDANIEL ST SW @ GARDNER ST SW,0.006307362746434462,0.00011351775258823841
10TH ST NW @ HOLLY ST NW,0.006814740460454424,0.00011351641338788867
MOREHOUSE DR @ CROECUS AVE,0.0033303638593252696,0.00011350474923512612
HOSEA L WILLIAMS DR @ CANDLER RD,0.0020366705236046704,0.00011348024674249883
RIVER RD @ LANDGRAF COVE,0.0024202110977372677,0.00011345853378682093
GLENWOOD AVE SE @ BERNICE ST SE,0.014887540771427977,0.00011345261262368856
HAYNES BRIDGE RD @ NORTHWINDS PKWY,0.0029185117837475455,0.00011344872139176795
HAYNES BRIDGE RD @ 11405,0.002811230899475498,0.00011343981470277468
BRIARCLIFF RD NE @ OAK PARK DR NE,0.0009158744087491775,0.00011340747415083437
CANDLER RD @ ALSTON DR,0.003335735512112225,0.00011339878519138222
COVINGTON DR @ MEMORIAL DR,0.009196786954254913,0.00011339768562408214
SEABOARD AVE NE @ MORELAND AVE NE,0.0010109511413636102,0.00011339401704992848
Buford Hwy & N Norcross Tucker Rd,0.004187621818965806,0.00011339233584947434
Beaver Ruin Rd at Plaza IB,0.004807066209896617,0.00011337881695877144
HARBIN RD @ LAURENS WAY SW,0.0025316310459131443,0.00011337016441727784
Beaver Ruin Rd at Lowes IB,0.004807081427043322,0.00011333836114354507
RUBY H HARPER BLVD SE @ BLAIR VILLA DR,0.0037334508584007673,0.00011332014572250343
MONTREAL RD @ 1475,0.005016948705828845,0.00011331753363550681
CHATTAHOOCHEE AVE @ SOUTHLAND CIR,0.001959770672729665,0.00011331028324188756
LINECREST RD @ CATALPA WAY,0.0015158560690439683,0.00011330549575388362
HOGAN RD @ STONE RD,0.0028238611312408598,0.00011330338766026477
BURTON RD NW @ HEDGEWOOD DR NW,0.011745582941651586,0.000113297585290938
SR 138 @ WINDEREMERE DR,0.0016086958810927286,0.00011329573749417531
HARPER RD @ BROWNS MILL RD,0.0010107989698965576,0.00011328926440377335
I-85 ACCESS RD SOUTH (N.E. EXPY) @ 3070,0.0030521944175532097,0.00011328776165670575
NORTH POINT PKWY @ ENCORE PKWY,0.012647442358285223,0.00011328513877146979
Forsyth St at MLK Jr Dr,0.0005472998984011983,0.00011326054037017424
HOWELL MILL RD NW @ 1775,0.004828552821044437,0.00011325771292304706
BATTLE CREEK RD @ HOWARD CIR,0.0017111224955657994,0.00011323801836820514
COVINGTON HWY @ S INDIAN CREEK DR,0.016174731313123195,0.00011323544294195581
COVINGTON HWY @ YOUNG RD,0.004484302919704808,0.00011322687024825211
CHAPPELL RD @ WEST AVE,0.0019979200595197388,0.00011321429487204095
PERIMETER CTR E @ 50,0.0007046147610401236,0.0001131591324703355
NORTHLAKE PKWY @ LAVISTA RD,0.0027155987410063236,0.00011314368749537078
RAINBOW DR @ KELLEY CHAPEL RD,0.021535866515513726,0.00011313747089457618
OAKCLIFF RD @ OAKCLIFF INDUSTRIAL CT,0.008310251204353468,0.00011313210665273992
FOREST PKWY @ GA-85,0.0005698973612585018,0.00011313203343077784
LANCASTER DR @ 2839,0.0021212398164191246,0.0001131055438068016
MARIETTA ST NW @ SIMPSON ST NW,0.002567558729284251,0.0001130786702071182
MCCALLIE BLVD NW @ ABNER PL NW,0.001186130934234505,0.00011307699835697607
WINTERS CHAPEL RD @ 4739,0.0018240337241187908,0.00011306215267868784
HUFF RD NW @ HOWELL MILL RD NW,0.0027282517984917433,0.000113056590300551
FULTON INDUSTRIAL BLVD @ BAKERS FERRY RD,0.0013757213650352758,0.00011305587573308038
JONESBORO RD @ GRACE DR,0.01454435099797548,0.00011305408462047449
FAIRLANE DR NW @ FAIRLANE CIR NW,0.002783200915244419,0.00011304819405116864
NORTHSIDE PKWY NW @ 3419,0.0014137185803582974,0.00011304817804918505
CLAIRMONT RD NE @ DRESDEN DR,0.0061522087186276836,0.00011304377416202036
LAWRENCEVILLE HWY @ MORRIS AVE,0.0023665934813213024,0.00011303467471525516
BRIARWOOD RD @ BRIARWOOD HILLS,0.0018607374819718657,0.0001130139296889634
BATTLE CREEK RD @ AUTUMN DR,0.0011964481597006678,0.0001129932711288064
PEACHCREST RD @ PINEHILL DR,0.019166909304070882,0.00011297433843555861
WESTMONT RD SW @ AVON AVE SW,0.0024882165263630522,0.00011296684711025902
HARGIS ST SE @ FORREST PARK RD SE,0.006284270726309238,0.00011296680171458861
PERRY BLVD NW @ 2250,0.0008407017040252182,0.00011295831169509313
LAGRANGE BLVD @ EMMANUEL DR,0.0011119625611930924,0.00011294204161613907
N MAIN ST @ ACADEMY ST,0.001826011953190474,0.00011294135244249202
CASCADE AVE SW @ OLYMPIAN WAY SW,0.013463431416061107,0.0001129186241325626
WENDELL DR SW @ 4050,0.0006032229125430101,0.00011291525516048093
PANOLA RD @ PANOLA DOWNS RD,0.0005229828979662009,0.00011291205917625559
BUFORD HWY NE @ OAK SHADOW DR NE,0.0018627461453369595,0.00011288739493569091
PEYTON PL SW @ 99,0.0011119625611930924,0.00011286970877970559
MONTREAL RD @ 1468,0.006995147343218574,0.00011286450615300952
LAKEWOOD AVE SW @ MACON DR SW,0.005611406541869628,0.00011284590964446574
LAVISTA RD @ BILTMORE DR,0.002648848726983723,0.00011284027402120038
LANDRUM DR SW @ HARBIN RD SW,0.0025316310459131443,0.00011283323170240586
JOSEPH E BOONE BLVD @ TROY ST NW,0.0021119117054888034,0.00011283182215347437
SR 138 @ KENDRICK RD,0.000609248902638291,0.00011282318940909901
WELCOME ALL RD @ KENSINGTON COVE,0.0024536888204888287,0.00011279935849420615
CAMPBELLTON RD SW @ HARBIN RD,0.010037656046893889,0.00011268414242323981
PONCE DE LEON AVE @ N HIGHLAND AVE NE,0.009907039668149334,0.00011267741526408515
Boggs Rd & Meadow Brook Pkwy IB,0.005169645164442726,0.00011267433950894673
FAIRLANE DR NW @ FAIRBURN RD NW,0.002783200915244419,0.00011266634190775331
I-85 ACCESS RD @ CLIFF VALLEY WAY,0.003248556478637819,0.00011266214914748245
VINE CITY STATION,0.06253181334733067,0.00011262277326502457
Indian Trail Rd & Brook Plaza,0.0031252975903252544,0.0001126187948087075
RAINBOW DR @ RAINBOW CIR,0.02355369060292394,0.0001125368369570716
FOREST PKWY @ SUMMERSUN DR,0.0055740712724282855,0.00011251507688840207
CAMPBELLTON RD SW @ NISKEY LAKE RD SW,0.0027260757465128915,0.00011251219396970902
MCDANIEL ST SW @ GLENN ST SW,0.007892289444373583,0.00011250885083473666
KIPLING ST @ HENRY THOMAS DR,0.0018551299634109793,0.00011248305190897657
Park Dr & Gwinnett Park Sign (across),0.00348618744158708,0.00011247420135891394
MORELAND AVE SE @ GRACEWOOD AVE SE,0.015710090955624943,0.00011245735296159807
AUSTIN DR @ GLENWOOD RD,0.0005885535831191443,0.0001124433644376835
HOWELL MILL RD @ 3193,0.0024219002010215512,0.00011244311142426944
PEACHCREST RD @ COLUMBIA TRCE,0.018942030310060625,0.00011239584506620999
NORTH AVE @ PENN AVE,0.0062191717727041575,0.00011237929964791948
DUNWOODY PARK @ CHAMBLEE DUNWOODY RD,0.0002914540108457474,0.00011233365067808072
LOVEJOY RD @ SUMMER CREEK DR,0.002020380568056695,0.00011232319057212571
BAKER RD NW @ BAKER CIR,0.0005492172588860604,0.00011232168663403075
BOLTON RD NW @ COLLINS RD NW,0.0016447833445042406,0.00011231742396830338
NORMAN BERRY DR @ S MARTIN ST,0.0015220190134595966,0.00011231522406748533
BOULDERCREST RD @ OLD RIVER RD,0.0021225231291246006,0.0001122766176955603
LANDRUM DR SW @ DEVON DR SW,0.0025316310459131443,0.00011227149444726026
POLLARD BLVD @ RALPH D ABERNATHY BLVD,0.023394453307417924,0.00011226874855728601
FLINT RIVER RD @ 681,0.0004573361270797312,0.00011225125097752452
MACON DR @ LANG DR,0.0037334508584007673,0.00011224414970475156
CLEVELAND AVE @ FORREST HILLS DR,0.0007842993497621909,0.00011223619383930421
ORMOND ST SE @ CONNALLY ST SE,0.010844811551007373,0.00011223614090399899
MORELAND AVE SE @ STONEYBROOK DR,0.010544021820657952,0.00011223444841232803
NORTH AVE @ CENTENNIAL OLYMPIC PARK DR,0.005144856432459865,0.00011222314313629158
Atkinson Rd & Farmwood Dr,0.0,0.00011221916403724759
MOREHOUSE DR @  2007,0.0033303638593252696,0.00011221194842924996
ROSWELL RD NE @ 6851,0.0009688909478702857,0.00011219162114570804
HAMILTON E HOLMES DR NW @ OLDKNOW DR,0.009919852505675158,0.00011218723811998974
Lawrenceville Suwanee Rd & Professional ,0.002106098755447396,0.00011217723442275606
HOLLYWOOD RD NW @ SUMLIN AVE NW,0.006887661027466006,0.00011216248767864236
Singleton Rd & Stonewood Dr OB,0.001695814045980313,0.00011216062339772172
HOSEA L WILLIAMS DR @ SPENCE AVE SE,0.0020366705236046704,0.00011214360137328772
OLD MILTON PKWY @ PARK BRIDGE PKWY,0.0009099245043874229,0.00011214260676142799
PEACHTREE RD NW @ BRIGHTON RD,0.006808836207532786,0.00011213731190498581
LAVISTA RD @ JODY LN,0.002648848726983723,0.00011212809179583379
W Pike St & McConnell Dr,0.001720054960681784,0.00011212630477219591
JOSEPH E LOWERY BLVD SW @ WESTVIEW DR SW,0.002514572624456554,0.00011211736827192683
Mitchell Rd & Everglades Tr,0.0017476740819518217,0.00011210788599770892
VIRGINIA AVE @ ATLANTA ST,0.0015751268554609363,0.00011208890324745487
MARIETTA BLVD @ 1695,0.001689643492991332,0.00011208715976014234
TARA BLVD @ BETTY TALMADGE AVE,0.0035245955198711433,0.00011207723433982175
Indian Trail Rd & Willow Trail Pkwy OB,0.0020780839883630217,0.00011207277597868472
MAIN ST @ HOWELL SLADE CIR,0.027487690773944383,0.00011206701877778936
Oakbrook Pkwy & Oakbrook Summit(2nd Ent),0.0012427539371247583,0.00011206441974144976
FAIRINGTON PKWY @ MEADOWOOD CIR,0.0005056657850156208,0.00011204388110389916
DEFOOR AVE @ HOWELL MILL RD,0.0019352101979473832,0.00011201492613243305
COLUMBIA DR @ TALLEY ST,0.007991299809411323,0.00011200222000267804
Satellite Blvd & Marquis @ Sugarloaf IB,0.005169706033029547,0.00011199887891372203
BUFORD HWY @ BRAMBLEWOOD DR NE,0.0026978022879345282,0.00011198390256378412
W BROAD ST @ DODD ST,0.0038323775291316292,0.00011198204486480203
S STONE MTN LITHONIA RD @ SHADOW RK,0.0019544066285160622,0.00011196038659739473
COVINGTON HWY @ KLONDIKE RD,0.0023459285960955663,0.0001119555038609045
HARWELL RD NW @ SKIPPER DR NW,0.0005056657850156208,0.00011193982364110364
PRYOR ST @ RALPH DAVID ABERNATHY BLVD,0.006980379102341124,0.00011193192819288121
MARTIN L KING JR DR @ MORRIS BROWN,0.013385382670609855,0.00011192574578383976
PEACHTREE RD NW @ RUMSON RD NE,0.006621726171644971,0.00011192146404958027
Norcross Tucker Rd & Crestwood Apts,0.00141207512851413,0.00011189950418574051
Cumberland Blvd at Publix,0.00033433593026115576,0.00011188532178288708
MARIETTA ST NW @ 491,0.002567558729284251,0.00011187953036341275
RANDALL ST @ HOLCOMB AVE,0.0015329297076472643,0.0001118734838485255
Delk Rd at Franklin Rd,0.0006104206229345957,0.00011183438972948797
SR 85 @ ADAMS DR,0.0038809810957082134,0.0001118308503759367
NORTH AVE NW @ CHAPPELL RD,0.0019979200595197388,0.00011179395312908033
WYLAND DR SW @ EDGEFIELD DR SW,0.003393819361086183,0.00011177070174370454
GWCC-CNN CENTER STATION,0.06268283591980697,0.00011174885533006787
NORTHSIDE DR NW @ CAMERON M ALEXANDER BLVD NW,0.008103921912176916,0.00011174603925971448
REDAN RD @ BENTLEY WOODS LN,0.0032114038149569394,0.0001117457861979808
WESTMONT RD SW @ 1310,0.0024882165263630522,0.00011174465133850483
VALLEY HILL RD SE @ MOCKINGBIRD TRL,0.0011964481597006678,0.00011171811611539677
HOLLY RD @ 231,0.004852360047064809,0.00011171513056404286
MITCHELL ST SW @ NORTHSIDE DR SW,0.013864060845943707,0.0001117040092732853
DAVIDSON CIR W @ 7419,0.00030344512244948827,0.00011165144710993457
Aviation Rd at S Park Dr,0.0001719994092094963,0.00011165095266568503
BRIARCLIFF RD @ THE BY WAY NE,0.0009158744087491775,0.0001116325421246543
RAINBOW DR @ SHADOWBROOK DR,0.021771717072298472,0.00011158694675298054
N PEACHTREE RD @ PEACHTREE INDUSTRIAL,0.0005919774411278267,0.00011158032839309734
Buford Hwy at Jimmy Carter IB,0.0041876066018191,0.00011152186951097752
NORTHLAKE PKWY @ E EXCHANGE PL,0.0027155987410063236,0.00011150864826854002
Beaver Ruin Rd at Pinnacle Way IB,0.004807050992749912,0.0001115071429889549
FLOWERS RD @ 3330,0.0013138484465317095,0.0001114971236863022
SNAPFINGER RD @ CHESTNUT HILL CIR,0.007087228834123189,0.00011147791197157805
I-85 ACCESS RD SOUTH (N.E. EXPY) @ APPLING PL,0.0030521944175532097,0.00011147123888112598
CENTRE PKWY @ 1100,0.0008542449645928951,0.00011145683236137114
LINECREST RD @ 3800,0.0015158560690439683,0.00011145297427548752
BEECHER ST SW @ SHIRLEY ST SW (E),0.0016211130728042166,0.00011145139735108
PEYTON PL SW @ 150,0.0011119625611930924,0.00011142192133655227
N DECATUR RD @ 2787,0.0058491668505658845,0.0001114176096252005
Boggs Rd & Duluth Hwy 120 IB,0.0051696603815894315,0.00011141100176314533
NORTHEAST EXPY @ 1690,0.003248556478637819,0.00011139379178726254
JACKSON ST SE @ CHAMBERLAIN ST SE,0.010249783071965142,0.00011137208275404745
SW BROAD ST @ SENOIA RD,0.0023203105296172692,0.0001113411772794444
DELMAR LN NW @ STRATFORD DR NW,0.005420880256546485,0.00011130868366323723
PEACHCREST RD @ LONGLEAF DR,0.019085634523518115,0.0001112585917985759
HOLCOMB BRIDGE RD @ BARNWELL RD,0.0007078255789949323,0.0001112577026403093
TARA BLVD @ 6351,0.0020470257919375963,0.0001112573168713641
FOREST PKWY @ 3RD AVE,0.0055740712724282855,0.0001112229221018089
SCOFIELD RD @ BRITNEY FOREST DR,0.0006906149860712891,0.00011121385032861425
HAYNES BRIDGE RD @ RAINWATER BLVD,0.002811230899475498,0.00011116463596420569
ARTS CENTER WAY @ 15TH ST (ARTS CENTER STN - UPPER ENTRANCE),0.012616110253219103,0.00011115455116280648
SHALLOWFORD RD NE @ MELINDA DR NE,0.00284581186536319,0.00011113559392634262
ROOSEVELT HWY @ WASHINGTON RD,0.0030075320919732865,0.00011113453847377526
FAIRLANE DR NW @ 3524,0.002783200915244419,0.00011112110125341415
CLAIRMONT RD NE @ BRAGG ST,0.0061522087186276836,0.00011109800763199748
S Norcross Tucker Rd & Graves Rd OB,0.001412090345660835,0.00011109128216331695
CASCADE AVE @ ROGERS AVE,0.013463431416061107,0.00011107762525942614
Gwinnett Medical Resource Ctr,0.0001359499886647474,0.0001110649889575882
NORTH AVE NW @ 1667,0.0018843544936584214,0.000111064738259223
Old Norcross Rd & Cntry @Sugarloaf Apts,0.0021395612610522518,0.00011106220268427858
AVON AVE SW @ EPWORTH ST SW,0.003393819361086183,0.00011105821301146679
FAIRBURN RD SW @ VILLAGE DR SW,0.0028992164417252823,0.0001110541498578265
WINTERS CHAPEL RD @ WOMACK DR,0.0018240337241187908,0.00011102171890128317
DONALD L HOLLOWELL PKWY @ CHAPPELL RD NW,0.05572963464148143,0.0001110146969788988
ALPHARETTA HWY @ MANSELL PL,0.00664465841172979,0.00011100042613891345
Floyd Rd at Floyd Dr,0.0015386209205150297,0.0001109880530763043
SANDTOWN RD SW @ MORAY ST SW,0.0015744268667124946,0.00011097561042789654
Old Norcross Rd & Monfort Rd,0.002106083538300691,0.00011097251682780685
GLENWOOD AVE SE @ LOMITA RD,0.014887540771427977,0.00011096690095697064
Lawrenceville Hwy & Mimosa Cir IB,0.001889345717777745,0.0001109352713182921
2ND AVE @ E LAKE DR,0.0179308889543632,0.00011093495270404416
RUBY H HARPER BLVD SE @ 3447,0.0037334508584007673,0.00011093259715235223
Brook Hollow Pkwy & Indian Trail Rd OB,0.0020780687712163163,0.00011089119474179025
BOLTON RD @ PAUL AVE,0.0016447833445042406,0.00011087506711435799
2ND AVE @ BRYAN PL,0.01787260728248207,0.00011086752030740345
N DRUID HILL RD @ MERRY LN NE,0.0049076972010584675,0.00011085635661685039
Satellite Blvd & 2180 Satellite Blvd,0.0051697212501762525,0.00011085432213642847
LAGRANGE BLVD @ 6040,0.0011119625611930924,0.00011085305334639997
BOND DR SW @ GIBEN RD SW,0.00040456306230590716,0.00011081779251938568
SKIPPER DR NW @ SKIPPER PL NW,0.0005056657850156208,0.0001108110405950745
PRINCETON LAKES PKWY @ REDWINE RD,0.0005762733457280036,0.00011079866841325403
MARTIN L KING JR DR NW @ CHICAMAUGA AVE NW,0.013569662317210492,0.00011079103052283058
CAMPBELLTON RD SW @ 2280,0.011287257700036012,0.00011077526985607772
Lawrenceville Hwy & Lankford Rd IB,0.0018893305006310397,0.00011077038572849073
LAVISTA RD NE @ HOUSTON MILL RD NE,0.0037617851855659516,0.00011073741450598094
HAYNES BRIDGE RD @ TIFFANY SQ,0.001826011953190474,0.00011073344448202094
HILL ST SE @ ORMOND ST,0.010844811551007373,0.00011071705844296957
HAMILTON E HOLMES DR NW @ BAKER RIDGE DR NW,0.009919852505675158,0.00011070491191353976
DORSEY AVE @ LANCASTER DR,0.0021212398164191246,0.00011070011898144371
10TH ST NE @ PIEDMONT AVE NE,0.03588286887405988,0.00011069445885531507
MARIETTA BLVD NW @ 930,0.00569463672577402,0.00011068510303152002
CHAPEL ST SW @ WESTVIEW DR SW,0.0028148677975380542,0.0001106740322583178
HOGAN RD SW @ CAMBRIDGE DR SW,0.0028238611312408598,0.00011066750553912906
Indian Trail Rd & Georgia Belle Ct,0.0031252823731785493,0.00011061375101995214
OAKCLIFF RD @ OAKCLIFF INDUSTRIAL ST,0.008754957099667837,0.00011055735796925347
CAMPBELLTON RD SW @ KIMBERLY RD SW,0.0027260757465128915,0.0001105530442518875
MARTIN L KING JR DR NW @ CHAPPELL RD,0.013569662317210492,0.00011052862089120958
HAYNES BRIDGE RD @ WOODHAVEN WAY,0.002811230899475498,0.00011047828518080278
JOSEPH E LOWERY BLVD @ FAIR ST SW,0.002514572624456554,0.00011047334113627912
LAWRENCEVILLE HWY @ MAIN ST,0.0023665934813213024,0.0001104452005524161
HAYNES BRIDGE RD @ 11385,0.0029185117837475455,0.00011044061116966577
PANTHER TRL @ STAR MIST DR,0.004277996453248314,0.00011041327747097503
BUFORD HWY NE @ OAKMONT AVE,0.008732344419663828,0.00011039986803559982
HOWELL MILL RD NW @ MORRIS ST NW,0.004828552821044437,0.00011039378039213885
3300 Breckinridge Blvd,0.0,0.00011038684123836098
Concord Rd Se + Khuan's Hair Design/Arkle Veterina,0.00066947836929769,0.00011038652421578029
MARIETTA ST NW @ 584,0.002567558729284251,0.00011038609693231745
HEADLAND DR @ HILLCREST DR,0.011473028627013764,0.00011035747394719155
KIMBERLY MILL RD @ 6400,0.0010105250612558632,0.000110346695438036
MACON DR @ 2324,0.0037334508584007673,0.00011034301137780551
N DRUID HILLS RD NE @ HIGH HAVEN CT,0.009827560510907787,0.00011034111524100694
KING ARNOLD ST @ CLAIRE DR,0.0007078255789949323,0.00011030500165879953
N DRUID HILLS RD NE @ DRUID OAKS DR,0.009827560510907787,0.00011027522063477552
TURNER RD SE @ VELMA ST SE,0.004020971236823206,0.00011027238480044703
TIGER FLOWERS DR @ ANDERSON AVE NW,0.0033303638593252696,0.00011026787261020891
COLUMBIA DR @ DERRYDOWN WAY,0.007991299809411323,0.00011025916560005719
MACON DR @ CLEVELAND AVE,0.004405371579744651,0.0001102560177812589
LOVEJOY RD @ SUMMER TRCE,0.002020380568056695,0.00011025594561601647
MCAFEE RD @ GLENDALE DR,0.011110218879075958,0.00011022411650729523
BUFORD HWY NE @ 3061,0.0026978022879345282,0.00011022254918275411
Hillcrest Dr SE at Hillcrest Chase Ln,0.0005245502640768421,0.00011021589072776055
LAKE SPIVEY PKWY @ 3576,0.00030344512244948827,0.00011020868726110009
PLEASANTDALE RD @ 4111,0.004255809853352052,0.00011020329324447898
DONALD L HOLLOWELL PKWY @ JOSEPH E LOWERY BLVD,0.0020637494361666715,0.00011019112661417643
FAIRBURN RD SW @ SUTTLES DR SW,0.0028992164417252823,0.0001101906096582701
Duluth Hwy & ALDI,0.0003386728170721534,0.00011018993827532922
INMAN PARK/REYNOLDSTOWN STATION - SOUTH LOOP,0.0010109511413636102,0.00011017289692653582
Best Friend Rd & Brook Hollow Pkwy,0.0028686756282878356,0.00011017011602520288
HUFF RD @ FOSTER ST,0.0027282517984917433,0.00011016949487631844
Six Flags Dr at Pine View Way,0.0003797134617362259,0.00011015967203358677
MARTIN LUTHER KING J @ STAFFORD ST,0.013385382670609855,0.00011015462252280826
Mableton Pkwy at Factory Shoals Rd,0.0010018817219272784,0.00011015158115616937
MCWILLIAMS RD SE @ JONESBORO RD SE,0.002140900369962314,0.00011014748687156818
HILLANDALE DR @ SOMERSET PKWY,0.005384511275920926,0.00011013607298241941
COVINGTON DR @ LA COSTA DR,0.009196786954254913,0.0001101330949615174
Pechtree Corners Cir & Corners @ 1700 Ap,0.0016582581279117438,0.00011013225907369973
Club Dr & Steve Reynolds Blvd OB,0.003481911423362903,0.00011012678252266602
GLENWOOD AVE SE @ TERRY MILL RD SE,0.014887540771427977,0.00011012215772332595
HORSE SHOE DR SE @ WEE KIRK RD SE,0.00040456306230590716,0.00011011241531608433
BAKER RD NW @ CENTER HILL AVE,0.000567584354959303,0.00011009015936180188
SR 42 @ PARTIN PL,0.0016612254715192686,0.00011008565317815818
Maxham Rd at Maxham Rd,0.0001634625899078483,0.00011008284450209467
Singleton Rd & Harbins Ridge Dr OB,0.0016957988288336077,0.00011007204238888446
HOLLYWOOD RD NW @ CATO ST NW,0.006887661027466006,0.00011005563366701555
ASHWOOD AVE SW @ PICKFAIR WAY SW,0.00040456306230590716,0.00011004449622030308
KIPLING ST SE @ HENRY THOMAS DR SE (E),0.0018551299634109793,0.00011003793887463237
ALEXANDER DR @ 4325,0.0009099245043874229,0.00011002686359118361
CLEVELAND AVE SW @ 3RD AVE SW,0.0007842993497621909,0.0001100115797646404
PEACHTREE RD NW @ 2765,0.006621726171644971,0.00010996579349030282
Center Way & Oakbrook Summit Entrance,0.001242738719978053,0.0001099600336882363
BAILEY ST SE @ FAYETTEVILLE RD SE,0.0004045478451592019,0.00010994245576972
MANSELL RD @ 901,0.001411603396966267,0.00010992193236548776
Satellite Blvd & BP Gas Station,0.0051696908158828415,0.00010988735631798524
PEACHTREE RD NW @ PEACHTREE VALLEY RD,0.006808836207532786,0.00010987964336106956
CHESHIRE BRIDGE NE @ WELLBOURNE DR NE,0.005255272048953196,0.00010982141402100755
Beaver Ruin Rd & Beaver Ridge Elementary,0.0035874119014704356,0.00010980201569959567
HOWELL MILL RD NW @ BELLEMEADE AVE NW,0.004828552821044437,0.00010980101853975063
S Norcross Tucker Rd & Danbury Dr OB,0.0014120599113674247,0.00010977076049410018
MORELAND AVE SE @ UNITED AVE,0.010775398536311353,0.00010976473760816179
BELLEMEADE AVE NW @ COMMERCE DR NW,0.0036809364851209322,0.00010975354567458056
PRYOR ST SW @ CRUMLEY ST SW,0.006980379102341124,0.00010974483592516963
MYRTLE DR @ 1890,0.00046086650511535036,0.00010974341088590975
RN MARTIN ST @ HOLCOMB AVE,0.003780897921827752,0.00010974182533552446
S CENTRAL AVE @ DOGWOOD DR,0.043878571511251255,0.0001097407416365689
FAIRBURN RD @ 3070,0.0044606782994448995,0.00010973886027285676
SW BROAD ST @ BROOKS DR,0.0023203105296172692,0.0001097384996604019
FULTON INDUSTRIAL BLVD @ WHARTON DR,0.0013757213650352758,0.00010973225222446736
SNAPFINGER WOODS DR @ WESLEY CHAPEL RD,0.0022547246273176206,0.00010971028868873075
CAMPBELLTON RD @ WILLIS MILL RD,0.011287257700036012,0.00010968966699325918
DONALD L HOLLOWELL PKWY @ ELIZABETH PL NW,0.024402170805106666,0.00010968587052228627
LAGRANGE BLVD @ 6070,0.0011119625611930924,0.0001096792676060625
CANDLER RD @ NORTHVIEW AVE,0.010754246702391048,0.00010964898770380864
PIEDMONT RD NE @ PEACHTREE DR NE,0.0041921945715507345,0.00010964481125936757
CAMPBELLTON RD SW @ 2775,0.010037656046893889,0.00010963635109239762
COVINGTON HWY @ DAVIDSON DR,0.0023459285960955663,0.0001096287143824729
LANDRUM DR SW @ CHILDRESS DR SW,0.0025316310459131443,0.00010961844606662916
WASHINGTON RD @ SPRING ST,0.02142632081257372,0.00010961584906272879
GLENDALE RD @ HATTON DR,0.019395562150464042,0.00010961154060827564
ATLANTA INDUSTRIAL PKWY @ 3400,0.0010109511413636102,0.00010959377853446699
SAN GABRIEL AVE @ SAN JUAN DR,0.002020380568056695,0.00010955425857080796
HAMILTON E HOLMES DR NW @ RYNE ST NW,0.022103019717983053,0.00010953303915377116
ELLSWORTH INDUSTRIAL BLVD @ 1510,0.0017106659811646418,0.00010952475473736419
I-85 ACCESS RD SOUTH (N.E. EXPY) @ 3300 (BLDGS 1-4),0.0030521944175532097,0.00010951868717475291
WINTERS CHAPEL RD @ 4830,0.0018240337241187908,0.00010950532525934116
NORTH AVE @ WOODLAWN AVE,0.0019979200595197388,0.00010949428753290576
ELLSWORTH INDUSTRIAL BLVD @ CHATTAHOOCHEE AVE,0.001959770672729665,0.00010949400755726755
ATLANTA INDUSTRIAL PKWY NW @ 3201,0.0010109511413636102,0.0001094936590457176
PERIMETER CTR E @ LINCOLN PKWY E,0.0007046147610401236,0.00010947539071623746
HOLCOMB BRIDGE RD @ 2701,0.0010104033240822211,0.00010947535528898093
PONCE DE LEON AVE NE @ BRIARCLIFF RD,0.009907039668149334,0.00010947169257824281
MARIETTA ST @ 615,0.0018120121782216395,0.0001094592036464941
BRIARWOOD RD @ 1433,0.0018607374819718657,0.00010945296534664383
CASCADE AVE SW @ WESTWOOD AVE SW,0.013463431416061107,0.0001094410831135774
ATLANTA ST @ SLOAN ST,0.0017353786274139757,0.00010943794975058703
Interstate North Pkwy at 150 Building,0.00023023542965050687,0.0001094329646623823
GLENWOOD AVE SE @ BILL KENNEDY WAY SE,0.01985546997533696,0.0001094052018037698
PIEDMONT RD @ N ROCK SPRINGS RD,0.005306797307697188,0.00010939024339335263
OLD DIXIE HWY @ 3961,0.04294111918847403,0.00010939012575393231
KING ARNOLD ST @ CENTRAL PARK DR,0.0007078255789949323,0.0001093825204507194
S STONE MOUNTAIN LITHONIA RD @ PATTIL,0.0019544066285160622,0.0001093770442069104
Powder Springs Rd at Longwood Dr,0.00026821742782682313,0.00010936224371272063
FOREST PKWY @ MAPLE DR,0.012593961696189605,0.00010934922022583528
FAIRLANE DR NW @ 3572,0.002783200915244419,0.0001093479001601221
Buford Hwy at Huntington Rd Apts IB,0.004187591384672395,0.00010932132540504292
FAIRINGTON PKWY @ NORFAIR LOOP,0.0005056657850156208,0.00010931246862690185
Beaver Ruin Rd & Dept of Labor IB,0.004807035775603207,0.00010930684826039374
MEMORIAL DR SE @ HAAS AVE SE,0.0075601371746646315,0.00010927824234542648
RIVER RD @ LINECREST RD,0.0015158560690439683,0.00010926590407325866
DELMAR LN NW @ 3060,0.005420880256546485,0.00010924574713121557
VALLEY HILL RD SE @ WHIPPORWILL WAY,0.0011964481597006678,0.0001092431956942171
Austell Rd at Anderson Mill Rd,0.00044564935841009544,0.00010923432147605966
LAVISTA RD @ CHRISTMAS LN,0.002648848726983723,0.00010919513057536942
LAKEWOOD AVE @ TERRACE WAY,0.002797345253106953,0.00010917392626703603
S INDIAN CREEK DR @ SENECA WAY,0.0008135390971563383,0.00010916541991064051
COMMERCE DR @ CHURCH ST,0.005913550598275818,0.0001091614606751002
COVINGTON DR @ 3246,0.009196786954254913,0.00010914905961903297
CHILDRESS DR SW @ PANTHER TRL,0.004277996453248314,0.000109148734534302
ELLSWORTH INDUSTRIAL BLVD @ 1530,0.0017106659811646418,0.00010913477676565686
ATLANTA ST @ MILL ST,0.0017353786274139757,0.00010913192910058577
HOWELL MILL RD NW @ ANTONE ST NW,0.004828552821044437,0.00010912570734964908
SAN GABRIEL AVE @ PASADENA DR,0.002020380568056695,0.00010911375254305842
E LAKE DR @ KNOX ST,0.007615481937231643,0.00010910993079874391
NORTH AVE NW @ WLAKE AVE NW,0.0018843544936584214,0.00010906256558194081
MARIETTA BLVD @ 1595,0.001689643492991332,0.0001090586450214098
PANOLA RD @ YOUNG RD,0.002378280249990938,0.00010905845945949336
RUBY H HARPER BLVD SE @ SIMCA ST SE,0.0037334508584007673,0.00010905641995206394
131 Langley Professional Building,0.0017192636690531108,0.00010905611920240447
MORELAND AVE SE @ EDEN AVE SE,0.010544021820657952,0.00010903413734402926
PIEDMONT RD NE @ BURKE RD NE,0.0041921945715507345,0.00010903024084649236
LAVISTA RD @ OAK GROVE DR,0.0017739693114585022,0.00010901244571609377
NORTHLAKE PKWY @ LAKESIDE PKWY,0.0027155987410063236,0.00010900743285209536
BUFORD HWY @ 4416,0.0030419532778205734,0.00010899399860915128
MACON DR @ LOIS LN,0.004405371579744651,0.00010895210558982716
BOULDERVIEW DR SE @ GRESHAM RD SE,0.0010109511413636102,0.00010892543344445484
Boggs Rd & Quick Trip IB,0.0051696299472960205,0.00010891858130720474
BUFORD HWY NE @ 3691,0.00208036656036881,0.00010891292183538216
E ROCK SPRINGS RD NE @ N DECATUR RD NE,0.005388026436809839,0.00010890518232445468
WILLINGHAM DR @ PENNSYLVANIA ST,0.04504939399590027,0.00010890504898132522
MONTREAL RD @ SAMS RD,0.0073996343197909546,0.00010887602662002034
Old Norcross Rd & Tipton Industrial Dr,0.0021395460439055463,0.00010887436023086707
WESTMONT RD SW @ TRACY ST,0.0024882165263630522,0.0001088641364542462
MCDANIEL ST SW @ MARY ST SW,0.006185808178552886,0.00010885793899287439
BOLTON RD NW @ HOLLYWOOD RD,0.0016447833445042406,0.0001088546811158903
CLAIRMONT RD NE @ YOUNG RD,0.0061522087186276836,0.00010883555165318038
Peachtree Corners Cir & FIZZ IB,0.0016582429107650386,0.00010880480978348506
LAKEWOOD AVE SW @ CONRAD AVE SE,0.002797345253106953,0.00010879642566629489
Hurricane Shoals Rd & Philip Blvd,0.00013593477151804215,0.00010878810297636538
FOREST PKWY @ JOHN G GLOVER IND CT,0.0055740712724282855,0.00010877650242706392
S HAIRSTON RD @ BIRCH RIDGE TRL,0.004573447501295308,0.00010870862648908267
MARIETTA BLVD NW @ W MARIETTA ST NW,0.00569463672577402,0.00010866361286050028
MEMORIAL DR @ 3978,0.0065154039676153545,0.0001086534005423861
KINGSTON RD NW @ SKIPPER DR NW,0.0005056657850156208,0.00010865097033882924
CLAIRMONT RD @ N DECATUR RD,0.010549035870497334,0.00010863006077913966
HAYNES BRIDGE RD @ THOMPSON ST,0.001826011953190474,0.0001086273195781826
N Berkeley Lake Rd & The Estates Apts IB,0.0003785721757333318,0.00010862221755090395
FAIRBURN RD SW @ BOULDER PARK DR SW,0.0038559184550846586,0.00010861705248136374
S MCDONOUGH ST @ W HANCOCK ST,0.006431245537761943,0.00010861372049350771
FAIRBURN RD SW @ LANDAU LN SW,0.0028992164417252823,0.0001086128458860424
Brook Hollow Pkwy & Pinnacle Way OB,0.002078053554069611,0.00010858097893501491
HARPER RD SE @ 359,0.0010107989698965576,0.00010855525042757021
SANDTOWN RD SW @ WESTRIDGE RD,0.0015744268667124946,0.00010853688799981046
S MARTIN ST @ BAYARD ST,0.003403390946363788,0.00010852903594064697
HORSESHOE DR SE @ APACHE TRL SE,0.00040456306230590716,0.00010851982317377972
EASTLAND RD SE @ YOUNG ST SE,0.007689551398819472,0.00010850831174776372
CENTRE PKWY @ 1500,0.0008542449645928951,0.00010849380469227124
ISA DR SE @ KIPLING ST SE,0.0018551299634109793,0.00010849037461819387
LUCILE AVE SW @ RALPH D ABERNATHY BLVD,0.0071179192828365705,0.00010846768729932523
COVINGTON HWY @ CANAL ST,0.018448386070942156,0.00010844950566803296
Lawrenceville Hwy & Pounds Rd,0.0018893152834843344,0.00010843967067470387
PEACHTREE RD @ BELLAIRE DR,0.0025155008704055744,0.00010842939329866108
COLUMBIA DR @ COLUMBIA PKWY,0.0028147764946578227,0.00010842556533533924
LUCILE AVE SW @ PEEPLES ST SW,0.017995044444872554,0.0001084241232733787
BELLEMEADE AVE @ NORTHSIDE DR NW,0.0036809364851209322,0.00010842078529024334
HILLANDALE DR @ 6170,0.004007329064801945,0.00010840233891975954
GRESHAM RD SE @ FLAT SHOALS RD (WAL-MART),0.0065367460158694745,0.00010838578254184961
WESTMONT RD SW @ 1411,0.002241143323883181,0.00010838497748892834
HOWELL MILL RD NW @ DOWNWOOD CIR NW,0.0024219002010215512,0.00010836796534272235
CAMPBELLTON RD SW @ KIMBERLY RD,0.0027260757465128915,0.00010836533855339945
SPRING ST @ 12TH ST,0.00392104784298315,0.00010836003925975869
PEYTON PL @ PEYTON RD,0.0011119625611930924,0.00010833603993403568
ELLSWORTH INDUSTRIAL BLVD @ 1611,0.001959770672729665,0.00010833221151908888
SHALLOWFORD RD NE @ LA VENTURE DR,0.017002064753767848,0.00010831225464473228
SHANNON PKWY @ PORTSMOUTH DR,0.0008452440223167369,0.00010831175356585386
Circle 75 Pkwy at 1000 Building Entrance,0.0003138993022359984,0.00010830487901078347
LAVISTA RD NE @ EMPIRE RD NE,0.0037617851855659516,0.00010826323459673347
N CENTRAL AVE @ SYLVAN RD,0.0012898205718841118,0.00010825593244757106
MCDONOUGH BLVD SE @ SAWTELL AVE SE,0.0011946373192427424,0.00010824446526934919
GLENWOOD RD @ LEE ST,0.002756441562763228,0.00010824406731617251
MCAFEE RD @ W LAKESIDE DR,0.006622220728912892,0.00010822741188930933
Concord Rd SE at King Springs Rd,0.0006694631521509848,0.00010821365049216853
MURPHY AVE SW @ LANGSTON AVE SW,0.018953564907263208,0.00010820887549112167
Blair Bridge Rd at William Rd,0.0003796373760026996,0.00010819854250260989
Beaver Ruin Rd & Red Oak Rd OB,0.0035873966843237306,0.00010819617882436229
PERIMETER CTR E @ 64,0.0007046147610401236,0.00010818534983201674
BRIARWOOD RD @ BRIARWOOD WAY,0.0018607374819718657,0.00010815959738188477
ALMONT DR SW @ WYLAND DR SW,0.0034206243650074892,0.0001081475169351855
STONE MOUNTAIN ST @ IDA ST,0.002190036536673582,0.00010813065503186716
MCWILLIAMS RD SE @ 660,0.002140900369962314,0.00010812017164351067
Langley Dr & Huff St (Shell),0.0017192484519064056,0.00010809586234733048
PEACHTREE RD @ TOWN BLVD,0.003808425740217558,0.00010808769698134664
NORTHSIDE DR NW @ GREEN ST NW,0.003043140215263583,0.00010807326558058517
DORSEY AVE @ 2207,0.0021212398164191246,0.00010807305824326666
HOSEA L WILLIAMS DR @ DANIEL AVE SE,0.0020366705236046704,0.00010807019931587011
OLD HAPEVILLE RD @ MACON DR,0.0037334508584007673,0.00010806070243808574
MEMORIAL DR SE @ FRASER ST SE,0.010791056980271059,0.000108044938526043
CHESHIRE BRIDGE RD NE @ FAULKNER RD NE,0.005255272048953196,0.00010804097501752427
ATLANTA ST @ VIRGINIA AVE,0.0015798137366461547,0.00010803690155860565
Austell Rd at Austell Cir,0.002555521966240395,0.00010802708024197912
SAN GABRIEL AVE @ MONTEREY DR,0.002020380568056695,0.0001080218420844455
GLENDALE DR @ MCAFEE RD,0.0006868563508350911,0.00010801355699869907
Mableton Pkwy SW at Lane Dr,0.0010018665047805732,0.00010800555512513585
HUFF RD @ N ASHBY ST,0.0027282517984917433,0.00010799456194287912
HOWELL MILL RD NW @ WESTMINSTER CIR N,0.0024219002010215512,0.00010799305721567715
SWEET AUBURN MARKET,0.0009207591128415644,0.00010797848872500329
W BROAD ST @ ELDER ST,0.0038323775291316292,0.00010794472120050113
SULLIVAN RD @ OLD NATIONAL HWY,0.0014315682934435614,0.00010789862450985848
LOVEJOY RD @ S GLEN ST,0.002020380568056695,0.00010788814462930042
N PEACHTREE RD @ CLEMSON DR,0.0003903958987233148,0.0001078294643631999
LAWRENCEVILLE HWY @ LYNBURN DR,0.004752474696091515,0.00010782347677381474
WHITEHALL ST SW @ TED TURNER DR SW,0.006713105137610027,0.00010782247172667165
Old Norcross Rd & Averitt OB,0.0021060683211539854,0.00010779915794881961
Six Flags Dr at Winterglen Ln,0.00037969824458952066,0.00010779912832128326
ROCKBRIDGE RD @ EDDINGTON WAY,0.00534601189475663,0.00010778100073726809
W Pike St & Phoenix HS,0.0017200397435350788,0.00010777120467506406
BRIARCLIFF RD @ BRIARCREST TRL,0.0076844232203798005,0.00010776102074556558
MARTIN LUTHER KING J DR SW @ BURBANK,0.013385382670609855,0.00010775549818908321
ANDERSON AVE NW @ CALLOWAY DR NW,0.0033303638593252696,0.00010774379039289934
Best Friend Rd & Best Friend Ct IB,0.00286866041114113,0.00010773037732281579
HOWELL MILL RD NW @ GARRAUX ST NW,0.004828552821044437,0.00010772371892691981
THOMASVILLE DR SE @ KIPLING ST SE,0.004020971236823206,0.00010772310981164662
MORELAND AVE SE @ BURNS ST SE,0.010775398536311353,0.00010769921531537585
HAMMOND DR @ GLENRIDGE DR,0.005881784804528598,0.0001076770238410566
ROOSEVELT HWY @ HARBOR LAKES PKWY,0.0023203105296172692,0.00010767293485211779
N INDIAN CREEK DR @ DIAL DR,0.015878453466771882,0.00010766762330931921
SNAPFINGER RD @ GLEN MORA DR,0.007087228834123189,0.00010764354984287835
MARTIN L KING JR DR NW @ CERRO ST SW,0.013569662317210492,0.00010763025578556425
Singleton Rd & Harbins Rd (before light),0.0016957836116869025,0.00010761560711871064
BUFORD HWY @ CORPORATE BLVD NE,0.0026978022879345282,0.00010760526752683129
COLUMBIA DR @ MISSIONARY DR,0.007991299809411323,0.00010755477659201801
S STONE MNT LITHONIA RD @ WELLS CIR,0.0024302468059893834,0.00010755011588319872
BUFORD HWY NE @ OAK SHADOW CT NE,0.0026127536549988583,0.00010753622502952418
LAKEWOOD AVE SE @ DOROTHY ST SE,0.0060063447588844625,0.00010752494164416182
ASHWOOD AVE @ PRYOR RD,0.00030344512244948827,0.00010750363600307402
Ring Rd at Jc Penney Entrance,0.0,0.00010748677152128236
Center Way Quicktrip (across),0.0012427235028313478,0.00010748641059567276
FLINT RIVER RD @ LEXINGTON DR,0.001693607559708051,0.00010746472718013475
BUFORD HWY NE @ 3649,0.00208036656036881,0.00010746052091883181
FAIRBURN RD SW @ VILLAGE PARK LN,0.0029432548642902897,0.00010745618959220643
ROSWELL RD NE @ POWERS FERRY RD NW,0.0027799977058629625,0.00010745396876311427
NORTH POINT PKWY @ ROYAL DR,0.0021233702169578604,0.00010744494921856789
LAVISTA RD @ 2284,0.0006416918594138945,0.00010743095947963929
CLEVELAND AVE @ BAYARD ST,0.0057836342082797036,0.00010742636164469576
PONCE DE LEON AVE @ OAKDALE RD NE,0.009703966845367706,0.00010742453239910541
SEABOARD AVE NE @ BRANTLEY ST NE,0.0010109511413636102,0.000107408998508125
Duluth Hwy & Meadow Brook Pkwy IB,0.0051696755987361365,0.000107405295405496
NORTHLAKE PKWY @ 3421,0.0037606895510031734,0.00010735809722247622
MACON DR @ MOBLEY DR,0.004405371579744651,0.00010735406483994596
Powder Springs Rd at Natchez Trace,0.0002682022106801179,0.00010735342836799036
JOSEPH E LOWERY BLVD @ ASHBY GRV SW,0.002514572624456554,0.00010735042284848066
NORMAN BERRY DR @ CLEVELAND AVE,0.0002434895644307839,0.00010734245215690753
GLENWOOD AVE @ 1925,0.014887540771427977,0.00010732869526498714
S Norcross Tucker Rd & Rest. Las Islitas,0.0014120446942207194,0.00010726928988532666
JONESBORO RD @ KENYON RD,0.01828922486116966,0.00010726419080643262
NORTH AVE NW @ ELMWOOD RD,0.0019979200595197388,0.0001072504908247739
RIVER RD @ SEABASS RD,0.006243838767513376,0.00010721847086486334
WHITEHALL ST SW @ WHITEHALL TERR SW,0.0008847933866036944,0.00010718964222173978
FAIRINGTON PKWY @ FAIRINGTON RIDGE CIR,0.0005056657850156208,0.00010718620075310015
PEACHTREE RD NW @ E WESLEY RD NE,0.006621726171644971,0.00010718535854541689
MEMORIAL DR @ GEORGE LUTHER DR,0.01313836272814345,0.00010717409200143203
PONCE DE LEON AVE @ LULLWATER RD NE,0.009703966845367706,0.00010711944544544206
FOREST PKWY @ SR 42,0.0055740712724282855,0.00010709889558990532
MURPHY AVE @ DILL AVE,0.0015834810690021212,0.00010709630968620929
10TH ST @ HOLLY ST,0.006814740460454424,0.00010707533137673772
CLIFTON SPRINGS RD @ CLIFTON SPRINGS WAY,0.002023773991771967,0.00010702318709096049
HOSEA L WILLIAMS DR SE @ WARREN ST SE,0.001515171297442232,0.00010702289290237754
HARPER RD @ MEADOR AVE,0.0010107989698965576,0.0001070222481940916
NORTHSIDE DR NW @ TRABERT AVE NW,0.003043140215263583,0.00010697228936224138
FAIRBURN RD SW @ STEPHANIE DR SW,0.0044606782994448995,0.00010697013490350489
VALLEY HILL RD SE @ 94,0.0011964481597006678,0.00010696214349852426
UNITED AVE SE @ UNDERWOOD AVE,0.00703712384240502,0.00010695756255136126
Club Dr & Crestwood Pkwy OB,0.003481896206216198,0.00010694568910016243
PIERCE DR NE @ PEACHTREE IND BLVD,0.00035489429545995513,0.00010694428899159534
PEACHTREE RD NW @ BENNETT ST NW,0.006808836207532786,0.00010692737138491909
KIMBERLY MILL RD @ KIMBERLY MILL LN,0.0012130500667561009,0.00010692593378195379
MARIETTA ST NW @ PARKER ST NW,0.0018120121782216395,0.00010692351354384195
PRYOR ST SW @ RICHARDSON ST SW,0.006980379102341124,0.00010692054436254957
HILL ST SE @ ATLANTA AVE,0.010844811551007373,0.0001069197432786629
Floyd Rd at Willowbrook Lane,0.0015386057033683245,0.00010691616351556755
DONALD L HOLLOWELL PKWY @ WOOD ST NW,0.017474899544766883,0.00010689044574548046
I-85 ACCESS RD SOUTH (N.E. EXPY) @ 3300 (BLDGS 6-9),0.0030521944175532097,0.0001068862819262358
ROSWELL RD @ 7741,0.000484666122562369,0.00010687565462697774
CHURCH ST @ WILLOW LN,0.006117308192659181,0.00010687456519824841
CHILDRESS DR SW @ 2007,0.004277996453248314,0.00010683804553500507
RIVER EXCHANGE DR @ HOLCOMB BRIDGE RD,0.0007078255789949323,0.00010681777296365209
BARGE RD @ PINE KNOLL AVE,0.0032082919084557146,0.00010681669574939793
NORTH AVE @ ELMWOOD RD,0.0018843544936584214,0.00010680057453601611
MEMORIAL DR SE @ TRENTON ST SE,0.0075601371746646315,0.00010678464317547952
Shackleford Rd & Park Dr,0.0034861722244403748,0.00010677969794527451
Buford Hwy & S Peachtree St IB,0.00418757616752569,0.00010673362984273238
S Cobb Dr at Benson Poole Rd,0.0003610268055821729,0.00010671918658933271
NORTHEAST EXPY @ BRIARWOOD CT NE,0.003248556478637819,0.00010671871179741767
Beaver Ruin Rd & Wexford Dr,0.004807020558456501,0.00010671867208997943
HOGAN RD @ N CAMP CREEK PKWY,0.0028238611312408598,0.00010669982273218148
PEACHTREE RD @ COLONIAL DR,0.0025155008704055744,0.00010669684410164292
PLEASANTDALE RD @ 3810,0.0037382899110530382,0.00010667538176269977
RIVER RD @ BOSENBERRY WAY,0.0015158560690439683,0.00010667285446964455
THOMASVILLE DR SE @ THOMASVILLE CT,0.004020971236823206,0.0001066656182679368
14TH ST @ SPRING ST,0.00392104784298315,0.00010664994121476761
KINGSTON RD @ HARWELL RD,0.0005056657850156208,0.00010664724486466668
E LAKE DR SE @ HOSEA L WILLIAMS DR,0.0020366705236046704,0.00010664193105362838
CONLEY RD SE @ JONESBORO RD SE,0.010854976605006483,0.00010664050110465454
FAIRLANE DR NW @ CAMROSE WAY NW,0.002783200915244419,0.00010663939733385205
WINTERS CHAPEL RD @ 4920,0.0018240337241187908,0.00010662270513716872
SNAPFINGER WOODS DR @ 4185,0.0022547246273176206,0.000106596356344001
NORTH AVE NW @ LUCKIE ST NW,0.0057950851111754085,0.00010658126938342232
ROSWELL RD @ 7878,0.0015049149405628902,0.00010657510760400641
ROSWELL RD NE @ W BELLE ISLE RD NE,0.0016597341911421535,0.0001065747808805768
HOLLYWOOD RD NW @ BOLTON RD,0.0016447833445042406,0.00010656829979336331
PIEDMONT AVE @ CHESHIRE BRIDGE RD,0.005306797307697188,0.00010653093762595097
MYRTLE DR @ 1881,0.00046086650511535036,0.00010650157690917473
KIMBERLY MILL RD @ 6410,0.0010105250612558632,0.00010647199132611038
N Berkeley Lake Rd & Storage IB,0.0003785569585866265,0.00010646923107992826
MONTREAL RD @ MONTREAL CIR S,0.006164154178791308,0.00010646322152519226
E LAKE DR @ SPRING ST,0.008167369805364475,0.0001064594726697467
SR 85 @ THOMAS RD,0.0009107462303095066,0.00010645921057623889
2ND AVE @ 342,0.01259288127877353,0.00010644685232416131
Jimmy Carter Blvd & MJays Baked Foods,0.0016594450653547538,0.00010644188237493387
Franklin Rd at Kingston Ct,0.0006104054057878904,0.00010643573904189714
Sweetwater Rd & Club Drive OB,0.0034818809890694927,0.00010643113607349786
Windy Ridge Pkwy / 2300 Windy Ridge Buiding,0.00016580603050045755,0.00010639563897755908
OLD NATIONAL HWY @ WEST RD,0.010665568779966175,0.00010637847680844574
MELDON AVE @ PRYOR RD,0.0017242396760257291,0.00010637799646062929
ELLSWORTH INDUSTRIAL BLVD @ 1455,0.001959770672729665,0.00010633185039984232
FAIRBURN RD NW @ SANDY CREEK DR NW,0.00021294875099333728,0.00010629864648013546
GLENWOOD RD @ LEDO AVE,0.002756441562763228,0.00010628509847423662
HOLLYWOOD RD NW @ FELKER WARD ST NW,0.0018963836481289253,0.00010628431438741148
CAMPBELLTON RD SW @ SANDRINGHAM DR,0.010330707858143688,0.00010627789978502172
EXECUTIVE PARK SOUTH NE @ 57,0.010512225592617322,0.00010624428567220233
MERRILL AVE SW @ LAWTON ST SW,0.00453171194026503,0.00010623649117987155
CONTINENTAL COLONY PKWY SW @ HOGAN RD SW,0.005967754074839936,0.00010623208994432127
MORELAND AVE SE @ WOODSTOCK RD SE,0.0004045478451592019,0.00010623159916175052
CLAIRMONT RD NE @ GEORGIAN DR E,0.0061522087186276836,0.00010621792026543986
WESTMONT RD SW @ 1420,0.0024882165263630522,0.00010619603511490775
W POINT AVE @ BEST RD,0.0012429517600319267,0.00010618763229413992
BOULDERVIEW DR @ SAHARA DR,0.0010109511413636102,0.00010618505024323794
HOWELL MILL RD NW @ VERNER ST NW,0.004828552821044437,0.00010618055863113253
CAMPBELLTON RD SW @ DODSON RD,0.010037656046893889,0.00010617041044813915
Shackleford Rd & Doan Way OB,0.0034861570072936693,0.00010616659077643061
BUFORD HWY @ BRAGG ST,0.0030419532778205734,0.00010615240538317143
Peachtree Ind Blvd &  Corners @ 1700 Apt,0.0016582276936183333,0.0001061203262846827
Hurricane Shoals Rd & Whitehall Ln OB,0.0001359195543713369,0.00010610751695144398
Austell Rd at Orange Hill Rd,0.0004456341412633902,0.00010608768853907178
E PONCE DE LEON AVE @ DEKALB INDUSTRIAL WAY,0.006989745256138208,0.00010604951179453686
EASTLAND RD SE @ BOULDERCREST RD SE,0.007689551398819472,0.00010603963582971336
W BROAD ST @ ESTES DR,0.0038323775291316292,0.00010598965404781102
CAMPBELLTON RD SW @ BENT CREEK WAY SW,0.011287257700036012,0.00010598907959441316
RAINBOW DR @ KNOLLVIEW DR,0.022706065097147832,0.00010598588278548494
BOND DR @ ASHWOOD AVE,0.00030344512244948827,0.00010597873577713787
ROSWELL RD @ 7546,0.000484666122562369,0.00010595770632339642
MORELAND AVE SE @ ORMEWOOD AVE SE,0.01568899999029146,0.00010595594641848056
MCGINNIS FERRY RD @ DEERFIELD POINT DR,0.0010896237898297783,0.00010595580940428695
GLENWOOD RD @ MORGAN PL SE,0.0052121694809105605,0.00010595235830236426
N SHALLOWFORD RD @ 4500,0.0006897476087090895,0.00010594716354557065
KING ARNOLD ST @ SHERMAN RD,0.0007078255789949323,0.00010593488710869425
BENJAMIN E MAYS DR @ WILLIS MILL RD,0.0008116521709648866,0.00010590809425969924
MT VERNON HWY NW @ POWERS FERRY RD NW,0.0013131028063431518,0.00010589831940970891
HAMMOND DR NE @ BARFIELD RD NE,0.005881784804528598,0.00010589456590952981
Maxham Rd at Poldar Way,0.00016344737276114305,0.00010587371802064794
CAMPBELLTON RD @ BENT CREEK WAY,0.010994205888786213,0.00010585899002179853
RIVER RD @ RIVER RIDGE CT,0.006043337642524937,0.00010584405514188543
Cobb Pkwy at Lake Park Dr,0.000123806705593954,0.0001058434985307797
ATLANTA INDUSTRIAL PKWY NW @ ATLANTA INDUSTRIAL DR,0.0010109511413636102,0.0001058303366535328
CASCADE AVE SW @ RICHLAND RD SW,0.004199110764728273,0.00010581527618176806
NORTH AVE NW @ CHARLOTTE PL NW,0.001193724290440427,0.00010578831222222328
HIGHTOWER RD NW @ SAINT JAMES AVE NW,0.0015583499512183928,0.0001057692949836465
RALPH D ABERNATHY BLVD SW @ LANGHORN ST SW,0.013463431416061107,0.00010575647412961963
CLAIRMONT RD @ 1751,0.003912845800909017,0.00010574465415450247
10TH ST NW @ TECHWOOD DR NW,0.006814740460454424,0.00010570306440572518
Lawrenceville Hwy & Summerwalk Pkwy,0.0018893000663376292,0.00010570106464995795
RUBY H HARPER BLVD SE @ 3371,0.0037334508584007673,0.00010569950572685043
BUFORD HWY @ CHAMBLEE TUCKER RD,0.003324840035071262,0.0001056964550498612
MONROE DR @ 1544,0.001775506243275733,0.00010565366235518468
2ND AVE SE @ FLAT SHOALS RD SE,0.0065367460158694745,0.00010565139350836872
CAMPBELLTON RD SW @ BUTNER RD SW,0.0027260757465128915,0.00010563669249323242
PEACHTREE RD @ HERMANCE DR,0.003808425740217558,0.00010562814551903096
LANGSTON AVE SW @ DECKNER AVE SW,0.018953564907263208,0.00010562670891092228
HENDERSON MILL RD @ CHAMBLEE TUCKER,0.0027731119469788347,0.00010558872034255556
Indian Trail Rd at BOEHM Travel,0.003125267156031844,0.00010558775587484769
WHITEHALL ST SW @ 400,0.006713105137610027,0.00010557690120667306
FOREST PKWY @ QUIKTRIP WAY,0.0055740712724282855,0.00010557460288519504
LAVISTA RD NE @ BILTMORE DR NE,0.0037617851855659516,0.00010556166011619302
SAN GABRIEL AVE @ CATALINA DR,0.002020380568056695,0.00010555727065250848
HOLLYWOOD RD NW @ MILDRED PL NW,0.006887661027466006,0.0001055537466515902
METRO TRANSITIONAL CENTER,0.0,0.00010554425926345869
MOUNTAIN INDUSTRIAL BLVD @ HAMMERMILL RD (N),0.0029409646837111492,0.0001055392852744251
WESTRIDGE RD SW @ CUMMINGS DR SW,0.0015744268667124946,0.0001055104774399738
LENOX RD NE @ CANTER RD NE,0.00440789001752437,0.00010550956205449647
BRIARCLIFF RD NE @ VIRGINIA AVE,0.009227525590599528,0.0001055072712066573
MEMORIAL DR @ VILLAGE SQUARE DR,0.02021214974934367,0.00010550043370317373
Blair Bridge Rd at Pleasant Dr,0.00037962215885599436,0.00010549821054963237
WESTRIDGE RD @ SANDTOWN RD,0.0013273536642326232,0.00010548780219852844
COVINGTON DR @ MIDWAY RD,0.009196786954254913,0.00010547026572924322
LAKEWOOD AVE @ CLAIRE DR,0.002797345253106953,0.0001054701512987653
FLAT SHOALS RD SE @ ROCKLAND DR SE,0.0019021433381568643,0.00010545978455142865
CLIFTON SPRINGS RD @ CLIFTON CHURCH,0.002023773991771967,0.00010545666517699535
N DRUID HILLS RD @ N CROSSING  DR,0.009827560510907787,0.00010543280924649943
RIVER EXCHANGE DR @ 3175,0.0007078255789949323,0.0001054298709901954
S STONE MOUNTAIN LITHONIA RD @ MANASS,0.0024302468059893834,0.00010540813223079484
Beaver Ruin Rd & Sourwood Rd OB,0.003587381467177025,0.00010540383866665268
HURT PARK,0.0009207591128415644,0.00010540214952707761
MAIN ST @ JOHN CALVIN AVE,0.027333114997712404,0.0001053865171900317
E ROCK SPRINGS RD NE @ ROCK SPRINGS CIR NE,0.005388026436809839,0.00010537441298262573
FAIRBURN RD @ 1624,0.0028992164417252823,0.00010537269490203542
COMMERCE DR @ W TRINITY PL,0.0019762812769048665,0.00010536495963533166
VIRGINIA AVE NE @ MARYLAND AVE NE,0.02448543903187782,0.0001053434431713638
OLD HAPEVILLE RD @ 2466,0.0037334508584007673,0.00010534167600400281
OLD NATIONAL HWY @ BIGWOOD TRL,0.0029351060822296257,0.00010531449843209065
WASHINGTON RD @ VICTORIA DR,0.01237803799301539,0.00010530135065546354
ANDERSON AVE NW @ 83,0.0033303638593252696,0.00010527827037139318
AVONDALE STATION - E COLLEGE AVE (SOUTH),0.006668442812030104,0.0001052696767771103
SOMBRERO WAY SE @ HORSESHOE DR SE,0.00040456306230590716,0.00010526754875998763
SHALLOWFORD RD NE @ CHAMBLEE TUCKER RD,0.017002064753767848,0.00010526058579768285
JOSEPH E BOONE BLVD @ W LAKE AVE NW,0.0035743023295838586,0.00010524382665887783
WESTMONT RD SW @ TRACY ST SW,0.002241143323883181,0.00010519624178836277
BUFORD HWY NE @ N DRUID HILLS RD NE,0.0026978022879345282,0.00010518318305091382
ROCKBRIDGE RD @ BARBASHELA DR,0.00534601189475663,0.00010518021959008008
MACON DR SW @ OLD HAPEVILLE RD SW,0.004405371579744651,0.00010515070605495618
HOSEA L WILLIAMS DR @  E LAKE DR,0.007615481937231643,0.00010514450340498487
Six Flags Dr at Summer Stone Ln,0.0003796830274428154,0.00010514301633667228
CANDLER RD @ MELLVILLE AVE,0.010856505928250361,0.00010510851183672984
NORTHSIDE DR NW @ NORTHSIDE CIR NW,0.0036809364851209322,0.00010509899984474636
Austell Rd at Raes Creek Rd,0.0022754199468367673,0.00010509872917391166
RALPH D ABERNATH BLVD @ WESTVIEW DR SW,0.009411987842960629,0.00010508640476489223
CENTER ST @ MENEFEE ST,0.00010116359129653468,0.00010507487813026913
COVINGTON HWY @ GLENHAVEN CIR,0.007082630719627085,0.00010505575159442415
MARTIN LUTHER KING J DR SW @ CERRO ST,0.013385382670609855,0.00010505349398235727
CANDLER RD @ OAKLAND TER,0.00558702867284781,0.00010505269019242357
DELOWE DR @ DORSEY AVE,0.0021212398164191246,0.00010504680863118756
MORELAND AVE NE @ HARDEE ST NE,0.0010109511413636102,0.00010503434893840519
BROOKSIDE PKWY @ ALEXANDER DR,0.0009099245043874229,0.00010502079165714521
ATLANTA ST @ KING ST,0.0017353786274139757,0.00010501224467776812
RALPH D ABERNATHY BLVD @ WELLINGTON ST,0.0071179192828365705,0.00010498859368221513
SYLVAN RD SW @ MELROSE DR SW,0.000666434939956639,0.00010498754072048471
DONALD L HOLLOWELL PWKY @ PEEK RD NW,0.0038067822883733906,0.00010498218510205249
CHAMBLEE TUCKER @ PEACHTREE RD,0.00026520443277918267,0.0001049810279295692
ASHFORD DUNWOODY RD @ ASHFORD CENTER,0.0017191267147327635,0.00010497174542277866
HUFF RD @ 1088,0.0021060074525671643,0.00010497165483919045
MEMORIAL DR SE @ DANIEL AVE SE,0.007666155035760142,0.00010496931976899083
PIEDMONT RD NE @ ELLIOTT CIR NE,0.0041921945715507345,0.00010496485041398942
COLUMBIA DR @ INMAN DR,0.007991299809411323,0.00010495181256116914
LOVEJOY RD @ S GROVE DR,0.002020380568056695,0.00010493020635724955
CHESHIRE BRIDGE RD @ 2170,0.005255272048953196,0.00010492320177661203
WINDWARD PKWY @ JORDAN CT,0.00031525362829276605,0.00010491564426879974
W Pike St & Old Norcross Rd,0.0017200245263883735,0.00010490518408757597
HILLANDALE DR @ 5786,0.006165622633448366,0.00010487282994316407
Best Friend Rd & Nancy Hanks Dr IB,0.002868645193994425,0.00010486010240203148
PEELER RD @ N PEACHTREE RD,0.003141929931674098,0.00010485036515895849
FAIRBURN RD SW @ WELCOME ALL RD,0.0029432548642902897,0.00010484969682446004
MARTIN L KING JR DR NW @ BURBANK DR NW,0.013569662317210492,0.00010483965802695521
UNITED AVE @ WOODLAND AVE SE,0.00703712384240502,0.00010480810247070165
SNAPFINGER RD @ CHERRYBROOK DR,0.007087228834123189,0.00010476595579865655
Concord Rd SE at Atlanta Rd,0.0006694479350042795,0.00010476264353942845
ROSWELL RD NE @ GREEN HILL RD NE,0.0034668997081381695,0.00010476144524597858
BATTLE CREEK RD @ BATTLECREEK VILLAGE DR,0.00047833578953298297,0.00010473274186398218
Singleton Rd & Gladiator Drive OB,0.0016957683945401972,0.0001047276414652102
WASHINGTON RD @ MT OLIVE RD,0.01728241785609211,0.00010470998638745043
ATLANTA STUDENT MOVEMENT BLVD @ EUHARLEE ST SW,0.005113554761687156,0.00010469997729468011
CAMP CREEK PKWY @ 2900,0.0005049810134138843,0.00010469368726942875
CORRAL SR SE @ SOMBRERO WAY SE,0.00030344512244948827,0.00010466430472232395
PERIMETER CTR E @ 74,0.0007046147610401236,0.00010465261290647308
MYRTLE DR @ PLAZA LN,0.00046086650511535036,0.00010464493358748584
MARTIN L KING JR DR SW @ MIDDLETON RD NW,0.018192616269120228,0.00010463151561876591
MCWILLIAMS RD SE @ CAREY DR SE,0.002140900369962314,0.00010461928705405018
HOSEA L WILLIAMS DR @ WOODBINE AVE,0.0008087304787974777,0.00010460636147352918
HOSEA L WILLIAMS DR @ ROGERS ST SE,0.001515171297442232,0.00010460636147352918
PEYTON RD SW @ 294,0.0011119625611930924,0.00010458565074150664
Brook Hollow Pkwy & Spring Lake Apts,0.0012427082856846425,0.00010457537426141343
UNITED AVE @ CHARLES BANK AVE,0.007259948521610067,0.000104553969451437
E LAKE RD @ PADEN CIR,0.006588096277426358,0.00010454996934282617
Duluth Hwy & Lakes Pkwy,0.00033865759992544815,0.00010450743127008924
FLOWERS RD S @ 2971,0.0013138484465317095,0.00010448336709310076
BUFORD HWY NE @ 4075,0.0026127536549988583,0.00010447892312675505
Indian Trail Rd & Le's Auto Repair,0.003125251938885139,0.00010446976698453967
Jimmy Carter Blvd & Cash Ct,0.0016594298482080485,0.00010446593259733487
COVINGTON HWY @ 6835,0.0027305419790708842,0.000104424313111271
AUSTIN DR @ TOWERS WAY,0.0008873270415301193,0.00010441458607134371
DUNWOODY PL @ N RIVER DR,0.0058015676156718465,0.00010439005837677796
OAKLEY RD @ MALL BLVD,0.00012415669996817486,0.00010436817059277108
ASHFORD DUNWOODY RD NE @ RAVINIA DR,0.003910821920397219,0.00010435939755911838
TARA BLVD @ SOUTHSIDE COMMERCIAL PKWY,0.0066742253277781004,0.00010433918934417305
Fairground St at S Marietta Pkwy,0.0020926315806132456,0.00010432775986023111
MT VERNON HWY NE @ VERNON WOODS DR NE,0.0029123184050385068,0.0001043166009828578
LAVISTA RD @ HUDSON RD,0.0031301214258308203,0.00010428959349157154
BOULDER PARK DR @ DOLLAR MILL RD,0.0009099245043874229,0.00010427374077734503
S HAIRSTON RD @ 592,0.0016507357850571126,0.0001042688381281642
BRIARWOOD RD @ PINE CONE LN,0.0018607374819718657,0.00010424791777017878
HOLLYWOOD RD NW @ SAINT PAUL AVE NW,0.005475342424604592,0.00010424212039316578
HOLLYWOOD RD NW @ HOLLYWOOD DR NW,0.006887661027466006,0.000104234543748132
PEACHTREE RD NW @ LAKEVIEW AVE NE,0.006621726171644971,0.00010421141864062122
MANSELL RD @ WESTSIDE WAY,0.00040116963859063533,0.00010419874433756522
CAMPBELLTON RD SW @ 2605,0.010037656046893889,0.00010418106536270829
S HAIRSTON RD @ LAKE POINT DR,0.0019159706521297058,0.00010417271026949437
N DRUID HILLS RD NE @ HOLLY NE,0.009827560510907787,0.00010417269252618625
Powder Springs Rd at Bellemeade Dr,0.0002681869935334126,0.00010416111558847095
NORTHSIDE DR SW @ NELSON ST SW,0.0031006001612226258,0.00010415289855316985
OLD MILTON PKWY @ 2400,0.0016156044656969143,0.00010412510474415857
HOLLYWOOD RD NW @ 1730,0.011541696001521226,0.00010412210867509253
CHATTAHOOCHEE AVE NW @ ELLSWORTH INDUSTRIAL BLVD,0.0017106659811646418,0.00010412207852940065
PEACHTREE RD NW @ COLONIAL HOMES DR NW,0.006808836207532786,0.00010411819743341941
Old Norcross Rd & Riverside Pkwy OB,0.0021060531040072803,0.00010410298384408307
FOREST PKWY @ HALE RD,0.010701876892004913,0.00010408651826134747
GLENWOOD AVE SE @ ALLENDALE DR SE,0.0056346735591819635,0.00010408248149570043
VALLEY VIEW RD SE @ REGIS RD SE,0.0021624858925637183,0.00010408081523481479
NORTH AVE NW @ WOODLAWN AVE NW,0.0018843544936584214,0.0001040734878539214
N INDIAN CREEK DR @ CHURCH ST,0.005814068501690214,0.00010406873388035031
ATLANTA INDUSTRIAL PKWY @ 3600,0.0010109511413636102,0.0001040594844627221
Satellite Blvd & Childrens Healthcare IB,0.0051696147301493155,0.00010400703803754949
ROSWELL RD NE @ ABERNATHY RD NW,0.0018564158123075734,0.00010400500078617641
NORTH AVE NW @ W LAKE AVE NW,0.0019979200595197388,0.00010398862118349812
TED TURNER DR @ BROTHERTON ST,0.019179341712929072,0.00010397119517935956
Cherokee St at Lewis Dr,0.0004678816097464729,0.00010394300769325625
PLEASANTDALE RD @ SPRING HARBOR LN,0.0028603670661867665,0.00010394163915515114
HOSEA L WILLIAMS DR NE @ BRANHAM ST NE,0.0030250926792711507,0.00010392694312555333
HOWELL MILL RD NW @ FORREST ST NW,0.004828552821044437,0.0001039230628898738
BUFORD HWY @ 5000,0.003324840035071262,0.00010390594759111265
JOSEPH E BOONE BLVD @ AURORA AVE NW,0.0030730951685528775,0.00010385661638385166
LAGRANGE BLVD @ DUQUESNE DR,0.0011119625611930924,0.00010383104598026916
VALLEY HILL RD SW @ 100,0.0011964481597006678,0.00010382702825975491
N CAMP CREEK PKWY @ DARRAH DR,0.0028238611312408598,0.00010382591431798806
CHESHIRE BRIDGE RD @ 2470,0.0008281779922867935,0.00010382482541648587
ROSWELL RD NE @ LE BRUN RD NE,0.001134742629810859,0.0001038151984071815
CAMERON M ALEXANDER BLVD @ VINE ST NW,0.0005352859610773996,0.00010380716830933365
Thornton Rd (S) at North Blairs Bridge Rd,0.00021218789365807454,0.00010376928358429965
GLENDALE DR @ 2106,0.0006868563508350911,0.00010373201628355663
BOULDERVIEW DR SE @ 1895,0.0010109511413636102,0.00010371423587580538
HARPER RD SE @ 209,0.0010107989698965576,0.00010368645496502366
AVON AVE SW @ MURPHY AVE SW,0.0015834810690021212,0.000103684963487337
IDLEWOOD RD @ GLYNBROOK DR,0.0005394326335545815,0.00010367897489050692
RIVER RD @ RIDGETOP DR,0.0015158560690439683,0.00010367831670283313
CONTINENTAL COLONY PKWY @ HOGAN RD,0.005967754074839936,0.00010367696278115648
S CANDLER ST @ OVERLOOK BLUFF,0.00365674883043293,0.00010367521335052162
OLD NATIONAL HWY @ HALLIE MILL RD,0.00197426500496642,0.0001036578187710067
MCAFEE RD @ BANDERA DR,0.010775076440039423,0.00010360374631231841
JOSEPH E BOONE BLVD @ SEWANEE AVE,0.0040383187840671965,0.00010359908462470875
BRIARCLIFF RD NE @ SOUTHLAND VISTA CT,0.0011555216436368845,0.00010358052172250982
DELMAR LN NW @ LINKWOOD RD NW,0.0056182923007537565,0.00010358023426054072
FAIRINGTON PKWY @ FAIRINGTON CLUB DRIVE,0.0005056657850156208,0.00010357498312925693
BROWNS MILL RD @ HARPER RD,0.009855932880939736,0.00010354871562208296
MAIN ST @ GRIFFITH DR,0.0013141223551724039,0.00010354724573771409
FORREST PARK RD SE @ THOMASVILLE DR S,0.004020971236823206,0.00010350253512354901
DONALD L HOLLOWELL PKWY @ HARWELL RD NW,0.0022135318111864955,0.00010348009501833167
SHAMROCK DR @ SANDUSKY DR,0.0020459758088149337,0.00010347223525992717
PEACHTREE RD @ N DRUID HILLS RD,0.0025155008704055744,0.0001034707938742865
CAMPBELLTON RD SW @ DODSON DR,0.010330707858143688,0.00010346922161974572
KING ARNOLD ST @ SUNSET AVE,0.0007078255789949323,0.00010345256172152314
OGLETHORPE AVE SW @ GORDON PL SW,0.007917139044943265,0.0001034329495195977
Old Alabama Rd at Shadygrove Walk (Not 25 Timepoin,0.0001634321556144378,0.00010341866677328085
Franklin Rd at Delk Industrial Blvd,0.0006103901886411852,0.00010341365828595001
SYLVAN RD @ REED AVE,0.0038381904791730368,0.00010340087774126459
HOLLYWOOD RD NW @ 2081,0.0016447833445042406,0.0001033982754303614
N HAIRSTON RD @ MARINERS CT,0.006000554634563113,0.00010339697262474586
KIMBERLY MILL RD @ FLAT SHOALS RD,0.0010105250612558632,0.0001033948486462618
COLUMBIA DR @ BELVEDERE LN,0.0027876747563757636,0.00010339205529569486
RALPH DAVID ABERNATH BLVD @ ATWOOD S,0.013463431416061107,0.0001033820311683107
Sweetwater Rd & Pleasant Hill Rd,0.0034818657719227876,0.00010333494732148675
FAIRBURN RD NW @ 992,0.00021294875099333728,0.00010331095646719178
S CANDLER ST @ E DAVIS ST,0.006599676526069057,0.00010328466022612557
E LAKE DR NE @ KNOX ST NE,0.0020366705236046704,0.00010328221472994002
SR 85 @ LAMAR HUTCHESON PKWY,0.0016877489582265278,0.00010327931256924586
WHITES MILL RD @ TERRATIM LN,0.0007814004833148399,0.00010327858313861809
EVA DAVIS WAY @ HILLSIDE VILLAGE DR,0.004962014806222876,0.00010327497568519143
COVINGTON HWY @ HIDDEN CREEK DR,0.004332390144146248,0.00010323864089402585
S MCDONOUGH ST @ GREEN ST,0.006492989110518515,0.00010323801061322147
N DECATUR RD @ 3711,0.005753367303482952,0.00010316724266629234
HIGHTOWER RD NW @ NORTHWEST DR NW,0.0015583499512183928,0.00010315614634285052
Brook Hollow Pkwy & Mitchell Rd OB,0.0020780383369229057,0.00010313818373829079
E ROCK SPRINGS RD NE @ MARKAN DR NE,0.005388026436809839,0.00010313804973462854
W LAKE AVE NW @ JOSEPH E BOONE BLVD NW,0.013955477854775526,0.00010312510829966657
Spring St at Baker St,0.007846265184163538,0.00010310573823923999
2ND AVE @ GORDON ST,0.01259288127877353,0.00010310502672512573
PIEDMONT RD NE @ DARLINGTON RD,0.0041921945715507345,0.00010310466135657559
WELLAND AVE SE @ BRANNEN RD SE,0.007268340778018015,0.00010310212650114513
ASHFORD DUNWOODY RD @ VALLEY VIEW RD,0.0017191267147327635,0.00010308076659524081
LAKEWOOD AVE SW @ LAKEWOOD WAY SW,0.0028630757183003017,0.00010307142133156438
FAIRBURN RD SW @ MELVIN DR SW,0.0028992164417252823,0.00010305985455985234
WHITEHALL ST SW @ 385,0.0008847933866036944,0.00010305566372847204
W Pike St & Buchannan St (Hertz),0.0017200093092416683,0.00010305014860721991
HARWELL RD NW @ DOGWOOD DR NW,0.0005056657850156208,0.00010303689751416488
Shackleford Rd & Corporate Dr OB,0.0034861417901469642,0.00010301961973803878
CAMPBELLTON RD SW @ 3660,0.0035245955198711433,0.00010301553841406751
BELVEDERE LN @ SAN GABRIEL AVE,0.002020380568056695,0.00010301492728380062
HOWELL MILL RD NW @ MOORES MILL RD NW,0.0024219002010215512,0.0001029939006790676
CANDLER RD @ WARREN RD,0.009780171779876508,0.00010298117873161483
W Pike St & W Pike Plza (Sign-o-rama),0.0017192332347597003,0.00010295406170399393
Hurricane Shoals Rd & Curtis Rd OB,0.00013590433722463163,0.00010295307966737133
WESLEY CHAPEL RD @ WINGFOOT PL,0.001236842075629767,0.00010294853315954077
DONNELLY AVE SW @ BEECHER ST SW,0.012004137481320572,0.000102945015814686
MCDANIEL ST SW @ 565,0.007534846276840497,0.00010292384274838051
WATERBURY DR @ ANDERSON AVE SW,0.0033303638593252696,0.00010291845237110107
SOUTHAMPTON RD @ JONES CIR,0.0015863723268761197,0.0001029099990586645
CONLEY RD SE @ 900,0.010854976605006483,0.000102909447110028
NORTH AVE NW @ STATE ST NW,0.0057950851111754085,0.00010290565267582986
ROSWELL RD NE @ HARDEMAN RD,0.0016597341911421535,0.00010288079603932996
BURTON RD NW @ HAMILTON E HOLMES DR N,0.003858566238611373,0.00010286905132587135
Windy Ridge Pkwy at Parkwood Cir,0.0001657908133537523,0.00010286626540903306
WOODLAND HILLS DR @ LAVISTA RD,0.0007078255789949323,0.0001028649894177736
MOUNTAIN INDUSTRIAL BLVD @ LEWIS RD,0.0041727546666347716,0.00010285257168200277
W BROAD ST @ SHAW DR,0.0038323775291316292,0.00010279512955970084
CAMPBELLTON RD SW @ WILLIS MILL RD SW,0.010994205888786213,0.00010275828731632218
PANOLA RD @ 2538,0.00048548784848445283,0.00010275820895959496
INDIAN CREEK STATION,0.0,0.00010275644604873656
Satellite Blvd & Evergreen Blvd IB,0.00516959951300261,0.00010275209385831612
CHESHIRE BRIDGE RD NE @ PIEDMONT RD NE,0.005306797307697188,0.0001027497665066559
DONALD L HOLLOWELL PKWY @ N EUGENIA PL NW,0.017474899544766883,0.00010274108698900969
HOLLYWOOD RD NW @ 829,0.006825559851761861,0.00010274108698900969
COVINGTON HWY @ REDAN RD,0.017977704506201914,0.00010272847727821812
PHOENIX BLVD @ 1591,0.00023151366997374828,0.00010272257439680217
SHALLOWFORD RD @ 3548,0.01725336071445843,0.00010271676865849814
MORRIS RD @ BETHANY RD,0.0010896237898297783,0.00010267659068009097
ISA DR SE @ MORELAND AVE SE,0.0019800399121410643,0.00010267469256293674
NATHAN RD SW @ 179,0.0047275414012149545,0.00010267273433134592
Fairground St at Fort St,0.00034573357314339167,0.00010266109147746155
BROOKSIDE PKWY @ 3775,0.0009099245043874229,0.00010264876864226805
HOLLYWOOD RD NW @ SPRING ST NW,0.005475342424604592,0.00010264751876997132
HOWELL MILL RD NW @ WHITE ST NW,0.004828552821044437,0.0001026450320404755
CAMPBELLTON RD SW @ 3911,0.0027260757465128915,0.00010263255446286997
Courtland Street at Auburn Avenue,0.007669137596514372,0.00010263176584456279
CORRAL DR SE @ SOMBRERO WAY SE,0.00040456306230590716,0.00010262940352604043
SOUTHLAKE PKWY @ 1533,0.010032177874079997,0.00010261211367394572
CLAIRMONT RD @ POWELL LN,0.010386334137924747,0.00010261076663495582
MOTORS IND WAY @ 5000,0.007218405711104722,0.00010259444533118839
SR 138 @ TARA RD,0.0010828217252525293,0.0001025923166954383
WASHINGTON AVE @ EAST POINT ST,0.020174969187560492,0.00010257432277659972
Austell Rd at Pair Rd,0.0022754047296900622,0.00010256726135412014
CLAIRMONT RD @ LADSON CT,0.010223875879699446,0.00010255596280965825
WASHINGTON RD @ 3095,0.014585924242774237,0.00010254697239451001
VALLEY HILL RD @ JONATHAN RD,0.0013601846582492105,0.00010253001202584853
PONCE DE LEON AVE @ CLIFTON RD,0.009703966845367706,0.00010251924832000234
SANDTOWN RD SW @ LOCKHAVEN CIR,0.0013273536642326232,0.00010249968350566682
Lawrenceville Hwy &Tucker Valley Rd,0.001889284849190924,0.00010247622741410797
PIEDMONT RD NE @ WESLEY RD NE,0.0023850290545547187,0.00010247558097674039
BARGE RD @ HIGHWOOD DR,0.0032082919084557146,0.0001024597334500186
N DRUID HILLS RD @ BLACKSHEAR DR,0.009379963357719418,0.00010243881838405624
CUSTER AVE SE @ KNOB HILL CT SE,0.008257683571060164,0.00010242705783731508
Beaver Ruin Rd at Newbury Rd IB,0.004807005341309796,0.00010241446326199468
LANGSTON AVE SW @ HOOD DR SW,0.018953564907263208,0.0001024111308799703
E PONCE DE LEON AVE @ W SMITH ST,0.0008182107611948515,0.00010239574477017465
Concord Rd at Alcott Dr,0.00019764030140785084,0.00010237800466067327
BROWNS MILL RD SE @ MACEDONIA RD SE,0.0037334508584007673,0.0001023572888276249
HUFF RD NW @ ELLSWORTH INDUSTRIAL BLVD NW,0.0021060074525671643,0.00010233593897257689
BRIARCLIFF RD @ STILLWOOD DR,0.009227525590599528,0.00010232904203223068
N HIGHLAND AVE NE @ ST AUGUSTINE PL,0.0066989760168941976,0.0001023278535390664
FAIRLANE DR NW @ FAIRLOCK LN NW,0.002783200915244419,0.00010232378796900605
RALPH D ABERNATHY BLVD SW @ W ONTARIO AVE SW,0.0071179192828365705,0.00010232203154978315
Mableton Pkwy SW at Factory Schoals Rd SW,0.0004812726988470972,0.0001023189974882369
LAVISTA RD NE @ BREEZY LN NE,0.0037617851855659516,0.00010229505355115786
Blair Bridge Rd at Six Flags Dr,0.0003796069417092891,0.00010228550533101599
ROSWELL RD @ GROGANS FERRY RD,0.0015049149405628902,0.00010228113406161662
PRYOR ST SW @ FULTON ST SW,0.006980379102341124,0.00010225511755589228
TROUP ST @ MELDON AVE,0.0017242396760257291,0.00010223792475597067
MACON DR SW @ 2315,0.004405371579744651,0.00010218480099153588
REDAN RD @ DUREN FARMS DR,0.0029175454949317615,0.00010217140872309697
TILLY MILL RD @ COLDSTREAM DR,0.003141929931674098,0.00010216434472567874
CAMPBELLTON RD SW @ OAKLAND DR SW,0.031127883348761997,0.00010213012669217181
SCOFIELD RD @ ROCHELLE WAY,0.0012317367229101538,0.00010212762998719626
BENJAMIN E MAYS DR SW @ FLAMINGO DR NW,0.0008116521709648866,0.000102125031904036
Satellite Blvd & Pond Rd,0.00358736625003032,0.00010212199625799848
PORSCHE AVE @ PERKINS ST,0.04355888969326726,0.00010212187423358228
OLD HAPEVILLE RD SW @ BREVARD AVE SW,0.0037334508584007673,0.00010211812111578643
FLAT SHOALS RD @ EL CAUDILLO CT,0.000589907909175912,0.00010210275147791621
RIVER RD @ BOULDERCREST RD,0.006276114335675221,0.00010207847423800647
BAILEY ST SE @ WOODSTOCK RD SE,0.0004045478451592019,0.00010206639054093707
BAKERS FERRY RD @ 3783,0.0025224551064498757,0.00010204312981903422
COVINGTON HWY @ 5130,0.007082630719627085,0.00010202201666649458
N HIGHLAND AVE @ VIRGINIA AVE,0.01873704773536749,0.00010200984363365194
Riverside Pkwy at Lake Crossing,0.00037966781029611014,0.00010200112981769807
N DECATUR RD NE @ PRINCETON WAY,0.005872920816572787,0.00010199831912095217
DOGWOOD DR @ COLEMAN ST,0.001111277789591356,0.00010197393895679431
DUNWOODY PARK DR @ DUNWOODY PARK N,0.0016093502184010545,0.00010194734427758205
Buford Hwy & Gwinn Dr IB,0.004187560950378985,0.00010194704242044407
MCAFEE RD @ DANIEL AVE,0.012511261576228777,0.00010192821845818992
SR 85 @ ALLEN DR,0.0017225353555947406,0.00010192612571266276
S HAIRSTON RD @ MARTINS CROSSING RD,0.0016507357850571126,0.00010192395155950916
WINTERS CHAPEL RD @ PEELER RD,0.0018240337241187908,0.00010191842562176585
WELCOME ALL RD @ 5225,0.0030493640282660325,0.00010191450300166805
S Marietta Pkwy at Roswell Street,0.0004845139510953165,0.00010190938570412428
FOREST PKWY @ ELLENWOOD  RD,0.0055740712724282855,0.0001019057134437558
OLD FARM RD @ GREEN TRAIL DR,0.0005036419045038219,0.00010186110777865085
N SHALLOWFORD RD @ LONGVIEW DR,0.0015889135903758972,0.00010184687249419126
CASCADE AVE SW @ PINEVIEW TER SW,0.004199110764728273,0.00010184685304971702
ROSWELL RD NE @ BEACHLAND DR NE,0.0034668997081381695,0.00010182210780162318
LAKEWOOD AVE @ ADAIR AVE,0.002797345253106953,0.00010180639425521443
DONALD L HOLLOWELL PKWY @ WOODMERE DR,0.0039825251156723794,0.00010180470688414713
NORTH POINT PKWY @ MILL CREEK AVE,0.0021762345846119157,0.00010179729839230985
MAIN ST @ TOOMBS ST,0.00010116359129653468,0.00010179679677960857
PEYTON RD SW @ 360,0.0011119625611930924,0.00010179349872823271
Buford Hwy & N Berkeley Lake Rd IB,0.00037854174143992127,0.0001017894537884499
JONESBORO RD @ BUFFINGTON RD,0.0024846100625939066,0.00010176367644946623
MCDONOUGH BLVD SE @ SAWTELL AVE,0.0013899189629112787,0.00010175976405597765
HORSE SHOE DR SE @ SOMBRERO WAY SE,0.00030344512244948827,0.00010173297125974236
DELOWE DR @ LUTHER DR,0.0021212398164191246,0.00010169988169030179
Mitchell Rd & Station Cir (across),0.0020780231197762007,0.00010164586691375552
CHATTAHOOCHEE AVE NW @ SOUTHLAND CIR NW,0.0017106659811646418,0.00010164052618571946
OAKLAND DR SW @ MERRILL AVE SW,0.004238538391841588,0.00010162948141735292
ROCKBRIDGE RD @ MAPLECLIFF DR,0.00534601189475663,0.0001016235979956812
PARK PLACE,0.0009207591128415644,0.0001016153649499497
FULTON IND BLVD @ TRADEWATER PKWY,0.0011119625611930924,0.00010160866608058318
CHESHIRE BRIDGE RD @ WOODLAND AVE,0.005255272048953196,0.00010160743857150342
LOVEJOY RD @ DLYNN CT,0.002020380568056695,0.00010159130086874162
LAKE MIRROR RD @ LAKE MIRROR PL,0.0006068445934588608,0.00010157902859122156
AMAL DR @ BOND DR,0.00030344512244948827,0.00010157691961331389
SHALLOWFORD RD NE @ LAVENTURE DR,0.014612965112469473,0.00010156511844268984
CLIFTON CHURCH RD SE @ MEADOWVIEW DR SE,0.002023773991771967,0.0001015105621137128
FLAT SHOALS RD SE @ 1930,0.0015329449247939695,0.00010149774105298447
RALPH D ABERNATHY BLVD @ LAUREL AVE SW,0.009411987842960629,0.0001014956796599427
Best Friend Rd & Skyland Ct IB,0.0028686299768477196,0.00010148484732075687
BRIARWOOD RD @ KEYS CROSSING,0.0018607374819718657,0.00010148267782990656
NORTHSIDE DR NW @ DEERING RD NW,0.003043140215263583,0.0001014444461422757
CASCADE RD SW @ CASCADE KNOLLS DR SW,0.004921925233227881,0.0001014328283095245
COVINGTON HWY @ WELLINGTON CHASE CT,0.0022482345142478296,0.00010143268823551899
HOLLYWOOD RD NW @ BOLTON RD NW,0.0019080780253719139,0.00010142609887706181
Powder Springs Rd at Cunningham Rd,0.00026817177638670736,0.00010139321919969759
NORTHSIDE DR @ DEERING RD,0.0036809364851209322,0.00010138693819384409
MARIETTA ST @ SIMPSON ST,0.0018120121782216395,0.00010137439202061077
COLUMBIA DR @ KIRK RD,0.007991299809411323,0.00010134902184584917
FAIRBURN RD SW @ LANDINGS NORTH DR,0.0029432548642902897,0.00010134386899740715
ELLSWORTH INDUSTRIAL BLVD @ 1425,0.001959770672729665,0.00010134158024060423
Singleton Rd & Robin Hill Dr OB,0.001695753177393492,0.00010132954104857906
Riverside Pkwy & Kroger,0.0003386423827787429,0.00010131754198443104
DONNELLY AVE SW @ OAKLAND DR SW,0.0030591486535975114,0.00010131702272920951
JOSEPH E BOONE BLVD NW @ SIMPSON TER NW,0.0035743023295838586,0.0001013047627783168
PRYOR RD SW @ ASHWOOD AVE SW,0.0016137327566521679,0.00010129019409381668
SPALDING DR @ 7300,0.0007078255789949323,0.00010127485591067089
N DECATUR RD @ PRINCETON WAY,0.010087324813739841,0.00010124029410382482
N HIGHLAND AVE NE @ REEDER CIR NE,0.009094740768449473,0.00010123611687066532
MARTIN L KING JR DR NW @ STAFFORD ST SW,0.013569662317210492,0.00010123135076240921
W Pike St & Midas OB,0.001719218017612995,0.00010122592702940583
E PONCE DE LEON AVE @ MCLENDON DR,0.0026930773638825464,0.00010117258235301714
10TH ST NE @ WILLIAMS ST,0.006814740460454424,0.00010115298064038741
Brook Hollow & Indian Temple (2nd Entran,0.0012426930685379373,0.00010115115781314331
METROPOLITAN PKWY SW @ MT ZION RD SW,0.0016156044656969143,0.00010114935237957108
Old Norcross Rd & Boggs Rd IB,0.0017431698065270662,0.00010114230469069097
OGLETHORPE AVE @ JOSEPH E LOWERY BLVD,0.007917139044943265,0.0001011304129428883
HOSEA WILLIAMS DR @ WHITEFOORD AVE,0.0005057266536024419,0.0001011296122960676
HOSEA L WILLIAMS DR NE @ BATES AVE NE,0.0030250926792711507,0.00010112431567119466
MCWILLIAMS RD SE @ BROWNS MILL RD SE,0.002140900369962314,0.00010108983362195614
MANSELL RD @ DAVIS DR,0.00040116963859063533,0.0001010766524774784
BUFFINGTON RD @ OLD FAIRBURN RD,0.006946338345161469,0.00010107142730103911
AVON AVE @ KENILWORTH DR,0.002931978958581696,0.00010106886732326399
WESTMONT RD SW @ 1285,0.002241143323883181,0.00010106886732326397
DONALD L HOLLOWELL PKWY @ KINGS GRANT DR NW,0.0038067822883733906,0.00010106884787339639
HOSEA L WILLIAMS DR @ DANIEL AVE,0.007615481937231643,0.00010104888196095483
WHITES MILL RD @ LLOYD RD,0.0007473445089884793,0.00010103613575046205
N HIGHLAND AVE NE @ MCLYNN AVE,0.007967416497657425,0.00010103273678893488
Peachtree Industrial Blvd & Kingston Ct,0.0016594146310613433,0.00010102092046307
E PONCE DE LEON AVE @ 4700,0.002101160791341541,0.00010100676342578315
N CAMP CREEK PKWY SW @ ALEXANDRIA DR SW,0.0044606782994448995,0.00010100231909528196
GLENDALE DR @ 2158,0.0006868563508350911,0.00010097373307510637
ROSWELL RD @ 7525,0.000484666122562369,0.00010089605976763475
FAIRBURN RD SW @ 680,0.00186755476369582,0.00010089487381776383
HOWELL MILL RD NW @ NAWENCH DR NW,0.0024219002010215512,0.00010088410737340149
WELCOME ALL RD @ 5145,0.002780127051609957,0.00010084468345678609
REDWING CIR @ AUSTIN DR,0.0008873270415301193,0.00010084241791406953
ROSWELL RD NE @ LAUREL FOREST CIR,0.001134742629810859,0.00010082699977288838
BUFORD HWY NE @ 2865,0.0026978022879345282,0.00010081778110876993
RALPH MCGILL BLVD NE @ PARK CENTRAL P,0.002617151410396677,0.00010079939687299307
E COLLEGE AVE @ NEW ST,0.006668442812030104,0.00010079062703481729
OLD MILTON PKWY @ PARK ST,0.0016156044656969143,0.00010076419755662477
PANOLA RD @ 1737,0.002695907753169724,0.00010076241821536775
N COMMERCE DR @ 3909,0.001415544637962928,0.00010075330707297775
ROOSEVELT HWY @ VIRGINIA AVE,0.0051892144151056835,0.00010075022030313894
Spring Rd at Jonquil Dr,0.0006694327178575742,0.00010074204251585986
PANOLA RD @ JOECLAY DR,0.0013006323546181954,0.00010073496166101086
NORTHLAKE PKWY @ ROBINHILL DR,0.004094553749716466,0.00010071453344905331
HOLLYWOOD RD @ ALVIN DR,0.006004336095519368,0.0001007132294447165
MONROE DR NE @ ARMOUR DR NE,0.012530726843055917,0.00010070976177356793
MCAFEE RD @ NICHOLS LN,0.005120765153034329,0.00010070451367087479
FAIR ST SW @ HOLDERNESS ST SW,0.0010693393332716734,0.0001006689990894664
N CAMP CREEK PKWY @ NARRON DR,0.0028238611312408598,0.00010066702394147869
PEACHTREE RD NW @ LINDBERGH DR NE,0.006621726171644971,0.00010065535838880391
JAMES JACKSON PKWY NW @ NORTHWEST DR NW,0.0006522069077872256,0.00010062648267665815
MONROE DR NE @ MONTGOMERY FERRY DR NE,0.0015846375721517206,0.00010061982247088996
SR 85 @ LEES MILL RD,0.008375974060973464,0.00010061822418351774
Satellite Rd & NCR Office Building OB,0.00014870195760375104,0.00010060930112958298
N DRUID HILLS RD NE @ 2415,0.009827560510907787,0.00010058732750730414
DOLLAR MILL RD SW @ BOULDER PARK DR SW,0.0009099245043874229,0.00010057580443867601
S MARTIN ST @ NORMAN BERRY DR,0.0015693139054195288,0.00010057327505205382
WHITEHALL ST SW @ WHITEHALL TER SW,0.006713105137610027,0.00010055545417819904
MARIETTA BLVD NW @ 1079,0.0044002510098783325,0.00010054624716588747
HOSEA L WILLIAMS DR @ CLAY ST NE,0.001515171297442232,0.00010051687917174085
HOSEA L WILLIAMS DR @ WYMAN ST NE,0.0008087304787974777,0.00010051687917174085
NORTHSIDE DR SW @ FAIR ST SW,0.0031006001612226258,0.00010049330821974668
FAIRINGTON PKWY @ TREEVIEW DR,0.0005056657850156208,0.00010047695559891028
EDGEWOOD AVE @ PEACHTREE ST,0.0009776560243725126,0.00010045298787569602
N COMMERCE DR @ SHELBY LN,0.000633839811713983,0.00010044413385377116
HOLLYWOOD RD NW @ GRAND AVE NW,0.006887661027466006,0.00010043965807779226
HUGH HOWELL RD @ FULLER WAY,0.00118018102987275,0.00010042894033687814
N SHALLOWFORD RD @ COTILLION DR,0.001291144463647469,0.00010041261292353368
Koger Blvd & St Leo University OB,0.003481835337629377,0.00010040243531485548
MT VERNON HWY NW @ HAMMOND DR NW,0.0030285165372798332,0.00010039265449392722
BUFORD HWY NE @ 3567,0.00208036656036881,0.00010035237898835524
HAMMOND DR @ CONCOURSE PKWY,0.005881784804528598,0.00010034584713276257
JOHNSON RD NE @ MEADOWDALE AVE,0.00010116359129653468,0.00010033706092813581
NORTH AVE NW @ CHAPPELL RD NW,0.0018843544936584214,0.00010027038599632685
DUNWOODY PL @ 8700,0.0058015676156718465,0.00010025949455234656
BELVEDERE LN @ 2885,0.002020380568056695,0.00010023890477993158
Old Alabama Rd SW at Hickory Hill Dr,0.00016341693846773253,0.00010023511385833094
N CENTRAL AVE @ N FULTON AVE,0.0007078255789949323,0.00010022874783583948
BUFORD HWY NE @ SHALLOWFORD RD,0.004074847544733161,0.00010021112738290951
HOLLYWOOD RD NW @ MARGARET PL NW,0.006825559851761861,0.00010020379104613386
DONALD L HOLLOWELL PKWY NW @ HOLLYWOOD RD NW,0.017474899544766883,0.00010020379104613386
CONTINENTAL COLONY PKWY @ 3033,0.005967754074839936,0.00010020203481600975
WOODLAND HILLS DR @ COUNTRY LN,0.0007078255789949323,0.00010019917385398303
S Marietta Pkwy at Atlanta St,0.003199815957740888,0.00010017993567574553
COVINGTON HWY @ WELLINGTON CIR,0.0027305419790708842,0.00010017905060645896
LAWRENCEVILLE HWY @ JORDAN LN,0.008759545069399471,0.0001001488045671119
OLD NATIONAL HWY @ DODD RD,0.0030649463864922135,0.00010013188465252847
ROLLINGWOOD LN @ BOULDERVIEW DR,0.0010109511413636102,0.00010011000393733732
Franklin Rd at Marquis Place,0.0006103749714944799,0.00010010635545152204
OLD NATIONAL HWY @ SHERIFF RD,0.005388186216850244,0.00010008876155283205
RIVER RD @ OLD RIVER RD,0.0015158560690439683,0.00010008392937942105
Satellite Blvd & Hopkins Mill Rd,0.0035873510328836146,0.00010007471756684765
S CANDLER ST @ E HANCOCK ST,0.006599676526069057,0.00010006554955374665
IDLEWOOD RD @ DUESENBERG DR,0.0011960677310330363,0.00010006516175735776
IDLEWOOD RD @ ELMDALE RD,0.0005394326335545815,0.00010006516175735776
FAIRBURN RD SW @ GLENVIEW CIR SW,0.0025998038631526864,0.00010004334336844399
VALLEY VIEW RD SE @ 1069,0.0021624858925637183,0.00010004051776716215
Atlanta Rd at Perrin Rd,0.0031410016857250775,0.00010001390403104881
PANOLA RD @ 2523,0.0015762300985970672,0.00010000008528351557
TARA BLVD @ SHERWOOD DR,0.0066742253277781004,9.99939770995903e-05
Cherokee St at Canton Rd,0.00046786639259976763,9.997575812512678e-05
LAKE MIRROR RD @ 62,0.0008089435188513513,9.997466073690501e-05
Peachtree Ind Blvd & The Fields Apts,0.001658212476471628,9.996583904690781e-05
ROSWELL RD NE @ 6569,0.0018564158123075734,9.994980101554366e-05
WOODLAND AVE NE @ 1170,0.005242885291535118,9.992692041060891e-05
JOSEPH E BOONE BLVD NW @ 2150,0.0030730951685528775,9.992349225878907e-05
E ROCK SPRINGS RD NE @ CUMBERLAND RD NE,0.005388026436809839,9.990106981377252e-05
E PONCE DE LEON AVE @ MURPHEY ST,0.0018097296062158513,9.989543644993182e-05
EVA DAVIS WAY @ LAKESIDE VILLAGE DR SE,0.004962014806222876,9.988631629359089e-05
BAKERS FERRY RD SW @ KENNER DR,0.0025224551064498757,9.983976465023468e-05
ROSWELL RD NE @ OSNER DR NE,0.0016597341911421535,9.979749407897087e-05
SYLVAN RD SW @ HARTE DR SW,0.0009601106542213537,9.979702096035988e-05
THOMASVILLE DR SE @ FORREST PARK RD SE,0.001158313990057299,9.977063295863798e-05
W MARIETTA ST @ 8TH ST,0.0011345752411971012,9.975827160200451e-05
Hurt Rd SE at Landrum Dr,0.00036480065796507606,9.974473235590872e-05
CAMPBELLTON RD SW @ 3700,0.0035245955198711433,9.972131368804951e-05
Pleasant Hill Rd & Popeyes OB,0.003481850554776082,9.969519374941626e-05
JOSEPH E BOONE BLVD NW @ 2125,0.001471954600799308,9.968306106195257e-05
CONNALLY DR @ CONNALLY PL,0.0006821694696498725,9.966732893276179e-05
VALLEY HILL RD SW @ JONATHAN RD,0.0011964481597006678,9.965733600685741e-05
NORTHSIDE DR NW @ JOSEPH E BOONE BLVD NW,0.0039925303896310846,9.965039065379003e-05
WATERBURY DR NW @ 56,0.0033303638593252696,9.96248958755881e-05
CAMPBELLTON RD SW @ SANDRINGHAM DR SW,0.010037656046893889,9.959457678509646e-05
LAWRENCEVILLE @ LEE WAY,0.0062977607268634465,9.959018982840995e-05
N DRUID HILLS RD @ 3146,0.009379963357719418,9.958792081706896e-05
WINDWARD PLAZA @ 4025,0.0005275936934178931,9.958526300279081e-05
MARIETTA ST @ LATIMER ST,0.0018120121782216395,9.9581142223249e-05
Old Norcross Rd & Hillandale Rd,0.002106037886860575,9.95636889879964e-05
Thornton Rd at Skyview Dr,0.00021217267651136928,9.954967156326731e-05
WHITES MILL RD @ BRANDENBERRY DR,0.0007814004833148399,9.954439753572506e-05
WESLEY CHAPEL RD @ BRENDA DR,0.007670989016030178,9.952409224883458e-05
HOLLYWOOD RD NW @ N GRAND AVE NW,0.00635866735655123,9.951367194551303e-05
WESLEY CHAPEL RD @ WESLEY HALL DR,0.001236842075629767,9.950869502407415e-05
BRIARCLIFF RD NE @ STEPHENS DR NE,0.0011555216436368845,9.95067122351445e-05
MOURY AVE @ MIDDLETON ST,0.0017242396760257291,9.947879125558963e-05
MEMORIAL DR SE @ CARTER AVE SE,0.008403813830870726,9.946940017519835e-05
VIRGINIA AVE @ DELTA BLVD,0.00033223596401583055,9.94660493575366e-05
MEMORIAL DR @ CARTER RD,0.007470629917744322,9.94525776578094e-05
LAWRENCEVILLE HWY @ STEEL DR,0.006768853154564728,9.941474390446644e-05
LAKEWOOD AVE SW @ 2081,0.0028630757183003017,9.939090566101692e-05
BARGE RD SW @ BEN HILL CT,0.0032082919084557146,9.938696464799983e-05
W Pike St & Honeysuckle Ave,0.001719994092094963,9.935774539300308e-05
Franklin Rd at Ashton Place Apartments,0.0007332838654328239,9.935244623568638e-05
S CANDLER ST @ CANDLER DR,0.00365674883043293,9.9340075877573e-05
BATTLE CREEK RD @ TARA RD,0.0023427558210075204,9.932030113764826e-05
NATHAN RD SW @ BROWNLEE PL SW,0.0047275414012149545,9.930039964428029e-05
Bells Ferry Rd at Barrett Pkwy,0.000332738129857104,9.929703533847358e-05
WHITEHALL ST SW @ SPRING ST SW,0.0008847933866036944,9.929617392305179e-05
JOSEPH E BOONE BLVD @ SUNSET AVE NW,0.001445872411346501,9.929573097496909e-05
FLAT SHOALS RD @ FAIRLAKE DR,0.009780171779876506,9.929555689496914e-05
BUFORD HWY NE @ CHAMBLEE DUNWOODY RD,0.003324840035071262,9.927618236056437e-05
NORMAN BERRY DR @ WILLIGHAM DR,0.0015693139054195288,9.927062603196099e-05
CHAMBLEE DUNWOODY RD @ BLACKBURN WAY,0.005912614743753444,9.926382935402696e-05
VIRGINIA AVE NE @ 630,0.01358926200216686,9.925859766107055e-05
N CAMP CREEK PKWY SW @ NARRON DR SW,0.0044606782994448995,9.922103887836673e-05
ALMONT DR @ OAKLAND DR,0.004238538391841588,9.921976617625788e-05
CAMPBELLTON RD SW @ 2231,0.010994205888786213,9.921915929456465e-05
MORELAND AVE SE @ HOSEA L WILLIAMS DR NE,0.0010109511413636102,9.920494334002505e-05
S CENTRAL AVE @ FULTON AVE,0.043717946919203936,9.919838266875518e-05
NORTH AVE NW @ NORTH YARDS DR NW,0.0057950851111754085,9.919707691617556e-05
Jimmy Carter Blvd & Veridian Bus Park,0.0016581972593249228,9.919653593984268e-05
NORTH AVE NW @ 1676,0.0019979200595197388,9.919615038020356e-05
DELMAR LN NW @ ARLINGTON DR NW,0.00492122524447944,9.918789936671509e-05
HOWELL MILL RD NW @ RIDGEWAY AVE NW,0.004828552821044437,9.916870720058353e-05
MCDONOUGH BLVD SE @ GRANT ST SE,0.0029224530247442065,9.914107406981039e-05
Buford Hwy at Car Z Atlanta IB,0.004187545733232279,9.91168992875853e-05
BUFORD HWY NE @ CLAIRMONT RD NE,0.001472890455321681,9.9111336756359e-05
CAMPBELLTON RD SW @ 1469,0.015499455210930805,9.910960622781182e-05
ALPHARETTA HWY @ GREENHOUSE DR,0.006444750755462856,9.90973822456292e-05
Courtland Street at Ellis Street,0.007669122379367667,9.905978907219292e-05
FORREST PARK RD @ CONLEY RD,0.010854976605006483,9.903477720555568e-05
14TH ST NW @ NORTHSIDE DR NW,0.002969215316569455,9.900575319141339e-05
PEACHTREE RD NW @ BISCAYNE DR NW,0.007907072902397737,9.900011385728508e-05
PRYOR ST SW @ ALICE ST SW,0.006980379102341124,9.898375801036308e-05
RALPH D ABERNATHY BLVD SW @ HOLDERNESS ST,0.013463431416061107,9.896736181031838e-05
COLUMBIA DR @ COLUMBIA CT,0.002194495160658222,9.892736090902544e-05
CUSTER AVE SE @ 1378,0.008070299626531654,9.892062689565424e-05
ROSWELL RD NE @ TROWBRIDGE RD,0.000484666122562369,9.890150462669935e-05
WELLINGTON ST SW @ ARCHER ST SW,0.004263524946731617,9.88995144156822e-05
SR 85 @ COMMERCE BLVD,0.0015011258710332816,9.889104784572742e-05
COLLIER DR NW @ 3114,0.005756327038517124,9.88891367920365e-05
BUFORD HWY NE @ W DRUID HILLS DR NE,0.0026978022879345282,9.887962187647825e-05
NORMAN BERRY DR @ SEMMES ST,0.011787308357917393,9.887242777785932e-05
BURTON RD NW @ WESTLAND BLVD NW,0.003858566238611373,9.884857831662651e-05
MORRIS RD @ 13125,0.0010896237898297783,9.883839242367769e-05
SMITH ST @ SW BROAD ST,0.00141088819107112,9.88358309974652e-05
PEELER RD @ FOUR OAKS CT,0.0018240337241187908,9.882382762569229e-05
MACON DR SW @ LANG DR,0.004405371579744651,9.881668054997163e-05
LENOX RD NE @ CANTERBURY RD,0.0012493125273547233,9.879791856609149e-05
LANGSTON AVE SW @ KATHERWOOD DR SW,0.018953564907263208,9.879404182609397e-05
Koger Blvd & Devry University OB,0.0034818201204826716,9.874981338137812e-05
CAMPBELLTON RD SW @ CAMP GROUND RD SW,0.0029213878244748388,9.873262286110799e-05
CAMPBELLTON RD SW @ 3901,0.0027260757465128915,9.873262286110799e-05
Windy Ridge Pkwy / 2500 Windy Ridge Building,0.00016577559620704703,9.872308031291311e-05
FAIRBURN RD NW @ 1076,0.00021294875099333728,9.870461538701871e-05
ATLANTA AVE @ CHEROKEE AVE,0.005452463444533241,9.86992591314717e-05
Jimmy Carter Blvd & Hunters Club Ln,0.0018892696320442187,9.868187769426813e-05
S MCDONOUGH ST @ HANCOCK ST,0.0008524341241349698,9.86761070697581e-05
PHOENIX BLVD @ RIVERDALE RD,0.00023151366997374828,9.865447557885922e-05
COLUMBIA DR @ NEWBERRY DOWNS LN,0.0031513493454846508,9.86498187972391e-05
BOLTON RD @ CLOVIS CT,0.0019090062713209342,9.861863289408647e-05
CASCADE RD SW @ BOULEVARD GRANADA SW,0.002843354296170291,9.860640293495376e-05
Beaver Ruin Rd at Huddersfield Way IB,0.004806990124163091,9.860567580535106e-05
FLAT SHOALS RD SE @ PAOLI AVE SE,0.0021150312205633808,9.860068058028227e-05
HOLLYWOOD RD NW @ ALVIN DR NW,0.005475342424604592,9.857960996694285e-05
BROWNS MILL RD @ OAK DR,0.0037334508584007673,9.85306115674871e-05
NORTH POINT PKWY @ CYPRESS CT,0.001613200156517484,9.852712290253917e-05
SHALLOWFORD RD @ NEW PEACHTREE RD,0.01725336071445843,9.852545910712135e-05
BOLTON RD NW @ FAIRLANE DR NW,0.002783200915244419,9.851362364706175e-05
COVINGTON HWY @ HILLVALE RD (E),0.0025786292035123244,9.851292250220121e-05
LAVISTA RD @ ARBORVISTA DR,0.0037617851855659516,9.850057980820487e-05
BROWNS MILL RD SE @ 2039,0.009855932880939736,9.847962892974791e-05
CAMPBELLTON RD SW @ DODSON DR SW,0.010330707858143688,9.84791368059097e-05
PIEDMONT RD NE @ N HILLS DR NE,0.0023850290545547187,9.846817469777244e-05
BROOKSIDE PKWY @ 3705,0.0009099245043874229,9.846355265445301e-05
S Marietta Pkwy at Waverly Way,0.00048449873394861123,9.845782369084257e-05
ASHFORD DUNWOODY RD @ HAMMOND DR,0.004403294439219383,9.84382125045639e-05
HARWELL RD @ SKIPPER DR,0.0005056657850156208,9.8425128534629e-05
TARA BLVD @ SILVERSTONE DR,0.0035245955198711433,9.842092578598896e-05
WESTVIEW DR SW @ WESTVIEW PL,0.000644948328808819,9.841784782192018e-05
NORTHLAKE PKWY @ NORTHLAKE CT,0.004840003723940141,9.838140485524295e-05
Six Flags Dr at Winterbrook Way,0.00037959172456258385,9.834438129435399e-05
SR 42 @ OLD TONEY RD,0.0025038293188826438,9.833040151600075e-05
FAIRBURN PARK & RIDE,0.00020222066256613257,9.832580587113026e-05
MARTIN LUTHER KING J @ CHICAMAUGA AVE,0.013385382670609855,9.83225848869647e-05
ROCKBRIDGE RD @ S HAIRSTON RD,0.00534601189475663,9.831337728137006e-05
OLD HAPEVILLE RD SW @ JUDY  SW,0.0037334508584007673,9.830817136589526e-05
ROOSEVELT HWY @ 6157,0.0034599530806672207,9.830777394260483e-05
S HAIRSTON RD @ BISHOP MING BLVD,0.0012724730246401212,9.83041045647958e-05
Spring St at John Portman Blvd,0.007846249967016834,9.829984854840961e-05
CHILDRESS DR SW @ 2010,0.002440282514241499,9.829607473511203e-05
WASHINGTON RD @ PARK ST,0.020174969187560492,9.82940053140471e-05
N HIGHLAND AVE NE @ UNIVERSITY DR,0.009094740768449473,9.829286543910581e-05
RIDGE AVE SW @ PULLIAM ST,0.0018718383904933493,9.827264244939899e-05
RALPH D ABERNATHY BLVD @ W ONTARIO AVE SW,0.009411987842960629,9.827129539488825e-05
SHELBY LN @ N COMMERCE DR,0.00010116359129653468,9.82557190236243e-05
WASHINGTON RD @ DODSON DR CONN,0.012865123641903894,9.823535185936265e-05
BOLTON RD @ MARTIN LUTHER KING J DR,0.0028242111256150805,9.821861354251593e-05
BAKERS FERRY RD @ OAKSIDE DR,0.0025224551064498757,9.821578977485518e-05
N DRUID HILLS RD @ WILLIVEE DR,0.014185203510011405,9.820482258924765e-05
SANDTOWN RD SW @ LOCKHAVEN CIR SW,0.0013273536642326232,9.819061378980873e-05
PERIMETER CTR PL @ MEADOW LANE RD,0.003219111299763151,9.81882100715998e-05
CASCADE AVE SW @ ORLANDO ST SW,0.004199110764728273,9.815655068031847e-05
Blair Bridge Rd at Blairs View Dr,0.0003796525931494049,9.815554787121449e-05
MARTIN L KING JR DR SW @ 2800,0.012172013043772944,9.815259216368417e-05
MCDANIEL ST @ STEPHENS ST,0.00446534235491006,9.815016543052705e-05
Mableton Pkwy SW at Twain Cir,0.00048125748170039194,9.814983027964136e-05
CUSTER AVE @ CUSTER WAY SE,0.008257683571060164,9.814497275611523e-05
CLEVELAND AVE @ RANDALL ST,0.006126248266348519,9.81444933414003e-05
LAVISTA RD @ 3850,0.0023880116153089485,9.814382152379316e-05
BELLEMEADE AVE @ NORTHSIDE DR,0.003043140215263583,9.814159096227699e-05
14TH ST NW @ ATLANTIC DR NW,0.0035816141685757336,9.813917751553419e-05
BRIARWOOD RD NE @ 3446,0.002057099543056475,9.813584927062611e-05
E LAKE DR @ PADEN CIR,0.009169829778866554,9.810036799244955e-05
COVINGTON HWY @ 5181,0.007082630719627085,9.809684389786079e-05
Buford Hwy & Gravitt Tr IB,0.000378526524293216,9.809524474924743e-05
CLAIRMONT RD @ TRAILMARK DR,0.003346265777632261,9.807049296950163e-05
N MAIN ST @ CANTON ST,0.0008242063169967219,9.806491267636818e-05
CENTRA VILLA DR @ HONEYSUCKLE LN,0.0008020349342471655,9.806247823319962e-05
WELCOME ALL RD @ KENWOOD TRL,0.0022958413577152197,9.805799752130595e-05
CASCADE RD SW @ 4245,0.005818793425742195,9.80574318738748e-05
LAWRENCEVILLE @ ROBINWOOD RD,0.002900388162021587,9.805722148516598e-05
N HIGHLAND AVE N @ SAINT CHARLES AVE,0.0066989760168941976,9.805054254156972e-05
NORTHSIDE DR @ TRABERT AVE,0.0036809364851209322,9.80367234536403e-05
JOSEPH E BOONE BLVD @ JAMES P BRAWLEY DR NW,0.0016216000214987847,9.803019622574034e-05
WASHINGTON RD @ KENTUCKY CT,0.014585924242774237,9.802213876621056e-05
Austell Rd at Hicks Rd,0.0025814824185195597,9.802151740998687e-05
SHALLOWFORD RD NE @ SHALLOWFORD TER,0.005993760178559217,9.800315289438489e-05
Spring Rd SE at Cumberland Valley Dr,0.000669417500710869,9.799607030497052e-05
PEELER RD @ SHALLOWFORD RD,0.0014870956617710365,9.796695412041866e-05
Austell Rd at Waymar Dr,0.0024122373128637143,9.796415837701452e-05
PEACHTREE INDUSTRIAL BLVD @ PEACHTREE RD,0.007218405711104722,9.796383966813264e-05
Six Flags Parkway at Service Road,2.1760519788514526e-06,9.795661237886155e-05
S HAIRSTON RD @ WOODWAY DR,0.003815450989613151,9.794649533420054e-05
SNAPFINGER RD @ 2131,0.0020360390120164025,9.792098208916551e-05
TILLY MILL RD @ BRIERS NORTH DR,0.003141929931674098,9.79191044047851e-05
FORREST PARK RD SE @ CONSTITUTION RD SE,0.0006613980643971996,9.790680935170976e-05
PERIMETER CTR W @ 90,0.003711583818585316,9.786907924392213e-05
MCDANIEL ST SW @ WHITEHALL ST SW,0.006713105137610027,9.785142592353977e-05
BOULDERCREST RD @ FOREST PKWY,0.0055740712724282855,9.784119593601694e-05
HAMMOND DR NE @ PEACHTREE DUNWOODY RD,0.005881784804528598,9.783403892313033e-05
ROSWELL RD @ OSNER DR,0.0034668997081381695,9.781832784851982e-05
AVON AVE SW @ WESTMONT RD SW,0.002241143323883181,9.781449733262511e-05
AVON AVE @ ELIZABETH AVE,0.002931978958581696,9.781449733262511e-05
GLENWOOD AVE SE @ HOOPER ST SE,0.00535000639576676,9.781014806447779e-05
NORTH POINT PKWY @ GEORGIA LN,0.0021762345846119157,9.780464792699372e-05
BUFORD HWY NE @ 3557,0.00208036656036881,9.776258224515353e-05
HOSEA L WILLIAMS DR NE @ ROCKYFORD RD NE,0.0030250926792711507,9.772554307916484e-05
Collins Hill Rd & Hurricane Shoals Rd OB,0.0001358891200779264,9.771089909710063e-05
N DECATUR RD @ CLAIRMONT CIR,0.009746810721916351,9.769768470072268e-05
JONESBORO RD @ LESTER RD,0.0024846100625939066,9.769439395524178e-05
VALLEY HILL RD @ 93,0.0013601846582492105,9.769335647959274e-05
LOVEJOY RD @ REGISTRY BLVD,0.002020380568056695,9.76879310013475e-05
S HAIRSTON RD @ HAIRSTON PL,0.0016507357850571126,9.768243367809965e-05
BOULEVARD NE @ CAIN ST NE,0.0018720590391205754,9.764607658244688e-05
CASCADE AVE SW @ CASCADE CIR SW,0.01193804941317965,9.764077963845562e-05
E PONCE DE LEON AVE @ ROCK MOUNTAIN BLVD,0.0023614500857349263,9.762847913952802e-05
RALPH MCGILL BLVD NE @ PIEDMONT AVE N,0.002617151410396677,9.762552524761084e-05
ATLANTA INDUSTRIAL PKWY @ 3710,0.0010109511413636102,9.76218905407594e-05
AMAL DR @ GIBEN DR,0.00030344512244948827,9.761496507633232e-05
COLUMBIA DR @ CONWAY RD,0.007991299809411323,9.761116143981865e-05
HORSE SHOE DR SE @ APACHE TRL SE,0.00030344512244948827,9.760646907371092e-05
RIVER RD @ TELSTAR DR,0.006276114335675221,9.756706077439938e-05
DELOWE DR @ MONTROSE DR,0.0021212398164191246,9.755592079795428e-05
METROPOLITAN PKWY SW @ GENESSEE AVE SW,0.0043231457275228055,9.75474641312629e-05
BUFORD HWY NE @ 4995,0.004074847544733161,9.754020825584629e-05
HOLCOMB BRIDGE RD @ OLD ALABAMA RD,0.003632576392891632,9.753155979733846e-05
HOSEA L WILLIAMS DR @ SPENCE AVE,0.007615481937231643,9.752988996743572e-05
ASHFORD DUNWOODY RD @ ASHFORD PKWY,0.0017191267147327635,9.752520529169323e-05
JOSEPH E BOONE BLVD @ MAYSON TURNER,0.0019361840953365196,9.752186146857388e-05
Satellite Blvd & Satellite Square OB,0.0041070013757213645,9.751874064825892e-05
RALPH D ABERNATHY BLVD @ METROPOLITAN PKWY SW,0.04208589525410976,9.749595851104618e-05
Riverside Pkwy & Lakes Pkwy OB,0.00033862716563203764,9.74617165092167e-05
COCA COLA PL SE @ JESSE HILL JR DR SE,0.012471653879546117,9.744381317049723e-05
CLIFTON CHURCH RD @ CLIFTON SPRINGS W,0.002023773991771967,9.74247097835992e-05
NORMAN BERRY DR @ LESTER ST,0.01259418234481683,9.742437197008826e-05
Austell Rd at Reed Dr,0.0021479002574467314,9.742302637875957e-05
CENTRE PKWY @ N COMMERCE DR,0.001415544637962928,9.741575731795607e-05
MONROE DR NE @ 2075,0.012530726843055917,9.740434914720045e-05
SR 85 @ CAMP ST,0.0017225353555947406,9.737515829465461e-05
SPALDING DR @ 7736,0.0007078255789949323,9.73644498426598e-05
Austell Rd at Austell Circle,0.002985573749277604,9.733577857240922e-05
Singleton Rd & Turners Ridge Dr,0.0016957379602467867,9.733230992780276e-05
W END AVE SW @ ASHBY ST SW,0.0003335978986459509,9.730877154923552e-05
RALPH MCGILL BLVD NE @ FORTUNE ST NE,0.012109660785148161,9.728088713954316e-05
HARLAN RD SW @ PEYTON RD SW,0.0011119625611930924,9.727154278122867e-05
N CLARENDON AVE @ ROCKBRIDGE RD,0.02007141650423123,9.721213621274288e-05
W Pike St & Ultra Carwash,0.0017192028004662898,9.72092706874632e-05
MORELAND AVE @ EDEN AVE,0.005761196525462806,9.720485545831217e-05
RALPH D ABERNATHY BLVD @ LAUREL AVE,0.0071179192828365705,9.718550289211197e-05
Old Norcross Rd & Mill Valley Apts,0.00041758893988560537,9.718256377454988e-05
COLUMBIA DR @ OLIVE TREE CT,0.0010991953751073836,9.7177187342258e-05
PRYOR RD @ AMAL DR,0.0025668130890956938,9.717273041039967e-05
E PONCE DE LEON AVE @ NEEDHAM DR,0.0026930773638825464,9.716696683352441e-05
JONESBORO RD SE @ MCDONOUGH BLVD SE,0.008556418986604376,9.714849968832319e-05
METROPOLITAN PKWY SW @ MARY ST,0.005221611720441171,9.714439140571295e-05
Sandy Springs Station,9.299198351581278e-05,9.712908899963589e-05
DONALD L HOLLOWELL PKWY @ YATES DR NW,0.0039825251156723794,9.712562853366778e-05
BRIARCLIFF RD NE @ JOHNSON RD NE,0.0029353039051367943,9.711229684334651e-05
Boggs Rd & Astor Place Apartments,0.001743154589380361,9.7107814068187e-05
County Services Pkwy at Cobb County Juvenile Deten,0.0002681565592400021,9.710082129638504e-05
Mithcell Rd & Goodwick Way (across),0.0020780079026294952,9.710005288209438e-05
HOLCOMB BRIDGE RD @ TERRAMOUNT DR,0.0016156044656969143,9.708212623097572e-05
CONLEY RD @ MURRAY LAKE CIR,0.0037542374808001455,9.705599724124618e-05
BROWNS MILL RD SE @ BROMACK DR SE,0.002140900369962314,9.703977567670566e-05
Powers Ferry Rd at Windy Ridge Pkwy,6.2679427278945e-05,9.70379684792891e-05
ROSWELL RD @ 9040,0.0026922784636805204,9.70258597139995e-05
LAUREL AVE SW @ ARCHER ST SW,0.0007977436988762836,9.702100760528839e-05
FULTON INDUSTRIAL BLVD @ 6095,0.0011119625611930924,9.701442883317942e-05
COVINGTON HWY @ 8034,0.0014167924439927588,9.699916175475346e-05
TILLY MILL RD @ WOMACK RD,0.0013108506686307741,9.698398296246211e-05
Governor's Lake Pkwy (crosswalk),0.001659399413914638,9.69699644354688e-05
REDAN RD @ SHARONTON WAY,0.01078929179125325,9.693746489713886e-05
PARK AVE @ BUFORD HWY NE,0.018339248694772065,9.691389552847683e-05
WHITES MILL RD @ TREGONEY DR,0.0007473445089884793,9.689844730359436e-05
DONALD L HOLLOWELL PKWY @ ELMWOOD RD NW,0.05552222493188881,9.689346392018899e-05
LUCKIE ST @ CONE ST,0.0009207591128415644,9.689265181819735e-05
PETERS ST SW @ HAYNES ST SW,0.01529409981614339,9.688712043185346e-05
N DRUID HILLS RD @ KITTEREDGE PARK RD,0.009827560510907787,9.686948478858587e-05
MT VERNON HWY NE @ BARFIELD RD NE,0.003206891930958831,9.686404685836268e-05
ATLANTA ST @ RIVERSIDE RD,0.002209012318615035,9.68382065944544e-05
OGLETHROPE AVE SW @ EVANS ST SW,0.007917139044943265,9.683456165908167e-05
JONESBORO RD @ COLLEGE ST,0.00993876741902979,9.683326311719269e-05
NORTHLAKE PKWY @ CRESCENT CENTRE BLVD,0.004094553749716466,9.682583634523003e-05
Satellite Blvd & Public Storage OB,0.0035873358157369095,9.676579314525188e-05
ATLANTA STUDENT MOVEMENT BLVD @ OGDEN ST SW,0.0016477735138318232,9.67646364835683e-05
BRIARWOOD RD @ 1599 (ACROSS),0.0018607374819718657,9.676412850511749e-05
ELLSWORTH INDUSTRIAL BLVD @ 1320,0.0021060074525671643,9.67446891828161e-05
HOLLYWOOD RD @ MILTON AVE,0.00635866735655123,9.665701043521841e-05
MARTIN L KING JR DR NW @ MORRIS BROWN DR SW,0.013569662317210492,9.662059487867226e-05
BUFORD HWY NE @ 4770,0.0026536116939024678,9.661899652627402e-05
FLAT SHOALS RD @ WOODCASTLE LN,0.0012000698406165185,9.660897981286965e-05
CENTRA VILLA DR SW @ E CEDAR LN SW,0.001049108136727037,9.659970019946493e-05
DOGWOOD DR @ MORELAND WAY,0.0016156044656969143,9.659481652089907e-05
Mitchell Rd & Everglades Tr (Shell),0.0007002322227890102,9.656200118383503e-05
BOULEVARD SE @ BURROUGHS ST,0.007597540921266147,9.653405865853016e-05
Satellite Blvd & Merritt Apartments OB,0.00014868674045704578,9.653179034875331e-05
HENDRIX AVE SW @ PRYOR ST SW,0.00014269118465517534,9.652794867895286e-05
LAVISTA RD @ HENDERSON MILL RD,0.0037706719992418205,9.651595511330323e-05
PRYOR RD SW @ MELDON AVE,0.002301699959196743,9.651464713821828e-05
Austell Rd at S Cobb Dr,0.0027108281655142262,9.650267145699931e-05
DOLLAR MILL RD SW @ UTOY CT SW,0.0009099245043874229,9.649814232700685e-05
GLENWOOD RD @ HILLSDALE DR,0.001684477271684898,9.647935303190108e-05
MCAFEE RD @ SEAVEY DR,0.005120765153034329,9.647591687651536e-05
PEACHTREE BLVD @ IVY LN,0.004350323551538391,9.645332909827094e-05
CAROLINE ST @ 1270,0.0009098332015071913,9.644880163363264e-05
DONALD L HOLLOWELL PKWY @ WOODMERE DR NW,0.0038067822883733906,9.64416625596375e-05
FAIRBURN RD NW @ 1065,0.0004138303046494074,9.643303714586165e-05
NORTHSIDE DR SW @ MCDANIEL ST SW,0.0031006001612226258,9.642877874778017e-05
JAMES JACKSON PKWY @ NORTHWEST DR,0.0006522069077872256,9.642488912997983e-05
BOLTON RD NW @ PAUL AVE NW,0.0019080780253719139,9.641156029967463e-05
S Marietta Pkwy at Franklin Rd,0.000791200325793024,9.640588730763927e-05
SPRINGDALE RD SW @ YALE PL SW,0.002085555607395302,9.639245000476736e-05
PEACHTREE RD NE @ PEACHTREE BATTLE AVE,0.006621726171644971,9.63522398445794e-05
ROOSEVELT HWY @ ALEXANDER AVE,0.0051892144151056835,9.63505506425454e-05
S Cobb Dr at Ridge Rd / Smyrna Towers,0.00014387812209818522,9.632783052726786e-05
N SHALLOWFORD RD @ SAVOY DR,0.001291144463647469,9.631747017453221e-05
ASHFORD DUNWOODY RD @ RAVINIA DR,0.004403294439219383,9.63155706567684e-05
DOGWOOD DR @ KING ARNOLD ST,0.0007078255789949323,9.631128237776716e-05
CANDLER RD @ RALEIGH RUCKER WAY,0.009835062564233478,9.630024722549009e-05
S STONE MOUNTAIN LITHONIA RD @ PATTILLO WAY,0.003045148878628677,9.629708954871644e-05
CASCADE RD @ FAIRBURN RD,0.004953972544189148,9.627593727002843e-05
HOLLYWOOD RD @ SPRING ST,0.006004336095519368,9.626944830330096e-05
DEKALB INDUSTRIAL WAY @ LAWRENCEVILLE HWY,0.008759545069399471,9.624931258728214e-05
DEFOOR AVE NW @ RHOMBOID ST NW,0.001330541656467374,9.62122782456036e-05
CONTINENTAL COLONY PKWY @ 2999,0.005967754074839936,9.618401701513496e-05
VENETIAN DR SW @ ALDER LN SW,0.0008075054984877047,9.618164745135271e-05
Best Friend Rd & Royal Palm Ct IB,0.0028686147597010146,9.617832726329937e-05
ROSWELL RD NE @ LAKEMOORE DR,0.001134742629810859,9.6160395836079e-05
FLAT SHOALS AVE SE @ VAN EPPS AVE SE,0.007555044502900605,9.615615612311858e-05
MORELAND AVE SE @ WYLIE ST SE,0.0010109511413636102,9.614700148876618e-05
HUFF RD @ BOOTH ST,0.002977356490056766,9.610973048765223e-05
FAIR ST @ FIRST ST,0.0010693393332716734,9.608719814112925e-05
BUFFINGTON RD @ OLD BILL COOK RD,0.005363968127868831,9.608020948144363e-05
RIVERDALE RD @ WALKER RD,0.0010212379325363625,9.605419911014763e-05
N COMMERCE DR @ CAMP CREEK POINT,0.000633839811713983,9.605239555307416e-05
Austell Rd at Kurt Dr,0.0025121683152771234,9.605146462835385e-05
EASTLAND RD SE @ FLATWOOD DR SE,0.005000750053161101,9.602413957700913e-05
ALPHARETTA ST @ ELIZABETH WAY,0.001714196359200261,9.601970986118744e-05
HUGH HOWELL RD @ TUCKER IND RD,0.00118018102987275,9.600352838536668e-05
BEST RD @ 4555,0.0009341502019421887,9.600273588285179e-05
Factory Shoals Rd at Mableton Pkwy,0.0005000202235879713,9.594874261433049e-05
Franklin Rd at Franklin Ct,0.0006103597543477747,9.594286290045615e-05
MARIETTA BLVD NW @ 2130,0.002475213474503412,9.590014314148112e-05
RIVER RD @ MORTONS LANDING DR,0.0015158560690439683,9.589542140940247e-05
REDAN RD @ SHEPPARD PL,0.004197969478725379,9.589391542147078e-05
N CAMP CREEK PKWY @ FAIRBURN RD,0.0028238611312408598,9.588929439747869e-05
PLEASANTDALE RD @ 3722,0.006676127471116258,9.585536156590997e-05
S Service Rd at Six Flags Pkwy,2.4499606195460413e-06,9.584771278203219e-05
Mableton Pkwy at Old Alabama Rd,0.0012707534870624274,9.581101648158786e-05
LYNHURST DR SW @ IVAN HILL DR SW,0.01512151454678574,9.581029829274564e-05
JOSEPH E BOONE BLVD NW @ GRIFFIN ST NW,0.001445872411346501,9.57889114332146e-05
Wall St at Central Ave,0.0004464710843321792,9.578884020424916e-05
GLENDALE DR @ 2246,0.00039141544755256694,9.576385039512556e-05
EDGEWOOD AVE @ PEACHTREE CENTER AVE,0.0009776560243725126,9.575524308574757e-05
ARMOUR DR @ OTTLEY DR,0.0007078255789949323,9.575022326590093e-05
PIEDMONT RD NE @ 3565,0.003324969380818257,9.574551342432253e-05
LANGSTON AVE @ VICTORY DR,0.027382433770184136,9.57412293430723e-05
UNITED AVE SE @ TRESTLETREE CT,0.007111900901314643,9.570834924306767e-05
OLD DIXE HWY @ 4099,0.04279329982537918,9.570477176530583e-05
ROOSEVELT HWY @ HOSPITALITY WAY,0.007091022976035033,9.56938004259927e-05
MCAFEE RD @ GARDEN CIR,0.006233587483016269,9.567554694860561e-05
HOLLYWOOD RD NW @ ARNO DR NW,0.011712128044620082,9.567370992183543e-05
CAMPBELLTON RD SW @ WILLOWBROOK DR,0.013402441092066446,9.56712670899965e-05
ATLANTA S PKWY @ 775,0.0029859237436518247,9.566635624671396e-05
PANOLA RD @ ROCKMOOR DR,0.0013006323546181954,9.566190029461577e-05
SYLVAN RD @ GLENWAY DR,0.004208880172913047,9.565750489439837e-05
MORELAND AVE SE @ GLENWOOD AVE SE,0.005394265466958994,9.564335324825925e-05
BENJAMIN E MAYS DR SW @ FLAMINGO DR SW,0.009756640998687947,9.563773472295213e-05
E PONCE DE LEON AVE @ GLENDALE RD,0.0018097296062158513,9.562611438502345e-05
ROLLINGWOOD LN SE @ 2787,0.0010109511413636102,9.56161412858443e-05
2ND AVE @ KHALIL DR,0.014227504641660896,9.558632322830338e-05
BELVEDERE LN @ RUPERT RD,0.002020380568056695,9.558030539141149e-05
WINDWARD PLZ @ 3025,0.0005275936934178931,9.555324169454482e-05
S CANDLER ST @ E PHARR RD,0.00365674883043293,9.550598358879425e-05
Old Alabama Rd SW at James Rd,0.00016340172132102727,9.550586394275456e-05
JOHNSON RD NE @ PASADENA AVE,0.00010116359129653468,9.548292850129341e-05
MARTIN LUTHER KING J DR @ CHAPPELL RD,0.013385382670609855,9.547351346849656e-05
CHAMBLEE DUNWOODY RD @ BUFORD HWY NE,0.01263475125793304,9.545945238019195e-05
Satellite Blvd & Suzuki Dealership,0.005169584295855905,9.544587125883002e-05
Cherokee St at Chicopee Dr,0.0004678511754530624,9.543232636579035e-05
ROSWELL RD NE @ MT PARAN RD NE,0.0016597341911421535,9.54310726781342e-05
RALPH D ABERNATHY BLVD SW @ LAWTON ST SW,0.013463431416061107,9.535196360661822e-05
Old Norcross Rd at Brass Key Ct,0.00210602266971387,9.533283737629979e-05
BAKERS FERRY RD SW @ WISTERIA LN SW,0.0025224551064498757,9.531538812379363e-05
CAMPBELLTON RD SW @ TIMOTHY DR SW,0.011472496026879081,9.53133780290772e-05
Thornton Rd (S) at Maxham Rd,0.00021215745936466402,9.529620402398749e-05
MIDTOWN  STATION,0.0794117528902155,9.526850192545161e-05
LAKEWOOD AVE @ OLIVE ST,0.0028630757183003017,9.526486531071014e-05
WOODLAND AVE NE @ 1220,0.005242885291535118,9.524305140970891e-05
FAIRINGTON RD @ TIBURON DR,0.0036114549932647383,9.518445216027157e-05
John Portman Blvd @ Peachtree Center Ave,0.007669107162220961,9.51692120375463e-05
EVA DAVIS WAY SE @ MEMORIAL DR SE,0.004962014806222876,9.516426074745012e-05
WESLEY CHAPEL RD @ CANBY LN,0.001236842075629767,9.515927177204366e-05
MARTIN L KING JR DR SW @ FAIRBURN RD SW,0.008154488490678478,9.515605980249653e-05
OAKCLIFF RD @ BUFORD HWY,0.004947703079746583,9.514990740881122e-05
MOURY AVE SW @ 204,0.002778437948325674,9.514900481254242e-05
LAVISTA RD @ BRIARLAKE RD,0.0017482523335266215,9.510830217466227e-05
Atlanta Rd at Austell Rd,0.0031409864685783724,9.51000054372385e-05
ROSWELL RD NE @ 6509,0.0018564158123075734,9.505126498837333e-05
Atlanta St at Pearl St,0.0031998007405941824,9.5046677340197e-05
N ROYAL ATLANTA DR @ TUCKERSTONE PKWY,0.0038651096116946327,9.504560599955312e-05
Langley Dr & Plaza Park Office,0.0017199788749482578,9.501489318959513e-05
WESLEY CHAPEL RD @ GREGORY RD,0.007670989016030178,9.500548672454774e-05
SPRINGDALE RD SW @ SPRINGDALE CIR,0.0013239982833841144,9.499306560412617e-05
PEYTON RD @ 2770,0.0003389771600062585,9.498771445768528e-05
GRANITE DR @ MOUNTAINDUSTRIAL BLVD,0.000743798913806155,9.498350104433984e-05
CHAPPELL RD @ MAYSON TURNER RD,0.0018843544936584214,9.498236236642969e-05
BUFORD HWY NE @ 2715,0.0026978022879345282,9.497641582260959e-05
WOODLAND HILLS DR NE @ VISTA TRL NE,0.0007078255789949323,9.49680252900498e-05
VIRGINIA AVE NE @ TODD RD NE,0.024444991855935252,9.496516627049298e-05
MEMORIAL DR SE @ CAMERON ST SE,0.022163431790402914,9.493904898756535e-05
MEMORIAL DR SE @ COTTAGE GROVE AVE SE,0.008403813830870726,9.493627740618827e-05
WHITES MILL RD @ HABITAT WAY,0.0007814004833148399,9.490460817296166e-05
BEECHER ST SW @ SHIRLEY ST SW,0.010566101900527276,9.487363433653681e-05
N CAMP CREEK PKWY SW @ DARRAH DR SW,0.0044606782994448995,9.485724963654489e-05
ASHFORD DUNWOODY RD @ ASHWOOD PKWY,0.0022115992335549283,9.482644433146358e-05
N DRUID HILLS RD @ JAMESTOWN RD,0.009379963357719418,9.48204903309733e-05
FORREST PARK RD SE @ FOREST VALLEY DR,0.010854976605006483,9.481222197369531e-05
GARDEN WALK BLVD @ BROOKSTONE RDG,0.0016813729737570262,9.480634933119923e-05
BOLTON RD NW @ FAIRBURN CIR,0.0019090062713209342,9.479501509519308e-05
Beaver Ruin Rd & Standford Village Ln IB,0.004806974907016386,9.478589692912321e-05
REDAN RD @ 5806,0.0005050875334408211,9.477951838878881e-05
PEACHTREE ST NE @ 10TH ST NE,0.013674105203622009,9.477901099602651e-05
Brook Hollow & Indian Temple (1st Entran,0.0012426778513912322,9.477375706711175e-05
WELLINGTON ST SW @ MOZLEY PL SW,0.004263524946731617,9.476419823420989e-05
ANDERSON AVE SW @ 25,0.0033303638593252696,9.476260217808149e-05
PANTHER TRL SW @ CHILDRESS DR SW,0.002440282514241499,9.475958757329894e-05
E PONCE DE LEON AVE @ MARKET ST,0.0017601597508234833,9.473989613058642e-05
FAIRINGTON PKWY @ PHILIP BRADLEY DR,0.0005056657850156208,9.473802226288674e-05
Buford Hwy & Pine St IB,0.004187530516085574,9.473389209910068e-05
PEELER RD @ LAKESIDE DR,0.0018240337241187908,9.472478782878463e-05
VIRGINIA AVE NE @ PARK DR NE,0.01358926200216686,9.47241630169822e-05
Hurt Rd SE at Springbrook Trl,0.0003647854408183708,9.469554616778095e-05
FULTON INDUSTRIAL BLVD @ MENDEL DR,0.002360027282517985,9.46774897275194e-05
SYLVAN RD @ AVEBURY DR,0.004397953220725839,9.467429999068718e-05
BOULDERCREST DR SE @ ORANGE BLOSSOM TER SE,0.004532564100480523,9.465892340968028e-05
JOSEPH E BOONE BLVD NW @ NEW JERSEY AVE NW,0.001471954600799308,9.465563510242686e-05
CHAMBLEE TUCKER RD @ CARROLL CIR,0.0007231948971672398,9.46548242668538e-05
LENOX RD NE @ 3016,0.0022016624367563967,9.460935605843488e-05
BOLTON RD NW @ MARTIN L KING JR DR,0.002783200915244419,9.460474491907256e-05
N CLARENDON AVE @ OLD ROCKBRIDGE RD,0.02017597351924304,9.460381593622322e-05
BRIARCLIFF RD NE @ WOODLAKE DR NE,0.005563784481255533,9.456600819415792e-05
FORREST PARK RD SE @ FOREST VALLEY DR SE,0.008143281062130057,9.455739132107786e-05
MCAFEE RD @ STANTON ST,0.011861200286126992,9.454438558472681e-05
N DESERT DR @ 3600,0.001962433673403084,9.44870018299318e-05
FAIRBURN RD @ 1001,0.0004138303046494074,9.448360715571383e-05
OLD MILTON PKWY @ BROOKSIDE PKWY,0.0009099245043874229,9.44763449601302e-05
ATLANTA INDUSTRIAL PKWY @ 3755,0.0010109511413636102,9.441643943298728e-05
ROSWELL RD @ DUNWOODY PL,0.0026012038406495698,9.441038374825516e-05
LENOX RD NE @ 2770,0.0012493125273547233,9.440474384731423e-05
MT ZION PKWY @ MT ZION BLVD,0.004224082102471596,9.440352164363525e-05
CHAMBLEE TUCKER RD @ 3350,0.007041650943549833,9.440043477406564e-05
SYLVAN RD SW @ DECKNER AVE SW,0.0009844733060964668,9.439406762408646e-05
NEW PEACHTREE RD @ 5918,0.01725336071445843,9.436010136560535e-05
14TH ST @ JUNIPER ST,0.004294088585889122,9.43487112187825e-05
PIEDMONT RD NE @ PHARR RD NE,0.0023850290545547187,9.433285702309052e-05
BOULEVARD SE @ CHAMBERLAIN ST SE,0.0019749573851415092,9.427465042405444e-05
MARIETTA ST @ PARK AVE WEST,0.0018120121782216395,9.427248650383777e-05
SANDTOWN RD SW @ WICHITA DR,0.0013273536642326232,9.42631385174477e-05
WASHINGTON ST @ MALONE ST,0.00141088819107112,9.425352539895623e-05
PEACHTREE RD NW @ PEACHTREE PARK DR N,0.007907072902397737,9.424275364580876e-05
MOURY AVE @ THIRKELD AVE,0.0017242396760257291,9.423513703627458e-05
SYLVAN RD @ ERIN AVE,0.0011563966295724368,9.42323852879448e-05
Jimmy Carter Blvd & Paces Crossing Apts,0.0018892544148975134,9.421720505954753e-05
THOMASVILLE DR SE @ THOMASVILLE CT SE,0.001158313990057299,9.42101537068221e-05
MCDONOUGH BLVD SE @ PARK AVE SE,0.001038037662498964,9.419956197819951e-05
N INDIAN CREEK DR @ ROWLAND ST,0.007792267139079942,9.419842445445063e-05
DEFOORS FERRY RD @ NOBLE CREEK DR,0.0016111914931523903,9.415205046105226e-05
Bells Ferry Rd at Field Pkwy,0.00020839882412846607,9.414574415984658e-05
SR 85 @ HELMER RD,0.0020334673142232145,9.405370117179768e-05
Collins Hill Rd & Park Access Dr OB,0.00013587390293122114,9.404533197247255e-05
CLEVELAND AVE @ ELSINORE ST,0.001701878078942357,9.403250253105485e-05
BROWNLEE RD SW @ BROWNLEE PL,0.0047275414012149545,9.403184740179864e-05
COLUMBIA DR @ HYLAND DR,0.0058880162261044,9.402992839527098e-05
BROWNS MILL RD SE @ GREENDALE DR SE,0.009855932880939736,9.402472188756704e-05
CAMPBELLTON RD SW @ 2191,0.010994205888786213,9.402198861382138e-05
LANGSTON AVE SW @ HARTE DR SW,0.018953564907263208,9.401391787274943e-05
CHAMBLEE TUCKER RD @ 3365,0.003041025031871553,9.399664233148661e-05
OAKLEY INDUSTRIAL BLVD @ 1200,0.0005056505678689156,9.397671238552897e-05
Six Flags Dr at Winterglen Lane,0.0003795765074158786,9.396903658756209e-05
HOWELL MILL RD NW @ SPRING GROVE AVE,0.004828552821044437,9.39572154796113e-05
MORRIS RD @ DEER TRL,0.0010896237898297783,9.39508824031821e-05
JOSEPH E BOONE BLVD @ GRIFFIN ST NW,0.0016216000214987847,9.39505740778228e-05
LAVISTA RD @ BRIARVISTA WAY,0.0037617851855659516,9.395028210119427e-05
VENETIAN DR SW @ WILLOWBROOK DR SW,0.0010545787009675761,9.394313393642416e-05
DEFOOR AVE NW @ 1981,0.001968337926324723,9.393733848122012e-05
TARA BLVD @ WINDING WAY LN,0.0035245955198711433,9.392148797714731e-05
ROSWELL RD NE @ 5600,0.0018537832459275642,9.391190491048434e-05
TARA BLVD @ SUMMERWIND DR,0.008411353927063181,9.388558553009407e-05
Barrett Pkwy at Bells Ferry Rd,0.0003327229127103987,9.387872185280644e-05
CANDLER RD @ HOSEA L WILLIAMS DR,0.009332866288666655,9.387406096769774e-05
BROWNS MILL RD SE @ MT ZION RD SE,0.0037334508584007673,9.386619688134297e-05
FAIRLANE DR @ BOLTON RD,0.0028242111256150805,9.386346574048618e-05
BRIDGEPORT DR NW @ ARGYLE DR,0.00030419076263804573,9.383184178277784e-05
LAVISTA RD @ 3888,0.0023880116153089485,9.382911325423823e-05
OLD HAPEVILLE RD SW @ 2672,0.0037334508584007673,9.381282104830744e-05
WASHINGTON RD @ SEMMES ST,0.020174969187560492,9.381240694212328e-05
EDGEWOOD/CANDLER PARK STATION - SOUTH LOOP,0.0,9.380665514846829e-05
S CANDLER ST @ E DOUGHERTY ST,0.006599676526069057,9.379967239938922e-05
BOULDERCREST RD @ JONES RD,0.0055740712724282855,9.378440887385827e-05
PEACHTREE INDUSTRIAL BLVD @ JOHN GLENN DR,0.007218405711104722,9.377498703784081e-05
DONNELLY AVE SW @ CASCADE AVE SW,0.0028164960322355163,9.37701401269462e-05
LAKE MIRROR RD @ NEW TRADE CENTER DR,0.0067446350655833145,9.375685745023979e-05
HENDERSON MILL RD NE @ MIDVALE RD,0.005645386430462463,9.374750312990453e-05
MARKETPLACE BLVD @ SHELBY LN,0.00010116359129653468,9.374164520210238e-05
MARTIN L KING JR DR SW @ PEYTON PL SW,0.012172013043772944,9.37291979144383e-05
PRYOR RD @ PRYOR CIR,0.0025668130890956938,9.371468282389509e-05
2ND AVE @ OAKVIEW RD,0.00564236582684147,9.371302225533038e-05
GLEN IRIS DR @ WINTON TER,0.002314619316749504,9.37034111243803e-05
NORTHLAKE PKWY @ 3350,0.004840003723940141,9.370262706523655e-05
CHARLES ALLEN DR @ 8TH ST,0.023088459312895302,9.369396669529551e-05
RALPH D ABERNATHY BLVD @ WELLINGTON ST SW,0.009411987842960629,9.368929621256746e-05
SYLVAN RD @ SAMPLER WAY,0.005762900845893794,9.367472697221002e-05
CONLEY RD @ GILBERT RD,0.009458324054678129,9.364776829939118e-05
Franklin Gateway Se at Citgo Gas Station,0.0007332686482861186,9.36411384212254e-05
SOUTHLAKE PKWY @ 7535,0.0008976594841429874,9.362831737929193e-05
Washington St at MLK Jr Dr,0.001012959804728704,9.361476096625523e-05
MEMORIAL DR @ SPRING CHASE CIR,0.012214613445974305,9.360101047839269e-05
CAMPBELLTON RD SW @ HARBIN RD SW,0.010330707858143688,9.356265624160112e-05
GLENWOOD RD @ PARKHILL DR,0.0027706087263458202,9.350747939502595e-05
N DRUID HILLS RD NE @ 2960,0.0044601000478701,9.348956727958966e-05
CASCADE AVE SW @ EASTRIDGE RD SW,0.004199110764728273,9.346360783218992e-05
LYNHURST DR @ WESTPORT WAY,0.015055137352857418,9.345947687799543e-05
KENSINGTON RD @ DURHAM PARK RD,0.005946176160811885,9.345770081649769e-05
MEMORIAL DR @ KENSINGTON RD,0.021365617078175345,9.345657802693332e-05
PRYOR ST @ RAWSON ST,0.006980379102341124,9.345634624498869e-05
BRIARCLIFF RD NE @ SHEPHERDS LN NE,0.001380720197727952,9.344948983508602e-05
BROWNTOWN RD NW @ AUDREY PL,0.001800462363872351,9.3443921389376e-05
SNAPFINGER RD @ 1939,0.0022171915349691097,9.34439211962803e-05
CHURCH ST @ TOWN CENTER DR,0.002365779363972571,9.343128873339672e-05
CUSTER AVE SE @ 1410,0.008070299626531654,9.34082655851797e-05
JOSEPH E BOONE BLVD @ 2015,0.0015764811815177039,9.338535920388682e-05
VALLEY HILL RD @ 94,0.0013601846582492105,9.335862519341856e-05
LAVISTA RD @ SAGAMORE DR,0.0005956143391903827,9.32881144959763e-05
RENAISSANCE PKWY @ 6000,0.00020222066256613257,9.328271057540183e-05
MT ZION BLVD @ E MEYER DR,0.0012041480359335267,9.327678610801548e-05
Buford Hwy & West Mount Tabor,0.00037851130714651075,9.3268509116859e-05
RALPH D ABERNATHY BLVD SW @ WESTVIEW DR SW,0.0071179192828365705,9.324421779695428e-05
SHALLOWFORD RD NE @ WHISPERING HILLS DR,0.003604660537260842,9.323951679268691e-05
Satellite Blvd & Chow Won Buffet,0.0041069861585746594,9.323307526262436e-05
CENTRA VILLA DR @ W CEDAR LN,0.0008020349342471655,9.321793389414752e-05
PERIMETER CTR PL @ PERIMETER CTR WEST,0.003711583818585316,9.321296162134195e-05
FORREST PARK RD SE @ 2155,0.0006613980643971996,9.321102070862408e-05
NORMAN BERRY DR @ CALHOUN AVE,4.186237058615627e-05,9.320046928712442e-05
BELLEMEADE AVE NW @ TALLULAH ST NW,0.003043140215263583,9.3198315311094e-05
NORTHERN AVE @ ROCKBRIDGE RD,0.012507817428691156,9.316511187314403e-05
Spring St at Luckie St,0.007846234749870128,9.314161065584223e-05
OGLETHORPE AVE SW @ EVANS ST SW,0.017109201075146196,9.31363926884958e-05
FLAT SHOALS RD SE @ 1909,0.0017458328072004858,9.312392448695595e-05
RIVER RD @ MISTY LAKE,0.006276114335675221,9.311545183973686e-05
HILL ST SE @ 1064,0.0097166883800133,9.30959701665287e-05
Austell Rd at Callaway Rd,0.0024122220957170093,9.307723351164839e-05
GLENWOOD AVE @ PATTERSON AVE,0.010943829524618467,9.307123488941002e-05
N DRUID HILLS RD @ MISTLETOE RD,0.01009279537798038,9.30636562099144e-05
BUFORD HWY NE @ AFTON LN,0.00208036656036881,9.305536113772572e-05
FULTON INDUSTRIAL BLVD @ PLUMMER RD,0.0011119625611930924,9.305105402287585e-05
TILLY MILL RD @ LAURELWOOD RD,0.003141929931674098,9.304497777989961e-05
Centerview Dr & Ferguson Elementary OB,0.0034818049033359666,9.302866919751876e-05
HOSEA L WILLIAMS DR @ LAKEVIEW DR NE,0.0030250926792711507,9.302844436811912e-05
BUFORD HWY NE @ CLAIRMONT RD,0.00222289796498358,9.302213704470781e-05
SR 42 @ HOOD AVE,0.0025038293188826438,9.302158911968767e-05
Lakes Pkwy & Lakes Court Dr OB,0.0003386119484853324,9.301869075205042e-05
CASCADE AVE SW @ 1113,0.01193804941317965,9.301320258251039e-05
HENDERSON MILL RD @ FIELDING DR,0.00054799988714964,9.297312897656499e-05
MCAFEE RD @ DELPHINE DR,0.007193974582069435,9.296321181710362e-05
MEMORIAL DR @ COLUMBIA DR,0.00728097861835673,9.294955637014285e-05
CENTENNIAL OLYMPIC PARK,0.0009207591128415644,9.294924852879937e-05
LAWRENCEVILLE @ HARCOURT DR,0.002900388162021587,9.294700775347214e-05
CENTRAL AVE SW @ RALPH DAVID ABERNATH,0.001588609247441792,9.290975154083056e-05
BAKERS FERRY RD @ WISTERIA LN,0.0025224551064498757,9.289181838065025e-05
ROSWELL RD NE @ 7447,0.000484666122562369,9.288276169654112e-05
LAWRENCEVILLE HWY @ COFER CIR,0.004205737832118412,9.28677652270855e-05
BRIARWOOD RD NE @ KEYS CROSSING,0.002057099543056475,9.286626005845151e-05
MORELAND AVE @ STONEYBROOK DR,0.005761196525462806,9.284893629621626e-05
Mableton Pkwy SW at South Gordon Rd SW,0.0004812422645536867,9.284206948147829e-05
Powder Springs St at Garrison Rd,0.0002580828081211234,9.28315885348966e-05
FOREST PKWY @ GOVERNORS DR,0.009423834391670669,9.283066965639307e-05
DELOWE DR @ NEELY AVE,0.0021212398164191246,9.282154923464562e-05
CENTENNIAL OLYMPIC PARK DR @ NORTH AVE NW,0.0005036266873571167,9.28209466245553e-05
WINDSOR ST SW @ RICHARDSON ST SW,0.00412207395953292,9.279946716923197e-05
BOHANNON RD @ FAIRBURN INDUSTRIAL BLVD,0.0005056505678689156,9.276051902759456e-05
MARION PL NE @ CAROLINE ST NE,0.0009098332015071913,9.275089796307898e-05
Spring Rd Se at Spring Creek Pl,0.0006694022835641637,9.271599231147704e-05
Martin Luther King Jr Dr & Peachtree St,0.00043572777875826925,9.26947199258067e-05
OLD NATIONAL HWY @ WEXFORD DR,0.004618830105152614,9.268789304487269e-05
Blair Bridge Rd at Hembree Dr,0.0003796373760026996,9.268624652527169e-05
FLAT SHOALS RD @ HILLANDALE DR,0.002841163027044735,9.268189965931872e-05
CHURCH ST @ 921,0.006000120945882013,9.267378864143239e-05
PONCE DE LEON AVE NE @ CLIFTON RD,0.00712223334392751,9.265800521567034e-05
Singleton Rd & Reddington Ln OB,0.0016957227431000815,9.262934297085465e-05
GRESHAM RD SE @ CLIFTON CHURCH RD,0.002023773991771967,9.26254486801601e-05
SR 85 @ DENHAM ST,0.0017225353555947406,9.26072150970521e-05
RALPH MCGILL BLVD @ PIEDMONT AVE,0.002617151410396677,9.259741623077273e-05
SOUTHLAKE PKWY @ NOLAN CT,0.0030833439168588667,9.25759159019706e-05
WILLINGHAM DR @ E MAIN ST,0.04591100405949851,9.256605325017492e-05
Stockbridge Park and Ride,2.1288788240651627e-05,9.25314015364541e-05
CHEROKEE AVE SE @ GRANT PARK PL SE,0.005452463444533241,9.252719413923503e-05
RALPH MCGILL BLVD NE @ 680,0.012109660785148161,9.25226236008573e-05
DOUG DAVIS DR @ CLAY PL,0.0007689072058698256,9.248382380548612e-05
METROPOLITAN PKWY SW @ ROCKWELL ST SW,0.005221611720441171,9.246716729468325e-05
Satellite Blvd & Evergreen Blvd,0.00014867152331034052,9.245811738911968e-05
Satellite Blvd & Enterprise Dealer IB,0.0051695690787091995,9.245664143687178e-05
FLAT SHOALS RD @ MALLORY RDG,0.0013026562351299944,9.244207396090335e-05
CUSTER AVE SE @ BOULEVARD SE,0.013915144807433246,9.243973029380358e-05
DONALD L HOLLOWELL PKWY @ PEEK RD NW,0.0039825251156723794,9.243921558222033e-05
HOLCOMB BRIDGE RD @ SPALDING DR,0.0007078255789949323,9.243301624962675e-05
MIMS ST SW @ LAUREL AVE SW,0.0007977436988762836,9.240689704608727e-05
W END AVE SW @ WELLBORN ST SW,0.0003335978986459509,9.23869365818981e-05
COLUMBIA DR @ NECTARINE CIR,0.0010991953751073836,9.237729488589976e-05
Fairground St at Frasier St,0.0021748346071150323,9.237566390361143e-05
METROPOLITAN PKWY SW @ ERIN AVE SW,0.0043231457275228055,9.236925643249549e-05
HOLCOMB BRIDGE RD @ DOGWOOD RD,0.010609135991409738,9.236528650507649e-05
HARLAN RD SW @ HALDANE DR SW,0.0011119625611930924,9.23560122468149e-05
PERIMETER CTR PL @ PERIMETER CTR W,0.003219111299763151,9.235505753975968e-05
MT VERNON HWY NE @ BLUE STONE RD NE,0.002019604493574727,9.234721390239488e-05
W LAKE AVE NW @ TIGER FLOWERS DR NW,0.009790727407307718,9.234552066674154e-05
HOLCOMB BRIDGE RD @ EVES RD,0.0016156044656969143,9.234372521580483e-05
ALPHARETTA ST @ CLARA DR,0.0004802379328711399,9.234013726179739e-05
WHITES MILL RD @ MILLS BND,0.0007473445089884793,9.233552836567958e-05
PEACHTREE ST @ 14TH ST,0.01211872259601114,9.233219192878475e-05
BRIARCLIFF RD NE @ OAK PARK DR  NE,0.008989651153302983,9.232731399761967e-05
MEMORIAL DR SE @ BILL KENNEDY WAY,0.02251583047380321,9.232258823757951e-05
JOSEPH E BOONE BLVD NW @ TROY ST NW,0.0019361840953365196,9.231830948661351e-05
JOHNSON RD NE @ HELEN DR NE,0.0029353039051367943,9.230952037827582e-05
Boggs Rd & Meridian Apts,0.0017431393722336557,9.229800907676122e-05
EDGEWOOD AVE SE @ COURTLAND ST SE,0.0009776560243725126,9.229551138955337e-05
17TH ST NW @ STATE ST NW,0.009868410941238043,9.229248373737449e-05
BOLTON RD @ COLLINS DR,0.0019080780253719139,9.22679819047019e-05
ROSWELL RD NE @ PARK AVE NE,0.0034668997081381695,9.22525859560142e-05
Governor's Lake Pkwy & Veritiv OB,0.0016593841967679328,9.220360569515501e-05
HUTCHENS RD SE @ 860,0.011610089467387995,9.218168165266044e-05
ROSWELL RD @ 8775,0.0026922784636805204,9.21816275647903e-05
Powers Ferry Rd at Rivers Apartments,6.266421013223974e-05,9.218048535499675e-05
CANDLER RD @ FLAT SHOALS RD,0.01270193496063674,9.217721688280748e-05
CLAIRMONT RD NE @ 9TH ST,0.0061522087186276836,9.215964699733336e-05
NORTHSIDE DR NW @ HOKE ST,0.0036809364851209322,9.213958047732875e-05
MARIETTA ST NW @ HAMPTON ST,0.0011015388156999928,9.213638470611724e-05
ORMOND ST @ CREW ST SW,0.012989995547767216,9.212986591589046e-05
Austell Rd at Joyner Ave,0.002710812948367521,9.212499544904873e-05
BROWNS MILL RD SE @ LYDIA DR SE,0.002140900369962314,9.211735122921714e-05
CENTRA VILLA DR SW @ HONEYSUCKLE SW,0.001049108136727037,9.210960758726272e-05
IRENE KIDD PKWY @ GUS THORNHILL JR DR,0.006473473119869025,9.210484227884367e-05
PEACHTREE IND BLVD @ BROAD ST,0.004350323551538391,9.208441696389205e-05
Best Friend Rd & Button Gwinnett Dr IB,0.002868599542554309,9.208310598586515e-05
E PONCE DE LEON AVE @ HAMBRICK RD,0.002276751447173477,9.207238513783868e-05
S STONE MTN LITHONIA RD @ SHADOW ROCK DR,0.003045148878628677,9.205265668766e-05
DEFOOR AVE NW @ 1990,0.001330541656467374,9.204365309559043e-05
GREEN FORREST DR @ 2312,0.0,9.202706780221177e-05
MINOLA DR @ MILLER RD,0.004762989744464846,9.2026481580483e-05
Windy Hill Rd at Beaver Creek Rd,0.00025118944066364286,9.201662030078675e-05
MARTIN L KING JR DR NW @ HUNTER PL NW,0.013569662317210492,9.20122928043493e-05
LAWRENCEVILLE HWY @ OLD NORCROSS RD,0.00456620160327249,9.200375390539323e-05
PEACHTREE DUNWOODY RD @ JOHNSON FERRY RD,0.003932704177359375,9.199021392729417e-05
ENGLISH AVE NW @ PELHAM ST NW,0.0013182233762094701,9.198674000743286e-05
W LAKE AVE @ DONALD L HOLLOWELL PKWY,0.008630009108070989,9.187044842678155e-05
ALPHARETTA HWY @ MANSELL RD,0.0038233841954288237,9.18580914638586e-05
BUFORD HWY NE @ CHAMBLEE TUCKER RD,0.004074847544733161,9.181767619852906e-05
W Pike St & Kaceys Home Cooking Rest,0.0017191875833195845,9.18146419136166e-05
ATLANTA ST @ AZALEA DR,0.002117937695584084,9.180077478526615e-05
FLAT SHOALS RD SE @ BRIGHTON BLVD SE,0.0009871819582100022,9.179418890363714e-05
MARIETTA ST NW @ FAIRLIE ST NW,0.002800814762555751,9.179134075618466e-05
N COMMERCE DR @ CENTRE PKWY,0.000633839811713983,9.178026505210295e-05
COVINGTON HWY @ EVANS MILL RD,0.002115487734964538,9.175699709081415e-05
S HAIRSTON RD @ BRASAC DR,0.001284038056136115,9.175106674227357e-05
ATLANTA STUDENT MOVEMENT BLVD @ EUHRLEE ST SW,0.0016477735138318232,9.175074402371035e-05
Peachtree St at Five Points Station,0.00044645586718547394,9.17462223770479e-05
N SHALLOWFORD RD @ ADMIRAL WAY,0.0029068097979312044,9.174570964664316e-05
Mitchell Rd & Price Pl OB,0.0007002170056423049,9.172407168493344e-05
HOLLYWOOD RD @ SAINT PAUL AVE,0.006004336095519368,9.171600154675449e-05
COLLIER DR @ CAMROSE WAY,0.0021098878249770046,9.170447780888649e-05
ROCKBRIDGE RD @ ROCK MEADOW DR,0.0029964007491583926,9.169086443825309e-05
COOPER ST SW @ HENDRIX AVE SW,0.00014269118465517534,9.168498203673595e-05
Austell Rd at E Callaway Rd,0.002581467201372854,9.167595364261146e-05
JONESBORO RD SE @ BISBEE AVE SE,0.008556418986604376,9.167191520091924e-05
N DRUID HILLS RD NE @ CHILDERS RD,0.00547342506411973,9.165469494322272e-05
Gwinnett Technical College,0.0028850797124361,9.164424715257455e-05
NORTHLAKE PKWY @ 2180,0.004094553749716466,9.162781666173682e-05
MONROE DR @ 2025,0.012530726843055917,9.16201026728267e-05
ROSWELL RD @ HAMPTON DE,0.00018787089322307718,9.161566114859645e-05
JAMES P BRAWLEY DR @ CARTER ST,0.0009883536785063067,9.16147649416389e-05
DOLLAR MILL RD @ 396,0.0009099245043874229,9.160466477417021e-05
Cherokee St at Freyer Rd,0.0004678359583063571,9.160306946695668e-05
CONTINENTAL COLONY PKWY @ RIVIERA DR,0.005967754074839936,9.158085404116246e-05
MCAFEE RD @ LAUREL LN,0.010707223182880692,9.153986500033245e-05
Franklin Rd at Parkway Pl,0.0007911851086463187,9.152454703766262e-05
MOURY AVE @ THIRKELD,0.002778437948325674,9.152033965030445e-05
Satellite Blvd & The Maddox Apts (across,0.003587320598590204,9.150019721658183e-05
CLAIREMONT AVE @ 446,0.006950211108997956,9.149547631024863e-05
MARIETTA BLVD @ 2210,0.002475213474503412,9.148925713001248e-05
WINN WAY @ N DECATUR RD,0.0009664105529573291,9.14771981258776e-05
PONCE DE LEON AVE NE @ BOULEVARD  NE,0.0031508471796433775,9.146536999522998e-05
COVINGTON HWY @ THICKET WAY,0.004090057082865063,9.14594458850616e-05
N DECATUR RD @ MCHENRY AVE,0.015808812194875285,9.145398569001964e-05
Powers Ferry Rd at Carithers Flowers,0.00039234369350158745,9.142446017108862e-05
WINDWARD PKWY @ WINDWARD PLZ,0.0005275936934178931,9.139924746815939e-05
N MAIN ST @ MAYFIELD RD,0.001127042753578,9.139028235128949e-05
CONNALLY DR @ LESTER ST,0.0009583302480568388,9.135808704134878e-05
Old Alabama Rd SW at Dunn Rd,0.000163386504174322,9.133545006504191e-05
HANK AARON DR @ ATLANTA AVE SE,0.013410772479887572,9.133129591713782e-05
CLEVELAND AVE SW @ THIRD AVE,0.0021659934448792794,9.130242818317869e-05
HUFF RD NW @ ELLSWORTH IND BLVD,0.0023551121441321874,9.127843641480981e-05
WESTVIEW DR SW @ WESTVIEW PL SW,0.004110729576664152,9.127272511883053e-05
Cobb Pkwy at Kennestone Circle,0.00016375171569524814,9.127145027357318e-05
RIVERDALE RD @ 6030,0.0010212379325363625,9.125523201764231e-05
Old Norcross Rd & Sweetwater Rd OB,0.0004175737227389001,9.125157144159075e-05
CLIFTON RD NE @ BRIARCLIFF RD NE,0.001380720197727952,9.125108348548354e-05
MORELAND AVE SE @ MERLIN AVE SE,0.0010109511413636102,9.124607140081106e-05
West Peachtree Street at Peachtree Place,0.01437092117697569,9.124476710605867e-05
MORELAND AVE SE @ BEECHVIEW DR SE,0.005992573241116206,9.1228207253054e-05
JAMES JACKSON PKWY NW @ CREEKSIDE DR NW,0.0006522069077872256,9.122521128746044e-05
HUFF RD NW @ FOSTER ST NW,0.002977356490056766,9.12243133213171e-05
MEMORIAL DR @ RUPERT RD,0.007050568191519112,9.121938183105017e-05
GRESHAM RD SE @ FLINTWOOD DR SE,0.010269550145535268,9.121896093901703e-05
HUGH HOWELL RD @ MOUNTAIN IND BLVD,0.00118018102987275,9.121688613439121e-05
DEKALB INDUSTRIAL WAY @ 751,0.008759545069399471,9.121191108717899e-05
SYLVAN RD SW @ SYLVAN PL SW,0.0005630420366677845,9.118836455563562e-05
PIEDMONT AVE @ PRADO  NE,0.006275399129780075,9.118500244633095e-05
FAIRBURN RD @ STEPHANIE DR,0.0028238611312408598,9.118140910057722e-05
STANTON RD @ MARCEL AVE,0.0026875383224818335,9.113653516710458e-05
CANDLER RD @ CANDLER PKWY,0.009835062564233478,9.109893328730195e-05
MT ZION BLVD @ BAYWOOD CT,0.001253421156965142,9.109433518772529e-05
METROPOLITAN PKWY SW @ 2799,0.002118637684332526,9.108570505632027e-05
ROOSEVELT HWY @ WILKERSON MILL RD,0.0010104033240822211,9.107323663323577e-05
ENGLEWOOD AVE SE @ 460,0.007564512104342392,9.104913839506004e-05
OTTLEY DR @ 255,0.0007078255789949323,9.102622323665829e-05
WESTRIDGE RD SW @ VENETIAN DR SW,0.0008075054984877047,9.102498806671456e-05
CASCADE RD @ 3675,0.004953972544189148,9.098656645173216e-05
WINN WAY @ 320,0.0022624168949771273,9.098284070733562e-05
RIVER RD @ WABASH LN,0.0015158560690439683,9.097232734214548e-05
DONALD L HOLLOWELL PKWY @ HARWELL RD,0.002389274638485485,9.094615173630948e-05
Brook Hollow Pkwy & Jimmy Carter Blvd IB,0.001242662634244527,9.09210270087494e-05
ASHFORD DUNWOODY RD @ ASHFORD GABLES,0.0022115992335549283,9.090171433903091e-05
TARA BLVD @ PATTON RD,0.0062190804698239255,9.090067795879616e-05
ROLLINGWOOD LN SE @ 2725,0.0010109511413636102,9.089586844577646e-05
ATLANTA S PKWY @ 600,0.0029859237436518247,9.087609235224213e-05
OLD NATIONAL HWY @ MCGHEE LANDING,0.001998422225361012,9.08633403808607e-05
HILLANDALE DR @ CONCEPTS 21 DR,0.0023624011574040044,9.086245115674983e-05
REDAN RD @ REDAN STATION,0.0002025097883535324,9.086008131092285e-05
County Services Pkwy at Department Of Motor Vehicl,0.00026814134209329684,9.084933160110093e-05
Franklin Rd at Cinnamon Ridge,0.0006103445372010694,9.084647757983078e-05
N HIGHLAND AVE NE @ LANIER PL NE,0.009094740768449473,9.082305992349921e-05
SOUTHLAKE PKWY @ APRIL LN,0.0010607872968233201,9.082283617000528e-05
REDAN RD @ TO LANI DR,0.004197969478725379,9.081137711058071e-05
COLUMBIA DR @ RUSSELL DR,0.007991299809411323,9.079239180390756e-05
WESTWOOD AVE SW @ S GORDON ST SW,0.002142193827432261,9.078009162195782e-05
W LAKE AVE NW @ JOSEPH E BOONE BLVD,0.007753577543581832,9.073886208936074e-05
OLD DIXIE RD @ 5020,0.010984913284531538,9.073157195302475e-05
LAVISTA RD @ 2396,0.0005977751740225289,9.072052648449212e-05
CUSTER AVE SE @ THE MANOR,0.005000750053161101,9.070962043510446e-05
TILSON RD @ STARLINE DR,0.0020812263291576567,9.069859585489137e-05
SHALLOWFORD RD NE @ LAKE FLAIR CIR NE,0.0029982876753498443,9.068713709032536e-05
7TH AVE @ CHAPEL ST,0.006227099906137595,9.068114366545161e-05
CHUPP RD @ HUBER ST,0.0013853462103263496,9.067895399980484e-05
MT VERNON RD @ MANHASSET DR,0.0008851205552578574,9.066984881143554e-05
Concord Rd SE at N Cooper Lake Rd,0.00036477022367166555,9.066575333107385e-05
14TH ST @ W PEACHTREE ST,0.004170152534548173,9.065861254312692e-05
PRYOR RD @ 1600,0.002301699959196743,9.064202834983134e-05
CAMPBELLTON RD SW @ 1843,0.011472496026879081,9.064150191235407e-05
WOODLAND HILLS DR @ JANES LN,0.0007078255789949323,9.062409553929607e-05
CAMERON M ALEXANDER BLVD NW @ VINE ST NW,0.0007235905429815765,9.062321030318921e-05
BENJAMIN E MAYS DR SW @ WILLIS MILL RD SW,0.009756640998687947,9.061622353100495e-05
PIEDMONT RD NE @ 3525,0.003324969380818257,9.0613170113812e-05
S MCDONOUGH ST @ OAKVIEW RD,0.0009141776968915416,9.061048463488986e-05
RUPERT RD @ CATALINA DR,0.002020380568056695,9.059395527430929e-05
MCAFEE RD @ DELPHINE WAY,0.006233587483016269,9.05876193806857e-05
N DRUID HILLS RD NE @ BRIARCLIFF RD,0.009827560510907787,9.056766782606637e-05
CONLEY RD @ KEYSTONE PL,0.0034975242158824947,9.053920861060846e-05
CAMPBELLTON RD SW @ 1870,0.013402441092066446,9.053897078559517e-05
MT VERNON HWY NE @ GLENRIDGE DR NE,0.0030173015001580604,9.053441645990568e-05
SR 42 @ FARN DR,0.002091292471703183,9.052621049579065e-05
MEMORIAL DR @ RAYS RD,0.021123519882668088,9.051862459237531e-05
PEACHTREE RD NE @ HERMANCE DR NE,0.0019191104567332236,9.051207281715555e-05
MARION PL NE @ LA FRANCE ST NE,0.0009098332015071913,9.046839819567922e-05
WELLINGTON ST @ MARTIN L KING JR DR,0.004263524946731617,9.046602760268436e-05
Mableton Pkwy at Glore Cir,0.0012707382699157221,9.046062063932384e-05
PEACHTREE RD NW @ BROOKWOOD VALLEY CIR NE,0.007907072902397737,9.045792637839292e-05
W WHITEHALL ST SW @ RALPH D ABERNATHY BLVD SW,0.020165161736508955,9.045569948694628e-05
ROCKBRIDGE RD @ POPLAR RD,0.004626978887213278,9.044112053828673e-05
17TH ST NE @ PEACHTREE ST NE,0.0049356663167027266,9.039719738641525e-05
MEMORIAL DR SE @ 2ND AVE SE,0.008403813830870726,9.036309825828024e-05
FULTON INDUSTRIAL BLVD @ BAKERS FERRY RD (N),0.002360027282517985,9.035381258886438e-05
WESLEY CHAPEL RD @ NEWGATE DR,0.001236842075629767,9.033914108655741e-05
MORELAND AVE SE @ PORTLAND AVE,0.005394265466958994,9.032906431381932e-05
JOHNSON FERRY RD NE @ HAMPTON HALL DR,0.003472385489525414,9.032167452580094e-05
SR 42 @ ANVIL BLOCK RD,0.002454556197851028,9.031592490500181e-05
Peachtree Street at Baker Street,0.007669091945074256,9.031044434330685e-05
BUFFINGTON RD @ ESTES DR,0.003795415079784565,9.027025223821595e-05
FAIRINGTON RD @ CHUPP WAY,0.0036122462848934118,9.02272022070068e-05
LAWRENCEVILLE HWY @ LINKWOOD,0.006647100763775984,9.019818552651499e-05
Austell Rd at Darnell Rd,0.003140971251431667,9.018891336495607e-05
Bells Ferry Rd at Cottage Way,0.0002083836069817608,9.017338790354168e-05
HOLLYWOOD RD NW @ GUN CLUB RD NW,0.00635866735655123,9.01570072176531e-05
CENTENNIAL OLYMPIC PARK DR @ MERRITSS AVE,0.0018852066538739157,9.014374586105409e-05
JOSEPH E BOONE BLVD NW @ JAMES P BRAWLEY,0.001445872411346501,9.014009971429504e-05
MARTIN L KING JR DR SW @ PEYTON PL,0.008311285970329424,9.01263880210202e-05
S Marietta Pkwy at Lake Dr,2.1288788240651627e-05,9.012428295141368e-05
ANDERSON AVE SW @ PENELOPE RD NW,0.0033303638593252696,9.006297155984719e-05
MORELAND AVE NE @ BLUE RIDGE AVE NE,0.00968938121025072,9.006063102558778e-05
MEMORIAL DR SE @ PARK AVE SE,0.022163431790402914,9.005122331696188e-05
MAIN ST @ COLLEGE ST,0.007148049233312976,9.004516580465963e-05
HARPER RD SE @ 204,0.0010107989698965576,9.004513175904299e-05
CLIFTON SPRINGS RD @ N LANIER PKWY,0.001230428048293502,9.003445351337669e-05
COLUMBIA DR @ MCAFEE RD,0.010086092224856716,9.002742969607119e-05
DONALD L HOLLOWELL PKWY @ HOLLY ST NW,0.05559802153962768,9.000057389986377e-05
SNAPFINGER WOODS DR @ 5068,0.0037302400404459583,8.998699475539393e-05
ROSWELL RD NE @ VERNON WOODS DR NE,0.0018564158123075734,8.99690185025978e-05
GRANITE DR @ PATILLO FIELD,0.000743798913806155,8.995134200902861e-05
MCDANIEL ST @ NORTHSIDE DR,0.013958856061344092,8.99433425420059e-05
LAKEWOOD AVE SE @ MILTON AVE SE,0.001299293245708133,8.992784026797625e-05
Austell Rd at Byers Dr,0.002444573749612381,8.991066572652757e-05
Langley Dr & Methodist Church,0.0017199636578015525,8.990436924291679e-05
Thornton Rd (S) at Bankhead Hwy,0.00021214224221795876,8.990284995135273e-05
MARTIN L KING JR DR NW @ 1444,0.013385382670609855,8.989751477989267e-05
LLOYD RD @ HF SHEPHERD DR,0.0007814004833148399,8.989574091992092e-05
MEMORIAL DR @ ROCKBRIDGE RD,0.012579802141180365,8.989123974963528e-05
NORTH POINT PKWY @ 6360,0.005860457973421183,8.989105785106152e-05
Cumberland Blvd at Bridgehaven Dr,0.0001337587195391907,8.988470017054593e-05
E WASHINGTON AVE @ HARRIS ST,0.0019364580039772142,8.987160111009377e-05
SYLVAN RD SW @ KATHERWOOD DR SW,0.0012576058723090871,8.986306500108804e-05
Buford Hwy at Hillside Dr IB,0.004187515298938869,8.981269739322139e-05
10TH ST NW @ GREENFIELD ST NW,0.006116197340949698,8.977685190122831e-05
OAKCLIFF RD @ WINDSOR OAK DR,0.004947703079746583,8.977635498146001e-05
PEACHTREE ST NE @ 11TH ST NE,0.013674105203622009,8.975435379517184e-05
WILLINGHAM DR @ ELM ST,0.021965616491807956,8.975117811976547e-05
CUSTER AVE SE @ WOODLAND AVE SE,0.005188133997689611,8.972538185025939e-05
SPRINGDALE RD SW @ LAKEWOOD AVE,0.0013239982833841144,8.972280843212222e-05
HOGAN RD @ N CAMP CREEK PKWY SW,0.0044606782994448995,8.971644934983723e-05
BUFORD HWY NE @ RIVERS EDGE DR,0.0026978022879345282,8.971410782209204e-05
PANTHER TRL SW @ STAR MIST DR SW,0.002440282514241499,8.967363196434367e-05
RALPH DAVID ABERNATH BLVD @ PEEPLES S,0.013463431416061107,8.965220813337286e-05
S HAIRSTON RD @ MERCER RD,0.00111241907559425,8.964338201516807e-05
Beaver Ruin Rd at Family Denstistry IB,0.00480695968986968,8.963445833236122e-05
Buford Hwy & Cambridge St,0.00040704345721886373,8.963445833236122e-05
ROSWELL RD NE @ CROMWELL RD NE,0.0031734598596473863,8.961763834555838e-05
DEFOORS FERRY RD @ GLENN AVE,0.0016111914931523903,8.959544936575133e-05
Franklin Gateway Se at Franklin Ct,0.0007332534311394133,8.959272098332574e-05
JOHNSON FERRY RD @ KESWICK DR,0.0026986087967099067,8.958926616089093e-05
WASHINGTON ST @ CEMETERY ST,0.00141088819107112,8.957327842150906e-05
S CANDLER ST @ 184,0.006599676526069057,8.952722335642241e-05
PEELER RD @ HAPPY HOLLOW RD,0.0018240337241187908,8.948196602859547e-05
BAKERS FERRY RD SW @ CHARTER OAK DR S,0.0025224551064498757,8.947766008220078e-05
THOMASVILLE DR SE @ TURNER RD SE,0.001158313990057299,8.943866600413279e-05
MOURY AVE @ 204,0.0017242396760257291,8.942901767488421e-05
GREEN FORREST DR @ GLENDALE DR,0.00039141544755256694,8.940458470929057e-05
POWERS FERRY RD NW @ DUPREE DR NW,0.0009096962471868441,8.940196586381365e-05
VIRGINIA AVE NE @ ARCADIA ST NE,0.01358926200216686,8.93925376587628e-05
CUSTER AVE SE @ EASTLAND RD SE,0.008070299626531654,8.936036931979377e-05
GLENDALE RD @ N DECATUR RD,0.006063302539002231,8.9357930993241e-05
N DESERT DR @ CAMP CREEK PKWY,0.001962433673403084,8.933017037381541e-05
CAMPBELLTON RD SW @ 1473,0.014703758218286378,8.932678504643195e-05
ROOSEVELT HWY @ 6935,0.0032303719883250395,8.932298872694642e-05
CHAMBLEE TUCKER RD @ BUFORD HWY,0.0007231948971672398,8.932252430687943e-05
SNAPFINGER RD @ WILLAMETTE WAY,0.00290100445646315,8.931576404651702e-05
CANDLER ST @ E PHARR RD,0.009332866288666655,8.929648921664988e-05
WEE KIRK RD SE @ HORSE SHOE DR SE,0.00030344512244948827,8.929585356533317e-05
JONESBORO RD @ MILES TER,0.00517061145325851,8.927775688018975e-05
VALLEY HILL RD SW @ DELTA DR,0.0004238584043281704,8.926638119919882e-05
N DRUID HILLS RD NE @ GOODWIN RD,0.00547342506411973,8.925046389892977e-05
LLOYD RD @ FLAT SHOALS RD,0.0011807288471541394,8.923281159822123e-05
PEACHTREE ST SW @ TRINITY AVE SW,0.0072981359512669045,8.923103239081808e-05
DONNELLY AVE @ BERNICE ST,0.011761484859958576,8.92277691698827e-05
N INDIAN CREEK DR @ 752,0.008364218815143654,8.921888411466571e-05
Barrett Pkwy at Barrett Creek Dr,0.00033270769556369346,8.92163326191648e-05
N DECATUR RD @ SUPERIOR AVE,0.005532406724749298,8.921267433859844e-05
LANGSTON AVE @ HARTE DR,0.027382433770184136,8.92091354228899e-05
RALPH MCGILL BLVD NE @ COURTLAND ST,0.004828803903965073,8.920526485868332e-05
TARA BLVD @ ALDERWOODS DR,0.008411353927063181,8.91875120247783e-05
SOUTHLAKE PKWY @ 7576,0.0012089566542923872,8.916430043101725e-05
PLAINVILLE DR SW @ PLAINVILLE WAY SW,0.0008088369988244145,8.915389414965698e-05
MEMORIAL DR SE @ FLAT SHOALS AVE SE,0.005024572496328178,8.914722278046731e-05
LENOX RD NE @ PLANTATION DR NE,0.0022016624367563967,8.913904748753738e-05
ATLANTA STUDENT MOVEMENT BLVD @ NORTHSIDE DR SW,0.017424637309199423,8.913638818901242e-05
PEACHCREST RD @ MISTY VALLEY RD,0.018811330237009188,8.912738962408315e-05
ROSWELL RD NE @ MARYEANNA DR,0.0016597341911421535,8.912103914152824e-05
BOLTON RD @ ADKINS RD,0.0019090062713209342,8.91045082113109e-05
TILSON RD @ CRANBROOKE DR,0.0015844321406711997,8.906412141959711e-05
ROOSEVELT HWY @ BRYANT ST,0.003217848276586615,8.906120600734598e-05
DELMAR LN NW @ BROWNLEE RD NW,0.0047275414012149545,8.902823367007095e-05
N INDIAN CREEK DR @ E PONCE DE LEON AVE,0.007792267139079942,8.902301730331298e-05
LAKE AVE NW @ NORTH AVE NW,0.007706982640370341,8.900760616175168e-05
Jimmy Carter Blvd & Everest Tr,0.0018892391977508082,8.896501613837258e-05
N DRUID HILLS RD NE @ 2941,0.009379963357719418,8.89644343146462e-05
Courtland St at Gilmer St,0.0010129445875819987,8.894486362708191e-05
WENDELL DR @ 4415,0.0002023119654463641,8.89440783119135e-05
CARNEGIE WAY @ TED TURNER DR,0.0009207591128415644,8.89404347441011e-05
FAIRBURN RD @ 38,0.002367635855870612,8.893687817430215e-05
PEACHTREE RD @ PIEDMONT RD,0.004111094788185078,8.890903295519112e-05
TARA BLVD @ DEPUTY RICK DALY MEMORIAL BLVD,0.0035245955198711433,8.890624303886625e-05
BROWNS MILL RD SE @ SPRINGSIDE DR SE,0.0037334508584007673,8.887879328848045e-05
MARTIN L KING J DR @ WASHINGTON ST SW,0.03269920591754662,8.887581252303614e-05
FORREST PARK RD SE @ CONLEY RD SE,0.008143281062130057,8.886760817200133e-05
N PEACHTREE RD @ 3920,0.005817895614086585,8.886622972712304e-05
N PEACHTREE RD @ TALLEY DR,0.0007801070258448932,8.88512026348869e-05
ATLANTA INDUSTRIAL PKWY @ 3555,0.0010109511413636102,8.883506393174146e-05
PONCE DE LEON AVE NE @ PIEDMONT AVE NE,0.000579575466563044,8.883131666381555e-05
HANK AARON DR SW @ HAYGOOD AVE SW,0.013271033421693217,8.882084569180929e-05
JONESBORO RD @ LAKEWOOD AVE,0.007806928859930455,8.879115431637797e-05
FLAT SHOALS RD SE @ 2ND AVE,0.0009519086121472212,8.874432858266968e-05
OLD DIXIE RD @ HOLIDAY BLVD,0.020093805999416896,8.874209180811786e-05
Austell Rd at Knox Dr,0.0030217601241427,8.873538559814971e-05
LAMAR HUTCHESON PKWY @ VALLEY HILL RD SW,0.00043886251097955174,8.867511291036915e-05
DOUG DAVIS DR @ VIRGINIA AVE,0.0007642203246846071,8.867397336124319e-05
SR 138 @ JONESBORO RD,0.0005213698804154439,8.867081880738653e-05
GLENWOOD RD @ DERRILL DR,0.0027706087263458202,8.861520011989774e-05
CAMPBELLTON RD SW @ DELOWE DR SW,0.010994205888786213,8.860333195536996e-05
BRIARCLIFF RD NE @ HENDERSON MILL RD,0.0014004644455780204,8.85808361496908e-05
WOODLAND HILLS DR NE @ WOODLAND AVE,0.005242885291535118,8.854643811346944e-05
DONALD L HOLLOWELL PKWY @ BELLVIEW AVE NW,0.016484111122787734,8.853725734232944e-05
DONALD L HOLLOWELL PKWY NW @ CENTER HILL AVE NW,0.011986333419675423,8.853725734232944e-05
HOWELL MILL RD NW @ BECK ST NW,0.004828552821044437,8.852758256164931e-05
NORTHERN AVE @ 260 (BLDG 10)),0.013075325697916933,8.85118450494248e-05
E ROCK SPRINGS RD NE @ JOHNSON RD,0.004718913279033075,8.848486169845139e-05
BOULDERCREST DR SE @ PIPER CIR SE,0.004763474156968296,8.847844768802756e-05
S GORDON ST SW @ BEECHER ST SW,0.001841107362722087,8.84674094368952e-05
CAMPBELLTON RD SW @ 2797,0.010330707858143688,8.84640613600117e-05
BRIARWOOD RD NE @ PINE CONE LN NE,0.002057099543056475,8.84604657249125e-05
WESLEY CHAPEL RD @ JOHN WESLEY DR,0.007670989016030178,8.844918376899619e-05
10TH ST NE @ CHARLES ALLEN DR,0.023088459312895302,8.84419094102974e-05
Spring Rd at Cobb Pkwy,0.0002687652451082123,8.843565337929399e-05
BENJAMIN E MAYS DR SW @ LAURELMONT DR SW,0.0007355512202919069,8.842959832250306e-05
FELDWOOD RD @ FLAT SHOALS RD,0.0007007800400703994,8.842811680813786e-05
SYLVAN RD @ ARDEN AVE,0.0009844733060964668,8.841432035813508e-05
OGLETHORPE AVE SW @ JOSEPH E LOWERY BLVD,0.017109201075146196,8.840084816423896e-05
2ND AVE @ 351,0.00564236582684147,8.836834333043027e-05
FLAT SHOALS AVE SE @ MILTON PL SE,0.0075370223288193485,8.835665463402238e-05
DEFOOR AVE @ RHOMBOID ST,0.001968337926324723,8.834248261332096e-05
JOSEPH E BOONE BLVD @ ELM ST NW,0.0016216000214987847,8.833730661461764e-05
BOULDERCREST DR @ PIPER CIR,0.004532564100480523,8.831265549484379e-05
TILLY MILL RD @ TILLINGHAM CT,0.0008183781498086093,8.83110156614605e-05
PRYOR ST SW @ MEMORIAL DR SW,0.006980379102341124,8.830289207176288e-05
COOPER ST SW @ RALPH DAVID ABERNATHY BLVD,0.001269475246739186,8.82980637186382e-05
PONCE DE LEON AVE NE @ FAIRVIEW RD NE,0.00712223334392751,8.829762115678346e-05
FAIRLANE DR @ FAIRLOCK LN,0.0028242111256150805,8.827413371639557e-05
CHARLES W GRANT PKWY @ OLD DIXIE RD,0.0002538067898969467,8.825281242232246e-05
MALL PKWY @ 8424,0.0004871008660352098,8.82487064562996e-05
WILLINGHAM DR @ BOBBY BROWN PKWY,0.02153748206925561,8.823491220606616e-05
METROPOLITAN PKWY SW @ CHRISTMAN ST SW,0.00782371337274635,8.822607548672525e-05
CONLEY RD @ SCOTT DR,0.00402463096060582,8.822369847607414e-05
VENETIAN DR SW @ ALDER  SW,0.0010545787009675761,8.822180787502031e-05
MT ZION BLVD @ MILL LAKE WAY,0.0012041480359335267,8.820315906385394e-05
BUFORD HWY NE @ 5269,0.004554522443176207,8.816998467442238e-05
MARTIN L KING JR DR SW @ WESTLAND BLVD NW,0.012172013043772944,8.815315339680087e-05
CONVENTION CENTER CONCOURSE @ AIRPORT DR,0.00024140481533216397,8.811807091582504e-05
CASCADE AVE SW @ 1120,0.004199110764728273,8.811104800340706e-05
BUCKHEAD STATION - SOUTHBOUND,0.0029652132069859726,8.810109852139212e-05
KENSINGTON RD @ 3675,0.005946176160811885,8.809948888442522e-05
Spring Rd SE at Carolyn Dr,0.0006693870664174585,8.807858722256293e-05
UNITED AVE @ WOODLAND AVE,0.004857221925437138,8.807774485784678e-05
MCDANIEL ST SW @ STEPHENS ST SW,0.0022967696036642403,8.805061105214118e-05
S Cobb Dr at Beech Rd,0.0012911901150875849,8.804133689502665e-05
VENETIAN DR SW @ CENTRA VILLA DR SW,0.0008020349342471655,8.80124694083603e-05
FAIRBURN RD @ BONNEVILLE TER,0.0004138303046494074,8.794114267729586e-05
ROSWELL RD NE @ 5630,0.0018537832459275642,8.791544587903344e-05
CASCADE RD SW @ DANFORTH RD SW,0.002566706569068757,8.788824479015128e-05
N HAIRSTON RD @ CHATFIELD DR S,0.005753093394842257,8.781867448489557e-05
LANGSTON AVE SW @ VICTORY DR SW,0.018953564907263208,8.781145065475963e-05
LUCILE AVE @ RALPH D ABERNATHY BLVD,0.009411987842960629,8.780007936810705e-05
ALPHARETTA ST @ CHERRY ST,0.000569790841231565,8.779538924014266e-05
ROSWELL RD NE @ E BELLE ISLE RD NE,0.0034668997081381695,8.779139981643895e-05
CONLEY RD @ SIERRA DR,0.008716929450051404,8.778416722557422e-05
VALLEY HILL RD @ LADY HEIDI CT,0.0013601846582492105,8.77745923672719e-05
BRIDGEPORT DR NW @ MARCO DR NW,0.00030419076263804573,8.775153496722493e-05
WASHINGTON RD @ SOUTHLAND CT,0.016880076497205174,8.773535546795699e-05
NORTHERN AVE @ 281,0.012507817428691156,8.771906293572913e-05
NORTH AVE NW @ TECHWOOD DR NW,0.003766380763870939,8.770954215128195e-05
RIVERDALE RD @ NORMAN DR,0.0006752761021923921,8.770548476877678e-05
PERIMETER CTR W @ PERIMETER CTR PL,0.003219111299763151,8.769093174230763e-05
BAKERS FERRY RD SW @ BAKERS FERRY DR SW,0.0025224551064498757,8.768693603644013e-05
LAWRENCEVILLE HWY @ 2514,0.002900388162021587,8.765760812064793e-05
N HIGHLAND AVE NE @ DREWRY ST,0.006577588837626379,8.765392371658492e-05
HILL ST SE @ 1110,0.0097166883800133,8.764410342170011e-05
CHURCH ST @ GENEVA ST,0.006000120945882013,8.762447396571866e-05
TARA BLVD @ 8425,0.0043144415196074,8.760504517703872e-05
Lakes Pkwy & Laval Blvd (Truck Entrance),0.0003385967313386271,8.75845467625296e-05
VALLEY BROOK RD @ JUDYLYN DR,0.004277813847487851,8.758121049129482e-05
N CLARENDON AVE @ CEDAR ST,0.006381036562207954,8.757384033209479e-05
CENTENNIAL OLYMPIC PARK DR @ PINE ST NW,0.0005036266873571167,8.75591898164266e-05
N DRUID HILLS RD @ OAK TREE RD,0.01009279537798038,8.754989375290404e-05
SIDNEY MARCUS BLVD NE @ PIEDMONT RD NE,0.008541034451285363,8.754725500141473e-05
HOLCOMB BRIDGE RD @ S HOLCOMB BRIDGE WAY (NORTH),0.0007078255789949323,8.75393311986382e-05
MOURY AVE SW @ MIDDLETON ST,0.002778437948325674,8.752787189627445e-05
MEMORIAL DR SE @ SPENCE AVE,0.009067555335860535,8.75016779640049e-05
MT ZION RD @ 1987,0.002972973951805653,8.749897580305924e-05
SR 85 @ VALLEY HILL RD SW,0.0017225353555947406,8.749604460515746e-05
ALPHARETTA ST @ STRICKLAND RD,0.0003891633098401892,8.748998432548779e-05
FIELDING DR NE @ HENDERSON MILL RD,0.003001703924785174,8.748934877417987e-05
HENDERSON MILL RD @ GLENROSE DR,0.007433614208383789,8.747534305944294e-05
Windy Hill Rd at Benson Poole Rd,0.0003013603733508683,8.747174943860893e-05
NORTHSIDE DR SW @ ATLANTA STUDENT MOVEMENT BLVD SW,0.004563097305344618,8.742696279156865e-05
LAVISTA RD @ FRAZIER RD,0.0013980144849584744,8.737008270267617e-05
MCAFEE RD @ STARMOUNT,0.007193974582069435,8.735914560259673e-05
JOSEPH E LOWERY BLVD @ WHEELER ST,0.000522001392003712,8.735876743952008e-05
HARLAN RD SW @ FIELDING LN SW,0.0011119625611930924,8.734098387001236e-05
HAMILTON E HOLMES DR @ BAKER RIDGE DR,0.014167437491233021,8.734075203856422e-05
WASHINGTON RD @ DOBBS WAY,0.01908796274696402,8.733373097071634e-05
JOSEPH E BOONE BLVD @ BURBANK DR NW,0.0019361840953365196,8.732819046179975e-05
Six Flags Dr at Springchase St,0.00037956129026917333,8.73145683338974e-05
DONALD L HOLLOWELL PKWY @ OZBURN RD NW,0.0039825251156723794,8.730710257629857e-05
Austell Rd at Dorothy Dr,0.002412206878570304,8.729407481712067e-05
CLIFTON RD @ FISHBURNE DR,0.004431765720704915,8.729019297675758e-05
N INDIAN CREEK DR @ 819,0.006386020177753925,8.728205713471845e-05
SNAPFINGER RD @ TITAN RIDGE DR,0.0022171915349691097,8.727964009671473e-05
HOSEA L WILLIAMS DR @ 1ST AVE,0.0030250926792711507,8.727757021386113e-05
RIVER RD @ 2330,0.006276114335675221,8.723888086584417e-05
DELOWE DR @ LEITH AVE,0.0021212398164191246,8.723438078631302e-05
ROCKBRIDGE RD @ ROWLAND RD,0.005717721137325892,8.723424971578828e-05
MCDANIEL ST @ ROY ST,0.00410594378402535,8.722613396953231e-05
2ND AVE NE @ HOSEA L WILLIAMS DR NE,0.012752189587630846,8.722596954071932e-05
W END AVE @ LEE ST,0.0003335978986459509,8.721116154629605e-05
Steve Reynolds Blvd & Chesdan Dr,0.000499700663507161,8.721012437463852e-05
TILLY MILL RD @ BINGHAMTON DR,0.003141929931674098,8.720949192410837e-05
FULTON INDUSTRIAL BLVD SW @ BOAT ROCK RD SW,0.0011119625611930924,8.71939210689679e-05
SHALLOWFORD RD NE @ 2868,0.005796272048618418,8.718746471763811e-05
HOLCOMB BRIDGE RD @ GRIMES BRIDGE RD,0.004177745890754095,8.716109027694463e-05
SHIRLEY C FRANKLIN BLVD @ DODD AVE SW,0.001588609247441792,8.715882541032301e-05
S STONE MOUNTAIN LITHONIA RD @ WALKER RD,0.003520989056101998,8.711162302109558e-05
HUTCHENS RD @ KATOMARICK DR,0.011610089467387995,8.710628917998412e-05
SR 85 @ 5324,0.008518436988428059,8.709694291534362e-05
BRIARCLIFF RD NE @ 1256,0.008989651153302983,8.70901768949493e-05
ROSWELL RD @ 7865,0.00018787089322307718,8.707637290984973e-05
Satellite & NCR Main Entrance OB,0.00014865630616363526,8.707562527997742e-05
RALPH MCGILL BLVD @ ASHLEY AVE,0.012109660785148161,8.705097644402002e-05
FLAT SHOALS RD @ 4300 (OPPOSITE),0.0013026562351299944,8.70477297640696e-05
BOLTON RD @ COLLINS RD,0.0019080780253719139,8.703380203206812e-05
VIRGINIA AVE @ INTERNATIONAL BLVD,0.00032754908283061206,8.701401317559988e-05
10TH ST @ IMAGE AVE,0.0058197368888379215,8.701118927677092e-05
W LAKE AVE NW @ MADRONA ST NW,0.008630009108070989,8.698330093067429e-05
Satellite Blvd & Quicktrip OB,0.004106970941427954,8.693117590442582e-05
VIRGINIA AVE @ ADAMS ST,0.0004045478451592019,8.693070078686494e-05
DONNELLY AVE SW @ BERNICE ST SW,0.0028164960322355163,8.687883017387312e-05
PLEASANTDALE RD @ WASHINGTON WAY,0.0031672664809383475,8.68728195642046e-05
West Peachtree Street at 14th Street,0.007444593379731631,8.685803389731176e-05
CONLEY RD @ CHURCH ST,0.00370496435976853,8.68487873757437e-05
LEE ST SW @ W END AV SW,0.00031707968589739666,8.684266303918696e-05
COLUMBIA DR @ FORREST BLVD,0.007991299809411323,8.684264407910692e-05
N HAIRSTON RD @ 452,0.0010749088089657968,8.682707348178133e-05
RALPH MCGILL BLVD @ COURTLAND ST,0.002617151410396677,8.682464052062598e-05
BROWNS MILL RD SE @ LINDA LN SE,0.002140900369962314,8.681169763883156e-05
SR 85 @ WEBB RD,0.0012064762593794306,8.679830117454967e-05
TARA BLVD @ CAMELOT PKWY,0.007956209069109006,8.679455506188674e-05
CLAIRMONT RD NE @ 8TH ST,0.0061522087186276836,8.677861996763829e-05
SMITH ST @ N MAIN ST,0.0005040527674648639,8.67743604968175e-05
W LAKE AVE NW @ SPRINGVIEW RD NW,0.009790727407307718,8.676493402239274e-05
ALPHARETTA ST @ MANSELL CIR,0.0004802379328711399,8.676416597170944e-05
N DRUID HILLS RD @ CLAIRMONT RD,0.0044601000478701,8.676089827304505e-05
LAVISTA RD NE @ 1679,0.0037617851855659516,8.675207443469511e-05
VIRGINIA AVE @ CLAY PL,0.0007689072058698256,8.67378267145147e-05
COVINGTON HWY @ 3597,0.007969927326863793,8.672519427602052e-05
MARIETTA BLVD NW @ CORONET WAY NW,0.002475213474503412,8.671836983096127e-05
Boggs Rd & Autumn Village Ct,0.0017431241550869504,8.671481133839536e-05
FLAT SHOALS RD @ FLAT SHOALS TER,0.0007487140521919523,8.67056368753532e-05
PEACHTREE ST @ 12TH ST,0.01211872259601114,8.670327994400918e-05
PLEASANTDALE RD @ SPRING HARBOUR DR,0.003088198186657843,8.668494069906857e-05
Barrett Pkwy at Busbee Pkwy,0.0005002789150819606,8.666859557694264e-05
CASCADE AVE SW @ CASCADE CIR,0.01193804941317965,8.66684632769373e-05
WHITES MILL RD @ NORMA CIR,0.0007473445089884793,8.665004987033737e-05
ROOSEVELT HWY @ ROCK HILL RD,0.0016122719105684635,8.663391228284133e-05
SHANNON PKWY @ FLAT SHOALS RD,0.005124062201487135,8.662521207059265e-05
Austell Rd at Crest Ridge Rd,0.002581451984226149,8.662364360341728e-05
BATTLE FORREST DR @ FLAT SHOALS RD,0.0008790793480158712,8.661711777259692e-05
WASHINGTON RD @ JONES ST,0.01567293068337071,8.661138741719021e-05
JOHNSON FERRY RD @ JOHNSON FERRY PKWY,0.003932704177359375,8.661093439981093e-05
Jones Mill Rd & Bay Cir OB,0.0016593689796212275,8.659577394945871e-05
CONSTITUTION RD SE @ JONESBORO RD SE,0.00943197556515798,8.655133389050395e-05
JOHNSON RD NE @ NOBLE DR,0.0029353039051367943,8.654558362083831e-05
Powder Springs St at Springs Landing Apts,0.00021576392313380944,8.653675220004586e-05
LA FRANCE ST NE @ MARION PL NE,0.0009098332015071913,8.650683320152091e-05
Marietta Street Northwest at Ted Turner Drive,0.007846219532723424,8.65046122696829e-05
CANDLER RD @ AMELIA AVE,0.003474059375662992,8.649571040699803e-05
BUFORD HWY NE @ KNOLL PL,0.00208036656036881,8.648390494425177e-05
Button Gwinnett Dr at TOPSA,0.002868584325407604,8.645754003745081e-05
PANOLA RD @ WINDFERN CT,0.00239137460473081,8.643655245146767e-05
ROSWELL RD NE @ 7100,0.0017090529636138848,8.643074645014515e-05
ROSWELL RD NE @ MYSTIC DR,0.0007757244875937798,8.640752264411854e-05
N PEACHTREE RD @ PEELER RD,0.0016090002240268337,8.64028717664264e-05
BOHANNON RD @ MCLARIN RD,0.0005056505678689156,8.637269598486312e-05
County Services Pkwy at Cobb County Health Dept,0.0002681261249465916,8.635785914406816e-05
CHAMBLEE DUNWOODY RD @ CUMBERLAND DR,0.00618364734372074,8.634534562955293e-05
Cherokee St at Montgomery St,0.00046782074115965186,8.631777187163332e-05
MIDWAY RD @ WREN RD,0.00866053470436173,8.628250847037285e-05
COVINGTON HWY @ AMANDA DR,0.002115487734964538,8.627051894205499e-05
OLD DIXIE RD @ SOUTHPARK DR,0.010975017066790887,8.626938278839986e-05
REDAN RD @ 4168,0.006772086798239595,8.626212753893957e-05
SR 42 @ 4322,0.0026748700478497088,8.625576658157229e-05
JONESBORO RD SE @ HARRIETT ST SE,0.008556418986604376,8.625535111101917e-05
HARPER VALLEY DR @ MICHAEL DR,8.384647834595459e-06,8.62535500214536e-05
WINN WAY @ 440,0.0022624168949771273,8.622016592124782e-05
MONROE DR NE @ 1925,0.012530726843055917,8.620381308542064e-05
Cobb Pkwy at Amf Marietta Lanes,0.0024660755779069062,8.620249999407648e-05
JONESBORO RD @ DUNCAN RD,0.001163700859990959,8.619667100494139e-05
COVINGTON HWY @ 4537,0.009043770935560223,8.619430036753753e-05
COVINGTON HWY @ BELVEDERE SQ,0.005301372394896765,8.61843098941599e-05
Sugarloaf Pkwy & Gwinnett Tech (2nd Entr,0.002885064495289395,8.617321815835915e-05
NEW PEACHTREE RD @ 5935,0.017719484743760443,8.616045645640035e-05
SOUTHLAKE PKWY @ SPRING LAKE DR,0.0030833439168588667,8.615396384197181e-05
W. Pike St & CVS Pharmacy,0.0017191723661728793,8.613678015874843e-05
UTOY CIR SW @ DOLLAR MILL RD SW,0.0009099245043874229,8.612490947372385e-05
EDGEWOOD AVE @ JESSE HILL JR DR,0.0009776560243725126,8.61243845045763e-05
JONESBORO RD @ 7600,0.0021485545947550573,8.610198532002294e-05
Old Alabama Rd SW at Sunset Blvd,0.00016337128702761675,8.610186621112501e-05
MARIETTA ST NW @ NORTHSIDE DR NW,0.0011015388156999928,8.608675284410897e-05
VIRGINIA AVE @ HOWELL SLADE CIR,0.0020503735642127523,8.607235124369344e-05
LAVISTA RD @ N DRUID HILLS RD,0.0017546283179961232,8.607067210308539e-05
BATTLE FORREST DR @ MANASSAS LN,0.001126023204748748,8.604828648965261e-05
CARTER ST @ LIBERTY COMMONS DR,0.0009883536785063067,8.604003997054636e-05
HUFF RD NW @ MENLO DR NW,0.0023551121441321874,8.599934786400864e-05
GRESHAM RD SE @ VICKI LN SE,0.011551214326785363,8.599028836208606e-05
3350 Breckinridge Blvd (across),0.003481789686189261,8.594268541692329e-05
POLLARD BLVDSW @ LITTLE ST SW,0.012989995547767216,8.593477270900523e-05
S Marietta Pkwy at Technology Pkwy,0.0028393065351466937,8.592793704426243e-05
PIEDMONT AVE NE @ 1502,0.0057327861125640945,8.591507036199566e-05
NORTHLAKE PKWY @ 2190,0.004094553749716466,8.591033299076327e-05
TILSON RD @ TYLER WAY,0.0020812263291576567,8.588986448250258e-05
FULTON INDUSTRIAL BLVD @ FREDERICK DR,0.0019701944182227643,8.58883724605332e-05
HOLLYWOOD RD NW @ SMITH ST NW,0.0021596783289965986,8.588508489970029e-05
VIRGINIA AVE @ HEMPHILL ST,0.0022292815580264346,8.587888073415231e-05
LENOX RD NE @ 2791,0.0015808180683287015,8.586141612192634e-05
SOUTHLAKE PKWY @ 7139,0.0010607872968233201,8.585881972290163e-05
N COMMERCE DR @ 3900,0.000633839811713983,8.582109232521982e-05
CLAIREMONT AVE @ PONCE DE LEON PL,0.006950211108997956,8.579088108143993e-05
BOLTON RD NW @ COLLIER DR NW,0.0021098878249770046,8.577984755014581e-05
FAIRINGTON RD @ 5445,0.0037169402542255657,8.577929057440199e-05
MARTIN L KING JR DR NW @ OLLIE ST NW,0.013569662317210492,8.576485214862938e-05
BUFFINGTON RD @ AUGUSTA ST,0.002255074621691842,8.57409608770671e-05
OAKLAND DR SW @ ALMONT DR SW,0.003991465189361717,8.574034204203185e-05
CLEVELAND AVE SW @ METROPOLITAN PKWY,0.0012728001932942842,8.573336867217978e-05
JAMES JACKSON PKWY @ JAMES JACKSON CT,0.0006522069077872256,8.573029443128917e-05
CLEVELAND AVE SW @ 757,0.0026544942884113728,8.572628648899472e-05
CHAMBLEE DUNWOODY RD @ W HOSPITAL AVE,0.006046769109106972,8.571980909865203e-05
LENOX RD NE @ BURKE RD NE,0.0018701568957824185,8.571658670458615e-05
Beaver Ruin Rd & Price Pl,0.0007002017884955997,8.571616282781756e-05
PEACHTREE IND BLVD @ JOHN GLENN DR,0.008742615993689876,8.569260987139219e-05
SYLVAN RD @ CLEVELAND AVE,0.004022333171453327,8.566226505503358e-05
FAIR ST SW @ SAINT JOSE ST SW,0.0011619508881198547,8.566152068015931e-05
FAIRBURN RD @ 762,0.0005126504553533329,8.564341875070546e-05
FLAT SHOALS RD SE @ FLAT SHOALS AVE S,0.002189793062326298,8.56271985186827e-05
HANK AARON DR @ VANIRA AVE SE,0.013309654540031154,8.558751102012184e-05
STANTON RD @ 1600,0.0015532902499388955,8.55861292236036e-05
Old Norcross Rd & Bridge,0.002525315930030464,8.558159181377972e-05
N Berkeley Lake Rd & Wal-Mart OB,0.000498513726064151,8.557529761589816e-05
S Marietta Pkwy at Crescent Cir,0.0006651871339268081,8.557443936717555e-05
WASHINGTON RD @ CANDLEWOOD DR,0.009517655709681917,8.55687502046875e-05
HILLANDALE DR @ KEYSTONE GATES DR,0.0023624011574040044,8.555165196589353e-05
RALPH MCGILL BLVD @ 760,0.003047499927794639,8.555156904427045e-05
WEYMAN AVE SW @ HANK AARON DR SW,0.015495521578507495,8.552462624956207e-05
HOWELL MILL RD @ PEACHTREE BATTLE,0.002721130173833684,8.552315086662063e-05
MINOLA DR @ 5215,0.0002158400088673357,8.551578809182074e-05
SR 138 @ SR 85,0.0018028818901984866,8.551205960491859e-05
FAIRBURN RD @ COLLIER DR,0.0009089049555581708,8.549381019989802e-05
BrandsMart Park and Ride,2.1273571093946372e-05,8.548972310462721e-05
VALLEY BROOK RD @ CEDAR BROOK DR,0.01032023085263712,8.546594467279746e-05
REDAN RD @ DUSTIN CT,0.0002025097883535324,8.546517254722419e-05
Singleton Rd & Country Downs Dr OB,0.0016957075259533762,8.546412247356338e-05
JACKSON ST @ HIGHLAND AVE,0.004278582313396466,8.54604590277731e-05
DOGWOOD DR @ LAKE DR,0.001111277789591356,8.545358098306123e-05
Powers Ferry Rd at Powers Ridge Office Park,0.0003923284763548822,8.544197391088687e-05
TARA BLVD @ MUSEUM CIR,0.0047062221786808925,8.54350937748069e-05
Atlanta Rd at Clay Dr,0.0027107977312208157,8.542833986780067e-05
HENDERSON MILL RD @ AMBLEWOOD CT,0.0057394131799542334,8.541470749753334e-05
CASCADE RD @ RESEARCH CENTER ATLA DR,0.004953972544189148,8.541387446158824e-05
AJAX DR NW @ ADDISON PL NW,0.0004919094843940703,8.539915142797097e-05
S INDIAN CREEK DR @ INDIAN CREEK CIR,0.0006953323015499181,8.539222102741257e-05
DELOWE DR @ ALISON CT,0.0011202102547073405,8.538434265201557e-05
N HIGHLAND AVE NE @ MORNINGSIDE DR,0.009094740768449473,8.53307947720746e-05
PONCE DE LEON AVE NE @ PARKWAY DR NE,0.0031508471796433775,8.532008314070746e-05
DEKALB INDUSTRIAL WAY @ 685,0.008759545069399471,8.530101251902784e-05
FAIRBURN RD SW @ 3070,0.0028238611312408598,8.528861136515559e-05
COOPER ST @ RALPH D ABERNATHY BLVD,0.0018818132301586439,8.523609019823734e-05
BEECHER RD @ MT AIRY DR,0.010100852857160813,8.520995886346271e-05
DESERT DR @ CAMP CREEK PKWY,0.0024254457962038754,8.520797351314159e-05
METROPOLITAN PKWY SW @ CLEVELAND AVE,0.002118637684332526,8.519984979613805e-05
HOWELL MILL RD @ NAWENCH DR,0.0024219002010215512,8.519880779964215e-05
CARRIAGE LN @ HILLANDALE DR,0.00010134619705699773,8.518009406237878e-05
Satellite Blvd & Bridgewater Apts OB,0.003587305381443499,8.517690652628537e-05
PIEDMONT AVE NE @ THE PRADO NE,0.006275399129780075,8.512002612770029e-05
Old Norcross Rd & 3100 Curtis Building,0.0017576413130437638,8.509410086212179e-05
Brook Hollow Pkwy & PepBoys,0.0012426474170978217,8.508431104550863e-05
ROOSEVELT HWY @ WATSON ST,0.0049471096110250785,8.507581795179445e-05
MT ZION BLVD @ SANDLEWOOD DR,0.001253421156965142,8.50005332979874e-05
ASHFORD DUNWOODY RD @ ASHFORD CENTER PKWY,0.0022115992335549283,8.49839786707397e-05
BRIARCLIFF RD @ SHALLOWFORD RD,0.005234911506661564,8.49657405911264e-05
LAVISTA RD @ PANGBORN RD,0.0022569919821767035,8.496173045271415e-05
FAIRLEE DR @ CARTER RD,0.002020380568056695,8.493378844008038e-05
FLOWERS RD S @ UNIVERSITY CIR E,0.0013138484465317095,8.493186571388508e-05
CAROLINE ST @ MARION PL,0.0009098332015071913,8.490389921972987e-05
HILL ST SE @ 1059,0.00665823971516423,8.488474181694928e-05
17TH ST NW @ W PEACHTREE ST NW,0.0049356663167027266,8.48799813261934e-05
SR 42 @ 4325,0.0027241431688813243,8.48797252855694e-05
ROLLINGWOOD LN SE @ 2679,0.0010109511413636102,8.484499812099746e-05
DUNWOODY PL @ 8800,0.004393448945301083,8.480724215206086e-05
MORELAND AVE @ SKY HAVEN RD,0.005992573241116206,8.479404191793493e-05
HOLLYWOOD RD NW @ JOHNSON RD NW,0.00635866735655123,8.479373628701072e-05
DONALD L HOLLOWELL PKWY @ LINDSAY ST,0.004570918918751119,8.4772970664762e-05
PRYOR RD @ CLAIRE DR,0.002301699959196743,8.475166351513703e-05
HOLCOMB BRIDGE RD @ 2720,0.0010104033240822211,8.474863899449853e-05
RALPH D ABERNATHY BLVD SW @ JOSEPH E LOWERY BLVD SW,0.013463431416061107,8.474732534067918e-05
E LAKE RD @ 2085,0.006650821356145418,8.46569166550123e-05
W LAKE AVE NW @ CARLISLE ST,0.007753577543581832,8.464757884585808e-05
CLEVELAND AVE SW @ BEELER DR SW,0.0021659934448792794,8.462802108309659e-05
RIVERDALE RD @ TERMINAL PKWY,0.002086453419050912,8.46093815672797e-05
ENGLISH AVE @ CAMERON M ALEXANDER BLVD NW,0.0007398804985295519,8.459841038196552e-05
CAMPBELLTON RD SW @ WILLOWBROOK DR SW,0.011472496026879081,8.459384368392849e-05
PEACHTREE RD NE @ TOWN BLVD,0.0019191104567332236,8.458871020491319e-05
STANTON RD @ 1665,0.0026875383224818335,8.457854123339331e-05
LAWRENCEVILLE HWY @ WOODBRIAR CIR,0.0065890930005355515,8.457469513792812e-05
PIEDMONT RD NE @ TOWER PLACE DR,0.003324969380818257,8.457055925723515e-05
WESTWOOD AVE @ CASCADE AVE,0.011761484859958576,8.456017857924386e-05
Buford Hwy & Woodbine Hill Way,0.0003784960899998055,8.453376391953275e-05
WOODLAND HILLS DR NE @ PALAFOX DR,0.0007078255789949323,8.448629821531962e-05
Fairground St at S Cobb Dr,0.0006103293200543641,8.448272526945168e-05
Rossbacher Way at East Visitor Parking,0.0002046097545988576,8.448226477734256e-05
JOHNSON FERRY RD NE @ HAMPTON HALL WAY NE,0.003472385489525414,8.444124439127348e-05
W WHITEHALL ST SW @ OAK ST SW,0.020165161736508955,8.441788196039143e-05
BENJAMIN E MAYS DR SW @ TUCKAWANNA DR SW,0.010747688112161083,8.441614131280244e-05
LAWRENCEVILLE HWY @ 2661,0.006647100763775984,8.441340596067144e-05
HOLCOMB BRIGE RD @ EVES RD,0.0016156044656969143,8.441196881444287e-05
OLD DIXIE RD @ 1ST ST,0.010984913284531538,8.436960518555536e-05
SCOFIELD RD @ SURREY TRL,0.00019281646590228502,8.435819014614417e-05
Akers Mill Rd at Walton On The Chattahoochee,0.0002625870835458788,8.431220853500953e-05
CUSTER AVE SE @ 1403,0.005000750053161101,8.427192471452966e-05
S HAIRSTON RD @ ELAM RD,0.0010188031890635218,8.426527480062497e-05
WESLEY CHAPEL RD @ MAPLEWOOD DR,0.001236842075629767,8.425989168839014e-05
CENTENNIAL OLYMPIC PARK DR @ NORTH AVE,0.0018852066538739157,8.425394210373878e-05
CLIFTON SPRINGS RD @ 3240,0.001230428048293502,8.425359327071804e-05
Austell Rd at Lanier Dr,0.0024445585324656756,8.423330566535334e-05
CAMPBELLTON RD SW @ FORT VALLEY DR SW,0.013402441092066446,8.420457881040002e-05
Concord Rd at Smyrna Fire Station No 2,0.0003647550065249603,8.419747683008298e-05
GLEN IRIS DR @ DALLAS ST,0.0005074766254735462,8.419724739375714e-05
LINKWOOD RD NW @ LINKWOOD PL NW,0.005460429620833442,8.418616835814094e-05
OTTLEY DR @ 195,0.0007078255789949323,8.415838698290105e-05
BUFORD HWY NE @ SHADY VALLEY DR NE,0.0026978022879345282,8.41420727410996e-05
N ROYAL ATLANTA DR @ MOUNTAIN INDUSTRIAL BLVD,0.0022743775722874576,8.413575248852578e-05
SR 42 @ OLD TONEY DR,0.002454556197851028,8.413255100286866e-05
ROCKBRIDGE RD @ ROCKBOROUGH TER,0.0032826809301243535,8.412744171608602e-05
COVINGTON HWY @ 4407,0.008101266520076849,8.412597879745362e-05
HARPER RD SE @ MEADOR AVE SE,0.0010107989698965576,8.412008902360701e-05
SHALLOWFORD RD @ SAVOY DR,0.002609040671202776,8.411446691464531e-05
JOHNSON FERRY RD @ JEFFERSON CIR S,0.0026986087967099067,8.410866982024707e-05
PEACHTREE RD NW @ BRIGHTON RD NE,0.007907072902397737,8.409291066152882e-05
MARTIN L KING J DR SW @ 2800,0.008311285970329424,8.409019695300332e-05
MT GILEAD RD @ PANTHER TRL,0.002440282514241499,8.408922038124887e-05
MEMORIAL DR SE @ WATSON CIR,0.008403813830870726,8.40631828395467e-05
BURTON RD NW @ LAUREL CIR NW,0.008659697761292941,8.405233813430933e-05
MAIN ST @ PHILLIPS DR,0.007148049233312976,8.405164573776995e-05
WINDWARD PKWY @ WESTFIELD DR,0.00031701881731057563,8.397665052670318e-05
ROSWELL RD NE @ STEWART DR NE,0.0016597341911421535,8.396780209794856e-05
FULTON INDUSTRIAL BLVD @ SELIG DR,0.002360027282517985,8.396411510714269e-05
DECATUR ST SE @ PEACHTREE CENTER AVE,0.005142665163334309,8.395378124407299e-05
TARA BLVD @ FAYETTEVILLE RD,0.00600497521568099,8.39510425775221e-05
Old Norcross at Stephen Gould Corp,0.00041755850559219485,8.393739625187034e-05
FLINTSTONE DR @ 2146,0.000743798913806155,8.390593628806753e-05
Langley Dr & Constitutional Blvd IB,0.0017199484406548473,8.389066372602673e-05
Buford Hwy at Oak Rd IB,0.004187500081792164,8.388612278566692e-05
FAIRBURN RD @ INGLEDALE DR,0.0029549720672533363,8.385753793036364e-05
MARIETTA BLVD @ ELAINE AVE,0.0027024891691197466,8.384817346474005e-05
TILSON RD @ TILSON CIR,0.0015844321406711997,8.38474791124525e-05
S Marietta Pkwy at Lockheed Ave,2.1273571093946372e-05,8.381737420150932e-05
CUSTER AVE SE @ KNOB HILL CT,0.005188133997689611,8.381576300944078e-05
ROSWELL RD NE @ 6500,0.0031734598596473863,8.379815430412536e-05
Hurt Rd at S Hurt Rd,0.00020827708695482402,8.378687978631214e-05
NORTH POINT PKWY @ 6440,0.005860457973421183,8.375764895510193e-05
LAKEWOOD AVE SE @ MCDONOUGH BLVD SE,0.001299293245708133,8.374356779540409e-05
PERRY BLVD NW @ 2210,0.0009501129888360012,8.373381102762657e-05
W PEACHTREE ST @ 12TH ST,0.004170152534548173,8.373302552920129e-05
BATTLE CREEK RD @ CHASE LAKE DR,0.0006314963711213737,8.371334388855437e-05
COVINGTON RD @ S AVONDALE PLZ,0.013872255279444485,8.370614551635579e-05
HEADLAND DR SW @ MCALPINE TER,0.002412313398597241,8.36989927297492e-05
BRIARCLIFF RD NE @ PONCE DE LEON AVE,0.00968938121025072,8.369103403356131e-05
PLAINVILLE DR @ PLAINVILLE WAY,0.0008088369988244145,8.367755304683103e-05
CAMERON M ALEXANDER BLVD @ JAMES P BRAWLEY DR,0.0005515759166253749,8.364702636293956e-05
Cobb Pkwy at Enterprise Way,0.0001674038309045093,8.364136564724018e-05
PEACHTREE ST @ 12TH ST NE,0.013674105203622009,8.359901560493456e-05
LAKEWOOD AVE @ MACON DR,0.0040627042616623674,8.359079639753305e-05
LANGSTON AVE @ KATHERWOOD DR,0.027382433770184136,8.35865659657553e-05
S HAIRSTON RD @ 1365,0.00111241907559425,8.350367064490386e-05
BAKERS FERRY RD SW @ OAKSIDE DR SW,0.0025224551064498757,8.34403211426295e-05
TURNER RD SE @ ISA DR SE,0.001158313990057299,8.343946617326493e-05
UPPER RIVERDALE RD SW @ STAYMAN DR,0.001087584692171274,8.343439271860082e-05
DONALD L HOLLOWELL PKWY @ COMMERCIAL AVE NW,0.0116193719268782,8.337143888328965e-05
HOLCOMBE RD @ REDAN RD,0.012872093095094902,8.335762052817178e-05
LAKE AVE NW @ MADRONA ST NW,0.007706982640370341,8.334157310858846e-05
S HAIRSTON RD @ TREEHILLS PKWY,0.00365539704056728,8.333438853028939e-05
COLLIER DR @ BOLTON RD,0.0019090062713209342,8.332598989884479e-05
Beaver Ruin Rd & Price Place IB,0.004806944472722975,8.327279529835309e-05
Buford Hwy & Old Norcross Rd,0.0004070282400721585,8.327279529835309e-05
RALPH MCGILL BLVD NE @ PIEDMONT AVE NE,0.004828803903965073,8.326126706747371e-05
JONESBORO RD SE @ THIRKIELD AVE SE,0.000958938933925049,8.326005649305959e-05
CANDLER ST @ CANDLER DR,0.009332866288666655,8.323327627145685e-05
LLOYD RD @ CORNER STONE TRL,0.0011807288471541394,8.321153469621756e-05
S Cobb Dr at Church Rd,0.00023884833468568113,8.319035579036066e-05
EASTLAND RD SE @ MCKENZIE TRCE SE,0.008070299626531654,8.317799615392967e-05
BROOKS DR @ SW BROAD ST,0.00141088819107112,8.317668083856369e-05
ROOSEVELT HWY @ THOMPSON,0.003062222517231973,8.317643861604086e-05
BILL KENNEDY WAY SE @ MEMORIAL DR,0.0055757527671392165,8.317598650652364e-05
FAIRBURN RD @ SANDY CREEK ROAD,0.0004138303046494074,8.3153869219455e-05
BUFORD HWY @ LONGMIRE,0.005545463036622407,8.314223588787593e-05
Bells Ferry Rd at Turner Rd,0.00020836838983505555,8.311821229500422e-05
MT VERNON HWY NE @ ROSWELL RD NE,0.002019604493574727,8.3104402309922e-05
CONLEY RD SE @ 925,0.008143281062130057,8.307097762210412e-05
N DECATUR RD @ SHERMAN WAY,0.005532406724749298,8.307046592596467e-05
VENETIAN DR SW @ LOCKWOOD DR SW,0.0017803757302214146,8.306143834257393e-05
LYNHURST DR @ MARTIN L KING JR DR,0.009480784563215085,8.305453706885401e-05
VALLEY HILL RD SW @ SR 85,0.0004238584043281704,8.305053556795076e-05
LENOX RD NE @ LENOX WAY,0.0022016624367563967,8.303366345027987e-05
PIEDMONT AVE @ MONROE DR,0.003384909721690256,8.30330781094649e-05
CANDLER RD @ ALSTON DR SE,0.007086975215011435,8.30236262550878e-05
GLENWOOD RD @ SELWYN DR,0.0024557583524407434,8.301439407368879e-05
METROPOLITAN PKWY @ PERKERSON RD,0.00252032470591114,8.301193485719108e-05
PETERS ST SW @ TRENHOLM ST,0.013958856061344092,8.300256881691695e-05
JONESBORO RD @ CLAYTON STATE BLVD,0.009717436556392975,8.299514076783805e-05
VIRGINIA AVE NE @ GREENCOVE AVE NE,0.014218414932695624,8.297330669478206e-05
GODBY RD @ 2135,0.0006219856544305894,8.29592391337789e-05
BOULDERCREST RD @ TILSON RD,0.005772594168345042,8.295751566494525e-05
DEFOORS FERRY RD NW @ GLENN AVE NW,0.0009733952232950411,8.295357354797266e-05
COVINGTON HWY @ WELLBORN RD,0.0032106886090617925,8.295344452558106e-05
CLAIREMONT AVE @ MICHIGAN AVE,0.0056084468068354565,8.295090161014403e-05
REDWINE RD @ N COMMERCE DR,0.0015147300001877794,8.29487675779755e-05
CONLEY RD @ CONLEY DR,0.0034975242158824947,8.294871616572512e-05
BOULDERCREST DR SE @ WILLOW PL SE,0.004532564100480523,8.292779218624992e-05
PEACHTREE RD NE @ COLONIAL DR NE,0.0036137375652705267,8.291359226358596e-05
JOSEPH E LOWERY BLVD SW @ RALPH D ABERNATHY BLVD SW,0.014134058679935044,8.290983133678304e-05
PONCE DE LEON AVE NE @ PENN AVE NE,0.000579575466563044,8.290638120230507e-05
PEELER RD @ EDISON RD,0.0018240337241187908,8.28804654920627e-05
N PEACHTREE RD @ PLANTATION LN,0.005817895614086585,8.287924898211734e-05
COVINGTON HWY @ 7290,0.0019604934871981644,8.286918202959372e-05
MAIN ST @ SR 85,0.00039397192819904975,8.285414290790441e-05
MT ZION RD @ KELLY AVE,0.0003658202067943282,8.2833056143821e-05
CLEVELAND AVE SE @ ALTAVIEW DR SE,0.002850673743735519,8.282013907711113e-05
MORRIS RD @ ONE VERIZON PL,0.003404440929486451,8.27870180307103e-05
WESLEY CHAPEL RD @ WESJAY LN,0.007670989016030178,8.277049098683595e-05
Austell Rd at Lorene Dr,0.0029421592297275115,8.276076366500154e-05
MEMORIAL DR @ BOBBIE LN,0.007464923487729851,8.272353806187057e-05
SNAPFINGER WOODS DR @ LANTRAC CT,0.0037302400404459583,8.272074621574045e-05
N DRUID HILLS RD NE @ WRIGHT AVE,0.00547342506411973,8.271384846056124e-05
DELMAR LN NW @ 3345,0.0047275414012149545,8.269959642738005e-05
Mitchell Street Southwest at Central Avenue Southwest,0.0,8.268705149223931e-05
JONESBORO RD @ OLD JONESBORO RD (W),0.0028365674487397475,8.266972264145143e-05
ATLANTA IND PKWY @ ATLANTA IND DRNW,0.0010109511413636102,8.265223911320166e-05
MAIN ST @ WIGGINS ST,0.0009056713118833042,8.262098635909267e-05
WOODLAND HILLS DR NE @ JANES LN,0.005242885291535118,8.260824539099465e-05
HEADLAND DR @ GREENBRIAR PL,0.0021674847252563943,8.258104254996331e-05
PLAINVILLE DR SW @ PLAINVILLE CIR,0.0008088369988244145,8.258004750743767e-05
POWERS FERRY RD NW @ BRICKSTONE DR NW,0.0009096962471868441,8.255610528953313e-05
LAWRENCEVILLE HWY @ FELLOWSHIP RD,0.003636517633888293,8.255445820677855e-05
BURTON RD NW @ 2736,0.003376228339494908,8.255013612677557e-05
MARTIN LUTHER KING J DR @ ANDERSON AVE SW,0.016577240060623895,8.254964186790904e-05
MCDANIEL ST SW @ UNIVERSITY AVE SW,0.0019373710327795295,8.25471313984711e-05
HOLCOMB BRIDGE RD @ RIVERWOOD LN,0.004557931084038184,8.253998734737762e-05
WENDELL DR @ 4295,0.0002023119654463641,8.253219365241113e-05
10TH ST NE @ TAFT AVE NE,0.023088459312895302,8.252108389993204e-05
N INDIAN CREEK DR @ 816,0.008364218815143654,8.251500674120283e-05
CLIFTON CHURCH RD @ GRESHAM RD,0.0022862849895843194,8.250792240827243e-05
NORTHSIDE DR @ NORTH AVE,0.006352291372081728,8.250499492828124e-05
OLD MILTON PKWY @ GARDNER DR,0.0016156044656969143,8.249760592950463e-05
GODBY RD @ 2300,0.0023606055340927843,8.248925147237224e-05
LAVISTA RD @ RANCHWOOD DR,0.0014004644455780204,8.248644355840013e-05
HOSEA L WILLIAMS DR NE @ CLAY ST NE,0.001515171297442232,8.245842808942631e-05
Cobb Pkwy at Ga 280 Delk On-Ramp,0.0013836951499088294,8.245079653346066e-05
Barrett Pkwy at Mall Blvd,0.0003326924784169882,8.243617024903887e-05
BOULDERCREST DR SE @ LOCHLAND RD SE,0.004763474156968296,8.242028014162451e-05
KENSINGTON RD @ COVINGTON HWY,0.006833853196716225,8.241804404372633e-05
2ND AVE @ MCAFEE RD,0.004424940830407609,8.241464256000626e-05
Floyd Rd at Mableton Park & Ride - Ob,0.0014048469838291338,8.241256084473171e-05
Franklin Rd at Franklin Plaza,0.0007332382139927081,8.240963796971363e-05
UPPER RIVERDALE RD SW @ RIVER PARK DR,0.00043886251097955174,8.239716041797562e-05
S CANDLER ST @ E COLLEGE AVE,0.006599676526069057,8.231617109919046e-05
SNAPFINGER WOODS DR @ E WESLEY CHAPEL WAY,0.01725990408754169,8.231237295968033e-05
CONVENTION CENTER CONCOURSE @ 2091,0.00027689120144881843,8.230659929186351e-05
WYLAND DR SW @ AVON AVE SW,0.0031467461586063114,8.229762021779357e-05
DONALD L HOLLOWELL PKWY @ HALL ST,0.011986333419675423,8.22846880402789e-05
DONALD L HOLLOWELL PKWY @ WOODS DR NW,0.016484111122787734,8.22846880402789e-05
KIMBERLY MILL RD @ PINEY FORK LN,0.0004045174108657914,8.224096001022786e-05
CONVENTION CENTER CONCOURSE @ 2020,0.00024140481533216397,8.223254881517815e-05
Austell Rd at Story Pl SW,0.0026617528673897792,8.222673926489357e-05
NORTHERN AVE @ 260 (BLDG 20),0.013075325697916933,8.220460857774484e-05
Hillcrest Dr SE at Wilhelmia Dr,0.00033543156482393406,8.220448442707278e-05
WASHINGTON RD @ 4510,0.012677572308761627,8.219946454717363e-05
LINDBERGH WAY NE @ W LINDMONT CT,0.00598412772469479,8.21977082409926e-05
AVON AVE SW @ ELIZABETH AVE SW,0.0026849057561018244,8.218986817163604e-05
ROYAL SOUTH PKWY @ FELDWOOD RD,0.0007007800400703994,8.215706489652367e-05
MEMORIAL DR @ S HOWARD ST,0.00707013744218207,8.215231488028764e-05
BUFORD HWY NE @ 3814,0.001288184728613297,8.213073277481178e-05
MEMORIAL DR SE @ WYMAN ST SE,0.004398653209474281,8.212721794607632e-05
PRYOR ST SW @ GARNETT ST SW,0.006980379102341124,8.209060492405241e-05
CONNALLY DR @ MAIN ST,0.007491979574571794,8.206373231298546e-05
UPPER RIVERDALE RD @ 281,0.0006993039768399896,8.206314097503872e-05
HOGAN RD @ CAMBRIDGE DR,0.0044606782994448995,8.205369871414693e-05
GRESHAM RD @ CORRAL DR,0.005669756690910929,8.204474460482908e-05
SR 42 @ AMERSON CT,0.001710498592550884,8.204245988195123e-05
CLAIRMONT RD @ DESMOND DR,0.0042820898657120274,8.201607104134297e-05
STONECREST PKWY @ TURNER HILL RD,0.0004871008660352098,8.201606503097469e-05
HAMMOND DR NE @ ROSWELL RD,0.002317175797395987,8.20158721504357e-05
TILLY MILL RD @ STONINGTON RD,0.003141929931674098,8.199861850969977e-05
MICHAEL ST @ ROLLINS WAY,0.0025381363761296408,8.19803175430721e-05
LYNHURST DR @ MARTIN LUTHER KING J DR,0.005424547588902451,8.197865078683579e-05
RAINBOW DR @ CHERYLTON CT,0.00592207220043076,8.197710599312653e-05
CONLEY RD @ THURMAN RD,0.003975357839574204,8.196783261801006e-05
COLUMBIA DR @ MIDWAY RD,0.007991299809411323,8.194665421655051e-05
CAMPBELLTON RD @ CENTRA VILLA DR,0.010994205888786213,8.19422671686765e-05
FAIRLANE DR @ FEDORA WAY,0.0028242111256150805,8.192114392765212e-05
N HAIRSTON RD @ CHATFIELD DR N,0.005753093394842257,8.191517555956575e-05
BRIARCLIFF RD NE @ 2178,0.0037617851855659516,8.190201210431044e-05
BENJAMIN E MAYS DR SW @ BRAEMAR AVE SW,0.0007355512202919069,8.189758260347162e-05
JONESBORO RD SE @ 2980,0.009401290188826834,8.186270779798375e-05
WILLINGHAM DR @ CHERRY ST,0.02361397332959681,8.18537855540132e-05
MEMORIAL DR SE @ SPENCE AVE SE,0.007666155035760142,8.184975125294426e-05
MARTIN L KING JR DR SW @ 2500,0.012172013043772944,8.184109729538204e-05
ARMOUR DR NE @ PLASTERS AVE NE,0.0015367948629103991,8.184004013745368e-05
BURTON RD NW @ 2746,0.008177359862176476,8.182270180024382e-05
E ROCK SPRINGS RD @ BEECH VALLEY WY,0.004718913279033075,8.182116334942431e-05
CHURCH ST @ POPLAR SPRINGS RD,0.0006253182095590402,8.181216429534516e-05
MT OLIVE RD @ WASHINGTON RD,7.689224230165309e-05,8.178233482486943e-05
HARPER RD SE @ BURROUGHS AVE SE,0.0167392798473148,8.178116915894915e-05
CLIFTON RD @ WOODRUFF CIR,0.004431765720704915,8.175798918263534e-05
CAMPBELLTON RD SW @ 3709,0.0035245955198711433,8.175161734722252e-05
ARGYLE DR NW @ MARCO DR NW,0.00030419076263804573,8.17270891168611e-05
VALLEY HILL RD @ MOCKINGBIRD TRL,0.0013601846582492105,8.17170443636659e-05
CLAIRMONT RD @ WILLIAMSBURG DR,0.0035664883247507103,8.170954393997413e-05
MARTIN L KING JR DR SW @ OLD GORDON RD SW,0.0046475144266920195,8.169026694667333e-05
LUCILE AVE SW @ MATHEWSON PL SW,0.009411987842960629,8.16859512880944e-05
REDAN RD @ ELLIS RD,0.006306518194792321,8.168552276583885e-05
HENDERSON MILL RD NE @ LAVISTA RD,0.0035201445044598565,8.168370499889177e-05
CASCADE AVE SW @ AVON AVE SW,0.004199110764728273,8.167454639260095e-05
MT OLIVE RD @ RUGBY AVE,0.00033582721063827074,8.167004428872562e-05
NORTHERN AVE @ 260 (BLDG 10),0.012507817428691156,8.165533635300166e-05
ROOSEVELT HWY @ 2511,0.013833459163919438,8.162008398876415e-05
FOREST PKWY @ PHILLIPS DR,0.006622776154767634,8.16130859998715e-05
Spring Rd SE at Galleria Ln,0.0006693718492707532,8.160474370985527e-05
BRIARWOOD RD NE @ BRIARWOOD WAY,0.002057099543056475,8.158848043194228e-05
CLIFTON SPRINGS RD @ COLONIAL PKWY,0.0009679170504811494,8.158628457709719e-05
OGLETHORPE AVE SW @ AZALIA ST SW,0.017109201075146196,8.15844365169352e-05
PONCE DE LEON AVE NE @ FREEDOM PKWY NE,0.0034837679152609443,8.148677870769845e-05
Austell Rd at Cochran Rd,0.0030217449069959946,8.147768583901578e-05
Hillcrest Dr SE at Six Flags Pkwy,0.0001674038309045093,8.146598525432549e-05
JOSEPH E BOONE BLVD @ CHAPPELL RD,0.0019361840953365196,8.14478703168725e-05
COLUMBIA DR @ ELGIN DR,0.011365139056873507,8.143411384934647e-05
10TH ST NW @ HIRSCH ST NW,0.006116197340949698,8.143116081747617e-05
GLENWOOD RD @ SHAMROCK DR,0.0017050812883238132,8.142300945841282e-05
Austell Rd at Windy Hill Rd,0.0024121916614235988,8.142250202330869e-05
Buford Hwy & Payne Rd,0.00018959043080077098,8.14063398202944e-05
E PONCE DE LEON AVE @ 2947,0.0036420718924357115,8.138398950155581e-05
WINDSOR ST @ GLENN ST,0.0017266592023518646,8.131627708776013e-05
Heritage Ct at Windy Ridge Pkwy,0.00027553687539205073,8.130695881259942e-05
PONCE DE LEON AVE NE @ MORELAND AVE NE,0.007325306166709137,8.130477586107396e-05
KENSINGTON RD @ PORTER RD,0.005946176160811885,8.129758623491237e-05
Interstate North Pkwy at Windy Hill Rd,0.00023025064679721213,8.12970388794402e-05
S Cobb Dr at Old Concord Rd,0.0004399581455423301,8.125544038573411e-05
UNITED AVE @ UNDERWOOD AVE,0.004857221925437138,8.125007273507092e-05
TARA  BLVD @ 11360,0.0024202110977372677,8.121076645948723e-05
2ND AVE @ HOSEA L WILLIAMS DR,0.0058016741356987835,8.119567862612751e-05
POINTE SOUTH PKWY @ PARK VILLA WAY,0.0005176264623259512,8.118195103180316e-05
N DRUID HILLS RD @ AZALEA CIR,0.0044601000478701,8.118067705603939e-05
CASCADE RD @ BEECHER RD,0.010582292944621667,8.116885457315294e-05
PONCE DE LEON AVE NE @ OAKDALE RD NE,0.00712223334392751,8.116662903433027e-05
ALPHARETTA ST @ 1240,0.0003891633098401892,8.116050153958676e-05
ALPHARETTA HWY @ 10885,0.0038233841954288237,8.115850708377843e-05
N INDIAN CREEK DR @ 450,0.00884401545076034,8.115209978736286e-05
N INDIAN CREEK DR @ 751,0.006386020177753925,8.114918858575802e-05
BEECHER RD SW @ ASHMEL PL SW,0.0011558640294377527,8.113914983162642e-05
Lakes Pkwy & WIKA,0.00033858151419192186,8.11352713741125e-05
N HAIRSTON RD @ OLD HIGHGATE ENTRY,0.0049584616024671985,8.110978185541125e-05
BRIARCLIFF RD NE @ UNIVERSITY DR NE,0.008989651153302983,8.10959126792353e-05
VALLEY BROOK RD @ FORD PL,0.004277813847487851,8.105080190649709e-05
TARA BLVD @ N MAIN ST SE,0.004844089527830503,8.104414978885022e-05
N DRUID HILLS RD @ DRUID HILLS CIR,0.01009279537798038,8.101788592986683e-05
BUFORD HWY NE @ 5203,0.004554522443176207,8.100932021109735e-05
ROOSEVELT HWY @ LESLEY DR,0.0073685152547787085,8.100776819070494e-05
MT ZION BLVD @ VESTA BROOK LN,0.0012041480359335267,8.099951660099134e-05
DEFOORS FERRY RD @ CORONET WAY,0.001302192112155484,8.09947079791667e-05
WASHINGTON RD @ HARRIS DR,0.01908796274696402,8.09674196910423e-05
RIVERDALE RD @ PHOENIX BLVD,0.0006752761021923921,8.096048586860897e-05
RIVER RD @ DEER SPRING DR,0.006276114335675221,8.09459093156863e-05
HARLAN RD SW @ TEE RD SW,0.0011119625611930924,8.09440715667354e-05
GRESHAM RD SE @ WEE KIRK RD SE,0.0058311497488668625,8.091966416884e-05
Roswell St at Dodd St,7.788135683749466e-05,8.088511287181844e-05
BOULDER PARK DR SW @ 4098,0.0012121218208070803,8.088318912461033e-05
Breckinridge Blvd & Arlon Ln OB,0.003481774469042556,8.086533353084835e-05
JONESBORO RD SE @ MELDON AVE SE,0.00038706334359486403,8.08427263181711e-05
FLINT RIVER RD SW @ TAYLOR RD,0.0013526369534834042,8.083351671655739e-05
HAMILTON E HOLMES DR NW @ OLDKNOW DR NW,0.014167437491233021,8.083173441151902e-05
FLINT RIVER RD @ TAYLOR RD,0.00022991586956969652,8.079212783511163e-05
CANDLER RD @ MISTY WATERS DR,0.005374680999149331,8.077842450917932e-05
TARA BLVD @ DIXON RD,0.0043144415196074,8.076073115114585e-05
PERIMETER CTR W @ 111,0.003219111299763151,8.074842632145788e-05
COVINGTON HWY @ 5816,0.003938144307306503,8.074217520198082e-05
NEW PEACHTREE RD @ 6145,0.004631369034037744,8.073986583029082e-05
UNIVERSITY AVE @ MCDANIEL ST,0.00410594378402535,8.07266044297932e-05
WEST PARK PL @ WESTPARK DR,0.000656528577451518,8.071264432801578e-05
VIRGINIA AVE @ MYRTLE ST,0.00020229674829965884,8.070320962171414e-05
N CAMP CREEK PKWY SW @ 3540,0.0,8.069821288529184e-05
GARDEN WALK BLVD @ W LEES MILL RD,0.0006719587642106465,8.068883842456495e-05
Boggs Rd & NCR1 (side entrance) OB,0.00014864108901693,8.064171542617723e-05
LAWRENCEVILLE HWY @ FRAZIER RD,0.002900388162021587,8.063826569640757e-05
BOLTON RD NW @ MARIETTA RD NW,0.0019080780253719139,8.063310329727008e-05
BOULDERCREST DR SE @ SARGENT AVE SE,0.004062724551191308,8.062927162533713e-05
GLENDALE DR @ GREEN FORREST DR,0.0006065402505247557,8.062315909205904e-05
HOSEA WILLIAMS DR @ 2ND AVE,0.0030250926792711507,8.058450873359342e-05
Steve Reynolds Blvd & Old Norcross Rd,0.0004996854463604557,8.054285857132644e-05
FLAT SHOALS RD @ 2ND AVE,0.000739020729740705,8.051399181399551e-05
ROCKBRIDGE RD @ OROARKE DR,0.004087142999271007,8.048689168743781e-05
MEMORIAL DR SE @ S HOWARD ST,0.004382933896927752,8.0389744317524e-05
RALPH MCGILL BLVD NE @ 760,0.012109660785148161,8.038451225301217e-05
BOHANNON RD @ 5000,0.0005056505678689156,8.03798509919687e-05
E LAKE RD @ 2086,0.009232554857585614,8.037584892777399e-05
SOUTHLAKE PKWY @ CLARIDGE PARK DR,0.0030833439168588667,8.03408620208678e-05
County Services Pkwy at Cobb Co Composting Facilit,0.0002681109077998863,8.03333381404796e-05
Barrett Pkwy at Chastain Meadows Pkwy,0.0005002636979352553,8.033146723872514e-05
JOHNSON RD NE @ BRIARCLIFF RD NE,0.002398922309496616,8.032859091819223e-05
SHALLOWFORD RD @ NEW PEACHTREE,0.017719484743760443,8.031725088122156e-05
OAKCLIFF RD @ 3061,0.004719871959275507,8.03169146601187e-05
IVAN ALLEN JR BLVD NE @ W PEACHTREE ST NW,0.002617151410396677,8.030006894051435e-05
ALPHARETTA ST @ 1207,0.0004802379328711399,8.029968871667696e-05
LEE ST SW @ NORCROSS ST SW,0.0003335978986459509,8.029828263096951e-05
Boggs Rd & Caduceus Occupational Med,0.0017431089379402452,8.029233780008083e-05
2ND AVE @ TRAILWOOD RD,0.0043297575777662385,8.027813477865856e-05
WEST END AVE SW @ WELLBORN ST SW,0.00031707968589739666,8.026980340187245e-05
LAWTON ST SW @ MERRILL AVE SW,0.004284638737785158,8.025154635297159e-05
W LAKE AVE NW @ NORTH AVE NW,0.008630009108070989,8.024424300282876e-05
CHAMBLEE TUCKER RD @ BROWN RD,0.002307497692091445,8.024331114240348e-05
CLAIRMONT RD NE @ 5TH ST,0.0061522087186276836,8.021170986111114e-05
PANOLA RD @ 1305,0.00239137460473081,8.018498208495193e-05
HAMILTON E HOLMES DR NW @ GODFREY DR,0.010799122068024846,8.016645250521432e-05
HAMILTON E HOLMES DR NW @ JOSEPH E BOONE BLVD NW,0.011713345416356503,8.016645250521432e-05
JOHNSON FERRY RD @ OLD JOHNSON FERRY RD,0.003932704177359375,8.016242245949642e-05
GLENWOOD AVE @ BLAKE AVE,0.010828879198406971,8.015353408797539e-05
Cumberland Pkwy at S Cobb Dr,0.00017164941483527543,8.014342039129813e-05
PEACHTREE RD @ AMERICAN INDUSTRIAL W,6.645327966184821e-05,8.011305447723789e-05
BROWNLEE RD SW @ BENJAMIN E MAYS DR SW,0.0007637181588433337,8.010535907580942e-05
MONROE DR NE @ SAINT CHARLES AVE NE,0.004657770783571361,8.008930171073478e-05
MAX CLELAND BLVD @ BOND ST,0.0011031746589708078,8.008921308665036e-05
ASTOR AVE SW @ BILLUPS ST SW,0.02386269252011197,8.006366776610761e-05
Singleton Rd & Hydaburg Lane OB,0.001695692308806671,8.003353567699161e-05
BATTLE FORREST DR @ SHILOH DR,0.0008790793480158712,8.001965222217009e-05
Button Gwinnett Dr & Mimms Dr IB,0.0028685691082608986,8.001957930035047e-05
ARGYLE DR @ CARDO DR,7.608573352627457e-07,8.001819481243962e-05
Peachtree Corners Cir & Muray's,0.0016593537624745222,7.999756315060777e-05
RALPH MCGILL BLVD NE @ ASHLEY AVE NE,0.003047499927794639,7.999105211417052e-05
N MAIN ST @ SPRING ST,0.0005040527674648639,7.998569243453078e-05
MELDON AVE @ TROUP ST,0.002778437948325674,7.997537920301703e-05
COVINGTON HWY @ 4523,0.005301372394896765,7.995839582991372e-05
NORTHSIDE DR SW @ CHAPEL ST SW,0.004563097305344618,7.992828328690592e-05
WASHINGTON RD @ CHENEY ST,0.01567293068337071,7.99248859984812e-05
PEACHTREE ST @ 11TH ST,0.01211872259601114,7.987579456090446e-05
KIMBERLY RD @ CASCADE RD,0.0002023119654463641,7.987212316347937e-05
S MCDONOUGH ST @ E COLLEGE AVE,0.006318090834861667,7.986633621663889e-05
S Cobb Dr at Atlanta St,0.0007047973668005866,7.986396345841058e-05
CONSTITUTION RD @ FORREST PARK RD,0.00943197556515798,7.985872412966612e-05
BUFORD HWY NE @ 4725,0.003403619203564367,7.982727184116935e-05
PEACHTREE RD NE @ 4839,0.004246557828155258,7.979809643925286e-05
ROSWELL RD NE @ LAKEMOORE DR NE,0.002941908146806875,7.979267250220526e-05
PRYOR RD SW @ LAKEWOOD WAY SW,0.001312752811968931,7.978200514120365e-05
CANDLER RD @ EASTWOOD DR,0.003474059375662992,7.977609716266129e-05
10TH ST NW @ NORTHSIDE DR NW,0.0058197368888379215,7.976284933552388e-05
N DECATUR RD NE @ RIDGEWOOD DR,0.010087324813739841,7.972196035009732e-05
Steve Reynolds Blvd & Old Norcross Rd OB,0.0004984985089174457,7.970809558445442e-05
PONCE DE LEON AVE @ N PONCE DE LEON AVE,0.009322853406134597,7.970246349591777e-05
Cobb Pkwy at New Hope Rd,0.002466060360760201,7.968902549906684e-05
MONROE DR NE @ WIMBLEDON RD NE,0.012530726843055917,7.968093907128405e-05
SPRINGDALE RD @ CLEVELAND AVE,0.000609005428291007,7.967832896548619e-05
S Marietta Pkwy at Whitlock Ave,0.0006651719167801029,7.965837306720094e-05
CLEVELAND AVE @ 650,0.0026544942884113728,7.965588024990133e-05
RIVER RD @ PANTHERSVILLE RD,0.00951127465283018,7.965426943667967e-05
Old Alabama Rd SW at Pisgah Rd,0.00016335606988091152,7.965255639949087e-05
ASHBY STATION - SOUTHBOUND,0.001348452238139459,7.962689201183133e-05
COVINGTON HWY @ MERCER RD,0.009043770935560223,7.962339147859677e-05
STANTON RD SW @ MARCEL AVE,0.0015532902499388955,7.95948467220644e-05
Atkinson & Willow Pointe Dr,0.0028850492781426896,7.956323714961288e-05
PRYOR RD SW @ AMAL DR,0.001247501686896798,7.956084664440086e-05
LUCILE AVE SW @ HOLDERNESS ST SW,0.007502487014371773,7.955286810599035e-05
JONESBORO RD @ OHARA DR,0.001163700859990959,7.955087932115851e-05
PRINCETON AVE @ MAIN ST,0.0023436536326631304,7.951000224847101e-05
Atlanta Rd at Generals Rd,0.0027107825140741107,7.949762723785995e-05
N HAIRSTON RD @ CHATFIELD DR,0.004711000362746342,7.948734499063122e-05
DEERFIELD PKWY @ WHITSHIRE WAY,0.0006016251121389583,7.945855220340499e-05
10TH ST @ NORTHSIDE DR,0.0058197368888379215,7.944437131562685e-05
DELOWE STANTON ACCESS RD @ 1900,6.257290725200822e-05,7.943179015768397e-05
HAMILTON E HOLMES DR @ HARVEL DR NW,0.003330379076471975,7.940844487959488e-05
FLAT SHOALS RD @ BATTLE FORREST DR,0.001126023204748748,7.940368456735308e-05
PEACHTREE BLVD @ PEACHTREE RD,0.0023572425446709232,7.938944247888294e-05
ROOSEVELT HWY @ CAMPBELL DR,0.01193874940192809,7.938547585750039e-05
SPRING ST @ N MAIN ST,0.0014889065022289619,7.936196810166962e-05
UTOY CIR SW @ DOLLAR MILL WAY SW,0.0009099245043874229,7.935602319198587e-05
RIVERDALE RD @ AIRPORT BLVD,0.0009215808387636481,7.934471488973025e-05
Beaver Ruin Rd & Buford Hwy (Las Tortas),0.0007001865713488944,7.934091630612484e-05
CHARLES ALLEN DR @ 10TH ST,0.012735184426187722,7.932813509588547e-05
MORELAND AVE NE @ 326,0.0017182289030771535,7.931062413058002e-05
N AVONDALE RD @ N CLARENDON AVE,0.006699181448374719,7.928910253941391e-05
CASCADE AVE SW @ CASCADE TER SW,0.01193804941317965,7.928842188240923e-05
MARIETTA ST NW @ MCMILLAN ST NW,0.0011015388156999928,7.927965177595731e-05
NORTHSIDE DR NW @ NORTH AVE NW,0.0047014896460555585,7.927916166268827e-05
W FORREST AVE @ CHURCH ST,0.006398216720838187,7.923747011913108e-05
CHAMBLEE TUCKER RD @ PRESIDENTIAL PKWY,0.0037911542787070936,7.922956796393152e-05
CLIFTON SPRINGS RD @ PINE HILL RD,0.0015714595231049698,7.921882562755741e-05
SHALLOWFORD RD NE @ 2865,0.003407172407320044,7.92147034291496e-05
JONESBORO RD @ RAYMOND ST,0.0021485545947550573,7.92128625500591e-05
PEACHTREE IND BLVD @ N SHALLOWFORD RD,0.008742615993689876,7.920706551216622e-05
PEELER RD @ EQUESTRIAN WAY,0.00021975081557058622,7.918832417293191e-05
S STONE MOUNTAIN LITHONIA RD @ WELLS CIR,0.003520989056101998,7.918089312352388e-05
FAIR ST SW @ 1ST ST SW,0.004535120581127007,7.917152158543836e-05
2ND AVE @ JOSEPH CT,0.007633590341810896,7.914954454352732e-05
HUTCHENS RD SE @ 560,0.009172576473846852,7.911729611300786e-05
PERIMETER CENTER E @ 8,1.2904140406056169e-05,7.909552271109018e-05
OLD DIXIE RD @ WINDSOR DR,0.010343921413866084,7.908299539592771e-05
Cobb Galleria Pkwy at Riverwood Pkwy,8.506385008237497e-05,7.907864392517756e-05
ROSWELL RD @ 8450,0.002238381411756177,7.903641449361924e-05
CLEVELAND AVE SW @ 786,0.0012728001932942842,7.900427906299303e-05
DEFOORS FERRY RD @ PINE GROVE,0.0006643958422981348,7.899453612305381e-05
Old Norcross Rd & Arbors @Breckinridge,0.0017576260958970585,7.898588662595655e-05
LENOX RD NE @ EMBASSY CT,0.0018701568957824185,7.897376322478028e-05
COLLIER DR NW @ 3368,0.005946815280973505,7.893447186370451e-05
LENA ST @ MAYSON TURNER RD,0.0009883536785063067,7.893286212599734e-05
Satellite Blvd & Gwinnett Square Apts OB,0.0035872901642967935,7.892243292842428e-05
CHAMBLEE TUCKER RD @ ALTON RD,0.0033807934835064844,7.891585294977098e-05
METROPOLITAN PKWY SW @ LILLIAN AVE,0.0020375911609803385,7.890933922999278e-05
VALLEY BROOK RD @ WESTBURY DR,0.01032023085263712,7.886752700472156e-05
DELOWE DR @ CAMPBELLTON RD,0.0011202102547073405,7.885333332078258e-05
BOULEVARD NE @ FREEDOM PKWY NE,0.000458933927483783,7.88337649719891e-05
JULIETTE RD @ WOOD BEND DR (S),0.0005055744821353893,7.883301204629104e-05
Old Norcross Rd & Winding River Dr,0.0025253007128837584,7.882555657872257e-05
MINOLA DR @ 5195,0.0002158400088673357,7.882127256655353e-05
MT VERNON HWY NE @ CRESTLINE PKWY NE,0.0033970758304811073,7.881256477408331e-05
BOLTON RD NW @ ADKINS RD NW,0.0021098878249770046,7.880515396009981e-05
WINN WAY @ 460,0.0022624168949771273,7.878066708471352e-05
STONE RD SW @ N CAMP CREEK PKWY SW,0.0029091988899639294,7.874322086627692e-05
WOODLAND AVE SE @ CUSTER AVE SE,0.00046206865970506547,7.871608395919994e-05
FOREST PKWY @ RIVERDALE RD,0.001280218552313096,7.869497193026826e-05
RALPH D ABERNATHY BLVD @ IRA ST,0.01747095830377022,7.868638681140304e-05
CLAIREMONT AVE @ WILTON DR,0.006950211108997956,7.867728086797184e-05
HENDERSON MILL RD NE @ MILL RIDGE TRL,0.0057394131799542334,7.867013132730602e-05
TILSON RD @ FAIR LN,0.0020812263291576567,7.863328254497699e-05
RAINBOW DR @ 3181,0.023448311861990048,7.863273206378706e-05
SCOFIELD RD @ SHANCEY LN,0.00039266325358239783,7.860265108359546e-05
JOHNSON FERRY RD @ KAYRON DR,0.011285096865203867,7.859447187907793e-05
FLOWERS RD S @ 3155,0.0013138484465317095,7.858684784421984e-05
S INDIAN CREEK DR @ CHEDWORTH WAY,0.0006953323015499181,7.857613515171576e-05
MT ZION PKWY @ FIELDSTONE PKWY,0.0016156044656969143,7.855362339964616e-05
HANK AARON DR SW @ BILL LUCAS DR SW,0.0009164070088838615,7.8539984730691e-05
N DESERT DR @ 3540,0.0024254457962038754,7.85107519657302e-05
MARTIN L KING JR DR NW @ BOOKER ST NW,0.013569662317210492,7.847112071609206e-05
MONTREAL RD @ 1200,0.007129027799931406,7.846467752292321e-05
HOWELL MILL RD @ MOORES MILL RD,0.0024219002010215512,7.846261590225702e-05
JULIETTE RD @ WOOD BEND DR (N),0.0002023119654463641,7.842812230564493e-05
Cobb Pkwy at Davis Ln,0.0013367046008830022,7.842204870733388e-05
Old Norcross at the Gwinnett Body Shop,0.0004175432884454896,7.842007622443865e-05
E PONCE DE LEON AVE @ MOUNTAIN INDUSTRIAL BLVD,0.0009414544323607111,7.841436639720093e-05
SOUTHLAKE PKWY @ INDIAN LAKE DR,0.0010607872968233201,7.839171727518562e-05
PIEDMONT AVE NE @ MONROE DR NE,0.0057327861125640945,7.835866914170225e-05
LAVISTA RD NE @ CHESHIRE BRIDGE RD,0.00041162381837714547,7.834639516368282e-05
AJAX DR NW @ 2223,0.0004919094843940703,7.833541134012661e-05
SPRINGDALE RD SW @ CLEVELAND AVE,0.0005345935809023104,7.832727949444579e-05
Hillcrest Dr SE at South Gordon Rd,0.00033591851351850223,7.826978313605606e-05
CARRIAGE LN @ OCEAN VALLEY RD,0.00010134619705699773,7.824667443821377e-05
PANOLA RD @ CIRCLESTONE DR,0.0008753739727931416,7.823933305557823e-05
Brook Hollow Pkwy & FedEx Entrance,0.0012426321999511165,7.82212167510116e-05
CASCADE AVE SW @ 3515,0.004953972544189148,7.821492000220359e-05
OLD DIXIE RD @ PINERIDGE DR,0.01061582139119558,7.821321117078301e-05
WINDSOR ST @ GLENN ST SW,0.0029614621803231273,7.818506383745801e-05
WOODLAND AVE NE @ 1217,0.0007078255789949323,7.816332850243079e-05
N PEACHTREE RD @ KINGS POINT CIR,0.002208175375546246,7.813047681569797e-05
CHAMBLEE DUNWOODY RD @ CLAIRVIEW DR,0.006327388511498578,7.811799701686452e-05
MCAFEE RD @ HOOPER ST,0.011738839209470038,7.810559278069691e-05
NORTH POINT PKWY @ 7300,0.006350313143010045,7.800590071840635e-05
REDAN RD @ 5565,0.0002025097883535324,7.799954038130127e-05
MERRILL AVE SW @ OAKLAND DR SW,0.003991465189361717,7.796586215424149e-05
HENDERSON MILL RD @ LAVISTA RD,0.0016425996839520365,7.796163827731193e-05
ROLLINGWOOD LN SE @ FLINTWOOD DR SE,0.0010109511413636102,7.795697904204649e-05
S HAIRSTON RD @ MARTIN CROSSING RD,0.0010188031890635218,7.79486065194837e-05
BEECHER RD SW @ 2356,0.010100852857160813,7.794602143719931e-05
FLAT SHOALS RD @ NORGATE LN,0.0031153455763800178,7.793134435195313e-05
DONALD L HOLLOWELL PKWY @ SIMMONS ST,0.004570918918751119,7.790895109472895e-05
Ponce De Leon Ave at W Peachtree St,0.00010782870155343633,7.788747478035347e-05
CAPITOL AVE @ MEMORIAL DR,0.010889009753612787,7.788409702506099e-05
COOPER ST @ HENDRIX AVE,0.0007550291680746331,7.786578692694772e-05
WILKINS LN SW @ CUSHMAN CIR SW,0.00055755625528054,7.783892677432018e-05
MT OLIVE RD @ W RUGBY AVE,0.00023417667064716787,7.783328522334123e-05
FAIRLEE DR @ MELANIE CT,0.002020380568056695,7.7829525109037e-05
MT ZION BLVD @ W MEYER DR,0.001253421156965142,7.782576553056554e-05
LAVISTA RD @ RICHARD STOKES DR,0.0022569919821767035,7.782381019579772e-05
DUNWOODY PL @ HOPE RD,0.004393448945301083,7.782375705466896e-05
BROWNTOWN RD @ 2765,0.0020859512532096385,7.777156960897309e-05
E PONCE DE LEON AVE @ COBBLE MILL,0.0007240774916761446,7.776854452538243e-05
HOLLYWOOD RD NW @ LOUISE PL NW,0.00635866735655123,7.77423985475049e-05
ROOSEVELT HWY @ BUFFINGTON RD,0.012894477517898332,7.771492673394187e-05
FAIRBURN RD @ 574,0.0009089049555581708,7.769788787735543e-05
N PEACHTREE RD @ N SHALLOWFORD RD,0.004992471925353443,7.769751390260967e-05
CAMERON M ALEXANDER BLVD @ J P BRAWLEY DR,0.0007398804985295519,7.769510483413479e-05
BRANNEN RD SE @ WELLAND AVE SE,0.0041987912046474625,7.765120864751358e-05
Interstate North Pkwy at Marriott,0.00023020499535709635,7.763709801117966e-05
WINDWARD PKWY @ EDISON DR,0.0010345377187567554,7.76207718669344e-05
VALLEY BROOK RD @ CEDAR CREEK DR,0.0037953998626378597,7.760127967013219e-05
OAKLEY INDUSTRIAL BLVD @ SENOIA RD,0.0008086848273573619,7.759940441057053e-05
PEACHTREE RD NW @ COLLIER RD NW,0.007907072902397737,7.759815849285828e-05
AUBURN POINTE DR @ VERANDA CIR,0.011487926213638209,7.759810723247598e-05
NORTH AVE @ HUNT ST,0.0017519501001759983,7.759719766230147e-05
14TH ST @ HEMPHILL AVE,0.0032183200081344777,7.75834366377303e-05
JOHNSON FERRY RD NE @ MILL CREEK RD,0.003472385489525414,7.758005196216767e-05
Austell Rd at Westbrook Mobile Homes,0.0024445433153189706,7.757614369984956e-05
Powers Ferry Rd at Custom Signs Building,0.0002697087082039381,7.75104306354632e-05
Town Center/Big Shanty Park and Ride,0.0001482454432025934,7.75100352561265e-05
Franklin Rd at Ridge Points Apartments,0.0006103141029076589,7.750012283819258e-05
CHAPEL ST SW @ W WHITEHALL ST SW,0.020165161736508955,7.74968561011246e-05
Cumberland Pkwy at Unipro Corporate Office / Kaise,0.00014476071660709,7.748076288099503e-05
LINKWOOD RD NW @ 183,0.005460429620833442,7.747492337552373e-05
CAROLINE ST @ 1245,0.0009098332015071913,7.744481996837412e-05
JOHNSON RD NE @ MEADOWDALE AVE NE,2.4727863396039236e-05,7.739224913638163e-05
SCOFIELD RD @ BRITLEY TER,0.00019281646590228502,7.73890813814049e-05
FAIRBURN RD SW @ HILL ACRES RD SW,0.003069572399090611,7.735348552593215e-05
OTTLEY DR @ 125,0.0007078255789949323,7.73485266829063e-05
Hurt Rd SW at Harris Rd,2.1288788240651627e-05,7.72939896151818e-05
LAWRENCEVILLE HWY @ MCLENDON DR,0.006647100763775984,7.729223993974862e-05
TARA BLVD @ BRIDGEPORT LN,0.002721130173833684,7.727763581959112e-05
ROOSEVELT HWY @ WELCOME ALL RD,0.005933728534806986,7.725947751547656e-05
FAIRBURN RD @ GLENVIEW CIR,0.0029549720672533363,7.72438677523704e-05
SHALLOWFORD RD @ COTILLION DR,0.002609040671202776,7.723061425049798e-05
REX RD @ 2843,0.0014452485083315855,7.722537160205995e-05
BUCKHEAD STATION - NORTHBOUND,0.004063449901850925,7.722130860285777e-05
N COMMERCE DR @ CENTER PKWY,0.0008602861718348813,7.719995256450882e-05
CLIFTON SPRINGS RD @ FLAT SHOALS PKWY,0.001230428048293502,7.718734559771241e-05
PRINCETON DR @ FREEMAN CT,0.002048897500982343,7.715588091512407e-05
FULTON INDUSTRIAL BLVD @ WESTPARK PL,0.0008095522047195615,7.714178817107649e-05
OLD DIXIE HWY @ OLD DIXIE RD,0.02194587731634012,7.705640253996584e-05
MAIN ST @ JONESBORO RD,0.007148049233312976,7.705492435276397e-05
E LAKE DR @ OAKVIEW RD,0.006782540978026105,7.705042279844068e-05
Cherokee St at Blackwell St,0.0004678055240129466,7.704434406350833e-05
VIRGINIA AVE @ VICTORIA ST,0.0012986160826797492,7.702964247981617e-05
BENJAMIN E MAYS DR SW @ MOCKINGBIRD LN SW,0.010747688112161083,7.701207679242401e-05
MT ZION RD @ PARK PL,3.308207693722418e-05,7.700715460398028e-05
MARTIN L KING JR DR SW @ LINKWOOD RD NW,0.008311285970329424,7.700448320662239e-05
PIERCE DR @ PEACHTREE RD,0.00010166575713780808,7.698530984362199e-05
GLENWOOD AVE SE @ PATTERSON AVE SE,0.015083659358165302,7.698269979723447e-05
NORTH DEKALB MALL,0.0,7.696633420721261e-05
HOWELL MILL RD @ PEACHTREE BATTLE AV,0.002721130173833684,7.696359395102266e-05
COVINGTON HWY @ 4319,0.008101266520076849,7.693766408432121e-05
N MAIN ST @ WINTHROPE PARK DR,0.0009314872012687691,7.693440500470613e-05
FLINTSTONE DR @ HUGH HOWELL RD,0.000743798913806155,7.693038282495618e-05
OLD NATIONAL HWY @ MCGHEE LNDG,0.0030891036068868057,7.690642501002615e-05
RIVERDALE RD @ KINGSWOOD CIR,0.001840148682479656,7.689337800222815e-05
GLENWOOD AVE SE @ ASHBURTON AVE,0.005489813931121289,7.688905967092924e-05
NORTHSIDE DR NW @ 17TH ST NW,0.0018697764671147872,7.684215525923237e-05
CLARK HOWELL HWY @ AZAR PL,0.00325397378286489,7.683950284895082e-05
LAMAR HUTCHESON PKWY @ UPPER RIVERDALE RD SW,0.001087584692171274,7.682028064892885e-05
Buford Hwy & Susan Ln,0.004187484864645458,7.68179794270757e-05
WESLEY CHAPEL RD @ LINDSEY DR,0.001236842075629767,7.679711038046218e-05
Bells Ferry Rd at Laurel Hills Preserve,0.0002142574256099892,7.677983883090363e-05
CAMPBELLTON RD SW @ RYAN ST SW,0.01586883623005416,7.677048438486529e-05
LAVISTA RD @ NALLEY CIR,0.0017085507977726113,7.6726818524088e-05
DONALD L HOLLOWELL PKWY @ PAINES AVE,0.0021054139838456594,7.670783319863419e-05
CANDLER RD @ MEMORIAL DR SE,0.007086975215011435,7.667548131240757e-05
PLAINVILLE DR @ 828,0.0008088369988244145,7.66618760687785e-05
HOLCOMB BRIDGE RD @ MARTINS LANDING DR,0.0016156044656969143,7.664366906173622e-05
CHESHIRE BRIDGE RD @ CHANTILLY DR,0.0011596835332607718,7.663261137872084e-05
Peachtree Center Ave at Andrew Young Int'l Blvd,0.0011995524576285397,7.661465019893001e-05
AUSTIN DR @ REDWING CIR,0.001086565143342022,7.661369209807338e-05
MARKET WAY @ HOLCOMB BRIDGE RD,0.0,7.660758176346373e-05
ALPHARETTA HWY @ NORTHMEADOW PKWY,0.002721130173833684,7.659924720018968e-05
DONALD L HOLLOWELL PKWY @ REGINA DR NW,0.0116193719268782,7.657123361131728e-05
N DECATUR RD @ SUNSTEDE DR,0.009470337992001927,7.657104901824432e-05
FLAT SHOALS RD SE @ MAYNARD TER SE,0.0024026809447328145,7.651493050716063e-05
HOSEA L WILLIAMS DR @ HOWARD ST NE,0.0019174365705956456,7.648492633851074e-05
MT ZION RD @ LAKE DR,0.0008231309719628839,7.647677697169586e-05
LANGSTON AVE @ HOOD DR,0.027382433770184136,7.646188563279217e-05
PEACHCREST RD @ BENNINGTON DR,0.00846747476411216,7.645939646948427e-05
Buford Hwy & Beaver Ruin Rd,0.00480692925557627,7.644837463442454e-05
Buford Hwy & Beaver Ruin Rd (10BIB),0.0004070130229254532,7.644837463442454e-05
MT GILEAD RD SW @ CASCADE PARC BLVD,0.002440282514241499,7.644804890710945e-05
PLAINVILLE DR @ PLAINVILLE TRL,0.0008088369988244145,7.642643615190934e-05
BAKERS FERRY RD SW @ 3796,0.0025224551064498757,7.639920125661348e-05
PANOLA RD @ BIFFLE DOWNS RD,0.001966116222905756,7.639581052106643e-05
SNAPFINGER RD @ LA MESA LN,0.007226100514955346,7.639529878389872e-05
N ROYAL ATLANTA DR @ 4823,0.0022743775722874576,7.638424410967424e-05
SCOTT ST SW @ 108,0.0005293893167291132,7.637378802778728e-05
HUTCHENS RD SE @ 565,0.011884272016723279,7.636138896341285e-05
COLUMBIA DR @ ROBIN RD,0.007952161308085409,7.631192168490954e-05
RALPH MCGILL BLVD NE @ CENTRAL PARK PL,0.004828803903965073,7.628400032499802e-05
PEACHTREE ST @ 14TH ST NE,0.013674105203622009,7.6258879572606e-05
CLIFTON SPRINGS RD @ 2984,0.0011252623474134853,7.624825547737865e-05
PEELER RD @ GLENBONNIE DR,0.0018240337241187908,7.621769031714036e-05
COLLIER DR @ FEDORA WAY,0.0019090062713209342,7.617677664750547e-05
WELCOME ALL RD @ 4345,0.0009593497968860908,7.616847609591673e-05
PEACHTREE RD NE @ BROOKHAVEN DR NE,0.0036137375652705267,7.615746343538376e-05
WINDWARD PKWY @ N MAIN ST,0.00031701881731057563,7.61322335855383e-05
MAIN ST @ WEST ST,0.0004238584043281704,7.61305708178363e-05
HEADLAND DR @ RIDGECREST LN,0.0034588726632511476,7.610408247508686e-05
MT VERNON HWY NW @ GLEN ERROL RD NW,0.0013131028063431518,7.61011145422523e-05
17TH ST NW @ SPRING ST NW,0.005619684669677287,7.610076174419328e-05
FAIR ST SW @ JOSE ST SW,0.0046277321359751876,7.608986731771997e-05
MT ZION RD @ PERSONAL PL,0.0003658202067943282,7.607293412196942e-05
TILSON RD @ BIXLER CIR,0.0015844321406711997,7.606893188869131e-05
PIEDMONT AVE NE @ MONROE DR,0.003384909721690256,7.605990307586654e-05
Austell Rd at County Services Pkwy,0.0029421440125808065,7.603750538134667e-05
ROSWELL RD NE @ 6550,0.0031734598596473863,7.603531735617995e-05
ENGLISH AVE NW @ CAMERON M ALEXANDER BLVD,0.0005515759166253749,7.600896873085616e-05
SR 138 @ PETUNIA DR,0.004216290923358505,7.593959569677444e-05
BOULDERCREST RD @ PALISADE POINT DR,0.006298265428895837,7.593174061298696e-05
WESLEY CHAPEL RD @ WESLEY MEADOWDS DR,0.007670989016030178,7.589728628350556e-05
BUFORD HWY @ 5700,0.005545463036622407,7.587549240108666e-05
Franklin Rd at Autumn View Apartments,0.0007332229968460028,7.586153377069167e-05
CHAMBLEE TUCKER RD @ BARKSIDE CT,0.007381419395184764,7.586048584689591e-05
CHATTAHOOCHEE AVE @ 1495,0.0009080984467827923,7.581219477484943e-05
JONESBORO RD SE @ CONLEY RD SE,0.008143281062130057,7.578346951731747e-05
LANGSTON AVE @ SYLVAN PL,0.026299155530530447,7.577424901052637e-05
W FAIRINGTON PKWY @ PANOLA RD,0.0010105250612558632,7.572093802923725e-05
AVON AVE SW @ KENILWORTH DR SW,0.0026849057561018244,7.570560320136003e-05
ATLANTA IND PKWY @ 3401,0.0010109511413636102,7.568380997772308e-05
JONESBORO RD SE @ MARTIN AVE SE,0.000958938933925049,7.567039948079953e-05
PONCE DE LEON AVE NE @ LAKESHORE DR NE,0.006741119904694401,7.566430204173547e-05
GLENWOOD AVE @ ELAINE DR,0.0024557583524407434,7.565090397210428e-05
BOULDERCREST RD @ COUNTRY PINE DR,0.005772594168345042,7.563134824548184e-05
VIRGINIA AVE @ JACKSON ST,0.0006067532905786292,7.5618827720609e-05
MT VERNON HWY NE @ BLUE STONE RD,0.002019604493574727,7.559630477136845e-05
S CANDLER ST @ BROWER ST,0.009332866288666655,7.557297423660106e-05
CLIFTON RD @ EAGLE ROW,0.004431765720704915,7.557082330617452e-05
BUFORD HWY NE @ 5200,0.0038045149335143077,7.555387373752156e-05
CLAIREMONT AVE @ ERIE AVE,0.0056084468068354565,7.554339630257365e-05
CLEVELAND AVE SE @ FAIRLANE DR SE,0.002850673743735519,7.549913156250605e-05
Doraville MARTA Station,0.0,7.549581589645021e-05
MT VERNON RD @ CHAMBLEE DUNWOODY RD,0.0010287704201554638,7.549364080358538e-05
PONCE DE LEON AVE NE @ CHARLES ALLEN DR NE,0.00039630015164495374,7.54698566568378e-05
Six Flags Dr at Whisper Ct,0.00010679393557747899,7.546680503502172e-05
CLAIRMONT RD @ WILANDREW DR,0.00468803007979476,7.546192085265045e-05
HAMMOND DR @ KAYRON DR,0.002686632902252871,7.545214445818797e-05
PEACHCREST RD @ PHILLIP CIR,0.018874329224368946,7.542489177213331e-05
DEFOORS FERRY RD @ BOHLER RD,0.0009733952232950411,7.54062702928015e-05
SYLVAN RD SW @ WOODBOURNE DR SW,0.0011085539203311153,7.539323371228737e-05
S GORDON ST SW @ WESTWOOD AVE SW,0.01108718265515532,7.536320815279658e-05
PONCE DE LEON AVE NE @ ARGONNE AVE NE,0.000579575466563044,7.53117018496641e-05
MT ZION PKWY @ 2530,0.0016156044656969143,7.530767757247888e-05
OLD DIXIE RD @ PENNEY RD,0.011246917044120381,7.529759636001922e-05
OLD MILTON PKWY @ 2365,0.0016156044656969143,7.5250785902146e-05
CONLEY RD @ HENDRIX DR,0.009082201839564343,7.52088946848088e-05
SIDNEY MARCUS BLVD @ 740,0.004549417090456594,7.520259930203334e-05
FAIRBURN RD @ LANDING SOUTH DR,0.0013064376960862502,7.520184418310528e-05
VIRGINIA AVE NE @ PONCE DE LEON PL NE,0.014218414932695624,7.519196499980473e-05
WENDELL DR @ INTERCHANGE DR,0.0002023119654463641,7.516686798605837e-05
CLIFTON SPRINGS WAY @ CLIFTON CHURCH RD,0.0022862849895843194,7.513903508843923e-05
PANTHERSVILLE RD @ JAGUAR DR,0.006570875539738244,7.51254037547048e-05
SR 85 @ CHURCH ST,0.0063781300871872506,7.512457384765424e-05
KIMBERLY MILL RD @ ADENA LN W,0.0004045174108657914,7.512272272940232e-05
HUTCHENS RD SE @ KATOMARICK DR SE,0.008898393924511569,7.510981270403978e-05
BRIARCLIFF RD NE @ CLIFTON RD NE,0.002398922309496616,7.510585186658019e-05
FLAT SHOALS AVE @ GLENWOOD AVE,0.007816809860524401,7.508490274934234e-05
COLUMBIA DR @ TRALYN CT,0.001524727665573132,7.507432098916993e-05
WASHINGTON RD @ JANICE DR,0.013592168477187564,7.507033216374822e-05
DONALD L HOLLOWELL PKWY @ FLORENCE PL NW,0.029409707705698312,7.506100621602866e-05
HOSEA L WILLIAMS DR @ ROGERS ST NE,0.001515171297442232,7.500622377274631e-05
MORRIS RD @ NEW FAWN LN,0.0015118539594604864,7.499134073996606e-05
MCDANIEL ST SW @ ROY ST SW,0.0019373710327795295,7.498910566563203e-05
ROOSEVELT HWY @ YANKEE DR,0.004204467200368523,7.497046910183002e-05
NORTHERN AVE @ 280,0.013075325697916933,7.49701314478492e-05
COMMERCE DR @ BEAUMONT AVE,0.008848884937706022,7.496259145312482e-05
E ROCK SPRINGS RD @ MARKAN DR,0.004718913279033075,7.493535964010135e-05
PIEDMONT RD NE @ SIDNEY MARCUS BLVD NE,0.002607473305092135,7.492101352779524e-05
Floyd Rd at Patterns Dr,0.0014048317666824285,7.491901916077426e-05
SWIFT ST @ MAIN ST,0.0009056713118833042,7.490830186600978e-05
CHAMBLEE TUCKER RD @ FONTANA CT,0.004922686090563144,7.489358150757463e-05
ROYAL SOUTH PKWY @ 3775,0.0007007800400703994,7.48764419973746e-05
BRAVES DR @ FALCON DR,0.0002023119654463641,7.486878360144305e-05
HOGAN RD SW @ STONE RD SW,0.0044606782994448995,7.486285443622154e-05
W HOWARD AVE @ DREXEL AVE,0.0022075362553846253,7.480724098369348e-05
CAMP CREEK PKWY @ AIRPORT DR,0.00027689120144881843,7.480197086889695e-05
MALL BLVD @ OAKLEY RD,0.00017002118013781316,7.479399818322461e-05
FAIRLANE DR NW @ 3565,0.0028242111256150805,7.478318797157237e-05
WASHINGTON RD @ 4626,0.012677572308761627,7.477990621887573e-05
SNAPFINGER WOODS DR @ PARK CENTRAL BLVD,0.0037302400404459583,7.476926195667453e-05
10TH ST NE @ ARGONNE AVE NE,0.023088459312895302,7.474895162539832e-05
MEMORIAL DR SE @ CHESTER AVE SE,0.005247062398305711,7.469976031769163e-05
MAIN ST @ JAMES B RIVERS MEMORIAL,0.00010872651320904636,7.468289747714367e-05
LAKEWOOD AVE SE @ 1265,0.0064222065526190215,7.466515816040925e-05
MEMORIAL DR SE @ ELEANOR ST,0.00707013744218207,7.465769770786036e-05
STONECREST PKWY E @ TURNER HILL RD,0.0004350506157298854,7.462476856526747e-05
Hillcrest Dr SE at Bonnes Dr SW,0.00033541634767722886,7.461344176127433e-05
MAIN ST @ W FORREST AVE,0.007491979574571794,7.453759535832294e-05
Vaughn Rd at Roberts Blvd,0.000202007622512259,7.449688389368712e-05
FAIR ST SW @ ABBOTT ST SW,0.004825539825996796,7.448419076686917e-05
SR 138 @ 2220,0.004500318966612089,7.444012765589664e-05
MONTREAL RD @ 1215,0.005150829162541678,7.443478425520591e-05
WYLAND DR SW @ LYNFORD DR SW,0.0031467461586063114,7.443328850093764e-05
BOULDERCREST DR SE @ WAINWRIGHT DR SE,0.004763474156968296,7.443214965384266e-05
WASHINGTON RD @ HERSCHEL RD,0.01746881268608478,7.44275529729964e-05
MCDONOUGH BLVD SE @ MILLER REED AVE S,0.0027209932195133364,7.438855973025477e-05
REDAN RD @ AUTUMN CREST DR,0.006306518194792321,7.437992574377741e-05
CAMPBELLTON RD SW @ 3667,0.0035245955198711433,7.435080517888413e-05
WOODLAND HILLS DR NE @ RALPH RD,0.005242885291535118,7.434144328893198e-05
LINKWOOD RD @ TRIBBLE LN,0.0006592980981518744,7.428245282651433e-05
COVINGTON HWY @ LITHONIA WEST DR,0.00209632173868927,7.419055261852418e-05
COLUMBIA DR @ DERRILL DR,0.0031404690855903936,7.416547866900744e-05
FAIRBURN RD @ 795,0.000537789181710414,7.41160486848138e-05
MALDO DR NW @ CARDO DR NW,0.0005059549108030207,7.407319283343845e-05
S Cobb Dr at Appleton Dr,0.0013696192892064685,7.406287844089531e-05
CONSTITUTION RD SE @ STONEWALL DR SE,0.003421613479543331,7.404901278289632e-05
BRIARWOOD RD NE @ YANCY LN NE,0.002057099543056475,7.404091862603368e-05
MARTIN L KING JR DR SW @ WENDELL DR SW,0.0046475144266920195,7.402243789869168e-05
IVAN ALLEN JR BLVD NW @ LOVEJOY ST,0.0013816560522503254,7.401761552374018e-05
COMMERCE DR @ ROBIN ST,0.006345063227396731,7.401494240706939e-05
NORTHERN AVE @ MEMORIAL DR,0.012507817428691156,7.399914104370221e-05
ROSWELL RD @ ISON RD,0.0017704541505695883,7.39889367881851e-05
E PONCE DE LEON AVE @ 4600,0.0005886753202927864,7.393570535153566e-05
BOULEVARD NE @ EAST AVE NE,0.0004065717256710008,7.393151596783831e-05
ARGYLE DR NW @ CARDO DR NW,0.00030419076263804573,7.391898864871624e-05
FLAT SHOALS RD @ 2051,0.0012587167240185708,7.39147431256111e-05
BOAT ROCK RD SW @ 5760,0.002392622410760641,7.391397678369323e-05
MT ZION BLVD @ BAYWOOD CIR,0.0012041480359335267,7.389179219814842e-05
LAVISTA RD @ 2405,0.0017107116326047576,7.387166812971137e-05
Cobb Pkwy at Terrell Mill Rd,0.001320041825240748,7.384597134026572e-05
JONESBORO RD SE @ MARGARET ST SE,0.00798454339627419,7.38448857005963e-05
PRINCETON LAKES PKWY SW @ REDWINE RD,0.0012657318286496933,7.382049301039504e-05
CHAMBLEE TUCKER RD @ PRESIDENTIAL PK,0.007791780190385374,7.381929158093223e-05
NORTH POINT PKWY @ WEBB BRIDGE RD,0.0008296844898106137,7.379891795192771e-05
DEFOORS FERRY RD @ 2788,0.001302192112155484,7.374682822357945e-05
VALLEY VIEW RD SE @ 1056,0.008172847978178367,7.372326051462719e-05
SR 138 @ ALBANIA DR,0.004769647246148395,7.371271979400332e-05
W POINT AVE @ LESLEY DR,0.0014118925227536668,7.365818663366321e-05
Cumberland Pkwy at Mt Wilkinson Pkwy,0.00034434881279321345,7.363440158332301e-05
Spring St at Sports Ave,0.000669356632124048,7.363228286766952e-05
ALPHARETTA ST @ ALPINE DR,0.0003891633098401892,7.362785713711628e-05
ROOSEVELT HWY @ PHIPPS RD,0.000707506018914122,7.362648137101646e-05
BEECHER ST @ S GORDON ST,0.010786096190445146,7.36220485489586e-05
JOSEPH E LOWERY BLVD NW @ WHEELER ST NW,0.0017726149854017344,7.362028062012863e-05
BOULDERCREST RD @ BOULDER RIDGE PKWY,0.0018916130726368279,7.361155207058313e-05
COLUMBIA DR @ CASA LINDA DR,0.002457006158470574,7.360785687748756e-05
MARIETTA BLVD @ 1594,0.0023132497735460313,7.357275418040393e-05
EXECUTIVE PARK S @ CHANTILLY DR,0.0036679866932747603,7.357211357618461e-05
N HIGHLAND AVE NE @ ADAIR AVE NE,0.0067806920947014165,7.355414674274818e-05
BEECHER RD SW @ MT AIRY DR SW,0.0011558640294377527,7.355195150373668e-05
Lakes Pkwy & Belle Meade Ct,0.0003385662970452166,7.353475539913097e-05
GLENDALE DR @ 2255,0.0006065402505247557,7.351500245021035e-05
LAWRENCEVILLE HWY @ 4375,0.004381435007977284,7.351195640952396e-05
OAK ST SW @ JOSEPH E LOWERY BLVD,0.007971783818761834,7.351116406077783e-05
ALPHARETTA HWY @ DEERFIELD PKWY,0.00020257065694035341,7.349178641879847e-05
BRIARCLIFF RD NE @ CITADEL DR NE,0.0037617851855659516,7.344009440992109e-05
N HAIRSTON RD @ ANDERSON RD,0.0052170770107230055,7.339528594939678e-05
Thornton Rd (N) at Bankhead Hwy,0.000212096590777843,7.337531835554988e-05
HILL ST SE @ DALTON ST SE,0.0015212581561243339,7.337207686653594e-05
BRIARCLIFF RD @ SHEPHERDS LN,0.004034598191697762,7.336682620854067e-05
HARLAN RD SW @ EMERALD CT SW,0.0011119625611930924,7.336335188442767e-05
CLAIRMONT RD @ CLAIRMONT LK,0.0041283662496955425,7.335844638898246e-05
BOULDER PARK DR SW @ 3630,0.003523636839628712,7.335630024797761e-05
GLENWOOD RD @ FARRIS DR,0.0017050812883238132,7.331301281689961e-05
MARIETTA ST NW @ BOSS ST NW,0.0018570853667626045,7.3310716243239e-05
LAWRENCEVILLE HWY @ COOLEDGE RD,0.004210964922011666,7.328449464985838e-05
MAIN ST @ SIMS ST,0.0004045174108657914,7.327133772388621e-05
GRESHAM RD SE @ CORRAL DR SE,0.0058311497488668625,7.323718719737062e-05
COVINGTON HWY @ 6049,0.003546028871005495,7.323593508434944e-05
MARIETTA BLVD NW @ RICE ST,0.005474429395802277,7.323001184406444e-05
POINTE SOUTH PKWY @ ELON TRL,0.0016403475462396589,7.322935089160043e-05
BOLTON RD NW @ 2356,0.0019080780253719139,7.321630785183061e-05
GLENWOOD AVE @ PASLEY AVE SE,0.014968709031953806,7.321158323901224e-05
WESTPARK DR @ 4175,0.000656528577451518,7.318362365403057e-05
Cobb Pkwy at Freys Gin Rd,0.0007661985537562902,7.317117654314311e-05
OLD DIXIE RD @ CENTRAL AVE,0.0004519036057059552,7.315914511732934e-05
LAWRENCEVILLE HWY @ 2712,0.002900388162021587,7.31200075471216e-05
ROOSEVELT HWY @ MILLER RD,0.008277047390242601,7.30900075426147e-05
RN MARTIN ST @ HOLLAND CT,0.003981794692630527,7.308935300643595e-05
ROOSEVELT HWY @ BEN HILL RD,0.012719906410895647,7.308028221856773e-05
Boggs Rd & Pinemeadow Ct (GE) OB,0.00014862587187022475,7.306920178261944e-05
PONCE DE LEON AVE NE @ N HIGHLAND AVE NE,0.007325306166709137,7.3063554909921e-05
FOX ST @ JOSEPH E LOWERY BLVD,0.0008170923009120153,7.305979777520217e-05
MARTIN L KING JR DR SW @ FAIRBURN RD NW,0.007129172362825106,7.305766691530354e-05
Windy Hill Rd at Corporate Plaza Pkwy,0.0002457417021431616,7.303896123376773e-05
RIVER RD @ RIVER LAKE SHORE,0.006276114335675221,7.302849148081779e-05
Austell Rd at Stallion Pkwy SW,0.00032474912783684516,7.302738903071391e-05
DESERT DR @ 3148,0.0026892806857795855,7.300725594918531e-05
MEMORIAL DR @ PALATKA ST SE,0.004382933896927752,7.299597292696248e-05
PRYOR RD SW @ CLAIRE DR,0.001247501686896798,7.298244540453824e-05
JONESBORO RD @ STUDIO WAY,0.0028738114153008592,7.290838139264533e-05
N HIGHLAND AVE NE @ VIRGINIA AVE NE,0.0073570339175895935,7.289429876656166e-05
LUCKIE ST @ IVAN ALLEN JR BLVD,0.0007747505902046435,7.286910908827807e-05
HAMILTON E HOLMES DR NW @ WASHINGTON,0.014167437491233021,7.286645086158753e-05
Cobb Pkwy at Seminole Pl,0.00022510725121083596,7.286592234877681e-05
KIMBERLY RD @ FAIRLY WAY,0.0002023119654463641,7.286445185358917e-05
COVINGTON HWY @ COVE LAKE RD,0.0030587758335032327,7.28574839088463e-05
E WASHINGTON AVE @ RN MARTIN ST,0.002137917809208084,7.284003113448479e-05
SNAPFINGER WOODS DR @ SHELL BARK RD,0.008522309752264546,7.283345109859301e-05
DUNWOODY PL @ NORTHRIDGE RD,0.0048570088853832636,7.282043904248693e-05
COVINGTON HWY @ RICHARD RD,0.007506580426835487,7.278752234441855e-05
10TH ST NW @ IMAGE AVE,0.0058197368888379215,7.277788688681349e-05
BATTLE CREEK RD @ VALLEY HILL RD,0.0013601846582492105,7.276018091322429e-05
CONSTITUTION RD @ 960,0.00943197556515798,7.275666700344891e-05
WASHINGTON RD @ EIGHTH ST,0.01492645355174443,7.27522445344459e-05
FAIRBURN RD @ BOLTON PL,0.0004138303046494074,7.274998076026563e-05
Central Avenue at Martin Luther King Junior Drive,0.00016904728274867684,7.274425144606806e-05
MEMORIAL DR @ E LAKE TER,0.005716610285616409,7.272229122504427e-05
SWANTON WAY @ W TRINIY PL,0.006960581594477587,7.26863215234812e-05
ROCKBRIDGE RD @ ALLGOOD RD,0.004916637274747805,7.263069471251808e-05
Boggs Rd & Post Office (Main Entrance),0.00174309372079354,7.261836980010517e-05
2ND AVE @ EAST DR,0.0043297575777662385,7.25888448808243e-05
BUFORD HWY @ OAKCLIFF RD,0.004719871959275507,7.255503146191749e-05
Cobb Pkwy at Kenwood Creek,5.0505709914741066e-05,7.254540030246455e-05
STANTON RD @ BAYROSE CIR,0.0020897327141658944,7.252146427333883e-05
CLAIRMONT RD NE @ LAWSON DR,0.0061522087186276836,7.248935915475077e-05
WEST END AVE SW @ ASHBY ST SW,0.00031707968589739666,7.246762499031799e-05
Barrett Pkwy at Prado Ln,0.00050024848078855,7.243962886340722e-05
SHALLOWFORD RD @ 3552,0.017719484743760443,7.243367496538571e-05
GREENBRIAR PKWY SW @ 3378,0.006702392266329528,7.243075716729109e-05
CONLEY RD @ TARA DR,0.00889932217046059,7.241501946621788e-05
CEDAR ST @ N CLARENDON AVE,0.01355411039327772,7.240149198930627e-05
N CENTRAL AVE @ DOGWOOD DR,0.0009591671911256278,7.239416341223741e-05
JOHNSON FERRY RD @ MILL CREEK RD,0.003932704177359375,7.237317633816139e-05
Bells Ferry Rd at Dickson Rd,0.00037571135215274385,7.234088402808912e-05
Button Gwinnett Dr & RUSH Ent (across),0.0028685538911141935,7.234063123445956e-05
Singleton Rd & Sugarwood Ln,0.0016956770916599657,7.22771896080987e-05
CHAMBLEE TUCKER RD @ BRITTS GATE LN,0.002307497692091445,7.22677356712634e-05
HEADLAND DR @ BROAD AVE,0.005780507084631774,7.225992424763024e-05
CASCADE AVE SW @ ALTADENA PL SW,0.01193804941317965,7.225493253120664e-05
8TH ST NE @ CHARLES ALLEN DR NE,0.012735184426187722,7.225186004387014e-05
Peachtree Corners Cir & Corners Ind Cir,0.001659338545327817,7.223560948797279e-05
CASCADE RD @ 4375,0.0051205546491715735,7.21933516683638e-05
ROSWELL RD NE @ LAND O LAKES DR NE,0.002941908146806875,7.215988543629804e-05
PARKLAKE DR NE @ 2175,0.006036185583573467,7.215147405931486e-05
MARTIN L KING JR DR SW @ HAMILTON E HOLMES DR NW,0.012556078609466873,7.214559354618333e-05
FLAT SHOALS RD SE @ 2063,0.001471604606425087,7.213725360520065e-05
Cobb Pkwy at Former Team Nissan,0.0012966226364613607,7.212702031911795e-05
JONESBORO RD @ THURMAN RD,0.007227071876153364,7.210175746088634e-05
PONCE DE LEON  AVE NE @ ARGONNE AVE NE,0.0033341224945614674,7.205284946067104e-05
FAIR ST @ ABBOTT ST,0.0013597585781414635,7.204043256927049e-05
WASHINGTON RD @ CHURCH ST,0.01567293068337071,7.202933594274426e-05
N DECATUR RD @ HAYGOOD DR,0.010087324813739841,7.200941844037598e-05
Windy Hill Rd at The Towers At Wildwood Plaza,0.0,7.199806488006044e-05
PEACHTREE RD @ PEACHTREE BLVD,0.004246557828155258,7.19774082507334e-05
STANTON RD @ HAWTHORNE TRL,0.0009554846416229561,7.197247826799417e-05
Steve Reynolds Blvd & 7 Coffee Shop OB,0.0004984832917707405,7.196748256054313e-05
CANDLER RD @ SALMON AVE SE,0.007225299078562202,7.194406090693371e-05
BENJAMIN E MAYS DR SW @ W MANOR CIR SW,0.0007637181588433337,7.193930127648965e-05
SOUTHLAKE PKWY @ 7188,0.0030833439168588667,7.193710423585515e-05
Fairground St at Glover St,0.0007047821496538813,7.193202797622499e-05
MEMORIAL DR @ 4203,0.005916776633377332,7.189818093768655e-05
CHAMBLEE TUCKER RD @ TUCKER NORCROS,0.002562415333697875,7.187619116630004e-05
Cobb Pkwy at After Barclay Circle,0.0024660451436134957,7.187031388677744e-05
MONROE DR NE @ PONCE DE LEON AVE NE,0.004657770783571361,7.186894444547069e-05
OLD NATIONAL HWY @ 5917,0.004618830105152614,7.186699801801645e-05
County Services Pkwy at Cobb Co Trash Transfer Stn,0.0002680956906531811,7.185172674642554e-05
BEST RD @ RIVERDALE RD,0.00023863529463180757,7.18423120006641e-05
GLENWOOD RD @ COLUMBIA PL,0.00163056292090818,7.181096197922269e-05
Atkinson Rd & Atkinson Park Dr OB,0.0028850340609959846,7.175988672860739e-05
CLEVELAND AVE SW @ METROPOLITAN PKWY SW,0.0026544942884113728,7.174523804008234e-05
BRIARCLIFF RD @ SOUTHLAND VISTA CT,0.003809399637606694,7.17182521021769e-05
ALPHARETTA PKWY @ DEERFIELD PKWY,0.000308086352194591,7.171213587865562e-05
GREENBRIAR PKWY SW @ 3381,0.007057560470430177,7.169143713114048e-05
N Berkeley Lake Road & Wal-Mart,0.0004996702292137504,7.167379365779678e-05
PEACHTREE RD NE @ 4829,0.0023572425446709232,7.166676855885346e-05
RALPH MCGILL BLVD NE @ 697,0.003047499927794639,7.166591932772205e-05
BARGE RD SW @ HIGHWOOD RD SW,0.0035634601125563645,7.164042339736696e-05
JOSEPH E LOWERY BLVD NW @ MAYSON TURNER RD NW,0.001348452238139459,7.157780137206285e-05
CHAMBLEE TUCKER RD @ PARK DR,0.0025353288125625215,7.157398685397282e-05
GLENDALE DR @ 2153,0.0009019811538072798,7.156289749415441e-05
PEACHTREE ST @ 10TH ST,0.01211872259601114,7.152052110197434e-05
HOLDERNESS ST SW @ FAIR ST SW,0.004535120581127007,7.150507416729005e-05
REDAN RD @ SORENSON DR,0.0004039848107311075,7.148426899267204e-05
NORTH POINT PKWY @ 5055,0.0021224724053022503,7.147930737735268e-05
E PONCE DE LEON AVE @ N HAIRSTON RD,0.0018248021900274063,7.14734407083941e-05
LEE ST @ SPRING ST,0.0014889065022289619,7.145021509491307e-05
ROCKBRIDGE RD @ S SUSAN CREEK DR,0.0054020642546454365,7.144796507568481e-05
CHATTAHOOCHEE AVE @ 1391,0.0011787810523758667,7.144307710015543e-05
N DECATUR RD @ 3799,0.002712859654599378,7.1354942839086e-05
Cobb Galleria Pkwy at Cumberland Blvd,8.504863293566973e-05,7.134213194823585e-05
N HAIRSTON RD @ SUMMERVIEW DR,0.004711000362746342,7.131070127500032e-05
IDLEWOOD RD @ IDLEWOOD LN,0.0007596856149664411,7.127611922931606e-05
Hospital Dr @ Professional,3.8042866763137286e-07,7.126450849220933e-05
REDAN RD @ MUIRFIELD DR,0.000505498396401863,7.123838020780431e-05
MORELAND AVE @ EUCLID AVE,0.0017182289030771535,7.121144642293432e-05
SOUTHLAKE PKWY @ BARTON RD,0.0010607872968233201,7.11968330058876e-05
AUSTIN DR @ W AUSTIN RD,0.0007877916849310469,7.119639940577325e-05
CLEVELAND AVE @ SPRINGDALE RD,0.0012728001932942842,7.119326358323001e-05
MAIN ST @ REAGIN ST,0.0015813050170232698,7.118490472139002e-05
W FORREST AVE @ CHENEY ST,0.006398216720838187,7.11802817992324e-05
MT ZION PKWY @ 2256,0.0019171778791016562,7.117406426162501e-05
2ND AVE @ LONGDALE DR,0.007633590341810896,7.115280114360839e-05
DONALD L HOLLOWELL PKWY @ HORTENSE PL,0.0259969886484042,7.109270220704276e-05
JULIETTE RD @ 1551,0.0002023119654463641,7.10735255675968e-05
PHOENIX BLVD @ 1590,0.001280218552313096,7.10497458559951e-05
Old Norcross Rd & Old Norcross Plaza,0.0017576108787503532,7.103853381332963e-05
MOTORS INDUSTRIAL WAY @ 5000,0.008742615993689876,7.101598861550016e-05
ROSWELL RD NE @ 6900,0.0022859349952100987,7.095556074357938e-05
BROWNTOWN RD NW @ 2783,0.0009645997124994038,7.093658296895737e-05
BUFORD HWY NE @ 3799,0.002038192238275196,7.085885005762073e-05
Old Norcrss Rd & Shell Gas Station,0.0025252854957370533,7.083844247930992e-05
MARTIN L KING JR DR NW @ JOSEPH E LOWERY BLVD NW,0.013569662317210492,7.080935191105172e-05
CLAIREMONT AVE @ LAMONT DR,0.006950211108997956,7.078602206420109e-05
MEMORIAL DR SE @ GREEN AVE SE,0.007666155035760142,7.07341224790489e-05
SR 85 @ WARREN DR,0.002329197343293138,7.072114428537143e-05
METROPOLITAN PKWY SW @ MARY ST SW,0.0020375911609803385,7.069808471932626e-05
PONCE DE LEON AVE NE @ BARNETT ST NE,0.004500775481013246,7.069546735733392e-05
Breckinridge Blvd & Marcos Pizza OB,0.003481759251895851,7.069179815257167e-05
SR 42 @ BURKSHIRE RD,0.0020420193506715677,7.06855583873854e-05
PEACHTREE ST SW @ MITCHELL ST SW,0.007403362520733743,7.068058723999363e-05
STONE RD @ DODSON DR CONNECTOR,0.0006762956510216442,7.06797315389667e-05
MINOLA DR @ 5075,0.0002158400088673357,7.067130591798372e-05
FLAT SHOALS RD @ REXFORD DR,0.000535826169785436,7.063496411876174e-05
HANK AARON DR @ RALPH D ABERNATHY BLVD,0.0009164070088838615,7.061221131589464e-05
WOODLAND AVE SE @ WOODLAND CIR SE,0.00046206865970506547,7.060785254978959e-05
NORTH POINT PKWY @ 7731,0.0066858055764207995,7.055601937250853e-05
BEST RD @ T OWEN SMITH BLVD,0.00042658227358841104,7.055528515504873e-05
ROSWELL RD @ PITTS RD,0.00045341010322977543,7.053908159702419e-05
LENOX RD NE @ 3071,0.0018701568957824185,7.052283164534947e-05
W MOUNTAIN ST @ PINE ROC WAY,0.0005966338880196347,7.048323511387494e-05
BOLTON RD NW @ FAIRBURN CIR NW,0.0021098878249770046,7.042213607994649e-05
CHAMBLEE TUCKER RD @ TUCKER NORCROSS RD,0.0027902464541689517,7.041742627365555e-05
Hurt Rd at Settlers Walk Way,0.0004729337024526175,7.041527239123624e-05
UTOY CIR SW @ DOLLAR MILL WAY,0.0009099245043874229,7.037135453674029e-05
S STONE MOUNTAIN LITHONIA RD @ SHADOW ROCK DR,0.002626198004112951,7.034063768595746e-05
WASHINGTON AVE @ EIGHTH ST,0.019428492055934214,7.031936770962577e-05
SURREY TRL @ MONTILLY CIR N,0.00039266325358239783,7.028967956199381e-05
Civic Center Station (SB),0.0002486938286039811,7.028371704739107e-05
MT ZION PKWY @ WAGON WHEEL CT,0.0016156044656969143,7.028293675211304e-05
JOHNSON FERRY RD @ DONALDSON DR,0.0029373810456620616,7.027355285833979e-05
FLOWERS RD S @ MERCER UNIVERSITY DR,0.0013138484465317095,7.027174327446111e-05
Cobb Pkwy at After Cumberland Pt Dr,0.001336689383736297,7.025725729670426e-05
COLLIER DR NW @ COLLIER CT,0.005946815280973505,7.021356693788718e-05
Hillcrest Dr SE at Bridgewood Dr,0.000335903296371797,7.01701551602786e-05
SCOTT ST SW @ WILKINS LN SW,0.00055755625528054,7.014403925522647e-05
HOWELL MILL RD @ HOWELL MILL PLANTATION,0.0024219002010215512,7.01247917101405e-05
COOPER ST @ GLENN ST,0.0029614621803231273,7.010226600983379e-05
ROOSEVELT HWY @ THOMPSON DR,0.0047914838516704365,7.00691970760497e-05
COVINGTON HWY @ 6038,0.0036979416465640546,7.006911002886487e-05
Pryor St at Garnett St,0.0002316049728539798,7.005342301925438e-05
STONE RD @ DODSON DR CONN,0.0005746451110305414,7.005188855398217e-05
Satellite Blvd & The Eclipse Apts OB,0.0035872749471500885,7.003813618384728e-05
DELOWE STANTON ACCESS RD @ STANTON RD,0.00013127832462623415,7.003544950205201e-05
Union City Park and Ride,0.00012716969501581533,7.000092015391589e-05
ALPHARETTA HWY @ UPPER HEMBREE RD,0.002721130173833684,6.998223086807946e-05
CASCADE RD SW @ SHANTER TRL SW,0.004953972544189148,6.993984323683288e-05
FLAT SHOALS RD @ ABERCORN ST,0.0018739535738853796,6.988257443132475e-05
DONALD L HOLLOWELL PKWY @ HALL ST NW,0.016851072615584956,6.986599132801556e-05
FLAT SHOALS RD @ 3424,0.0031153455763800178,6.980928511733132e-05
METROPOLITAN PKWY @ OLD JONESBORO RD,0.002118637684332526,6.97990833290982e-05
N INDIAN CREEK DR @ 449,0.0068658168133706125,6.976239395229577e-05
ALISON CT @ MYRTLE DR SW,0.0015951145776582885,6.973524818912436e-05
JOSEPH E BOONE BLVD NW @  HAMILTON E HOLMES DR NW,0.0011995448490551871,6.972357228507077e-05
S INDIAN CREEK DR @ CREEK CT,0.00040441089083885463,6.971007100093601e-05
FLINTWOOD DR SE @ ROCKCLIFF RD SE,0.0010109511413636102,6.970237978043284e-05
WOODLAND AVE NE @ 1155,0.0007078255789949323,6.969095263740588e-05
SULLIVAN RD @2301,0.0003261338881870233,6.964223241183324e-05
MIDWAY RD @ COVINGTON DR,0.012223157873849306,6.963222558020567e-05
BENJAMIN E MAYS DR @ BOB WHITE DR,0.010747688112161083,6.961401146704967e-05
CAPITOL AVE SE @ POLLARD BLVD SW,0.010889009753612787,6.959967882394208e-05
DUNWOODY PL @ NORTHRIDGE PKWY,0.0062651275557540275,6.959803519542908e-05
E PONCE DE LEON AVE @ WETHERBURN DR,0.0007240774916761446,6.958189463743465e-05
HENDERSON MILL RD @ BRIARCLIFF WAY,0.0017387872682759528,6.954998335459505e-05
HENDRIX AVE SW @ PRYOR ST,0.0007550291680746331,6.952878089920468e-05
MT ZION RD @ MERCHANTS WAY,0.0003235774075405405,6.950032495221483e-05
VALLEY BROOK RD @ 923,0.0037953998626378597,6.94796319509996e-05
S HAIRSTON RD @ 615,0.0010188031890635218,6.944145031972482e-05
REDAN RD @ BENTLEY WOODS LANE,0.003013900467869436,6.941651914663521e-05
Cherokee St at Forest Ave,0.00046779030686624134,6.94158094751403e-05
TARA BLVD @ FLICKER RD,0.002721130173833684,6.939892100546387e-05
LAVISTA RD @ BRIARLAKE CIR,0.00286118879210885,6.936862398164358e-05
Interstate N Pkwy at Windy Ridge Pkwy SE / Cobb Ch,0.0002301897782103911,6.934932779764188e-05
LEE ST @ RALPH DAVID ABERNATH BLVD,0.0005597551329794494,6.933845738600213e-05
N PEACHTREE RD @ 3930,0.004992471925353443,6.932865432110671e-05
JOHNSON FERRY RD NE @ OLD JOHNSON FERRY RD NE,0.003472385489525414,6.931116116555203e-05
LINKWOOD RD NW @ TRIBBLE LN NW,0.005460429620833442,6.930839591023119e-05
PEACHTREE RD @ PALISADES RD,0.007907072902397737,6.928395084212553e-05
Austell Rd at Amy Ln,0.0024445280981722655,6.927106738649486e-05
OLD DIXIE RD @ BARNETT RD,0.011616008937456339,6.926188769469283e-05
LAWRENCEVILLE HWY @ 2505,0.006647100763775984,6.926188591277273e-05
JACKSON ST SE @ DECATUR ST SE,0.010074801102001416,6.921914124396236e-05
Stone Mountain Park and Ride,8.506385008237497e-05,6.918415396272537e-05
COVINGTON HWY @ CHUPP RD,0.0015188918898116667,6.917194709878586e-05
PERRY BLVD NW @ 2221,0.0004349212699828907,6.91635462289887e-05
FAIRLEE DR @ CONWAY RD,0.002020380568056695,6.913712111281295e-05
CLAYTON DR NE @ ARMOUR DR NE,0.0007078255789949323,6.912515681056963e-05
ROOSEVELT HWY @ 4285,0.005933728534806986,6.908005142290777e-05
WESLEY CHAPEL RD @ COVINGTON HWY,0.001236842075629767,6.90659375195769e-05
VALLEY HILL RD @ HEATHROW DR,0.0008420560300819859,6.90245395136219e-05
RIVERDALE RD @ SHOREHAM DR,0.001840148682479656,6.898131863327159e-05
Peachtree St at Renaissance Pkwy,0.00010781348440673107,6.895539068156588e-05
COVINGTON HWY @ PORTER RD,0.011265748263168134,6.895405585469379e-05
FULTON INDUSTRIAL BLVD SW @ CASCADE RD SW,0.0008095522047195615,6.883281720134507e-05
N MAIN ST @ 379,0.0009314872012687691,6.876706515557772e-05
Hurt Rd SW at Mallard Glen,2.1273571093946372e-05,6.873602376302219e-05
ROOSEVELT HWY @ 6737,0.0017158854624845443,6.872321303530995e-05
Hurt Rd at Creek Forest Ln,0.0003055603058415187,6.866737330172944e-05
JONESBORO RD @ MARIE ST,0.007148049233312976,6.86621896902837e-05
Cumberland Blvd at Magnolia Vinings Apts,8.973551412088823e-05,6.860495122423918e-05
ATLANTA ST @ PRINCETON DR,0.002048897500982343,6.857836022411126e-05
S STONE MOUNTAIN LITHONIA RD @ 2270,0.0020477942578462117,6.854265205522116e-05
SHALLOWFORD RD @ PEACHFORD RD,0.002609040671202776,6.851161111193395e-05
MARTIN L KING JR DR SW @ 2950,0.008311285970329424,6.849973155017499e-05
MEADOWLANE DR SW @ 2160,0.002440282514241499,6.847283176344794e-05
RIVERDALE RD @ POPLAR SPRINGS RD,0.0006552046856881609,6.846066234949363e-05
HUMPHRIES ST @ RALPH D ABERNATHY BLVD,0.004884559529493127,6.845075552373977e-05
15TH ST NE @ ARTS CENTER WAY NE,0.025252116925755328,6.843366567168997e-05
WILKINS LN SW @ SCOTT ST SW,0.0005293893167291132,6.837353004917751e-05
ROOSEVELT HWY @ YATES RD,0.001243377840139674,6.827933532826852e-05
MARTIN L KING JR DR SW @ OLD GORDON RD,0.0036632085092093104,6.82667111605061e-05
DONALD L HOLLOWELL PKWY @ JAMES P BRAWLEY DR,0.0021054139838456594,6.824635679805654e-05
PIERCE DR @ PEACHTREE INDUSTRIAL BLVD,0.00010166575713780808,6.824035449161767e-05
N ROYAL ATLANTA DR @ 4707,0.0022743775722874576,6.8240191127559e-05
MEMORIAL DR SE @ HOWELL DR SE,0.007711776041582496,6.818842172945135e-05
MONTREAL RD @ 1846,0.0019372645127525927,6.81493678986755e-05
Vaughn Rd at Barrett Corners Dr,0.00010825478166118346,6.809601433266642e-05
Peachtree Center Ave at John Wesley Dobbs Ave,0.0011995372404818344,6.809478769900356e-05
ALPHARETTA HWY @ 11450,0.003121919383756688,6.808785418694282e-05
Peachtree-Dunwoody Rd at Concourse Pkwy,4.2562359334597996e-05,6.805232567974725e-05
MT ZION RD @ MARKET PL,0.0008231309719628839,6.795777787948478e-05
ROOSEVELT HWY @ BEVERLY ENGRAM PKWY,0.004558737592813562,6.795474816965292e-05
HIGHTOWER RD NW @ CENTER ST NW,0.002051012684374373,6.795250193419527e-05
Old Norcross Rd at Gwinnett Clinic,0.00041752807129878433,6.794999515508991e-05
N PEACHTREE RD @ TILLY MILL RD,0.0018240337241187908,6.794877138226741e-05
N DECATUR RD NE @ CLIFTON RD,0.0065922581670502444,6.794732835346291e-05
GRESHAM RD SE @ BOULDERVIEW RD SE,0.004962250671996807,6.794029538777048e-05
LANGSTON AVE @ DECKNER AVE,0.027382433770184136,6.790150659025693e-05
TARA BLVD @ PARKWOOD WAY,0.010290945453802857,6.789045548052141e-05
AJAX DR NW @ MCCALLIE BLVD NW,0.0004556622409421532,6.787297226754091e-05
FLAT SHOALS RD @ 3650,0.00013391089100624326,6.787287184032463e-05
ATLANTA IND PKWY @ 3201,0.0010109511413636102,6.785400243792122e-05
CHAMBLEE TUCKER RD @ 2331,0.003496078586945496,6.781294965319364e-05
HOSEA L WILLIAMS DR @ KIRKWOOD RD,0.0019174365705956456,6.778820967704288e-05
S Cobb Dr at Harmony Meadows Apts,0.0004328365208842708,6.774552480643518e-05
Check Point 3,0.0001378597405762569,6.773358999152277e-05
Atlanta St at S Marietta Pkwy,0.0027695207003563945,6.771668978999861e-05
BOULDERCREST RD @ MANOR PL,0.006298265428895837,6.769520369641559e-05
CHAMBLEE TUCKER RD @ N EMBRY CIR,0.007381419395184764,6.76841798813188e-05
BOULEVARD SE @ EDGEWOOD AVE SE,0.0005618322735047168,6.766377487108846e-05
DEERFIELD PKWY @ N PARK LN,0.0004961094168847208,6.765854340100853e-05
AUSTIN DR @ AUSTIN MEADOWS DR,0.001086565143342022,6.76533124380797e-05
Windy Hill Rd at Chris Volvo,0.00024638082230478235,6.765043980680631e-05
SULLIVAN RD @ 2301,0.0005140808671436267,6.762269155970226e-05
HENRY THOMAS DR SE @ THOMASVILLE BLVD SE,0.002399911424032458,6.761266783655143e-05
W MARIETTA ST NW @ JOSEPH E LOWERY BLVD NW,0.002609185234096476,6.758700183653917e-05
WILLINGHAM DR @ NORMAN BERRY DR,0.023185838907044464,6.755635476247088e-05
Windy Hill Rd at Wakita Dr,0.0003807177934187727,6.75435939339973e-05
ROSWELL RD NE @ ABERNATHY RD,0.0031734598596473863,6.752171935363797e-05
PLAINVILLE DR @ PLAINVILLE PL,0.0008088369988244145,6.750394390879117e-05
CONNALLY DR @ NORMAN BERRY DR,0.00048769433475671475,6.746459930483613e-05
OLD DIXIE RD @ CONLEY RD,0.004796170732855654,6.746163856246874e-05
MCAFEE RD @ ROSEWOOD RD,0.01064918498534685,6.745134468253629e-05
HUGH HOWELL RD @ 4647,0.000743798913806155,6.74173238769957e-05
RIVER RD @ GRAY BIRCH DR,0.002721130173833684,6.738319453056825e-05
JOHNSON RD NE @ BEECH VALLEY RD,0.003307644659294324,6.737125281859989e-05
POWERS FERRY RD NW @ MT VERNON HWY NW,0.0013131028063431518,6.736601193892433e-05
NORTH POINT PWKY @ 6499,0.006195950406831938,6.73525731764286e-05
COVINGTON HWY @ SWIFT ST,0.001186351582861731,6.732152902145554e-05
CLEVELAND AVE SE @ 365,0.002850673743735519,6.73076009631433e-05
W FAIRINGTON PKWY @ TURNBERRY PL,0.0010105250612558632,6.730542792415655e-05
MT GILEAD RD SW @ DALE LN,0.0025028249872000967,6.729198298174962e-05
SHAMROCK DR @ IRISH LN,0.0010300486604787051,6.725703931973612e-05
MORELAND AVE SE @ WOODLAND AVE SE,0.01017709076215414,6.723443413629522e-05
GLENWOOD RD @ LINDSEY DR,0.0024557583524407434,6.721671102270788e-05
JONESBORO RD SE @ GAMMON AVE SE,0.000958938933925049,6.713703087410001e-05
BUFORD HWY NE @ 5280,0.0038045149335143077,6.71031397459561e-05
WESLEY CHAPEL RD @ RIVERWOOD CIR,0.007670989016030178,6.708960372981147e-05
Mableton Pkwy at South Gordon Rd,0.00048067923012559227,6.705069905120823e-05
PONCE DE LEON AVE NE @ MONROE DR NE,0.00039630015164495374,6.703142936049364e-05
VIRGINIA AVE NE @ 660,0.014218414932695624,6.695275122793455e-05
BOULDERCREST RD @ IVY TRACE LN,0.005772594168345042,6.694646365387478e-05
FLAT SHOALS AVE SE @ CLOVERDALE DR SE,0.00728219599009315,6.688875426549586e-05
Franklin Gateway Se at Kingston Ct,0.0007332077796992976,6.68832962535316e-05
ASHFORD DUNWOODY RD @ MT VERNON RD,0.0010287704201554638,6.687858663337933e-05
NORTHSIDE DR @ DONALD L HOLLOWELL PKWY,0.0024426716062742244,6.684422682800266e-05
Cumberland Blvd at S Cobb Dr,9.299198351581278e-05,6.675497540292121e-05
Floyd Rd at Nickajack Rd,0.0014048165495357233,6.674829972114553e-05
CLAIREMONT AVE @ 441,0.0056084468068354565,6.673935706195162e-05
MCDONOUGH BLVD SE @ FUNSTON AVE SE,0.002704132620963914,6.669258062233808e-05
N DECATUR RD @ N SUPERIOR AVE,0.009746810721916351,6.667893073110929e-05
PANTHERSVILLE RD @ FORK CREEK CHURCH RD,0.006570875539738244,6.667716748856337e-05
W COLLEGE AVE @ DREXEL AVE,0.006576318205876491,6.664672865048992e-05
CLIFTON SPRINGS RD @ TARIAN DR,0.0022862849895843194,6.663545220318239e-05
LUCILE AVE @ HOLDERNESS ST,0.00979655557449583,6.66142591723719e-05
N PEACHTREE RD @ N HILL PKWY,0.004921012204425566,6.658666443927992e-05
FULTON INDUSTRIAL BLVD @ COMMERCE DR (N),0.002954500335705473,6.656053342405182e-05
N HIGHLAND AVE NE @ MCLYNN AVE NE,0.009172911251074368,6.651196799701398e-05
DEKALB INDUSTRIAL WAY @ N ARCADIA AVE,0.007133920112597146,6.650736971199494e-05
BULL RUN DR @ NORGATE LN,0.002046325803189155,6.647983483293699e-05
Hewatt Rd Park and Ride,4.2562359334597996e-05,6.647166511631578e-05
HOSEA L WILLIAMS DR @ WARREN ST NE,0.001515171297442232,6.646537971823614e-05
JONESBORO RD SE @ 2961,0.01211298573170326,6.639693885661553e-05
PARKLAKE DR @ LAVISTA RD,0.0013665302084253019,6.639342478215346e-05
MT ZION PKWY @ CARRINGTON PARK,0.0016156044656969143,6.637101797784333e-05
FAIRINGTON RD @ FAIRINGTON PKWY,0.00026313490082726797,6.630414051142901e-05
BOULDERCREST DR SE @ MARY DELL DR SE,0.004763474156968296,6.629158596072014e-05
FOREST PKWY @ 1193,0.022173348297672504,6.628498050811263e-05
MORRIS RD @ 13300,0.0015118539594604864,6.628039645423501e-05
UPPER RIVERDALE RD @ 276,0.0013480261580317118,6.62752381090599e-05
CLAYTON TRANSITIONAL CENTER,0.0002023119654463641,6.625334666539973e-05
NORTHSIDE DR @ 17TH ST,0.0018235543839975753,6.618554334103595e-05
MARIETTA ST NW @ TED TURNER DR,0.0020452682114931397,6.617532675598716e-05
SOUTH FULTON PARK & RIDE,0.0007007800400703994,6.616302702820332e-05
FAIRBURN RD @ WELCOME ALL RD,0.0013064376960862502,6.615562829590122e-05
SR 9 @ WINDWARD PKWY,2.1669216908283e-05,6.60971128206918e-05
JOSEPH E LOWERY BLVD NW @ MAGNOLIA ST NW,0.0025990658315374815,6.609555980140606e-05
N PEACHTREE RD @ FOREST TRL,0.0017157028567240812,6.609257236597763e-05
MALL PKWY @ 8455,0.0004350506157298854,6.602999120053098e-05
JOSEPH E LOWERY BLVD @ OAK ST SW,0.014310524321702532,6.600861768037014e-05
Cobb Pkwy at 2330 Cobb Apartment Homes,3.601898625133838e-05,6.600398669308193e-05
CARRIAGE LANE @ OCEAN VALLEY DR,0.0004972050514474991,6.598099524724118e-05
S Marietta Pkwy at Cobb Pkwy,0.0007156167581080228,6.597868546327824e-05
MILTON AVE SE @ LAKEWOOD AVE SE,0.0064222065526190215,6.597060113417063e-05
WOODLAND HILLS DR NE @ COUNTRY LN,0.005242885291535118,6.596832748505176e-05
BRIARCLIFF RD NE @ HOPKINS TER NE,0.0037617851855659516,6.594998395712055e-05
SNAPFINGER WOODS DR @ 5330,0.0037302400404459583,6.591674287923459e-05
ASTOR AVE @ ARROW ST,0.015052147183529836,6.589454331525748e-05
UNITED AVE @ HOME AVE SE,0.005080046604642185,6.588168154228954e-05
BARGE RD SW @ 2440,0.0035245955198711433,6.58668586501656e-05
FAIRLANE DR @ 3523,0.0028242111256150805,6.586481246890539e-05
MAIN ST @ W CLEVELAND AVE,0.007491979574571794,6.583333640536719e-05
MAIN ST @ E MOUNTAIN ST,0.00010872651320904636,6.583175073553274e-05
RIVERDALE RD @ 6045,0.0010511244086654832,6.577187039920607e-05
LAVISTA RD @ 3825,0.0035009480738911773,6.5746295272485e-05
DESERT DR @ 3140,0.0022262685629787942,6.571817676484458e-05
SNAPFINGER RD @ NORTHSTRAND DR,0.006542287593461305,6.571034803844395e-05
Vaughn Rd at Cobb Pkwy,0.00020199240536555375,6.566804454067801e-05
HUTCHENS RD SE @ 852,0.008898393924511569,6.564120349041087e-05
NORTHSIDE DR NW @ IVAN ALLEN JR BLVD NW,0.0025300332455090928,6.556736874001127e-05
PARKWAY DR @ HIGHLAND AVE,0.009321947985905635,6.555484174135219e-05
HIGHTOWER RD @ HOLLYWOOD RD,0.0018530604314590646,6.551498839476043e-05
N DECATUR RD @ LANTERN WOOD DR,0.0031432538234374553,6.54961974903828e-05
Hillcrest Dr SE at Shenandoah Trail,0.0003354011305305236,6.542870519308693e-05
WELCOME ALL RD @ SCARBOROUGH RD,0.0008091261246118143,6.5418732539214e-05
Cumberland Blvd at Magnolia Apts,0.00016831685970682462,6.540210430514192e-05
MOUNTAIN INDUSTRIAL BLVD @ 2037,0.00233525376768183,6.539347400830853e-05
COVINGTON HWY @ 7295,0.0018085807116396046,6.532506004073153e-05
NORMAN BEERY DR @ CALHOUN AVE,4.244062216095596e-05,6.532183576799442e-05
BRIARWOOD RD NE @ LIMEHURST DR,0.002057099543056475,6.532162757530771e-05
OAKLEY RD @ OAKLEY COMMONS BLVD,0.00033561417058439717,6.526142499810471e-05
PRINCETON LAKES PKWY @ 3725,0.0012657318286496933,6.520591298360577e-05
REDAN RD @ DURAN FARMS DR,0.0027200421478442583,6.517166369919959e-05
PARK AVE @ 3725,0.00482665067770628,6.516291580413458e-05
GEORGIA AVE @ HANK AARON DR,0.008459196636304503,6.51431092794728e-05
MIDWAY RD @ PEACHCREST RD,0.011493845683706552,6.513095619851206e-05
JONESBORO RD @ WATTS RD,0.007943708183090639,6.512583408943088e-05
JONESBORO RD @ WESTWOOD WAY,0.0071180638457302705,6.512256537896442e-05
W LAKE AVE NW @ CARLISLE ST NW,0.00867660401128248,6.510577495332849e-05
MARIETTA BLVD @ 1650,0.0023132497735460313,6.510451140107575e-05
ENGLEWOOD AVE @ HILL ST,0.007665432221291643,6.50838422125409e-05
GRESHAM RD SE @ PARKER RANCH RD SE,0.005123750249979677,6.501874975080275e-05
LINKWOOD RD @ LINKWOOD PL,0.0006592980981518744,6.501197091532502e-05
E PONCE DE LEON AVE @ SMITH ST,0.0017015585188615468,6.498012149748322e-05
FLAT SHOALS RD @ DODSON RD,0.0007008028657904573,6.497149283672542e-05
RAINBOW DR @ SLUMBER TRL,0.015939989071856817,6.496914804394208e-05
FLAT SHOALS AVE @ CLOVERDALE DR,0.0073002181641744065,6.493145264581217e-05
ALPHARETTA ST @ HOUZE RD,0.0003891633098401892,6.492095069970204e-05
NORTH POINT PKWY @ GEORGIA LANE,0.002619007902294718,6.488778289646745e-05
Cumberland Pkwy at The Pointe at Vinings,0.0003443335956465082,6.485390236922009e-05
N HIGHLAND AVE N @ VIRGINIA AVE,0.0067806920947014165,6.483712551971112e-05
S Cobb Dr at Harmony Meadows Apartments,0.0005118287294312491,6.481498515751671e-05
TARA BLVD @ DIXON ST,0.004452308868757009,6.480695508780549e-05
MANSELL RD @ DUKE DR,0.0017955320083398484,6.480028734256836e-05
EVANS MILL RD @ 2746,0.0008052305350552691,6.478638040004027e-05
CONLEY RD @ CAMELIA TRL,0.0034482510948508796,6.478623707558144e-05
E ROCK SPRINGS RD @ ROCK SPRINGS CR,0.004718913279033075,6.478005022456614e-05
LUCKIE ST @ MILLS ST,0.0019806029465691587,6.47565190331793e-05
SHAMROCK DR @ KENNARD LN,0.0008149238575065165,6.474557366180884e-05
N DECATUR RD @ CREEKVIEW CT,0.002823305705386118,6.472306344150105e-05
NORTH AVE NE @ HUNT ST NE,0.004509601426102294,6.466472779033545e-05
Cobb Pkwy at Elizabeth Church Rd,7.012061201781464e-05,6.46534176054995e-05
UNITED AVE @ AVONDALE AVE,0.00493199898434676,6.464562776346407e-05
E PONCE DE LEON AVE @ CHURCH ST,0.0016074252493428398,6.461702510734342e-05
DEKALB AVE NE @ DEGRESS AVE NE,0.0007072168931267222,6.459792137952222e-05
Lakes Pkwy @ 1760 Apt Homes OB,0.00033855107989851134,6.458787532972168e-05
HENDERSON MILL @ 3208,0.0026059515904216096,6.45357640641382e-05
VALLEY VIEW RD SE @ 1086,0.008172847978178367,6.449308237031143e-05
MEMORIAL DR @ 5405,0.008904097818334924,6.449018447323118e-05
N DECATUR RD NE @ HAYGOOD DR NE,0.005872920816572787,6.44842845888454e-05
BOLTON RD NW @ BARNETT DR NW,0.0019080780253719139,6.447720067371702e-05
PLEASANTDALE RD @ 3680,0.003126088881953928,6.446443984991232e-05
Thornton Rd at Westfork Blvd,0.00021208137363113775,6.445371374053902e-05
MEMORIAL DR SE @ LAMON AVE SE,0.004617376867642262,6.44340113044816e-05
FLAT SHOALS RD @ 3060,0.0003127123647929885,6.442570114136194e-05
Boggs Rd @ St. Andrews Church OB,0.0001486106547235195,6.439685194010596e-05
MAIN ST @ 3647,0.013069877959396452,6.435365348245985e-05
MORRIS RD @ 13560,0.0013904667801926678,6.433839281780325e-05
CAMPBELLTON RD SW @ STAR MIST DR,0.009282779050286308,6.431375659401424e-05
N DRUID HILLS RD @ W DRUID HILLS DR,0.007698887118323145,6.427832463813346e-05
Austell Rd at Roberta Cir Ext,0.0003247339106901399,6.42767354212125e-05
FORSYTH ST SW @ MITCHELL ST SW,0.05161005629400817,6.426708089484322e-05
S WESTPARK DR @ GWALTNEY DR,0.000656528577451518,6.42466470753289e-05
COLUMBIA DR @ HOMERA PL,0.002934200662000663,6.422810853769863e-05
Austell Rd at Lowes,0.00044631891286512666,6.422632072268192e-05
FOX ST @ PAINES AVE,0.0008170923009120153,6.411968973545358e-05
CANDLER RD @ OUSLEY CT,0.00530419517561059,6.407786708563921e-05
MEMORIAL DR @ 5400,0.011461471204091123,6.402749134569563e-05
REDAN RD @ KEMPER PL,0.00011431120604987493,6.402495564393726e-05
S INDIAN CREEK DR @ COLONY EAST DR,0.0008778011076926298,6.401174147579292e-05
KIMBERLY RD SW @ CASCADE RD SW,0.0002023119654463641,6.400882607091007e-05
COLUMBIA DR @ COLUMBIA PL,0.00855037777936239,6.395020281880909e-05
HENRY THOMAS DR SE (E) @ MCDONOUGH BLVD SE,0.004610300894424319,6.386985347254365e-05
LONDONDERRY WAY @ LANCASTER LN,0.0028738114153008592,6.386690932545673e-05
MARIETTA ST NW @ HAMPTON ST NW,0.0018570853667626045,6.386025623207217e-05
JOSEPH E BOONE BLVD @ FLOWERS PL,0.0015037432202665854,6.383394906031024e-05
ROCKBRIDGE RD @ MARTIN RD,0.004373423180236968,6.382023689687852e-05
LAVISTA RD @ BONANZA DR,0.002510950943540703,6.380692343151903e-05
JOHNSON FERRY RD NE @ GLENRIDGE DR NE,0.012177377087986547,6.371725389631349e-05
JONESBORO RD @ COMMERCE RD,0.0016520495320559998,6.37150697849808e-05
JOSEPH E LOWERY BLVD @ ATLANTA STUDENT MOVEMENT BLVD,0.003470787689121362,6.370767387391384e-05
N HIGHLAND AVE NE @ HUDSON DR NE,0.0073570339175895935,6.363431240661393e-05
N DECATUR RD @ WASH LIVELY CIR,0.002835456597030264,6.362909103003117e-05
CASCADE AVE SW @ RICHLAND RD,0.01193804941317965,6.35812480093652e-05
Breckinridge Blvd & Kia Building,0.0017430785036468346,6.35696086712952e-05
2ND AVE @ 2319,0.0043297575777662385,6.352856174645726e-05
JONESBORO RD @ 3565,0.005522568839404351,6.351546978332254e-05
CHUPP RD @ COVINGTON HWY,0.0012181858537691243,6.347759227624213e-05
SOUTHLAKE PKWY @ MARQUIS WAY,0.0030833439168588667,6.3476155683633e-05
E WASHINGTON AVE @ RANDALL ST,0.0008676208365468142,6.346629388889665e-05
CLAIRMONT RD NE @ NEW PEACHTREE RD,0.0061522087186276836,6.3452874352335e-05
EVA DAVIS WAY SE @ MEMORIAL DR,0.006096065055858645,6.342659225783748e-05
SNAPFINGER WOODS DR @ SNAPFINGER RD,0.006579820685809817,6.330011874836469e-05
Cobb Pkwy at Seminole Dr,0.00013155223326692875,6.324558725952108e-05
Cobb Pkwy at Herodian Way,5.049049276803581e-05,6.32422235311125e-05
Bells Ferry Rd at Adair Dr,0.0003756961350060386,6.324200048003122e-05
MARTIN L KING JR DR NW @ FLORIDA AVE SW,0.012556078609466873,6.32376582739179e-05
Button Gwinnett Dr & Omega Dr OB,0.002868538673967488,6.323321050752233e-05
Spring Rd at Cumberland Blvd,0.00048524437413716875,6.322030471440579e-05
PEACHTREE INDUSTRIAL BLVD @ JOHNSON FERRY RD,0.004246557828155258,6.320086281391875e-05
Bells Ferry Rd at Highoak Dr,0.0005002332636418448,6.31890251638572e-05
PRYOR RD SW @ PRYOR CIR SW,0.001247501686896798,6.316954260706738e-05
GREER CIR @ MOUNTAIN INDUSTRIAL BLVD,0.001607706766556887,6.314802224203966e-05
JOHNSON FERRY RD @ HAMPTON HALL WAY,0.003932704177359375,6.314262868164487e-05
Peachtree Corners Cir & Jones Mill Ct,0.0016593233281811117,6.310417739095208e-05
PONCE DE LEON AVE NE @ MYRTLE ST NE,0.0033341224945614674,6.308759557332525e-05
WASHINGTON RD @ 4555,0.009384764367504926,6.308628050910532e-05
Cobb Pkwy at Life's Way,0.0012966074193146554,6.306494777597186e-05
RALPH MCGILL BLVD NE @ WILLOUGHBY WAY,0.003047499927794639,6.304281458105105e-05
PEACHTREE RD @ CHAMBLEE DUNWOODY WAY,0.0004561644067834266,6.300798151052939e-05
PIEDMONT AVE NE @ THE PRADO,0.003927522738906236,6.297967122636213e-05
METROPOLITAN PKWY SW @ MANFORD RD SW,0.0011391251680619725,6.296664493178821e-05
OLD DIXIE RD @ CHARLES W GRANT PKWY,0.00020651189793701445,6.288255718427967e-05
WASHINGTON RD @ EAST POINT ST,0.01567293068337071,6.288109920505787e-05
SYLVAN RD SW @ LANGSTON AVE SW,0.0002459623507703878,6.287702453372455e-05
ROSWELL RD NE @ SHELDON DR NE,0.002941908146806875,6.28646784322966e-05
MEMORIAL DR @ 5615,0.008649499736809303,6.27655482861046e-05
LLOYD RD @ WILLIAMSBURG DR,0.0012147848214805,6.274336094438821e-05
OLD NATIONAL HWY @ 5615,0.003961175458844907,6.273929868399789e-05
CHAMBLEE TUCKER RD @ HANNAH RD,0.0025353288125625215,6.272256821406198e-05
CLAIRMONT RD @ SOUTHERN LN,0.0052546101030715164,6.271993805800084e-05
N HIGHLAND AVE NE @ HIGHLAND VW NE,0.007153930660514556,6.270644838823163e-05
Jonesboro Park and Ride,4.2562359334597996e-05,6.26942561603776e-05
SYLVAN RD @ 3032,0.001647043090789971,6.268932827305584e-05
MCDONOUGH BLVD @ WELCH ST,0.0025725347362568697,6.26402726926341e-05
ROOSEVELT HWY @ VILLAGE CENTER BLVD,0.0023203105296172692,6.263084800380331e-05
SR 138 @ N MAIN ST SE,0.0003170949030441019,6.262777774602909e-05
PEACHTREE RD NE @ REDDING RD NE,0.0023572425446709232,6.256822360071494e-05
MAIN ST @ HARRIS AVE,0.0004045174108657914,6.247610811334373e-05
Cobb Pkwy at Barclay Cir,0.0024660299264667907,6.244069164915403e-05
Akers Mill Road at Cumberland Boulevard,0.0,6.238835262400259e-05
W MOUNTAIN ST @ 5100,0.0006143314296378462,6.235328328930926e-05
CANDLER RD @ DAWES AVE,0.007225299078562202,6.235196150394015e-05
COVINGTON HWY @ 3952,0.007035898862095246,6.230606182472311e-05
PANTHERSVILLE RD @ OAKVALE RD,0.008766050399615968,6.226553734748403e-05
BARGE RD SW @ DALE LN SW,0.0035634601125563645,6.224500444462064e-05
ROSWELL RD NE @ 6940,0.0022859349952100987,6.220331598900429e-05
RAINBOW DR @ CANDLER RD,0.03332514549392945,6.2186505639956e-05
MILLER RD @ SNAPFINGER WOODS DR,0.004443384012214377,6.216684806015688e-05
REDAN RD @ FIELDGREEN DR,0.000505498396401863,6.214779207283552e-05
GLENDALE DR @ 2095,0.0009019811538072798,6.207197308506117e-05
CLAIRMONT RD @ N WILLIAMSBURG DR,0.00490825262691321,6.199815542219433e-05
NORTH POINT PKWY @ GREAT OAKS WAY (S),0.0021224724053022503,6.194881362028518e-05
Cumberland Blvd at Walton Riverwood Ln SE / First,8.503341578896447e-05,6.188973439204905e-05
HENRY THOMAS DR SE (E) @ KIPLING ST SE,0.0013277721357670177,6.179678457554997e-05
S INDIAN CREEK DR @ CROSSINGS WAY,0.00022194208469614293,6.177011735572994e-05
Old Norcross Rd & Sweetwater Rd IB,0.001757595661603648,6.176835210654205e-05
NORTH DEKALB HEALTH CENTER,0.0,6.176059231520039e-05
Franklin Rd at S Marietta Pkwy,0.0006681696946810381,6.169027710081491e-05
MINOLA DR @ 5094,0.0047603876123782475,6.162144788762912e-05
Bells Ferry Rd at Old 41 Hwy,0.0002909366278577687,6.161872323957738e-05
BROWNTOWN RD NW @ 2741,0.0009645997124994038,6.16185680025186e-05
MEMORIAL DR SE @ KING ST,0.022916574032286096,6.161686790814292e-05
ROCKBRIDGE RD @ SUSAN CREEK DR,0.006492806504758052,6.161639184600187e-05
WOODLAND AVE SE @ 1608,0.00046206865970506547,6.143647479810586e-05
Sugarloaf Pkwy & Taco Bell,0.002525270278590348,6.143290673209993e-05
Powers Ferry Rd at Shadowood Office Park,6.561633659305919e-05,6.135278902713693e-05
BAKER RD NW @ HAMILTON E HOLMES DR NW,0.0007375751008037057,6.131116356902086e-05
JULIETTE RD @ STONE MILL DR,0.0002023119654463641,6.130996598203718e-05
N DECATUR RD @ 2920,0.004721309979639153,6.128406802289685e-05
S Service Rd @ EpiCenter,0.0,6.12789378527709e-05
NORTH POINT PKWY @ 7301,0.0066858055764207995,6.125332203583697e-05
W LAKE AVE NW @ LAKE CT NW,0.008823320131241194,6.123973756735962e-05
HILL ST SE @ MILTON AVE SE,0.0013897972257376366,6.12166681858771e-05
DUNWOODY PL @ 8250,0.004572372156261471,6.120377773185916e-05
Cobb Pkwy at Ed Voyles Honda,6.651414824866923e-05,6.12033339849641e-05
METROPOLITAN PKWY SW @ ARTHUR ST SW,0.0020375911609803385,6.12010921189105e-05
BOLTON RD NW @ CLOVIS CT NW,0.0021098878249770046,6.113014545773642e-05
JAMES JACKSON PKWY @ BOLTON RD,0.0003069450661916969,6.109688383608175e-05
Satellite Blvd & W Liddell Rd,0.003587259730003383,6.105406287105835e-05
UTOY CIR SW @ DOLLAR MILL RD,0.0009099245043874229,6.105173730355311e-05
RALPH D ABERNATHY BLVD @ HUMPHRIES ST SW,0.03639544324367969,6.104936370674939e-05
OAKLEY RD @ 6300,0.00038147865075403544,6.104648639259039e-05
N DRUID HILLS RD NE @ LENOX PARK BLVD,0.005400382759934506,6.101327529462105e-05
MOUNTAIN INDUSTRIAL BLVD @ GREER CIR,0.0024638690916346444,6.099235380454184e-05
MERCER UNIVERSITY DR @ DUNNINGTON CIR,0.0013138484465317095,6.097100015633287e-05
Peachtree Street at North Avenue,0.007456051891200688,6.093821208986872e-05
CAPITOL AVE @ FULTON ST,0.0009164070088838615,6.087528042602105e-05
HOWELL MILL RD @ DOWNWOOD CIR NW,0.0024219002010215512,6.08225317916317e-05
MEMORIAL DR @ BELVEDERE PLAZA,0.0010831260681866343,6.080677395719651e-05
PEACHTREE IND BLVD @ SEXTON WOODS,0.001440379021385904,6.076289538630164e-05
JONESBORO RD @ REX RD,0.010260506088010112,6.0754636422495787e-05
JOHNSON FERRY RD NE @ BLAIR CIR NE,0.0029373810456620616,6.075323788914115e-05
ASTOR AVE SW @ SYLVAN RD SW,0.008709366528138893,6.0646360214225224e-05
Windy Hill Rd at San Fernando Dr,0.0003305012092914315,6.061149358736401e-05
UNIVERSITY AVE SW @ PRYOR RD SW,0.001043698441073319,6.0602724862504635e-05
Akers Mill Rd at Towercreek Pkwy,0.00040062182130924613,6.056114167182266e-05
MARIETTA ST NW @ 8TH ST NW,0.001890121792259713,6.055786879234496e-05
MIDWAY RD @ COVINGTON HWY,0.012223157873849306,6.05222507854043e-05
WOODLAND AVE NE @ LENOX RD NE,0.0007078255789949323,6.0482248812528226e-05
FLAGSTONE DR SE @ FLINTWOOD DR SE,0.0010109511413636102,6.0460198722596464e-05
TILLY MILL RD @ MT VERNON RD,0.0007524574702814451,6.045954393060608e-05
DONALD L HOLLOWELL PKWY @ STIFF ST,0.008229790541149432,6.0452181128319005e-05
E LAKE DR @ FAYETTEVILLE RD,0.0012037295643991322,6.043908224877474e-05
Pryor St at Mitchell St,0.00023158975570727454,6.0384082965813246e-05
Cherokee St at Lawrence St,0.0004677750897195361,6.03760051092696e-05
MEMORIAL DR SE @ 1599,0.00730458041289658,6.037266982172514e-05
HOLCOMB BRIDGE RD @ OLD ROSWELL RD,0.005481033637472358,6.036263706587578e-05
SYLVAN RD @ LAKEWOOD AVE,0.002983397697298752,6.032632107813215e-05
MIDWAY RD @ CRESCENTWOOD LN,0.011686905623956122,6.02964489742543e-05
SYLVAN RD @ COX AVE,0.0012175086907407404,6.027301334094994e-05
Hillcrest Dr SE at Brumley Cove Dr,0.0003358880792250917,6.027164788269571e-05
Frey Rd at Campus Loop,0.0,6.008908827405317e-05
DONALD L HOLLOWELL PKWY @ CENTER HILL AVE,0.016851072615584956,6.0058966844675915e-05
SCOTT ST SW @ 309,0.00055755625528054,6.004209476592283e-05
BENJAMIN E MAYS DR SW @ PEYTON RD SW,0.010747688112161083,6.0008283540505655e-05
N PEACHTREE RD @ SPRING WALK CT,0.005119656837515964,5.999430313667462e-05
RIVER RD @ CONLEY DOWNS LN,0.002721130173833684,5.999318439835816e-05
Windy Ridge Pkwy at Boy Scouts of America,0.00023017456106368584,5.9975468912080186e-05
ALISON CT @ PLAZA LN,0.0015951145776582885,5.996450422403588e-05
DONALD L HOLLOWELL PKWY @ PAINES AVE NW,0.004612583466430106,5.996238622598653e-05
HANK AARON DR SE @ GEORGIA AVE SE,0.010889009753612787,5.9925137932527765e-05
FULTON INDUSTRIAL BLVD @ MARTIN L KING JR DR,0.0028617974779770604,5.9920301519635244e-05
LYNHURST DR @ LYNN CIR,0.0056444353587933845,5.991945601048419e-05
JOHNSON FERRY RD NE @ JOHNSON FERRY PKWY,0.003472385489525414,5.990442133875194e-05
IRENE KIDD PKWY @ HARRIS ST,0.0024950566338070644,5.984759824808465e-05
NORMAN BERRY DR @ LUMPKIN ST,0.006027527027098177,5.977192876006027e-05
MCGINNIS FERRY RD @ WINDWARD CONCOURSE,0.0006188204879158963,5.973416232182102e-05
Peachtree Center Ave at Peachtree St,0.00010779826726002582,5.971814386970581e-05
MAIN ST @ HARVARD AVE,0.016542339534655393,5.9578124955637056e-05
N ROYAL ATLANTA DR @ LAWRENCEVILLE HWY,0.0014895532309639353,5.956053594787792e-05
LANGSTON AVE SW @ SYLVAN PL SW,0.01787028666760952,5.951186679528312e-05
Dacula Park and Ride (Hebron Church),0.0,5.950929401521742e-05
JACKSON ST SE @ LUCY ST,0.010074801102001416,5.950259619636727e-05
MURPHY AVE @ AVON AVE,0.001644593130170425,5.94782246504652e-05
ROSWELL RD NE @ TOWNSHIP PKWY,0.0025828900045897956,5.9472839293327575e-05
LAWTON ST SW @ OGLETHORPE AVE SW,0.016368552110708028,5.946853175861344e-05
PEACHTREE ST NE @ HUNTINGTON RD NE,0.007907072902397737,5.946762997343563e-05
Douglas MMTC Park and Ride,0.00010556134669435335,5.9437412033186196e-05
LEE ST SW @ RALPH DAVID ABERNATH BLVD,0.0005597551329794494,5.94149547621676e-05
ARMOUR DR @ 181,0.0007078255789949323,5.941053734782797e-05
JACKSON ST SE @ TODD ST SE,0.0001738254668141269,5.936519125289325e-05
SR 138 @ CREEKSIDE LN,0.004485619202894813,5.9362332658172146e-05
WELCOME ALL RD @ JAILETTE RD,0.0012012263437661177,5.934995075862814e-05
SHALLOWFORD RD NE @ LAKE FLAIR CIR NE (N),0.0053873873166482185,5.9295444603209074e-05
Sweetwater @ Hwy 78 IB,0.0,5.926381183488692e-05
Riverside W @ Rock House,0.0,5.926381183488692e-05
Baker Street at Peachtree Street,0.0,5.924179407768566e-05
CHUPP RD @ 6698,0.0008930182543978847,5.923250435832713e-05
COVINGTON HWY @ DOVE VALLEY RD,0.011265748263168134,5.9212667904647186e-05
MARTIN LUTHER KING J DR @ 2950,0.010958871674136611,5.904354128077235e-05
N MAIN ST @ 301,0.0009314872012687691,5.902496766005937e-05
LAWRENCEVILLE HWY @ HARCOURT DR,0.006647100763775984,5.9007121586294465e-05
MEMORIAL DR @ HEARTHSTONE DR,0.010971935594583072,5.897482680492877e-05
2ND AVE @ LILAC LN,0.0077287735944522665,5.895741637884538e-05
Hiram Park and Ride,0.0,5.890054179877256e-05
JONESBORO RD @ FOREST AVE,0.007148049233312976,5.887609150491646e-05
HEADLAND DR @ WARREN WAY,0.00559134273393875,5.884432848582727e-05
SR 138 @ N MAIN ST,0.0006283920731935017,5.883965583970292e-05
CANDLER RD @ 2365,0.009552229066996258,5.87933435564937e-05
S Cobb Dr at Barber Rd,0.0005653322172469253,5.875717698128563e-05
N Marietta Pkwy at Fairground St,0.0002843780376278039,5.8715604523405424e-05
MONTREAL RD @ 1860,0.0038148093332604125,5.8706502922428634e-05
DALE LN @ MEADOWLANE DR,0.002440282514241499,5.864964323420204e-05
PRINCETON DR @ ATLANTA ST,0.0020535843821675613,5.8555231549064066e-05
Vaughn Rd at Bentley Pl,0.0001082395645144782,5.848464646588059e-05
ATLANTA S PKWY @ 650,0.006339128540181682,5.844826552804642e-05
IRENE KIDD PKWY @ CLEVELAND AVE,0.0038029171331102557,5.843572460451982e-05
DONALD L HOLLOWELL PKWY @ ECHO ST NW,0.0021054139838456594,5.843318063252394e-05
METROPOLITAN PKWY SW @ BRONNER BROS WAY,0.0024052526425260025,5.8408184768590185e-05
LAWRENCEVILLE HWY @ N ROYAL ATLANTA DR,0.0025316462630598498,5.835884730818469e-05
CAMPBELLTON RD SW @ EPWORTH ST SW,0.015073139237409735,5.834386646913985e-05
ROSWELL RD NE @ DILBECK PL NW,0.0025219148977418393,5.8328426821729213e-05
ROCKBRIDGE RD @ ALLGOOD CIR,0.006007379524860419,5.831912018904126e-05
FAIRBURN RD SW @ 400,0.0019456795948805986,5.820879978155974e-05
Powder Springs St at Hedges St,0.0003039168539973512,5.820378174179009e-05
VALLEY BROOK RD @ 908,0.00983781686778713,5.812457196650643e-05
TARA BLVD @ ARROWHEAD BLVD,0.010290945453802857,5.8114475235097876e-05
Check Point 4,0.00013784452342955166,5.810930106228511e-05
HAMILTON E HOLMES DR NW @ RYNE ST,0.008864162952998099,5.809263327872988e-05
CHAPEL ST @ 7TH STREET,0.013400173737207362,5.808442517855398e-05
CUSHMAN CIR SW @ WILKINS LN SW,0.0005293893167291132,5.8074681550608654e-05
AJAX DR @ 2208,0.0004556622409421532,5.806976735069937e-05
N ROYAL ATLANTA DR @ 4667,0.0022743775722874576,5.79850361498987e-05
STEPHENS ST SW @ HUMPHRIES ST SW,0.004884559529493127,5.7954280783061286e-05
PEELER RD @ CHERRING LN,0.0018240337241187908,5.789401725793576e-05
LAWRENCEVILLE HWY @ 4TH ST,8.20508550347345e-05,5.783730030055636e-05
LINDBERGH DR NE @ CHESHIRE BRIDGE RD,0.008409565912325313,5.780742620853954e-05
W MARIETTA ST NW @ HERNDON ST NW,0.002609185234096476,5.78048257738337e-05
PRYOR RD SW @ ST JOHNS AVE SW,0.002030865182136616,5.778909335179752e-05
Lindbergh Center Station,0.0,5.777254173270454e-05
BOULDERCREST RD @ BOULDERCREST PARK RD,0.01265882985640299,5.7756656950281156e-05
HUGH HOWELL RD @ TUCKER INDUSTRIAL RD,0.000743798913806155,5.771666730795098e-05
MCDONOUGH BLVD @ HENRY THOMAS DR,0.002399911424032458,5.766191966664493e-05
E PONCE DE LEON AVE @ N ARCADIA AVE,0.0032464945552592574,5.758736638003239e-05
COVINGTON HWY @ HANES DR,0.005982788615784727,5.756978887767093e-05
PEACHTREE ST NE @ 15TH ST NE,0.008677501822938088,5.7547302369678276e-05
NORTHLAKE PKWY NE @ 3330,0.0015493033575021188,5.7481063589562016e-05
WINDSOR ST SW @ FULTON ST SW,0.004148399623333011,5.746706472857724e-05
MORELAND AVE SE @ PORTLAND AVE SE,0.01017709076215414,5.744104281957296e-05
PANTHERSVILLE RD @ FLAT SHOALS RD,0.009485410575813483,5.735546452076916e-05
NORTH POINT PKWY @ 6250,0.006195950406831938,5.7321015600077425e-05
HARPER RD SE @ BROWNS MILL RD SE,0.008470191024799048,5.730938154727266e-05
E LAKE DR @ JOHNSTON PL,0.005470320766191858,5.730714166826316e-05
REX RD @ 2870,0.001494521629363201,5.730405011407752e-05
SNAPFINGER WOODS DR @ SHELLBARK RD,0.0077809836247979955,5.7218032489583445e-05
NEW PEACHTREE RD @ 6190,0.0033134728264824368,5.7165247529083384e-05
MCDONOUGH BLVD SE @ JONESBORO RD SE,0.000958938933925049,5.7162451718937055e-05
NORTHSIDE DR SW @ GREENSFERRY AVE SW,0.020450894100193528,5.7157246064068666e-05
HAMILTON E HOLMES DR @ RENFRO DR,0.00900365853684517,5.713907027256582e-05
JONESBORO RD @ MORROW RD,0.006846666034242049,5.7109831137796795e-05
SWALLOW CIR SE @ HARPER RD SE,0.000303429905302783,5.7109103681053494e-05
JOHNSON RD NE @ HOMESTEAD AVE,0.003307644659294324,5.704023485085589e-05
Mableton Pkwy at Gordon Valley Lane,0.000480664012978887,5.699524527356554e-05
CLEVELAND AVE SE @ 445,0.002850673743735519,5.6995058611050636e-05
LANGSTON AVE SW @ MURPHY AVE SW,0.027382433770184136,5.6954965018277545e-05
Delk Rd at Powers Ferry Pl,0.0007331925625525923,5.6945041455674286e-05
MORRIS RD @ 13010,0.001812696949823376,5.69127994391118e-05
DEKALB INDUSTRIAL WAY @ 375,0.007250300850598935,5.690268411517744e-05
ATLANTA INDUSTRIAL PKWY @ DONALD L HOLLOWELL PKWY,0.0010109511413636102,5.683449352838411e-05
VALLEY HILL RD SW @ HEATHROW DR,0.0006783195315334431,5.6743473942545916e-05
KENNARD LN @ SHAMROCK DR,0.0010300486604787051,5.672032864699024e-05
NORTH AVE NW @ STRONG ST NW,0.005622461798950996,5.6691596779229776e-05
MITCHELL ST SW @ SHIRLEY C FRANKLIN BLVD,0.013177912092430409,5.644975865611516e-05
N ARCADIA AVE @ GRAYSON PL,0.007133920112597146,5.640158610480062e-05
S Cobb Dr at Booth Rd,0.0005654387372738621,5.640135471358733e-05
PANTHERSVILLE RD @ BRITTANY PARK LN,0.006570875539738243,5.639910415898462e-05
VIRGINIA AVE NE @ MONROE DR NE,0.014218414932695624,5.6383575428175444e-05
S PARK BLVD @ 3060,0.0,5.6322220866458525e-05
FAIRINGTON RD @ 5425,0.00026313490082726797,5.6286819536631405e-05
FULTON INDUSTRIAL BLVD @ COMMERCE DR (S),0.002954500335705473,5.618772120214833e-05
MEMORIAL DR SE @ MEMORIAL TER SE,0.007324682263694222,5.617804675451371e-05
PARKLAKE DR NE @ 2200,0.0013665302084253019,5.615008413282746e-05
NORTHSIDE DR @ ETHEL ST,0.0017960417827544745,5.6084421968413445e-05
NORTHSIDE DR @ TRAVIS ST,0.0038826169389790284,5.604935281362872e-05
SWALLOW CIR SE @ 2298,0.000303429905302783,5.6036663256844686e-05
FELDWOOD RD @ ROYAL SOUTH PKWY,0.0007007800400703994,5.601133199219478e-05
MCGINNIS FERRY RD @ BETHANY BND,0.0015118539594604864,5.5916791479620495e-05
FAIRBURN RD @ VILLAGE PARK LN,0.0013064376960862502,5.591016246816872e-05
LAKE MIRROR RD @ 271,0.0002023119654463641,5.5899579263843294e-05
JONESBORO RD @ LAKE HARBIN RD,0.009446038744904755,5.5857962577537525e-05
FAIRLANE DR @ FAIRLANE CIR,0.0028242111256150805,5.577303915977283e-05
S Cobb Dr at Carruth Dr,0.0007044778067197763,5.5760612111669214e-05
ASTOR AVE SW @ 1069,0.015052147183529836,5.5709078341806076e-05
MARIETTA BLVD NW @ RICE ST NW,0.004180043679906588,5.570075757464916e-05
JOSEPH E BOONE BLVD NW @ TEMPLE ST NW,0.0013280156101143016,5.56733238704732e-05
MALL PKWY @ STONECREST BLVD,0.0004350506157298854,5.565396979938912e-05
HILLANDALE DR @ CARRIAGE LN,0.0004972050514474991,5.559206211822954e-05
BOULDER PARK DR SW @ 3631,0.003523636839628712,5.554069185168649e-05
SNAPFINGER RD @ 1948,0.006542287593461305,5.548384488800249e-05
N DRUID HILLS RD @ ARBORDALE DR,0.004667311934555556,5.548229035872882e-05
CONLEY RD @ CHEROKEE TRL,0.0034482510948508796,5.5436315065869033e-05
PRYOR ST SW @ DODD AVE SW,0.005609725047158698,5.5335218143725703e-05
GREEN FORREST DR @ 2313,0.0,5.531230450131507e-05
MARCO DR @ 1659,0.0007346838429297073,5.529194641397444e-05
BRIARWOOD RD NE @ N DRUID HILLS RD,0.002057099543056475,5.523720443999866e-05
RIVERDALE RD @ GARDEN WALK BLVD,0.0010511244086654832,5.51546475069877e-05
MEMORIAL DR @ MEMORIAL COLLEGE AVE,0.012118243255889925,5.514505852114104e-05
W LAKE AVE NW @ 359,0.00867660401128248,5.511987357382078e-05
Cumberland Pkwy at Paces Walk Se,0.00016830164256011936,5.508855181936728e-05
MAIN ST @ IRENE KIDD PKWY,0.03817955224722613,5.5042379865240655e-05
MAIN ST @ LEGION WAY,0.03550825315646991,5.500846667089974e-05
KING MEMORIAL STATION - BAY B,0.00010116359129653468,5.494937572956397e-05
MCCALLIE BLVD NW @ PERRY BLVD NW,0.0005930426413971946,5.4924624393484194e-05
OAKLEY RD @ 6295,0.00033561417058439717,5.490133172233029e-05
GA STATE STATION - JESSE HILL JR DR,0.022726603172817696,5.489698375797183e-05
N DECATUR RD @ E ROCK SPRINGS RD,0.004718913279033075,5.478257453320287e-05
SR 85 @ BETHSAIDA RD,0.002321132255539353,5.475220140290521e-05
E PONCE DE LEON AVE @ 2775,0.004129842312925952,5.4739155903874567e-05
COLLIER DR NW @ LINKWOOD RD NW,0.0006592980981518744,5.4718287574899244e-05
MARTIN L KING JR DR @ FULTON INDUSTRIAL BLVD,0.0035451386679232377,5.4695992906067875e-05
MOUNTAIN INDUSTRIAL BLVD @ ROGER MARTEN WAY,0.00233525376768183,5.462642846279642e-05
HIGHTOWER RD NW @ WEST AVE NW,0.0018530604314590646,5.4620662346499935e-05
KENSINGTON RD @ KENSINGWOOD TRCE,0.005469925120377521,5.461229371841925e-05
JOSEPH E LOWERY BLVD @ CUNNINGHAM PL,0.003943493134373401,5.4601934936752435e-05
JONESBORO RD @ BARTLETT RD,0.007943708183090639,5.4568105776722305e-05
TARA BLVD @ SMITH ST,0.004452308868757009,5.450991412998798e-05
NORTHSIDE PKWY NW @ 3330,0.0014137185803582974,5.4458010616558616e-05
GREENBRIAR PKWY SW @ HEADLAND DR SW,0.01611401489776923,5.445532518630993e-05
NORTH POINT PKWY @ NORTH POINT DR,0.002619007902294718,5.4390804316738686e-05
STONE RD @ 2414,0.0008402147553306502,5.4380670627375854e-05
SHAMROCK DR @,0.0008149238575065165,5.4358677650688497e-05
CLIFTON SPRINGS HEALTH CENTER,0.0,5.431662783447704e-05
ROSWELL RD @ JOHNSON FERRY RD,0.0034650660419601863,5.4283279851508085e-05
FLAT SHOALS RD @ BALLYE SHANNON PIKE,0.0007008028657904573,5.426567166447495e-05
COVINGTON HWY @ WESTON DR,0.007506580426835487,5.4253356325200164e-05
S Cobb Dr at Dink Ln,0.0005118135122845438,5.418512876132608e-05
N DECATUR RD NE @ RIDGEWOOD DR NE,0.005872920816572787,5.4158553089942266e-05
BRIARCLIFF RD NE @ SAINT LOUIS PL NE,0.009314567669753585,5.415131113015153e-05
E PONCE DE LEON AVE @ COBBLE MILL LN,0.0016074252493428398,5.414829423001194e-05
S STONE MOUNTAIN LITHONIA RD @ 2277,0.0018502909107587083,5.412992680475775e-05
Cumberland Pkwy SE at Hampton Inn,0.000344318378499803,5.410553304664582e-05
INMAN PARK/REYNOLDSTOWN STATION - NORTH LOOP,0.0007072168931267222,5.408913539773596e-05
MEMORIAL DR SE @ 1560,0.004617376867642262,5.400674796289496e-05
EVANS MILL RD @ HILLANDALE DR,0.0008052305350552691,5.397525620759063e-05
PANOLA RD @ 2221,0.0014584798173918048,5.396548544135732e-05
VALLEY VIEW RD @ LOCUST LN SE,0.008172847978178367,5.3900767774748376e-05
MORELAND AVE SE @ HALL ST SE,0.005412769517352584,5.3887839921086574e-05
S WESTPARK DR @ 4125,0.000656528577451518,5.3881567457217095e-05
Thornton Rd (N) at Maxham Rd,0.0002120661564844325,5.3843605116846244e-05
RAINBOW DR @ 2958,0.02382227324227169,5.3752377200145755e-05
RALPH D ABERNATHY BLVD SW @ CENTRAL AVE SW,0.02049888137232855,5.367008098215513e-05
RIDGE AVE SW @ PULLIAM ST SW,0.011763721780524249,5.363034766609218e-05
EVANS MILL RD @ COVINGTON HWY,0.0006397973246490903,5.360601486572986e-05
BROWNTOWN RD NW @ HOLLYWOOD RD NW,0.0019997308999776644,5.3585018834143917e-05
COLUMBIA DR @ EXCHANGE TRL,0.0017872386633854846,5.355579710991282e-05
CASCADE RD SW @ MANOR HILLS LN SW,0.003551012486551466,5.3547145200431865e-05
Austell Rd at Orange Grove Pl,0.0004463036957184214,5.347802735934286e-05
Duluth Hwy  & Primerica Pkwy OB,0.00014859543757681426,5.34388367569204e-05
MONROE DR NE @ ALLEN RD NE,0.012716680375794133,5.3419989662324894e-05
Austell Rd at Austell Plaza,0.00032471869354343464,5.3412048584001415e-05
HAMILTON E HOLMES DR NW @ COLLIER DR,0.01294550061080105,5.33532222293325e-05
CLEVELAND AVE @ WINBURN TERR,0.0034603030750414415,5.3263522042796946e-05
CASCADE RD SW @ 4355,0.005319290585142203,5.323007071273803e-05
CHURCH ST @ N DECATUR RD,0.002835456597030264,5.316790502168389e-05
JONESBORO RD @ OLD NATIONAL HWY,0.006064071004910847,5.3033802847963293e-05
CASCADE AVE SW @ WESTHAVEN DR SW,0.01193804941317965,5.3029298433792595e-05
ROSWELL RD NE @ MT VERNON HWY NE,0.009969369101054058,5.3016532353572054e-05
JOSEPH E LOWERY BLVD @ WESTVIEW DR SW,0.003470787689121362,5.301453917729868e-05
DEKALB INDUSTRIAL WAY @ 455,0.0074158938410455195,5.2953271639652116e-05
Breckinridge Blvd & Mustang Unlimited,0.0017430632865001294,5.292324993320369e-05
REDAN RD @ REDAN STA,0.00011431120604987493,5.291244367145816e-05
COLUMBIA DR @ 2067,0.002852636755660497,5.2820466703378566e-05
Busbee Pkwy at Big Shanty Rd,0.001393053695132561,5.281795587996406e-05
Akers Mill Rd at Cumberland Blvd,0.00021987255274422826,5.277886652751622e-05
CHATTAHOOCHEE AVE NW @ 1396,0.0009296763608108438,5.258207368162953e-05
SNAPFINGER WOODS DR @ 4150,0.006579820685809817,5.25683499000143e-05
Cobb Pkwy at Abc Recycling,0.0001315370161202235,5.2480913095294517e-05
EVA DAVIS WAY @ FOREST LAKES AVE,0.006096065055858645,5.24523638930566e-05
SYLVAN RD SW @ BRIDGEWATER ST SW,0.0001848502896020841,5.2434025827694516e-05
MARTIN L KING JR DR SW @ FAIRFIELD PL NW,0.012556078609466873,5.241479496961071e-05
PONCE DE LEON AVE NE @ PIEDMONT AVE,0.0033341224945614674,5.2361307997541814e-05
N DRUID HILLS RD @ LAUREL HILL DR,0.0051729320681310614,5.228601756467443e-05
METROPOLITAN PKWY SW @ LYNNHAVEN DR SW,0.0011391251680619725,5.2277862907510834e-05
Bells Ferry Rd at Old Bells Ferry Rd,0.00037568091785933333,5.2212406552277155e-05
OLD NATIONAL HWY @ 5234,0.004932447890174565,5.217354058826279e-05
PIEDMONT AVE NE @ PRADO,0.003927522738906236,5.213320903963021e-05
JOHNSON FERRY RD @ HAMPTON HALL DR,0.003932704177359375,5.2100979393780024e-05
SPRINGDALE RD SW @ VINSON PL SW,0.0010048186312413925,5.197483237954492e-05
BOULDERCREST RD @ BOULDERCREST PARK DR,0.0065124467687723,5.1965669436584e-05
NORTH AVE NE @ BOULEVARD NE,0.00047545974880568983,5.195653838622039e-05
SR 85 @ 7056,0.0008177694639403991,5.192277537932153e-05
PIEDMONT AVE NE @ 14TH ST NE,0.004105061189516444,5.181486936836954e-05
HEADLAND DR @ DELOWE DR,0.005635662673717805,5.1761801980668636e-05
PLEASANTDALE RD @ 3637,0.0033539200024250045,5.1720578239046935e-05
NORGATE LN @ BULL RUN DR,0.001799381946456278,5.1706222483637e-05
FLAT SHOALS RD @ LLOYD RD,0.0012147848214805,5.1706222483637e-05
N HIGHLAND AVE NE @ DREWRY ST NE,0.007153930660514556,5.1702958425898094e-05
W BROAD ST @ BROOKS DR,0.0023203105296172692,5.1638031247841557e-05
MARIETTA BLVD @ DONALD L HOLLOWELL PKWY,0.004360610342711143,5.1605159165703876e-05
MCDONOUGH BLVD SE @ NEW TOWN CIR,0.0025725347362568697,5.148887117513006e-05
CHAMBLEE TUCKER RD @ BALL PARK DR,0.0025353288125625215,5.1359331178224446e-05
Roswell St at Cobb Pkwy,2.7238692602406297e-05,5.1252983949845256e-05
MILLER RD @ PANOLA INDUSTRIAL BLVD,0.004443384012214377,5.1251593131859e-05
MEMORIAL DR @ DOYAL MILLS CT,0.009560869870133723,5.123639117743033e-05
PANTHERSVILLE RD @ 3303,0.008766050399615968,5.1181076128576245e-05
Cumberland Blvd at Stillhouse Creek Dr/Riverwood P,8.501819864225921e-05,5.098897968468471e-05
PEACHTREE IND BLVD @ CHAMBLEE DUNWOODY,0.004147478985957343,5.094058622347246e-05
Newnan Park and Ride,0.0,5.092735821510434e-05
MARY GEORGE AVE NW @ ABNER PL NW,0.00017902973098732407,5.0898761256303484e-05
MEMORIAL DR @ N INDIAN CREEK DR,0.012570154470169233,5.0873479909445665e-05
FLOWERS RD S @ HOLLINSWOOD DR,0.0016173392204213133,5.086505557083986e-05
BEECHER RD SW @ BEECHER CIR,0.010280689096923515,5.081219551615669e-05
MORELAND AVE SE @ HALL AVE SE,0.01019559481254773,5.075305156159811e-05
JOSEPH E LOWERY BLVD NW @ W MARIETTA ST NW,0.0017539739806877973,5.073594042086807e-05
CHANTILLY DR @ EXECUTIVE PARK S,0.006909596544441631,5.0732526641876296e-05
Austell Rd at Floyd Rd,0.002316962757342113,5.0717737966544483e-05
MEMORIAL DR @ LADONNA DR,0.00019932940469213412,5.067988874217271e-05
Ted Turner Dr (S) at Brotherton St,0.0004846204711222533,5.055482529004436e-05
MEMORIAL DR SE @ CAPITOL AVE,0.022916574032286096,5.05072172538997e-05
GODBY RD @ 2200,0.0016706905367699372,5.050533762601912e-05
MINOLA DR @ 5174,0.0047603876123782475,5.046553081061095e-05
LAKEWOOD WAY SW @ PRYOR RD SW,0.0030850634544365603,5.045617687505654e-05
Sugarloaf Pkwy & Cisco Office,0.002525255061443643,5.0364060650555705e-05
MORELAND DR @ WOODLAND AVE,0.00046206865970506547,5.036403082872101e-05
S Marietta Pkwy at Rossbacher Way,2.1288788240651627e-05,5.0345741440892745e-05
Thornton @ Interstate W Pkwy,3.043429341050983e-08,5.021334821770954e-05
Concourse Pkwy,0.0,5.021334821770954e-05
TARA BLVD @ WALMART WAY,0.0024202110977372677,5.019839360154131e-05
Powers Ferry Rd at Shadowood Pkwy,6.560111944635394e-05,5.013631723405992e-05
NORTH POINT PKWY @ 7231,0.0066858055764207995,5.0126625597845894e-05
Satellite Blvd & Steve Reynolds Blvd OB,0.003587244512856678,4.999162435343293e-05
HOLCOMB BRIDGE RD @ OLD HOLCOMB BRIDGE RD,0.005861218830756446,4.9989032832737714e-05
DOLLAR MILL RD @ BOULDER PARK DR,0.0009099245043874229,4.9874206794477386e-05
Peachtree Street at 10th Street,0.007456036674053982,4.983900366482902e-05
OAKLEY RD @ CREST WAY,0.00038147865075403544,4.978686097945571e-05
FAIRBURN RD @ FAIRBURN PL,0.000934043681915252,4.970356494769531e-05
Circle 75 Pkwy at 1000 Building,0.0002668022331832344,4.963670216880753e-05
SR 85 @ 7145,0.0011471750386690522,4.962448336698338e-05
W HILL ST @ 317,0.0010218390098312201,4.9564864046224626e-05
ASTOR AVE SW @ SYLVAN RIDGE DR SW,0.008709366528138893,4.952382215157479e-05
OLD NATIONAL HWY @ OLD BILL COOK RD,0.004362938566157047,4.942107679485817e-05
ATLANTA ST @ HILL ST,0.0009494738686743804,4.9338416106179455e-05
W MARIETTA ST @ 800,0.001890121792259713,4.9326682720464975e-05
Hillcrest Dr SE at Satterlee Woods Ln,0.00033587286207838646,4.9265074885251114e-05
Akers Mill Rd at The Columns Entrance,0.00015949091461777676,4.919336908083951e-05
Gresham Rd at Woolco Dr Tt,0.0,4.8931829516046784e-05
VICKI LN SE @ FLAGSTONE DR SE,0.0010109511413636102,4.891149617133268e-05
MEMORIAL DR @ 6130,0.0023895840538018247,4.8802075214667175e-05
RALPH D ABERNATHY BLVD @ HANK AARON DR,0.006279294719336619,4.8753969152799034e-05
HANK AARON DR @ BILL LUCAS DR SE,0.010889009753612787,4.872015219138925e-05
HAMILTON E HOLMES DR NW @ RENFRO DR N,0.013137677956541714,4.8683620103118086e-05
S STONE MOUNTAIN LITHONIA RD @ SHADOW ROC,0.0024286946570254474,4.855798427458617e-05
Windy Ridge Pkwy at Circle 75 Pkwy,0.00023015934391698058,4.852323707832885e-05
ANVILBLOCK RD @ BOULDERCREST RD,0.005352327010639311,4.847466404658021e-05
VALLEY VIEW RD SE @ STONEWALL DR SE,0.007934273552133381,4.8459965941557756e-05
LYNHURST DR SW @ VALLEYDALE DR SW,0.006869598274326869,4.845178309668178e-05
MEMORIAL DR @ 3480,0.006138460026579485,4.8406212699308575e-05
MARTIN LUTHER KING JR DR @ WENDELL DR,0.0028617974779770604,4.835408393764164e-05
Medical Center Station,0.0,4.824541366198494e-05
GARDEN WALK BLVD @ W LEE MILLS RD,0.001866717820627031,4.8242008568772946e-05
LANGSTON AVE SW @ SYLVAN RD SW,0.01787028666760952,4.8204465249285e-05
MURPHY AVE SW @ DILL AVE SW,0.001644593130170425,4.820087808643217e-05
Atkinson & Shell Gas Station,0.002885003626702574,4.818241622862388e-05
HEADLAND DR @ KIMMRIDGE DR,0.005344322791472347,4.813351121495636e-05
ARMOUR DR @ 205,0.0007078255789949323,4.80918294452099e-05
PEACHTREE DUNWOODY RD @ HOLLIS COBB CIR,0.003472385489525414,4.8059510069082134e-05
LAWRENCEVILLE HWY @ ROBINWOOD RD,0.006647100763775984,4.790284211506627e-05
Tributary Villages,3.043429341050983e-08,4.784219128091742e-05
Thornton@ Veteran's Memorial IB,3.043429341050983e-08,4.784219128091742e-05
ROOSEVELT HWY @ 2601,0.0014613178152523348,4.7829537330936085e-05
RAINBOW DR @ 3260,0.006644620368863027,4.779835504871821e-05
Bells Ferry Rd at Mark Ave,0.0003816764736612038,4.7794953081847205e-05
SR 85 @ ROUNTREE RD,0.001671101399730979,4.770315168629024e-05
MARTIN L KING J DR SW @ LINKWOOD RD NW,0.010958871674136611,4.7591205680187995e-05
E PONCE DE LEON AVE @ 2942,0.002758724134769016,4.7550323440776505e-05
Cobb Pkwy at Caswell Pkwy,8.078783185819834e-05,4.754823498547978e-05
OAKCLIFF RD @ 3420,0.004561644067834266,4.742515485707116e-05
MONTREAL RD @ MONTREAL CIR N,0.0038148093332604125,4.722454504659792e-05
MT ZION PKWY @ 2201,0.0019171778791016562,4.722044464237332e-05
MAIN ST @ W MOUNTAIN ST,0.00012642405482725784,4.719553912090199e-05
SPRINGDALE RD @ VINSON PL,0.000930406783852696,4.708136690360288e-05
PRINCETON DR @ COX CT,0.0020535843821675613,4.706221347910728e-05
Akers Mill Rd at The Columns at Akers Mill,0.00016250390966541722,4.6879603881808514e-05
Powder Springs St at W Dixie Ave,0.0003039016368506459,4.677516479762557e-05
WINDSOR ST SW @ EUGENIA ST SW,0.004273301963489743,4.6733003070574165e-05
ATLANTA S PKWY @ 760,0.006339128540181682,4.670878687437296e-05
EAST DEKALB HEALTH CENTER,0.0,4.634188832247327e-05
MEMORIAL DR SE @ MARTIN ST SE,0.0,4.631612872567843e-05
N DRUID HILLS RD @ ORION DR,0.00983781686778713,4.6290764159846293e-05
AJAX DR NW @ ADDISON PL,0.0004556622409421532,4.624157726109374e-05
ESTES DR @ NW BROAD ST,0.0,4.6115368789983504e-05
N HIGHLAND AVE NE @ ST CHARLES PL,0.007275317839782375,4.610653580043871e-05
METROPOLITAN PKWY SW @ 2370,0.0027207345280193473,4.5971563631810574e-05
MONROE DR NE @ 1605 (ANSLEY MALL),0.012907549046918146,4.584588670497876e-05
CLAIRMONT RD @ CLAIRMONT LAKE,0.005470130551858042,4.5831013998569646e-05
HUGH HOWELL RD @ COWAN RD,0.000743798913806155,4.5802602407707816e-05
NORTHLAKE PKWY @ NORTHLAKE CT NE,0.0015493033575021188,4.5773236734010396e-05
E PONCE DE LEON AVE @ 2818,0.0032464945552592574,4.57484377630724e-05
HOSEA L WILLIAMS DR SE @ MAYSON AVE,0.0003033994710093725,4.563349109238128e-05
RANDALL ST @ E WASHINGTON AVE,0.0008670425849720146,4.561582860059649e-05
FLAT SHOALS RD @ 3592,0.009485410575813483,4.560009708388156e-05
CLEVELAND AVE @ JONESBORO RD,0.002850673743735519,4.549982960520809e-05
HARPER RD SE @ JERNIGAN DR SE,0.008470191024799048,4.5442030423728454e-05
RAINBOW DR @ RAINBOW RIDGE RD,0.016290630174812654,4.541073340470776e-05
Mableton Pkwy Sw at Community Rd,0.00048064879583218175,4.51821172384493e-05
Martin Luther King Jr. Federal Building,0.0,4.5048514916012714e-05
Douglas @ Arbor Pl Mall (IB),0.0,4.494404704816102e-05
OAKCLIFF RD @ 3417,0.004333812947363189,4.492395177696802e-05
Woodstock Park and Ride,0.0,4.48932313399365e-05
NORTH AVE NW @ TECH PKWY NW,0.005622461798950996,4.488381166059042e-05
TURNER HILL RD @ STONECREST PKWY E,0.00035624862151672283,4.471070219514559e-05
MORELAND AVE SE @ GLENWOOD AVE,0.01017709076215414,4.4699644292493895e-05
PANTHERSVILLE RD @ BOULDERCREST RD,0.006570875539738243,4.465618806687101e-05
MILLER RD @ CHATOOGA DR,0.0044459709271542705,4.463442355920104e-05
N HIGHLAND AVE NE @ BLUE RIDGE AVE,0.013346228952137234,4.4623577663748775e-05
MAIN ST @ HAWTHORNE AVE,0.014092820212363803,4.4615210508889134e-05
MEMORIAL DR @ SUMMIT CREEK DR,0.00010116359129653468,4.4613407252265664e-05
WALMART DR @ FAIRINGTON RD,0.0010105250612558632,4.45901469495308e-05
BUFORD HWY NE @ LONGMIRE WAY,0.00531763191615133,4.454920790976636e-05
Hickory Grove Park and Ride,0.0,4.453106309744008e-05
MARTIN L KING JR DR SW @ PEACHTREE ST,0.025617648006762254,4.4511216089570006e-05
MITCHELL ST SW @ PRYOR ST SW,0.013177912092430409,4.446462866673375e-05
BUFFINGTON RD @ ROYAL SOUTH PKWY,0.0019405209821475172,4.438656397252583e-05
CONLEY RD @ OLD DIXIE RD,0.00484544385388727,4.419266056207029e-05
DONALD L HOLLOWELL PKWY @ GRIFFIN ST NW,0.0038826169389790284,4.414388373206805e-05
MCDANIEL ST @ RALPH D ABERNATHY BLVD,0.006958093590991278,4.383034293294324e-05
FAIRBURN RD NW @ FAIRLANE DR NW,0.0028242111256150805,4.374709231523803e-05
MCGINNIS FERRY RD @ DEERFIELD POINT D,0.0015118539594604864,4.367909267195379e-05
JONESBORO RD @ FOREST PKWY,0.007927539964716306,4.3573702377145877e-05
BOULDER PARK DR SW @ HOWELL TER,0.003523636839628712,4.3519868044634966e-05
PRYOR ST @ BASS ST,0.005609725047158698,4.3379949206896534e-05
Arbor Place Mall @ Belk OB,2.7390864069458844e-07,4.336327575696627e-05
GRANT ST @ MLK JR DR,0.00010116359129653468,4.270066078760102e-05
Stewart @ Hwy 5,0.0,4.269156708433827e-05
E PONCE DE LEON AVE @ GROVE PL,0.004129842312925952,4.261049835319732e-05
FULTON IND BLVD SW @ INTERCHANGE DR SW,0.0035451386679232377,4.2471562814177404e-05
Campbellton @ Spring,0.0,4.246749265217604e-05
KENSINGTON RD @ 3841,0.005469925120377521,4.239752920127802e-05
MAIN ST @ TAYLOR AVE,0.03817955224722613,4.236268390805943e-05
JONESBORO RD @ MAIN ST,0.007943708183090639,4.22412886297629e-05
JULIETTE RD @ STONE MILL WAY,0.0005055744821353893,4.191756082944786e-05
DEKALB AVE NE @ HARALSON AVE NE,0.0007072168931267222,4.1806080283902924e-05
PEACHTREE IND BLVD @ PIERCE DR,0.0019343276034384784,4.178610143396424e-05
Atkinson Rd & Herrington Rd,0.0,4.1677079592495864e-05
WESTPARK DR SW @ BOULDER RIDGE DR SW,0.000656528577451518,4.156918230771037e-05
Thornton Rd at Oak Ridge Rd,0.00021205093933772723,4.1448295476531684e-05
KENSINGTON RD @ 3836,0.007760942642587175,4.125978917387418e-05
CASCADE RD SW @ BERACAH WALK,0.003551012486551466,4.1203533341802205e-05
TARA BLVD @ EDGEMOOR LN,0.009659849800878056,4.1074022843905566e-05
Cumberland Pkwy at Kaiser Permanente,0.00022328119360620537,4.092826074474768e-05
WESLEY CHAPEL RD @ SNAPFINGER WOODS DR,0.007312807816881887,4.092195730821471e-05
Spring St at 5th St,0.0001512432211035286,4.0658999093242846e-05
Breckinridge Blvd & Newpoint Pl,0.0017430480693534243,4.0446116836871e-05
Perimeter Center Pkwy Office Park (S),2.226268562978794e-05,4.034196004394591e-05
COLUMBIA DR @ ABBEYWOOD DR,0.0020659559224389334,4.029118378957195e-05
EVA DAVIS WAY @ GREENHAVEN DR SE,0.006096065055858645,4.020548660363456e-05
SNAPFINGER WOODS DR @ WESLEY CHAPEL,0.006579820685809817,4.007952651169409e-05
ROOSEVELT HW @ 6725,0.0017158854624845443,4.004161744990156e-05
JOHNSON RD NE @ BEECH VALLEY RD NE,0.003844026254934502,3.989132250391588e-05
Cobb Pkwy at Allgood Rd,0.00013152179897351824,3.985589555515072e-05
ASTOR AVE @ SYLVAN RIDGE DR,0.015399067694116237,3.9745344092465966e-05
N DRUID HILLS RD @ DRUID WOODS CT,0.0051729320681310614,3.947397081598711e-05
CAMPBELLTON RD SW @ STAR MIST DR  SW,0.009575830861536107,3.9265947389327454e-05
N PEACHTREE RD @ GENTRYS WALK,0.002114209494641297,3.919411986333286e-05
PLEASANTDALE RD @ 3754,0.0032210286602480133,3.9106961521832276e-05
Hampton Park and Ride,0.0,3.884611873317707e-05
LUCILE AVE SW @ JOSEPH E LOWERY BLVD,0.010265852378885892,3.8650621256098104e-05
COVINGTON HWY @ PAUL EDWIN DR,0.010795066698427894,3.856944246988404e-05
McDonough Park and Ride,0.0,3.847428474393589e-05
MEMORIAL DR @ 6097,0.002371886512183613,3.8466960617419615e-05
Snellville Park and Ride,0.0,3.839222132648668e-05
Baker St at Williams St,7.447271597551755e-05,3.834360433949279e-05
Busbee Pkwy at Garden Ridge,0.000807908752875394,3.799155508860688e-05
Cumberland Blvd at Akers Mill Rd SE,8.500298149555395e-05,3.793671533095296e-05
OLD NATIONAL HWY @ LANTERN LN,0.0,3.7834621005575634e-05
LAWRENCEVILLE HWY @ 2295,0.00634245348673678,3.782325333821808e-05
MEMORIAL DR @ 5582,0.011206873122565504,3.770076489958141e-05
17th St at Market St,7.559878483170642e-05,3.7626972725156115e-05
GODBY RD @ SCOFIELD RD,0.0016706905367699372,3.7588564940761144e-05
MINOLA DR @ 5220,0.0047603876123782475,3.7512045248345045e-05
Busbee Dr at Townpark Ln,2.1319222534062135e-05,3.745474461386902e-05
TARA BLVD @ 11121,0.0024202110977372677,3.722234718816147e-05
S Marietta Pkwy at Hudson Rd,2.1273571093946372e-05,3.716549734141371e-05
Perimeter Center at Perimeter Center Pkwy,9.250503482124463e-05,3.7113349535351436e-05
Peachtree Street at 14th Street,0.007456021456907277,3.6948821266917956e-05
BOULDER PARK DR SW @ DOLLAR MILL RD S,0.0009099245043874229,3.685384408127191e-05
SR 138 @ MCELROY DR,0.00412792495244109,3.6760753679140047e-05
MEMORIAL DR @ GRANT ST SE,0.02287160736377207,3.667488089080536e-05
West Conyers Park and Ride (DT),0.0,3.6340201431957276e-05
WINDWARD PKWY @ 5555,0.004165146093282144,3.630357372427503e-05
East Conyers Park and Ride,1.5064975238202365e-06,3.61295890084869e-05
Hamilton Mill Park and Ride,0.0,3.5986369516699876e-05
Akers Mill Rd at Akers Dr,0.0001594756974710715,3.595948422370617e-05
MILLER RD @ 2910,0.004443368795067672,3.5477698943140215e-05
RALPH D ABERNATHY BLVD @ POLLARD BLVD SW,0.006279294719336619,3.545917080333746e-05
FORSYTH ST SW @ TRINITY AVE SW,0.03746062829590082,3.543399492706387e-05
ROSWELL RD NE @ JOHNSON FERRY RD NE,0.0021480219946203734,3.5402067935307984e-05
West Peachtree St at 4th St,0.01443460493593718,3.5245809955121485e-05
LYNHURST DR SW @ BENJAMIN E MAYS DR S,0.005731720912294727,3.522979060744565e-05
SYLVAN RD SW @ LAKEWOOD AVE SW,0.002978710816113534,3.4810856750988195e-05
Sugarloaf Mills at the Discount Tire Co,0.0028849884095558686,3.460237661506594e-05
West Douglas Park and Ride,0.0,3.4574540682629004e-05
ARMOUR DR @ 340,0.0007078255789949323,3.4538570377919483e-05
Pound Circle,0.0,3.440544470906396e-05
Price @ Spring,0.0,3.440544470906396e-05
Timber Ridge @ GA Tech Col,0.0,3.440544470906396e-05
W Douglas P&R (IB),1.3695432034729422e-07,3.440544470906396e-05
Duralee @ DFACS IB,7.608573352627457e-08,3.440544470906396e-05
Hwy 78 @ Thornton IB,3.043429341050983e-08,3.440544470906396e-05
Hwy 78 @ Thornton OB,0.0,3.440544470906396e-05
Thornton N @ Amazon,0.0,3.440544470906396e-05
Thornton S @ Amazon,0.0,3.440544470906396e-05
Riverside E @ Rock House,3.043429341050983e-08,3.440544470906396e-05
Sweetwater @ Hwy 78,0.0,3.440544470906396e-05
Gurley Rd @ Community Ctr,0.0,3.440544470906396e-05
FLOWERS RD S @ UNIVERSITY CIR W,0.0013138484465317095,3.4050648039583754e-05
COLUMBIA DR @ COLUMBIA CIR,0.008304955637300038,3.3948132156509715e-05
HENDERSON MILL RD @ NORTHLAKE PKWY,0.0012579254323898976,3.393882471467176e-05
E PONCE DE LEON AVE @ JAMES B RIVERS MEMORIAL DR,0.00012642405482725784,3.3582188465755166e-05
RALPH D ABERNATHY BLVD SW @ MCDANIEL ST SW,0.02651900525755462,3.344036574896241e-05
West Conyers Park and Ride (MT/Peri),2.1258353947241117e-05,3.294350527074889e-05
ASTOR AVE SW @ 1082,0.008362446017552492,3.267015486133209e-05
N HIGHLAND AVE @ PONCE DE LEON AVE,0.007275317839782375,3.233354729789749e-05
Busbee Pkwy at PGA Superstore,0.0005464325210389987,3.1920096943260324e-05
CHAMBLEE DUNWOODY RD @ MT VERNON RD,0.0015212429389776286,3.175949374149121e-05
S Marietta Pkwy at Parkway Plaza,0.0040661585539644605,3.171435425414902e-05
TED TURNER DR SW @ BROTHERTON ST SW,0.02320677262852866,3.137236719943976e-05
JONESBORO RD @ LONDONDERRY WAY,0.005822087938003883,3.073387368058669e-05
MEMORIAL DR @ 5723,0.00010116359129653468,3.062549686285436e-05
TUCKERSTONE PKWY @ MOUNTAIN INDUSTRIAL BLVD,0.001232284540191543,3.0529842291374796e-05
Cobb Pkwy at Steve Rayman Chevrolet,5.198177314515079e-05,3.05223814941742e-05
MARTIN LUTHER KING J DR SW @ PRYOR ST,0.025617648006762254,3.0502490648599756e-05
MITCHELL ST SW @ PEACHTREE ST,0.013177912092430409,3.048209677216813e-05
HUMPHRIES ST SW @ STEPHENS ST SW,0.002715986778247308,3.0471800839253602e-05
BUFORD HWY NE @ CHESTNUT DR,0.00531763191615133,3.046586891704066e-05
I-85 ACCESS RD @ CENTURY BLVD,0.0,3.0102699603634753e-05
S Cobb Dr at Lakeside Apts,0.0006253334267057454,2.9523579674415858e-05
Acworth Park and Ride,0.0,2.867950463680877e-05
Stewart @ GA Highlands Col,3.043429341050983e-08,2.8345757893918055e-05
MLK Jr Dr at Forsyth St,0.007403826643708253,2.8296231562802958e-05
10th Street Northeast at Williams Street,0.006905054226150112,2.8154010177983444e-05
Riverdale Park and Ride,0.0,2.808256117023019e-05
Selman Dr @ Selman Ave,1.5217146705254915e-08,2.808228330560572e-05
MORELAND AVE @ 299,0.0007072168931267222,2.7221711364687746e-05
Cobb Pkwy at Galleria Pkwy,1.1899808723509344e-05,2.7098155933693113e-05
Thornton Rd (N) at North Blairs Bridge Rd,0.00021203572219102198,2.6896201505201517e-05
North Avenue Station (West Peachtree Street),0.01443457450164377,2.681065982339067e-05
KENSINGTON RD @ HOLCOMBE RD,0.007760942642587175,2.6651319088850306e-05
Busbee Dr at KSU Center,6.380549613513386e-05,2.615254236166995e-05
LAVISTA RD NE @ LAVISTA WALK,0.007600561524887141,2.5988960190790694e-05
Spring St at 17th St,0.00015122800395682334,2.5905224264705026e-05
Breckinridge Blvd & Friendly Village,0.001743032852206719,2.561504595914846e-05
Perimeter Center West at Perimeter Center Pkwy,2.2247468483082686e-05,2.5599907898177025e-05
Six Flags Pkwy SW at Bishop Rd,0.00016779947671884596,2.559255346521699e-05
Selman @ Club,0.0,2.49207026038766e-05
CAMPBELLTON RD @ GREENBRIAR PKWY,0.009575830861536107,2.435655131698537e-05
CLARK HOWELL HWY @ CORDELL DR,0.0066071785793947475,2.256975212187338e-05
17th St at Spring St,7.558356768500116e-05,2.236210520323271e-05
Perimeter Center Pkwy Office Park (N),9.248981767453937e-05,2.1775240055728636e-05
ELDER RD @ REDAN RD,0.00730098916627414,2.165819976275191e-05
Akers Mill Rd at Cobb Galleria Pkwy,0.00032302959025915136,2.065829628727285e-05
West Peachtree St at 3Rd St,0.014434589718790476,1.9589642904195255e-05
Douglas @ SunTrust,0.0,1.8597541200418368e-05
Douglas @ Caduceus OB,0.0,1.8597541200418368e-05
Wells Fargo Bank,0.0,1.8597541200418368e-05
Cristo Vive Church,0.0,1.8597541200418368e-05
Hwy 5 N @ Red Lobster,0.0,1.8597541200418368e-05
Club Dr @ Spring St,0.0,1.8597541200418368e-05
Thornton@Riverside Pkwy NB,0.0,1.8597541200418368e-05
Sweetwater @ Skyview OB,0.0,1.8597541200418368e-05
Prestley @ Stonebridge,0.0,1.8597541200418368e-05
Douglas @ Bank of Amer,0.0,1.8597541200418368e-05
Bob Arnold @Linda,0.0,1.8597541200418368e-05
Central Avenue Southwest at Mitchell Street Southwest,0.0,1.8597541200418368e-05
Lee @ Vulcan,0.0,1.8597541200418368e-05
Riverside E @ Coloplast,0.0,1.8597541200418368e-05
Thronton @ Westfork Blvd IB,0.0,1.8597541200418368e-05
S Service Rd @ Six Flags,0.0,1.8597541200418368e-05
Hospital @ Prestley Mill,0.0,1.8597541200418368e-05
Thornton @ Crestmark,0.0,1.8597541200418368e-05
Selman @ Library,0.0,1.8597541200418368e-05
Thornton@ Veteran's Memorial OB,0.0,1.8597541200418368e-05
Dorris @ Courthouse IB,0.0,1.8597541200418368e-05
W Strickland @ Millcreek,0.0,1.8597541200418368e-05
Frey Rd at KSU Central Parking Deck,0.0,1.8597541200418368e-05
