source,target,weight
Newnan Park and Ride,Union City Park and Ride,17.536
Union City Park and Ride,Central Ave at Garnett St,13.085
Union City Park and Ride,Newnan Park and Ride,17.536
Central Ave at Garnett St,Central Ave at Mitchell St,0.157
Central Ave at Mitchell St,MLK Jr Dr at Peachtree St,0.177
MLK Jr Dr at Peachtree St,Peachtree St at Five Points Station,0.137
MLK Jr Dr at Peachtree St,Forsyth St at MLK Jr Dr,0.129
Peachtree St at Five Points Station,Wall St at Central Ave,0.124
Wall St at Central Ave,Peachtree Center Ave at Auburn Ave,0.233
Peachtree Center Ave at Auburn Ave,Peachtree Center Ave at John Wesley Dobbs Ave,0.122
Peachtree Center Ave at Auburn Ave,Baker St at Peachtree St,0.493
Peachtree Center Ave at John Wesley Dobbs Ave,Peachtree Center Ave at Andrew Young Int'l Blvd,0.178
Peachtree Center Ave at Andrew Young Int'l Blvd,Baker St at Peachtree St,0.199
Peachtree Center Ave at Andrew Young Int'l Blvd,Peachtree Center Ave at Peachtree St,0.268
Baker St at Peachtree St,Ted Turner Dr at West Peachtree Pl,0.155
Baker St at Peachtree St,Baker St at Williams St,0.186
Baker St at Peachtree St,Ted Turner Drive at West Peachtree Place,0.155
Ted Turner Dr at West Peachtree Pl,Civic Center Station (NB),0.212
Ted Turner Dr at West Peachtree Pl,Civic Center Station (SB),0.17
Civic Center Station (NB),North Ave Station,0.359
North Ave Station,West Peachtree St at 5th St,0.294
West Peachtree St at 5th St,West Peachtree St at Peachtree Pl,0.309
West Peachtree St at 5th St,West Peachtree Street at Peachtree Place,0.309
West Peachtree St at Peachtree Pl,West Peachtree St at 12th St,0.236
West Peachtree St at 12th St,West Peachtree St after 14 St,0.23
West Peachtree St after 14 St,Arts Center  Station,0.127
Arts Center  Station,Spring St at 17th St,0.125
Arts Center  Station,Mall of Georgia Park and Ride,30.162
Arts Center  Station,Sugarloaf Mills GCT Park and Ride,21.986
Arts Center  Station,17th St at Spring St,0.205
Spring St at 17th St,Spring St at 5th St,0.919
Spring St at 5th St,Spring St just before Linden Ave,0.47
Spring St just before Linden Ave,Civic Center Station (SB),0.292
Spring St just before Linden Ave,Dacula Park and Ride (Hebron Church),31.834
Spring St just before Linden Ave,Panola Rd Park and Ride,13.247
Spring St just before Linden Ave,Cumming Park and Ride,31.752
West Douglas Park and Ride,Douglas MMTC Park and Ride,3.052
Douglas MMTC Park and Ride,Ted Turner Dr (N) at Brotherton St,18.86
Douglas MMTC Park and Ride,West Douglas Park and Ride,3.052
Ted Turner Dr (N) at Brotherton St,Ted Turner Dr at Mitchell St,0.261
Ted Turner Dr at Mitchell St,Mitchell St at Forsyth St,0.077
Mitchell St at Forsyth St,Mitchell St at Peachtree St,0.095
Mitchell St at Peachtree St,Central Ave at MLK Jr Dr,0.22
Central Ave at MLK Jr Dr,Central Ave at Wall St,0.094
Central Ave at Wall St,Peachtree Center Ave at Auburn Ave,0.24
Mall of Georgia Park and Ride,Hamilton Mill Park and Ride,3.53
Mall of Georgia Park and Ride,Williams St at Baker St,31.503
Mall of Georgia Park and Ride,Civic Center Station (NB),31.167
Mall of Georgia Park and Ride,Sugarloaf Mills GCT Park and Ride,8.227
Hamilton Mill Park and Ride,Mall of Georgia Park and Ride,3.53
Forsyth St at MLK Jr Dr,Mitchell St at Peachtree St,0.101
Forsyth St at MLK Jr Dr,Ted Turner Dr (S) at Brotherton St,0.33
Baker St at Williams St,Town Center/Big Shanty Park and Ride,21.009
Baker St at Williams St,Woodstock Park and Ride,23.704
Baker St at Williams St,Mall of Georgia Park and Ride,31.492
Baker St at Williams St,Hickory Grove Park and Ride,24.482
Town Center/Big Shanty Park and Ride,Acworth Park and Ride,6.002
Town Center/Big Shanty Park and Ride,Williams St at Baker St,20.992
Town Center/Big Shanty Park and Ride,Woodstock Park and Ride,4.142
Town Center/Big Shanty Park and Ride,Civic Center Station (NB),20.83
Acworth Park and Ride,Town Center/Big Shanty Park and Ride,6.002
BrandsMart Park and Ride,Stockbridge Park and Ride,0.382
Stockbridge Park and Ride,Civic Center Station (NB),16.337
Stockbridge Park and Ride,Central Ave at Garnett St,15.238
Civic Center Station (SB),Peachtree St at Baker St,0.243
Civic Center Station (SB),BrandsMart Park and Ride,16.236
Peachtree St at Baker St,John Portman Blvd at Courtland St,0.195
Peachtree St at Baker St,Centennial Olympic Park Dr at Andrew Young Intl Bl,0.334
John Portman Blvd at Courtland St,Courtland St at Ellis St,0.167
Courtland St at Ellis St,Courtland St at Auburn Ave,0.179
Courtland St at Auburn Ave,Courtland St at Gilmer St,0.211
Courtland St at Auburn Ave,Courtland Street at Gilmer St,0.211
Courtland St at Gilmer St,Washington St at MLK Jr Dr,0.239
Washington St at MLK Jr Dr,Pryor St at Mitchell St,0.191
Washington St at MLK Jr Dr,MLK Jr Dr at Peachtree St,0.225
Pryor St at Mitchell St,Pryor St at Garnett St,0.199
Pryor St at Garnett St,McDonough Park and Ride,25.958
Pryor St at Garnett St,Union City Park and Ride,13.088
Pryor St at Garnett St,BrandsMart Park and Ride,15.231
Pryor St at Garnett St,Jonesboro Park and Ride,15.586
Pryor St at Garnett St,Riverdale Park and Ride,12.477
McDonough Park and Ride,Central Ave at Garnett St,25.875
Woodstock Park and Ride,Town Center/Big Shanty Park and Ride,4.142
Woodstock Park and Ride,Williams St at Baker St,23.689
Ted Turner Dr (S) at Brotherton St,Stone Mountain Park and Ride,17.309
Ted Turner Dr (S) at Brotherton St,Panola Rd Park and Ride,13.315
Ted Turner Dr (S) at Brotherton St,Douglas MMTC Park and Ride,18.848
Ted Turner Dr (S) at Brotherton St,Thornton Rd (N) at North Blairs Bridge Rd,12.173
Stone Mountain Park and Ride,Hewatt Rd Park and Ride,3.102
Stone Mountain Park and Ride,Ted Turner Dr (N) at Brotherton St,17.301
Hewatt Rd Park and Ride,Snellville Park and Ride,2.787
Hewatt Rd Park and Ride,Stone Mountain Park and Ride,3.102
Snellville Park and Ride,Hewatt Rd Park and Ride,2.787
Cumming Park and Ride,North Ave at Peachtree St,31.596
Cumming Park and Ride,Sandy Springs Station,21.003
North Ave at Peachtree St,Ivan Allen at Alexander St,0.446
Ivan Allen at Alexander St,Peachtree St at Baker St,0.163
East Conyers Park and Ride,Ted Turner Dr (N) at Brotherton St,24.773
East Conyers Park and Ride,West Conyers Park and Ride (MT/Peri),5.049
East Conyers Park and Ride,West Conyers Park and Ride (DT),5.144
East Conyers Park and Ride,Panola Rd Park and Ride,11.522
Jonesboro Park and Ride,Hampton Park and Ride,10.525
Jonesboro Park and Ride,Central Ave at Garnett St,15.525
Hampton Park and Ride,Jonesboro Park and Ride,10.525
Williams St at Baker St,John Portman Blvd at Peachtree St,0.194
John Portman Blvd at Peachtree St,John Portman Blvd at Courtland St,0.183
Hiram Park and Ride,Powder Springs Park and Ride,2.483
Powder Springs Park and Ride,Thornton Rd (S) at Bankhead Hwy,5.875
Powder Springs Park and Ride,Hiram Park and Ride,2.483
Thornton Rd (S) at Bankhead Hwy,Thornton Rd (S) at Maxham Rd,1.273
Thornton Rd (S) at Maxham Rd,Thornton Rd at Skyview Dr,0.996
Thornton Rd at Skyview Dr,Thornton Rd (S) at North Blairs Bridge Rd,0.194
Thornton Rd (S) at North Blairs Bridge Rd,Ted Turner Dr (N) at Brotherton St,12.206
Sugarloaf Mills GCT Park and Ride,Xpress Sugarloaf Mills P&R,0.37
Xpress Sugarloaf Mills P&R,Lindbergh Center Station,19.594
Xpress Sugarloaf Mills P&R,Dunwoody Station,15.405
Xpress Sugarloaf Mills P&R,Civic Center Station (NB),22.708
Xpress Sugarloaf Mills P&R,Mall of Georgia Park and Ride,8.502
Lindbergh Center Station,Sugarloaf Mills GCT Park and Ride,19.811
Panola Rd Park and Ride,Ted Turner Dr (N) at Brotherton St,13.3
Panola Rd Park and Ride,Civic Center Station (NB),13.08
Panola Rd Park and Ride,West Conyers Park and Ride (MT/Peri),6.791
Panola Rd Park and Ride,West Conyers Park and Ride (DT),6.679
Panola Rd Park and Ride,Dunwoody Station,18.043
West Conyers Park and Ride (MT/Peri),Panola Rd Park and Ride,6.791
West Conyers Park and Ride (MT/Peri),East Conyers Park and Ride,5.049
Medical Center Station,Peachtree-Dunwoody Rd at Concourse Pkwy,0.381
Peachtree-Dunwoody Rd at Concourse Pkwy,Dunwoody Station,0.538
Peachtree-Dunwoody Rd at Concourse Pkwy,Medical Center Station,0.381
Dunwoody Station,Panola Rd Park and Ride,18.043
Dunwoody Station,Perimeter Center Pkwy Office Park (N),0.294
Dunwoody Station,Peachtree-Dunwoody Rd at Concourse Pkwy,0.538
Dunwoody Station,Sugarloaf Mills GCT Park and Ride,15.516
West Conyers Park and Ride (DT),East Conyers Park and Ride,5.144
West Conyers Park and Ride (DT),Ted Turner Dr (N) at Brotherton St,19.969
West Conyers Park and Ride (DT),Panola Rd Park and Ride,6.679
Perimeter Center Pkwy Office Park (N),Perimeter Center at Perimeter Center Pkwy,0.152
Perimeter Center at Perimeter Center Pkwy,Sandy Springs Station,0.472
Sandy Springs Station,Cumming Park and Ride,21.003
Sandy Springs Station,Perimeter Center West at Perimeter Center Pkwy,0.471
Riverdale Park and Ride,Central Ave at Garnett St,12.429
Peachtree Center Ave at Peachtree St,Peachtree St at Renaissance Pkwy,0.349
Peachtree St at Renaissance Pkwy,Ponce De Leon Ave at W Peachtree St,0.304
Ponce De Leon Ave at W Peachtree St,Spring St just before Linden Ave,0.169
Dacula Park and Ride (Hebron Church),North Ave at Peachtree St,31.621
Hickory Grove Park and Ride,Williams St at Baker St,24.464
Hickory Grove Park and Ride,Civic Center Station (NB),24.31
Perimeter Center West at Perimeter Center Pkwy,Perimeter Center Pkwy Office Park (S),0.143
Perimeter Center Pkwy Office Park (S),Dunwoody Station,0.297
17th St at Spring St,17th St at Market St,0.332
17th St at Market St,Town Center/Big Shanty Park and Ride,19.156
17th St at Market St,Hickory Grove Park and Ride,22.648
Thornton Rd (N) at North Blairs Bridge Rd,Thornton Rd at Oak Ridge Rd,0.314
Thornton Rd at Oak Ridge Rd,Thornton Rd (N) at Maxham Rd,0.918
Thornton Rd (N) at Maxham Rd,Thornton Rd at Westfork Blvd,0.402
Thornton Rd at Westfork Blvd,Thornton Rd (N) at Bankhead Hwy,0.855
Thornton Rd (N) at Bankhead Hwy,Powder Springs Park and Ride,5.868
MARIETTA BLVD NW @ MOORES MILL RD NW,BOLTON RD NW @ MOORES MILL RD,0.114
MARIETTA BLVD NW @ MOORES MILL RD NW,BOLTON RD NW @ MARIETTA BLVD NW,0.322
BOLTON RD NW @ MOORES MILL RD,BOLTON RD NW @ CORONET WAY NW,0.131
BOLTON RD NW @ CORONET WAY NW,CORONET WAY @ PINE GROVE DR,0.185
BOLTON RD NW @ CORONET WAY NW,DEFOORS FERRY RD @ PINE GROVE,0.121
CORONET WAY @ PINE GROVE DR,MARIETTA BLVD NW @ CORONET WAY NW,0.125
CORONET WAY @ PINE GROVE DR,MARIETTA BLVD @ CORONET WAY,0.061
MARIETTA BLVD NW @ CORONET WAY NW,MARIETTA BLVD @ 2210,0.215
MARIETTA BLVD @ 2210,MARIETTA BLVD NW @ 2130,0.229
MARIETTA BLVD NW @ 2130,MARIETTA BLVD @ CHATTAHOOCHEE AVE,0.245
MARIETTA BLVD NW @ 2130,CHATTAHOOCHEE AVE NW @ MARIETTA BLVD,0.293
MARIETTA BLVD @ CHATTAHOOCHEE AVE,MARIETTA BLVD @ PLYMOUTH RD,0.338
MARIETTA BLVD @ CHATTAHOOCHEE AVE,MARIETTA BLVD @ 2095,0.179
MARIETTA BLVD @ PLYMOUTH RD,MARIETTA BLVD @ CARROLL DR,0.236
MARIETTA BLVD @ PLYMOUTH RD,MARIETTA BLVD @ CHATTAHOOCHEE AVE,0.338
MARIETTA BLVD @ CARROLL DR,MARIETTA BLVD @ 1650,0.142
MARIETTA BLVD @ CARROLL DR,MARIETTA BLVD @ PLYMOUTH RD,0.236
MARIETTA BLVD @ 1650,MARIETTA BLVD @ 1594,0.159
MARIETTA BLVD @ 1594,MARIETTA BLVD @ TACOMA DR,0.259
MARIETTA BLVD @ TACOMA DR,MARIETTA BLVD @ ELAINE AVE,0.242
MARIETTA BLVD @ TACOMA DR,MARIETTA BLVD @ 1595,0.247
MARIETTA BLVD @ ELAINE AVE,W MARIETTA ST NW @ RICE ST NW,0.45
W MARIETTA ST NW @ RICE ST NW,W MARIETTA ST NW @ LONGLEY AVE NW,0.175
W MARIETTA ST NW @ LONGLEY AVE NW,W MARIETTA ST NW @ HERNDON ST NW,0.136
W MARIETTA ST NW @ LONGLEY AVE NW,MARIETTA BLVD @ HUFF RD,0.372
W MARIETTA ST NW @ LONGLEY AVE NW,MARIETTA BLVD NW @ W MARIETTA ST NW,0.236
W MARIETTA ST NW @ HERNDON ST NW,W MARIETTA ST NW @ JOSEPH E LOWERY BLVD NW,0.241
W MARIETTA ST NW @ JOSEPH E LOWERY BLVD NW,JOSEPH E LOWERY BLVD @ 841,0.265
W MARIETTA ST NW @ JOSEPH E LOWERY BLVD NW,W MARIETTA ST @ 887,0.137
JOSEPH E LOWERY BLVD @ 841,JOSEPH E LOWERY BLVD @ WHEELER ST,0.361
JOSEPH E LOWERY BLVD @ 841,JOSEPH E LOWERY BLVD NW @ W MARIETTA ST NW,0.193
JOSEPH E LOWERY BLVD @ WHEELER ST,JOSEPH E LOWERY BLVD NW @ FOX ST NW,0.153
JOSEPH E LOWERY BLVD NW @ FOX ST NW,JOSEPH E LOWERY BLVD NW @ NORTH AVE NW,0.151
JOSEPH E LOWERY BLVD NW @ FOX ST NW,JOSEPH E LOWERY BLVD NW @ WHEELER ST NW,0.132
JOSEPH E LOWERY BLVD NW @ NORTH AVE NW,JOSEPH E LOWERY BLVD NW @ NEAL ST NW,0.203
JOSEPH E LOWERY BLVD NW @ NORTH AVE NW,JOSEPH E LOWERY BLVD NW @ FOX ST NW,0.151
JOSEPH E LOWERY BLVD NW @ NEAL ST NW,JOSEPH E LOWERY BLVD NW @ JOSEPH E BOONE BLVD,0.251
JOSEPH E LOWERY BLVD NW @ NEAL ST NW,JOSEPH E LOWERY BLVD NW @ NORTH AVE NW,0.203
JOSEPH E LOWERY BLVD NW @ JOSEPH E BOONE BLVD,JOSEPH E LOWERY BLVD NW @ THURMOND ST NW,0.215
JOSEPH E LOWERY BLVD NW @ JOSEPH E BOONE BLVD,JOSEPH E LOWERY BLVD NW @ NEAL ST NW,0.251
JOSEPH E LOWERY BLVD NW @ THURMOND ST NW,JOSEPH E LOWERY BLVD NW @ MAYSON TURNER RD NW,0.15
JOSEPH E LOWERY BLVD NW @ THURMOND ST NW,JOSEPH E LOWERY BLVD NW @ JOSEPH E BOONE BLVD,0.215
JOSEPH E LOWERY BLVD NW @ MAYSON TURNER RD NW,ASHBY STATION - SOUTHBOUND,0.125
ASHBY STATION - SOUTHBOUND,JOSEPH E LOWERY BLVD @ BECKWITH ST SW,0.293
JOSEPH E LOWERY BLVD @ BECKWITH ST SW,JOSEPH E LOWERY BLVD @ PARSONS ST SW,0.099
JOSEPH E LOWERY BLVD @ BECKWITH ST SW,JOSEPH E LOWERY BLVD @ MITCHELL ST SW,0.088
JOSEPH E LOWERY BLVD @ PARSONS ST SW,JOSEPH E LOWERY BLVD @ ASHBY GRV SW,0.043
JOSEPH E LOWERY BLVD @ PARSONS ST SW,JOSEPH E LOWERY BLVD @ BECKWITH ST SW,0.099
JOSEPH E LOWERY BLVD @ ASHBY GRV SW,JOSEPH E LOWERY BLVD @ FAIR ST SW,0.055
JOSEPH E LOWERY BLVD @ FAIR ST SW,JOSEPH E LOWERY BLVD SW @ WESTVIEW DR SW,0.164
JOSEPH E LOWERY BLVD SW @ WESTVIEW DR SW,JOSEPH E LOWERY BLVD @ SELLS AVE SW,0.105
JOSEPH E LOWERY BLVD @ SELLS AVE SW,JOSEPH E LOWERY BLVD @ LUCILE AVE SW,0.199
JOSEPH E LOWERY BLVD @ SELLS AVE SW,JOSEPH E LOWERY BLVD @ WESTVIEW DR SW,0.07
JOSEPH E LOWERY BLVD @ SELLS AVE SW,WEST END AVE SW @ ASHBY ST SW,0.065
JOSEPH E LOWERY BLVD @ LUCILE AVE SW,JOSEPH E LOWERY BLVD @ 577,0.213
JOSEPH E LOWERY BLVD @ 577,RALPH D ABERNATHY BLVD SW @ EVANS ST,0.139
JOSEPH E LOWERY BLVD @ 577,JOSEPH E LOWERY BLVD @ OAK ST SW,0.056
RALPH D ABERNATHY BLVD SW @ EVANS ST,RALPH D ABERNATHY BLVD @ W WHITEHALL ST,0.152
RALPH D ABERNATHY BLVD @ W WHITEHALL ST,WEST END STATION,0.16
RALPH D ABERNATHY BLVD @ W WHITEHALL ST,RALPH D ABERNATHY BLVD @ MURPHY AVE,0.082
WEST END STATION,RALPH D ABERNATHY BLVD SW @ DUNN ST SW,0.212
WEST END STATION,RALPH D ABERNATHY BLVD @ W WHITEHALL ST,0.16
WEST END STATION,LEE ST SW @ POOLE PL SW,0.211
WEST END STATION,OGLETHROPE AVE SW @ EVANS ST SW,0.082
WEST END STATION,GARNETT STATION,1.352
WEST END STATION,OAKLAND CITY STATION,1.473
WEST END STATION,EAST POINT STATION,4.382
WEST END STATION,BROOKHAVEN-OGLETHORPE STATION,9.573
WEST END STATION,ARTS CENTER STATION,3.988
WEST END STATION,MIDTOWN STATION,3.484
WEST END STATION,DUNWOODY STATION,13.383
WEST END STATION,LINDBERGH CENTER STATION,6.56
WEST END STATION,AIRPORT STATION,6.867
WEST END STATION,COLLEGE PARK STATION,6.25
WEST END STATION,FIVE POINTS STATION,1.773
WEST END STATION,PEACHTREE CENTER STATION,2.14
WEST END STATION,CHAMBLEE STATION,12.149
WEST END STATION,SANDY SPRINGS STATION,14.005
WEST END STATION,NORTH SPRINGS STATION,14.801
WEST END STATION,BUCKHEAD STATION,8.177
WEST END STATION,NORTH AVENUE STATION,2.902
WEST END STATION,DORAVILLE STATION,13.811
WEST END STATION,MEDICAL CENTER STATION,12.588
WEST END STATION,CIVIC CENTER STATION,2.566
WEST END STATION,LENOX STATION,8.201
WEST END STATION,LAKEWOOD-FT MCPHERSON STATION,2.613
RALPH D ABERNATHY BLVD SW @ DUNN ST SW,JOSEPH E LOWERY BLVD SW @ RALPH D ABERNATHY BLVD SW,0.104
RALPH D ABERNATHY BLVD SW @ DUNN ST SW,RALPH D ABERNATHY BLVD SW @ JOSEPH E LOWERY BLVD SW,0.151
JOSEPH E LOWERY BLVD SW @ RALPH D ABERNATHY BLVD SW,JOSEPH E LOWERY BLVD @ 577,0.069
JOSEPH E LOWERY BLVD @ OAK ST SW,JOSEPH E LOWERY BLVD @ CUNNINGHAM PL,0.225
JOSEPH E LOWERY BLVD @ OAK ST SW,LUCILE AVE SW @ JOSEPH E LOWERY BLVD,0.148
JOSEPH E LOWERY BLVD @ CUNNINGHAM PL,JOSEPH E LOWERY BLVD @ SELLS AVE SW,0.131
JOSEPH E LOWERY BLVD @ WESTVIEW DR SW,JOSEPH E LOWERY BLVD @ ATLANTA STUDENT MOVEMENT BLVD,0.185
JOSEPH E LOWERY BLVD @ ATLANTA STUDENT MOVEMENT BLVD,JOSEPH E LOWERY BLVD @ PARSONS ST SW,0.111
JOSEPH E LOWERY BLVD @ MITCHELL ST SW,JOSEPH E LOWERY BLVD @ MARTIN L KING JR DR,0.087
JOSEPH E LOWERY BLVD @ MARTIN L KING JR DR,ASHBY STATION - NORTHBOUND,0.103
ASHBY STATION - NORTHBOUND,JOSEPH E LOWERY BLVD NW @ MAGNOLIA ST NW,0.163
ASHBY STATION - NORTHBOUND,LENA ST @ MAYSON TURNER RD,0.051
JOSEPH E LOWERY BLVD NW @ MAGNOLIA ST NW,JOSEPH E LOWERY BLVD NW @ THURMOND ST NW,0.127
JOSEPH E LOWERY BLVD NW @ WHEELER ST NW,JOSEPH E LOWERY BLVD @ 841,0.381
JOSEPH E LOWERY BLVD NW @ W MARIETTA ST NW,W MARIETTA ST NW @ HERNDON ST,0.33
W MARIETTA ST NW @ HERNDON ST,W MARIETTA ST NW @ LONGLEY AVE NW,0.115
MARIETTA BLVD @ HUFF RD,MARIETTA BLVD NW @ ELAINE AVE NW,0.182
MARIETTA BLVD NW @ ELAINE AVE NW,MARIETTA BLVD @ TACOMA DR,0.263
MARIETTA BLVD @ 1595,MARIETTA BLVD @ 1695,0.198
MARIETTA BLVD @ 1695,MARIETTA BLVD @ CARROLL DR,0.114
MARIETTA BLVD @ 2095,MARIETTA BLVD @ BOLTON PL,0.148
MARIETTA BLVD @ BOLTON PL,MARIETTA BLVD @ BOLTON DR,0.311
MARIETTA BLVD @ BOLTON DR,MARIETTA BLVD @ CORONET WAY,0.142
MARIETTA BLVD @ CORONET WAY,MARIETTA BLVD NW @ MOORES MILL RD NW,0.223
NORTH AVE STATION,PONCE DE LEON AVE NE @ JUNIPER ST NE,0.19
NORTH AVE STATION,NORTH AVE NW @ SPRING ST NW,0.112
PONCE DE LEON AVE NE @ JUNIPER ST NE,PONCE DE LEON AVE NE @ PIEDMONT AVE,0.095
PONCE DE LEON AVE NE @ JUNIPER ST NE,NORTH AVE STATION,0.19
PONCE DE LEON AVE NE @ JUNIPER ST NE,NORTH AVE @ PIEDMONT AVE,0.096
PONCE DE LEON AVE NE @ PIEDMONT AVE,PONCE DE LEON AVE NE @ MYRTLE ST NE,0.107
PONCE DE LEON AVE NE @ MYRTLE ST NE,PONCE DE LEON  AVE NE @ ARGONNE AVE NE,0.164
PONCE DE LEON  AVE NE @ ARGONNE AVE NE,PONCE DE LEON AVE NE @ DURANT PL NE,0.051
PONCE DE LEON AVE NE @ DURANT PL NE,PONCE DE LEON AVE NE @ PARKWAY DR NE,0.173
PONCE DE LEON AVE NE @ DURANT PL NE,PONCE DE LEON AVE NE @ ARGONNE AVE NE,0.077
PONCE DE LEON AVE NE @ PARKWAY DR NE,PONCE DE LEON AVE NE @ BOULEVARD  NE,0.138
PONCE DE LEON AVE NE @ BOULEVARD  NE,PONCE DE LEON AVE NE @ KENNESAW AVE NE,0.079
PONCE DE LEON AVE NE @ KENNESAW AVE NE,PONCE DE LEON AVE NE @ GLEN IRIS DR NE,0.11
PONCE DE LEON AVE NE @ GLEN IRIS DR NE,PONCE DE LEON AVE NE @ 675,0.148
PONCE DE LEON AVE NE @ 675,PONCE DE LEON AVE NE @ PONCE DE LEON PL,0.097
PONCE DE LEON AVE NE @ PONCE DE LEON PL,PONCE DE LEON AVE NE @ BONAVENTURE AVE,0.171
PONCE DE LEON AVE NE @ PONCE DE LEON PL,PONCE DE LEON AVE NE @ 680,0.097
PONCE DE LEON AVE NE @ BONAVENTURE AVE,PONCE DE LEON AVE NE @ FREEDOM PKWY NE,0.074
PONCE DE LEON AVE NE @ BONAVENTURE AVE,PONCE DE LEON AVE NE @ PONCE DE LEON PL,0.171
PONCE DE LEON AVE NE @ FREEDOM PKWY NE,PONCE DE LEON AVE NE @ FREDERICA ST NE,0.224
PONCE DE LEON AVE NE @ FREDERICA ST NE,PONCE DE LEON AVE NE @ N HIGHLAND AVE NE,0.203
PONCE DE LEON AVE NE @ FREDERICA ST NE,PONCE DE LEON AVE NE @ BARNETT ST NE,0.172
PONCE DE LEON AVE NE @ FREDERICA ST NE,N HIGHLAND AVE NE @ PONCE DE LEON AVE NE,0.171
PONCE DE LEON AVE NE @ N HIGHLAND AVE NE,PONCE DE LEON AVE NE @ MORELAND AVE NE,0.16
PONCE DE LEON AVE NE @ MORELAND AVE NE,PONCE DE LEON AVE @ SPRINGDALE RD,0.264
PONCE DE LEON AVE @ SPRINGDALE RD,PONCE DE LEON AVE NE @ OAKDALE RD NE,0.185
PONCE DE LEON AVE @ SPRINGDALE RD,PONCE DE LEON AVE NE @ BRIARCLIFF RD,0.263
PONCE DE LEON AVE NE @ OAKDALE RD NE,PONCE DE LEON AVE NE @ FAIRVIEW RD NE,0.261
PONCE DE LEON AVE NE @ FAIRVIEW RD NE,PONCE DE LEON AVE NE @ CLIFTON RD,0.366
PONCE DE LEON AVE NE @ CLIFTON RD,PONCE DE LEON AVE @ S PONCE DE LEON AVE,0.224
PONCE DE LEON AVE @ S PONCE DE LEON AVE,PONCE DE LEON AVE NE @ LAKESHORE DR NE,0.171
PONCE DE LEON AVE @ S PONCE DE LEON AVE,PONCE DE LEON AVE @ CLIFTON RD,0.211
PONCE DE LEON AVE NE @ LAKESHORE DR NE,PONCE DE LEON AVE @ PONCE DE LEON MNR,0.169
PONCE DE LEON AVE @ PONCE DE LEON MNR,E LAKE RD @ 2085,0.205
PONCE DE LEON AVE @ PONCE DE LEON MNR,PONCE DE LEON AVE @ N PONCE DE LEON AVE,0.162
E LAKE RD @ 2085,E LAKE RD @ RIDGECREST RD,0.196
E LAKE RD @ RIDGECREST RD,E LAKE RD @ PADEN CIR,0.278
E LAKE RD @ RIDGECREST RD,E LAKE RD @ 2086,0.2
E LAKE RD @ PADEN CIR,EAST LAKE STATION - SOUTH LOOP,0.14
EAST LAKE STATION - SOUTH LOOP,E LAKE DR @ PADEN CIR,0.128
EAST LAKE STATION - SOUTH LOOP,W HOWARD AVE @ PADEN CIR,0.064
EAST LAKE STATION - SOUTH LOOP,E LAKE DR @ 3RD AVE,0.125
E LAKE DR @ PADEN CIR,E LAKE RD @ RIDGECREST RD,0.304
E LAKE RD @ 2086,PONCE DE LEON AVE @ PONCE DE LEON MNR,0.2
PONCE DE LEON AVE @ N PONCE DE LEON AVE,PONCE DE LEON AVE @ S PONCE DE LEON AVE,0.17
PONCE DE LEON AVE @ CLIFTON RD,PONCE DE LEON AVE @ LULLWATER RD NE,0.34
PONCE DE LEON AVE @ LULLWATER RD NE,PONCE DE LEON AVE @ OAKDALE RD NE,0.284
PONCE DE LEON AVE @ OAKDALE RD NE,PONCE DE LEON AVE @ SPRINGDALE RD,0.2
PONCE DE LEON AVE NE @ BRIARCLIFF RD,PONCE DE LEON AVE @ N HIGHLAND AVE NE,0.177
PONCE DE LEON AVE @ N HIGHLAND AVE NE,PONCE DE LEON AVE @ N HIGHLAND AVE,0.043
PONCE DE LEON AVE @ N HIGHLAND AVE,PONCE DE LEON AVE NE @ FREDERICA ST NE,0.14
PONCE DE LEON AVE NE @ BARNETT ST NE,PONCE DE LEON AVE NE @ BONAVENTURE AVE,0.124
PONCE DE LEON AVE NE @ 680,PONCE DE LEON AVE NE @ PONCE DE LEON CT,0.16
PONCE DE LEON AVE NE @ PONCE DE LEON CT,PONCE DE LEON AVE NE @ MONROE DR NE,0.149
PONCE DE LEON AVE NE @ PONCE DE LEON CT,BOULEVARD NE @ PONCE DE LEON AVE,0.179
PONCE DE LEON AVE NE @ MONROE DR NE,PONCE DE LEON AVE NE @ CHARLES ALLEN DR NE,0.106
PONCE DE LEON AVE NE @ CHARLES ALLEN DR NE,PONCE DE LEON AVE NE @ DURANT PL NE,0.229
PONCE DE LEON AVE NE @ ARGONNE AVE NE,PONCE DE LEON AVE NE @ PENN AVE NE,0.113
PONCE DE LEON AVE NE @ PENN AVE NE,PONCE DE LEON AVE NE @ PIEDMONT AVE NE,0.108
PONCE DE LEON AVE NE @ PIEDMONT AVE NE,PONCE DE LEON AVE NE @ JUNIPER ST NE,0.121
HAMILTON E HOLMES STATION - BUS LOOP,MARTIN L KING JR DR @ WILLIS MILL RD SW,0.218
HAMILTON E HOLMES STATION - BUS LOOP,HAMILTON E HOLMES @ MARTIN L KING JR DR,0.163
HAMILTON E HOLMES STATION - BUS LOOP,MARTIN L KING JR DR SW @ 2500,0.112
MARTIN L KING JR DR @ WILLIS MILL RD SW,MARTIN L KING JR DR @ FLORIDA AVE,0.143
MARTIN L KING JR DR @ FLORIDA AVE,MARTIN L KING JR DR SW @ BARFIELD AVE SW,0.18
MARTIN L KING JR DR SW @ BARFIELD AVE SW,MARTIN L KING JR DR SW @ WYNNWOOD,0.178
MARTIN L KING JR DR SW @ BARFIELD AVE SW,MARTIN L KING JR DR SW @ FAIRFIELD PL NW,0.079
MARTIN L KING JR DR SW @ BARFIELD AVE SW,BARFIELD AVE @ MARTIN L KING JR DR SW,0.053
MARTIN L KING JR DR SW @ WYNNWOOD,MARTIN LUTHER KING J DR @ LARCHWOOD,0.096
MARTIN LUTHER KING J DR @ LARCHWOOD,MARTIN LUTHER KING J DR @ 2085,0.131
MARTIN LUTHER KING J DR @ 2085,MARTIN LUTHER KING J DR SW @ 2021,0.151
MARTIN LUTHER KING J DR SW @ 2021,MARTIN LUTHER KING J DR @ ANDERSON AVE SW,0.3
MARTIN LUTHER KING J DR SW @ 2021,ANDERSON AVE @ 93,0.389
MARTIN LUTHER KING J DR @ ANDERSON AVE SW,MARTIN L KING JR DR NW @ GORDON TER,0.227
MARTIN L KING JR DR NW @ GORDON TER,MARTIN L KING JR DR NW @ RACINE ST SW,0.106
MARTIN L KING JR DR NW @ RACINE ST SW,MARTIN L KING JR DR SW @ LAUREL AVE SW,0.056
MARTIN L KING JR DR SW @ LAUREL AVE SW,MARTIN L KING JR DR NW @ WELLINGTON ST SW,0.151
MARTIN L KING JR DR SW @ LAUREL AVE SW,WELLINGTON ST @ MARTIN L KING JR DR,0.122
MARTIN L KING JR DR NW @ WELLINGTON ST SW,MARTIN L KING JR DR NW @ MATHEWSON PL SW,0.109
MARTIN L KING JR DR NW @ WELLINGTON ST SW,MARTIN L KING JR DR NW @ WELLINGTON ST SW,0.0
MARTIN L KING JR DR NW @ WELLINGTON ST SW,MARTIN L KING JR DR NW @ BROWNING ST SW,0.151
MARTIN L KING JR DR NW @ MATHEWSON PL SW,MARTIN L KING JR DR NW @ 1444,0.075
MARTIN L KING JR DR NW @ MATHEWSON PL SW,MARTIN L KING JR DR NW @ WELLINGTON ST SW,0.109
MARTIN L KING JR DR NW @ 1444,MARTIN LUTHER KING J DR @ CHAPPELL RD,0.087
MARTIN LUTHER KING J DR @ CHAPPELL RD,MARTIN LUTHER KING J @ CHICAMAUGA AVE,0.078
MARTIN LUTHER KING J @ CHICAMAUGA AVE,MARTIN LUTHER KING J DR SW @ CERRO ST,0.132
MARTIN LUTHER KING J DR SW @ CERRO ST,MARTIN LUTHER KING J DR SW @ BURBANK,0.093
MARTIN LUTHER KING J DR SW @ BURBANK,MARTIN LUTHER KING J @ STAFFORD ST,0.095
MARTIN LUTHER KING J @ STAFFORD ST,MARTIN L KING JR DR @ MORRIS BROWN,0.093
MARTIN L KING JR DR @ MORRIS BROWN,MARTIN LUTHER KING J @ HUNTER PL N,0.076
MARTIN LUTHER KING J @ HUNTER PL N,MARTIN LUTHER KING J DR @ OLLIE ST,0.146
MARTIN LUTHER KING J DR @ OLLIE ST,MARTIN LUTHER KING J DR @ WHITEHOUSE DR,0.079
MARTIN LUTHER KING J DR @ WHITEHOUSE DR,MARTIN L KING JR DR @ JOSEPH E LOWERY BLVD,0.126
MARTIN L KING JR DR @ JOSEPH E LOWERY BLVD,MARTIN L KING JR DR @ PASCHAL BLVD SW,0.19
MARTIN L KING JR DR @ PASCHAL BLVD SW,MARTIN L KING JR DR @ JAMES P BRAWLEY  DR SW,0.092
MARTIN L KING JR DR @ JAMES P BRAWLEY  DR SW,MARTIN L KING JR DR @ GRIFFIN ST,0.075
MARTIN L KING JR DR @ GRIFFIN ST,MARTIN L KING JR DR @ SUNSET AVE,0.074
MARTIN L KING JR DR @ SUNSET AVE,TATNALL ST @ WALNUT ST,0.191
TATNALL ST @ WALNUT ST,MITCHELL ST @ NORTHSIDE DR,0.222
MITCHELL ST @ NORTHSIDE DR,MITCHELL ST @ MANGUM ST,0.229
MITCHELL ST @ MANGUM ST,MITCHELL ST @ TED TURNER DR,0.214
MITCHELL ST @ TED TURNER DR,FORSYTH ST @ MARTIN L KING JR DR,0.129
FORSYTH ST @ MARTIN L KING JR DR,FORSYTH ST SW @ ALABAMA ST SW (FIVE POINTS STATION),0.119
FORSYTH ST SW @ ALABAMA ST SW (FIVE POINTS STATION),MARIETTA ST NW @ PEACHTREE ST,0.146
FORSYTH ST SW @ ALABAMA ST SW (FIVE POINTS STATION),FORSYTH ST SW @ MITCHELL ST SW,0.144
FORSYTH ST SW @ ALABAMA ST SW (FIVE POINTS STATION),PEACHTREE ST @ ANDREW YOUNG INTL BLVD,0.476
MARIETTA ST NW @ PEACHTREE ST,DECATUR ST @ KIMBALL WAY,0.102
DECATUR ST @ KIMBALL WAY,DECATUR ST SE @ SHIRLEY C FRANKLIN BLVD,0.063
DECATUR ST SE @ SHIRLEY C FRANKLIN BLVD,DECATUR ST SE @ COLLINS ST SE,0.083
DECATUR ST SE @ COLLINS ST SE,PIEDMONT AVE  SE @ GILMER ST SE,0.142
DECATUR ST SE @ COLLINS ST SE,DECATUR ST SE @ PEACHTREE CENTER AVE,0.08
DECATUR ST SE @ COLLINS ST SE,DECATUR ST SE @ PIEDMONT AVE SE,0.074
PIEDMONT AVE  SE @ GILMER ST SE,AUBURN AVE NE @ JESSE HILL JR DR NE,0.315
PIEDMONT AVE  SE @ GILMER ST SE,COCA COLA PL SE @ JESSE HILL JR DR SE,0.19
AUBURN AVE NE @ JESSE HILL JR DR NE,AUBURN AVE NE @ HILLIARD ST NE,0.192
AUBURN AVE NE @ HILLIARD ST NE,AUBURN AVE @ WILLIAM H BORDERS SR DR,0.083
AUBURN AVE @ WILLIAM H BORDERS SR DR,JACKSON ST NE @ OLD WHEAT ST NE,0.056
JACKSON ST NE @ OLD WHEAT ST NE,JACKSON ST NE @ IRWIN ST NE,0.104
JACKSON ST NE @ OLD WHEAT ST NE,JACKSON ST @ EDGEWOOD AVE,0.095
JACKSON ST NE @ IRWIN ST NE,IRWIN ST NE @ BOULEVARD NE,0.15
JACKSON ST NE @ IRWIN ST NE,JACKSON ST NE @ OLD WHEAT ST NE,0.104
JACKSON ST NE @ IRWIN ST NE,JACKSON ST @ JOHN WESLEY DOBBS AVE,0.087
IRWIN ST NE @ BOULEVARD NE,IRWIN ST NE @ RANDOLPH ST NE,0.178
IRWIN ST NE @ RANDOLPH ST NE,JOHN WESLEY DOBBS AVE @ HOWELL ST,0.159
JOHN WESLEY DOBBS AVE @ HOWELL ST,JOHN WESLEY DOBBS AVE @ JACKSON ST,0.199
JOHN WESLEY DOBBS AVE @ JACKSON ST,JACKSON ST NE @ IRWIN ST NE,0.111
JACKSON ST @ EDGEWOOD AVE,EDGEWOOD AVE @ HILLIARD ST,0.141
JACKSON ST @ EDGEWOOD AVE,JACKSON ST SE @ CHAMBERLAIN ST SE,0.057
EDGEWOOD AVE @ HILLIARD ST,EDGEWOOD AVE @ JESSE HILL JR DR,0.22
EDGEWOOD AVE @ HILLIARD ST,KING HISTORIC DISTRICT,0.133
EDGEWOOD AVE @ JESSE HILL JR DR,EDGEWOOD AVE SE @ COURTLAND ST SE,0.199
EDGEWOOD AVE SE @ COURTLAND ST SE,EDGEWOOD AVE @ PEACHTREE CENTER AVE,0.114
EDGEWOOD AVE @ PEACHTREE CENTER AVE,EDGEWOOD AVE @ PEACHTREE ST,0.189
EDGEWOOD AVE @ PEACHTREE ST,FORSYTH ST SW @ ALABAMA ST SW (FIVE POINTS STATION),0.182
FORSYTH ST SW @ MITCHELL ST SW,FORSYTH ST SW @ TRINITY AVE SW,0.132
FORSYTH ST SW @ MITCHELL ST SW,MITCHELL ST SW @ PEACHTREE ST,0.101
FORSYTH ST SW @ MITCHELL ST SW,PEACHTREE ST SW @ MITCHELL ST SW,0.111
FORSYTH ST SW @ TRINITY AVE SW,TRINITY AVE SW @ TED TURNER DR SW,0.082
FORSYTH ST SW @ TRINITY AVE SW,TED TURNER DR SW @ BROTHERTON ST SW,0.2
TRINITY AVE SW @ TED TURNER DR SW,MITCHELL ST SW @ NORTHSIDE DR SW,0.437
TRINITY AVE SW @ TED TURNER DR SW,FORSYTH ST @ MARTIN L KING JR DR,0.217
TRINITY AVE SW @ TED TURNER DR SW,PETERS ST SW @ HAYNES ST SW,0.211
MITCHELL ST SW @ NORTHSIDE DR SW,TATNALL ST @ MARTIN L KING JR DR,0.24
TATNALL ST @ MARTIN L KING JR DR,MARTIN L KING JR DR NW @ SUNSET AVE NW,0.154
MARTIN L KING JR DR NW @ SUNSET AVE NW,MARTIN L KING JR DR NW @ JAMES P BRAWLEY DR NW,0.156
MARTIN L KING JR DR NW @ JAMES P BRAWLEY DR NW,MARTIN L KING JR DR NW @ PASCHAL BLVD SW,0.096
MARTIN L KING JR DR NW @ PASCHAL BLVD SW,MARTIN L KING JR DR NW @ JOSEPH E LOWERY BLVD NW,0.178
MARTIN L KING JR DR NW @ PASCHAL BLVD SW,JOSEPH E LOWERY BLVD @ BECKWITH ST SW,0.264
MARTIN L KING JR DR NW @ JOSEPH E LOWERY BLVD NW,MARTIN L KING JR DR NW @ BOOKER ST NW,0.168
MARTIN L KING JR DR NW @ BOOKER ST NW,MARTIN L KING JR DR NW @ OLLIE ST NW,0.05
MARTIN L KING JR DR NW @ OLLIE ST NW,MARTIN L KING JR DR NW @ HUNTER PL NW,0.158
MARTIN L KING JR DR NW @ HUNTER PL NW,MARTIN L KING JR DR NW @ MORRIS BROWN DR SW,0.074
MARTIN L KING JR DR NW @ MORRIS BROWN DR SW,MARTIN L KING JR DR NW @ STAFFORD ST SW,0.089
MARTIN L KING JR DR NW @ STAFFORD ST SW,MARTIN L KING JR DR NW @ BURBANK DR NW,0.087
MARTIN L KING JR DR NW @ BURBANK DR NW,MARTIN L KING JR DR NW @ CERRO ST SW,0.092
MARTIN L KING JR DR NW @ CERRO ST SW,MARTIN L KING JR DR NW @ CHICAMAUGA AVE NW,0.13
MARTIN L KING JR DR NW @ CHICAMAUGA AVE NW,MARTIN L KING JR DR NW @ CHAPPELL RD,0.081
MARTIN L KING JR DR NW @ CHAPPELL RD,MARTIN L KING JR DR NW @ 1457,0.082
MARTIN L KING JR DR NW @ 1457,MARTIN L KING JR DR NW @ MATHEWSON PL SW,0.091
MARTIN L KING JR DR NW @ BROWNING ST SW,MARTIN L KING JR DR NW @ FEDERAL DR SW,0.119
MARTIN L KING JR DR NW @ FEDERAL DR SW,MARTIN L KING JR DR NW @ W LAKE AVE SW,0.062
MARTIN L KING JR DR NW @ W LAKE AVE SW,MARTIN L KING JR DR SW @ ANDERSON AVE NW,0.248
MARTIN L KING JR DR NW @ W LAKE AVE SW,WEST LAKE STATION - EAST LOOP,0.15
MARTIN L KING JR DR SW @ ANDERSON AVE NW,MARTIN L KING JR DR SW @ 2001,0.196
MARTIN L KING JR DR SW @ 2001,MARTIN L KING JR DR SW @ 2051,0.13
MARTIN L KING JR DR SW @ 2051,MARTIN L KING JR DR SW @ 2085,0.109
MARTIN L KING JR DR SW @ 2085,MARTIN L KING JR DR SW @ WILSON AVE,0.102
MARTIN L KING JR DR SW @ WILSON AVE,MARTIN L KING JR DR SW @ LAMAR AVE,0.132
MARTIN L KING JR DR SW @ LAMAR AVE,MARTIN L KING JR DR SW @ BARFIELD AVE SW,0.141
MARTIN L KING JR DR SW @ LAMAR AVE,BARFIELD AVE @ MARTIN L KING JR DR SW,0.149
MARTIN L KING JR DR SW @ FAIRFIELD PL NW,MARTIN L KING JR DR NW @ FLORIDA AVE SW,0.13
MARTIN L KING JR DR NW @ FLORIDA AVE SW,MARTIN L KING JR DR SW @ HAMILTON E HOLMES DR NW,0.09
MARTIN L KING JR DR SW @ HAMILTON E HOLMES DR NW,HAMILTON E HOLMES STATION - BUS LOOP,0.23
MARTIN L KING JR DR SW @ HAMILTON E HOLMES DR NW,MARTIN L KING JR DR SW @ 2500,0.202
INMAN PARK/REYNOLDSTOWN STATION - SOUTH LOOP,SEABOARD AVE NE @ MORELAND AVE NE,0.234
SEABOARD AVE NE @ MORELAND AVE NE,MORELAND AVE NE @ WADE ST NE,0.124
MORELAND AVE NE @ WADE ST NE,MORELAND AVE NE @ BOULEVARD DR NE,0.199
MORELAND AVE NE @ BOULEVARD DR NE,MORELAND AVE NE @ WYLIE ST SE,0.106
MORELAND AVE NE @ WYLIE ST SE,MORELAND AVE SE @ KIRKWOOD AVE SE,0.165
MORELAND AVE SE @ KIRKWOOD AVE SE,MORELAND AVE SE @ MEMORIAL DR SE,0.164
MORELAND AVE SE @ MEMORIAL DR SE,MORELAND AVE SE @ FAITH AVE SE,0.277
MORELAND AVE SE @ MEMORIAL DR SE,MORELAND AVE SE @ MERLIN AVE SE,0.154
MORELAND AVE SE @ FAITH AVE SE,MORELAND AVE SE @ SANDERS AVE SE,0.102
MORELAND AVE SE @ SANDERS AVE SE,MORELAND AVE SE @ GLENWOOD AVE,0.092
MORELAND AVE SE @ SANDERS AVE SE,GLENWOOD AVE SE @ BROWNWOOD AVE SE,0.141
MORELAND AVE SE @ GLENWOOD AVE,MORELAND AVE SE @ PORTLAND AVE SE,0.096
MORELAND AVE SE @ PORTLAND AVE SE,MORELAND AVE SE @ WOODLAND AVE SE,0.114
MORELAND AVE SE @ WOODLAND AVE SE,MORELAND AVE SE @ BERNE ST SE,0.105
MORELAND AVE SE @ BERNE ST SE,MORELAND AVE SE @ HALL AVE SE,0.068
MORELAND AVE SE @ BERNE ST SE,MORELAND AVE SE @ PORTLAND AVE,0.191
MORELAND AVE SE @ HALL AVE SE,MORELAND AVE SE @ ORMEWOOD AVE SE,0.09
MORELAND AVE SE @ ORMEWOOD AVE SE,MORELAND AVE SE @ GRACEWOOD AVE SE,0.071
MORELAND AVE SE @ ORMEWOOD AVE SE,MORELAND AVE SE @ HALL ST SE,0.075
MORELAND AVE SE @ GRACEWOOD AVE SE,MORELAND AVE SE @ DELAWARE AVE SE,0.064
MORELAND AVE SE @ GRACEWOOD AVE SE,MORELAND AVE SE @ ORMEWOOD AVE SE,0.071
MORELAND AVE SE @ DELAWARE AVE SE,MORELAND AVE SE @ EDEN AVE SE,0.119
MORELAND AVE SE @ DELAWARE AVE SE,MORELAND AVE SE @ GRACEWOOD AVE SE,0.064
MORELAND AVE SE @ EDEN AVE SE,MORELAND AVE SE @ STONEYBROOK DR,0.073
MORELAND AVE SE @ STONEYBROOK DR,MORELAND AVE SE @ LYNDALE DR SE,0.122
MORELAND AVE SE @ LYNDALE DR SE,MORELAND AVE SE @ BURNS ST SE,0.058
MORELAND AVE SE @ LYNDALE DR SE,MORELAND AVE @ STONEYBROOK DR,0.097
MORELAND AVE SE @ BURNS ST SE,MORELAND AVE SE @ UNITED AVE,0.135
MORELAND AVE SE @ UNITED AVE,MORELAND AVE @ VICKERS ST,0.184
MORELAND AVE @ VICKERS ST,MORELAND AVE SE @ EASTLAND RD SE,0.155
MORELAND AVE SE @ EASTLAND RD SE,MORELAND AVE SE @ CUSTER AVE SE,0.247
MORELAND AVE SE @ EASTLAND RD SE,MORELAND AVE SE @ VILLAGE CREEK LNDG,0.177
MORELAND AVE SE @ CUSTER AVE SE,MORELAND AVE @ 1475,0.226
MORELAND AVE SE @ CUSTER AVE SE,MORELAND AVE SE @ EASTLAND RD SE,0.247
MORELAND AVE @ 1475,MORELAND AVE SE @ MORELAND DR SE,0.234
MORELAND AVE SE @ MORELAND DR SE,MORELAND AVE SE @ MCDONOUGH BLVD SE,0.355
MORELAND AVE SE @ MORELAND DR SE,MORELAND DR @ WOODLAND AVE,0.153
MORELAND AVE SE @ MCDONOUGH BLVD SE,MORELAND AVE SE @ ISA DR SE,0.245
MORELAND AVE SE @ MCDONOUGH BLVD SE,HENRY THOMAS DR SE (E) @ KIPLING ST SE,0.166
MORELAND AVE SE @ MCDONOUGH BLVD SE,MORELAND AVE @ MORELAND INDUS BLVD,0.338
MORELAND AVE SE @ ISA DR SE,MORELAND AVE SE @ HILLCREST DR,0.127
MORELAND AVE SE @ ISA DR SE,MORELAND AVE SE @ MCDONOUGH BLVD SE,0.245
MORELAND AVE SE @ HILLCREST DR,MORELAND AVE @ KEY RD,0.213
MORELAND AVE @ KEY RD,MORELAND AVE SE @ CONSTITUTION RD SE,0.134
MORELAND AVE SE @ CONSTITUTION RD SE,REGIS RD SE @ CONSTITUTION RD SE,0.109
MORELAND AVE SE @ CONSTITUTION RD SE,BAILEY ST SE @ FAYETTEVILLE RD SE,0.437
REGIS RD SE @ CONSTITUTION RD SE,VALLEY VIEW RD @ LOCUST LN SE,0.123
REGIS RD SE @ CONSTITUTION RD SE,MORELAND AVE SE @ KEY RD SE,0.213
VALLEY VIEW RD @ LOCUST LN SE,VALLEY VIEW RD SE @ 1086,0.038
VALLEY VIEW RD SE @ 1086,VALLEY VIEW RD SE @ 1056,0.059
VALLEY VIEW RD SE @ 1056,VALLEY VIEW RD SE @ LEILA LN SE,0.117
VALLEY VIEW RD SE @ LEILA LN SE,VALLEY VIEW RD SE @ STONEWALL DR SE,0.039
VALLEY VIEW RD SE @ LEILA LN SE,VALLEY VIEW RD SE @ 1069,0.123
VALLEY VIEW RD SE @ STONEWALL DR SE,STONEWALL DR SE @ OHARA PL SE,0.079
STONEWALL DR SE @ OHARA PL SE,CONSTITUTION RD @ 960,0.11
STONEWALL DR SE @ OHARA PL SE,VALLEY VIEW RD SE @ LEILA LN SE,0.115
CONSTITUTION RD @ 960,CONSTITUTION RD @ FORREST PARK RD,0.106
CONSTITUTION RD @ FORREST PARK RD,CONSTITUTION RD SE @ JONESBORO RD SE,0.376
CONSTITUTION RD SE @ JONESBORO RD SE,JONESBORO RD SE @ MIDWAY ST SE,0.28
HENRY THOMAS DR SE (E) @ KIPLING ST SE,TURNER RD SE @ KIPLING ST SE,0.174
TURNER RD SE @ KIPLING ST SE,TURNER RD SE @ ISA DR SE,0.184
TURNER RD SE @ KIPLING ST SE,KIPLING ST SE @ HENRY THOMAS DR SE,0.14
TURNER RD SE @ ISA DR SE,THOMASVILLE DR SE @ TURNER RD SE,0.213
THOMASVILLE DR SE @ TURNER RD SE,THOMASVILLE DR SE @ THOMASVILLE CT SE,0.114
THOMASVILLE DR SE @ THOMASVILLE CT SE,THOMASVILLE DR SE @ FORREST PARK RD SE,0.106
THOMASVILLE DR SE @ FORREST PARK RD SE,FORREST PARK RD SE @ NORWOOD RD SE,0.122
FORREST PARK RD SE @ NORWOOD RD SE,FORREST PARK RD SE @ 2155,0.137
FORREST PARK RD SE @ NORWOOD RD SE,FORREST PARK RD SE @ THOMASVILLE DR S,0.118
FORREST PARK RD SE @ 2155,FORREST PARK RD SE @ CONSTITUTION RD SE,0.119
FORREST PARK RD SE @ CONSTITUTION RD SE,FORREST PARK RD SE @ STONEWALL DR SE,0.144
FORREST PARK RD SE @ STONEWALL DR SE,FORREST PARK RD SE @ MIDWAY ST SE,0.091
FORREST PARK RD SE @ STONEWALL DR SE,FORREST PARK RD SE @ CONSTITUTION RD,0.119
FORREST PARK RD SE @ MIDWAY ST SE,REDFORD DR SE @ FORREST PARK RD SE,0.079
REDFORD DR SE @ FORREST PARK RD SE,REDFORD DR SE @ 955,0.105
REDFORD DR SE @ 955,REDFORD DR @ NATHAM DR,0.091
REDFORD DR @ NATHAM DR,REDFORD DR SE @ REBEL FOREST DR SE,0.138
REDFORD DR SE @ REBEL FOREST DR SE,REBEL FOREST DR SE @ NATHAM DR SE,0.144
REBEL FOREST DR SE @ NATHAM DR SE,REBEL FOREST DR SE @ FORREST PARK RD,0.167
REBEL FOREST DR SE @ FORREST PARK RD,FORREST PARK RD SE @ NATHAM DR SE,0.088
FORREST PARK RD SE @ NATHAM DR SE,FORREST PARK RD SE @ STONEWALL DR SE,0.124
FORREST PARK RD SE @ CONSTITUTION RD,FORREST PARK RD SE @ NORWOOD RD SE,0.283
FORREST PARK RD SE @ CONSTITUTION RD,CONSTITUTION RD SE @ STONEWALL DR SE,0.163
FORREST PARK RD SE @ THOMASVILLE DR S,THOMASVILLE DR SE @ THOMASVILLE CT,0.081
THOMASVILLE DR SE @ THOMASVILLE CT,THOMASVILLE DR SE @ KIPLING ST SE,0.144
THOMASVILLE DR SE @ KIPLING ST SE,TURNER RD SE @ VELMA ST SE,0.161
TURNER RD SE @ VELMA ST SE,TURNER RD SE @ KIPLING ST SE,0.241
KIPLING ST SE @ HENRY THOMAS DR SE,HENRY THOMAS DR SE (E) @ MCDONOUGH BLVD SE,0.133
KIPLING ST SE @ HENRY THOMAS DR SE,ISA DR SE @ MORELAND AVE SE,0.228
HENRY THOMAS DR SE (E) @ MCDONOUGH BLVD SE,MORELAND AVE @ MORELAND INDUS BLVD,0.345
MORELAND AVE @ MORELAND INDUS BLVD,MORELAND AVE @ 1460,0.183
MORELAND AVE @ 1460,MORELAND AVE SE @ CUSTER AVE SE,0.293
MORELAND AVE SE @ VILLAGE CREEK LNDG,MORELAND AVE @ SKY HAVEN RD,0.152
MORELAND AVE SE @ VILLAGE CREEK LNDG,UNITED AVE @ MORELAND AVE SE,0.146
MORELAND AVE @ SKY HAVEN RD,MORELAND AVE SE @ BEECHVIEW DR SE,0.118
MORELAND AVE SE @ BEECHVIEW DR SE,MORELAND AVE SE @ LYNDALE DR SE,0.084
MORELAND AVE @ STONEYBROOK DR,MORELAND AVE @ EDEN AVE,0.093
MORELAND AVE @ EDEN AVE,MORELAND AVE SE @ DELAWARE AVE SE,0.124
MORELAND AVE SE @ HALL ST SE,MORELAND AVE SE @ BERNE ST SE,0.081
MORELAND AVE SE @ PORTLAND AVE,MORELAND AVE SE @ GLENWOOD AVE SE,0.077
MORELAND AVE SE @ GLENWOOD AVE SE,MORELAND AVE SE @ METROPOLITAN AVE SE,0.088
MORELAND AVE SE @ METROPOLITAN AVE SE,MORELAND AVE SE @ MCPHERSON AVE SE,0.125
MORELAND AVE SE @ MCPHERSON AVE SE,MORELAND AVE SE @ MEMORIAL DR SE,0.304
MORELAND AVE SE @ MERLIN AVE SE,MORELAND AVE SE @ WYLIE ST SE,0.186
MORELAND AVE SE @ WYLIE ST SE,MORELAND AVE SE @ HOSEA L WILLIAMS DR NE,0.08
MORELAND AVE SE @ HOSEA L WILLIAMS DR NE,MORELAND AVE NE @ HARDEE ST NE,0.145
MORELAND AVE NE @ HARDEE ST NE,SEABOARD AVE NE @ BRANTLEY ST NE,0.2
SEABOARD AVE NE @ BRANTLEY ST NE,INMAN PARK/REYNOLDSTOWN STATION - SOUTH LOOP,0.221
JONESBORO RD SE @ MIDWAY ST SE,JONESBORO RD SE @ MCWILLIAMS RD SE,0.085
JONESBORO RD SE @ MIDWAY ST SE,JONESBORO RD SE @ 2267,0.139
JONESBORO RD SE @ MCWILLIAMS RD SE,HARGIS ST SE @ FORREST PARK RD SE,0.227
JONESBORO RD SE @ MCWILLIAMS RD SE,JONESBORO RD SE @ 2491,0.192
JONESBORO RD SE @ MCWILLIAMS RD SE,JONESBORO RD SE @ MIDWAY ST SE,0.085
HARGIS ST SE @ FORREST PARK RD SE,FORREST PARK RD SE @ NATHAM DR SE,0.141
CONSTITUTION RD SE @ STONEWALL DR SE,STONEWALL DR SE @ OHARA PL SE,0.09
VALLEY VIEW RD SE @ 1069,VALLEY VIEW RD SE @ REGIS RD SE,0.13
VALLEY VIEW RD SE @ REGIS RD SE,REGIS RD SE @ CONSTITUTION RD SE,0.087
MORELAND AVE SE @ KEY RD SE,MORELAND AVE SE @ HILLCREST DR SE,0.191
MORELAND AVE SE @ HILLCREST DR SE,MORELAND AVE SE @ ISA DR SE,0.178
MORELAND AVE SE @ HILLCREST DR SE,ISA DR SE @ KIPLING ST SE,0.188
DUNWOODY STATION,HAMMOND DR NE @ PEACHTREE DUNWOODY RD,0.322
DUNWOODY STATION,ASHFORD DUNWOODY RD NE @ RAVINIA DR,0.341
DUNWOODY STATION,SANDY SPRINGS STATION,0.831
DUNWOODY STATION,MEDICAL CENTER STATION,0.809
DUNWOODY STATION,EAST POINT STATION,17.758
DUNWOODY STATION,BROOKHAVEN-OGLETHORPE STATION,4.224
DUNWOODY STATION,ARTS CENTER STATION,9.418
DUNWOODY STATION,MIDTOWN STATION,9.959
DUNWOODY STATION,LINDBERGH CENTER STATION,6.884
DUNWOODY STATION,AIRPORT STATION,20.249
DUNWOODY STATION,COLLEGE PARK STATION,19.631
DUNWOODY STATION,GARNETT STATION,12.258
DUNWOODY STATION,FIVE POINTS STATION,11.852
DUNWOODY STATION,PEACHTREE CENTER STATION,11.521
DUNWOODY STATION,CHAMBLEE STATION,3.191
DUNWOODY STATION,NORTH SPRINGS STATION,1.806
DUNWOODY STATION,OAKLAND CITY STATION,14.824
DUNWOODY STATION,WEST END STATION,13.383
DUNWOODY STATION,BUCKHEAD STATION,5.215
DUNWOODY STATION,NORTH AVENUE STATION,10.595
DUNWOODY STATION,DORAVILLE STATION,3.902
DUNWOODY STATION,CIVIC CENTER STATION,10.978
DUNWOODY STATION,LENOX STATION,5.287
DUNWOODY STATION,LAKEWOOD-FT MCPHERSON STATION,15.994
HAMMOND DR NE @ PEACHTREE DUNWOODY RD,HAMMOND DR @ CONCOURSE PKWY,0.182
HAMMOND DR @ CONCOURSE PKWY,HAMMOND DR NE @ BARFIELD RD NE,0.422
HAMMOND DR NE @ BARFIELD RD NE,HAMMOND DR @ GLENRIDGE DR,0.199
HAMMOND DR @ GLENRIDGE DR,JOHNSON FERRY RD NE @ GLENRIDGE DR NE,0.334
HAMMOND DR @ GLENRIDGE DR,HAMMOND DR @ KAYRON DR,0.449
JOHNSON FERRY RD NE @ GLENRIDGE DR NE,JOHNSON FERRY RD @ KAYRON DR,0.168
JOHNSON FERRY RD NE @ GLENRIDGE DR NE,HAMMOND DR NE @ GLENRIDGE DR NE,0.364
JOHNSON FERRY RD @ KAYRON DR,ROSWELL RD NE @ HILDERBRAND DR NE,0.476
JOHNSON FERRY RD @ KAYRON DR,JOHNSON FERRY RD NE @ GLENRIDGE DR NE,0.168
ROSWELL RD NE @ HILDERBRAND DR NE,ROSWELL RD NE @ SANDY SPRINGS PL NE,0.189
ROSWELL RD NE @ HILDERBRAND DR NE,ROSWELL RD NE @ MT VERNON HWY NE,0.083
ROSWELL RD NE @ HILDERBRAND DR NE,HAMMOND DR @ BOYLSTON DR,0.291
ROSWELL RD NE @ SANDY SPRINGS PL NE,ROSWELL RD NE @ HAMMOND DR NE,0.103
ROSWELL RD NE @ SANDY SPRINGS PL NE,ROSWELL RD NE @ HILDERBRAND DR NE,0.189
ROSWELL RD NE @ HAMMOND DR NE,ROSWELL RD NE @ CLIFTWOOD DR NE,0.165
ROSWELL RD NE @ HAMMOND DR NE,ROSWELL RD NE @ SANDY SPRINGS PL NE,0.103
ROSWELL RD NE @ CLIFTWOOD DR NE,ROSWELL RD NE @ ALLEN RD,0.175
ROSWELL RD NE @ ALLEN RD,ROSWELL RD NE @ LAKE PLACID DR NE,0.295
ROSWELL RD NE @ LAKE PLACID DR NE,ROSWELL RD NE @ 5630,0.158
ROSWELL RD NE @ LAKE PLACID DR NE,ROSWELL RD NE @ ALLEN RD NE,0.312
ROSWELL RD NE @ 5630,ROSWELL RD NE @ 5600,0.11
ROSWELL RD NE @ 5600,ROSWELL RD NE @ GLENRIDGE DR NE,0.155
ROSWELL RD NE @ GLENRIDGE DR NE,ROSWELL RD NE @ STEWART DR NE,0.131
ROSWELL RD NE @ GLENRIDGE DR NE,ROSWELL RD NE @ PERUCA PL NE,0.178
ROSWELL RD NE @ STEWART DR NE,ROSWELL RD NE @ MARYEANNA DR,0.133
ROSWELL RD NE @ MARYEANNA DR,ROSWELL RD NE @ MT PARAN RD NE,0.186
ROSWELL RD NE @ MT PARAN RD NE,ROSWELL RD NE @ OSNER DR NE,0.173
ROSWELL RD NE @ OSNER DR NE,ROSWELL RD NE @ HARDEMAN RD,0.182
ROSWELL RD NE @ HARDEMAN RD,ROSWELL RD NE @ W BELLE ISLE RD NE,0.173
ROSWELL RD NE @ W BELLE ISLE RD NE,ROSWELL RD NE @ LONG ISLAND DR NE,0.199
ROSWELL RD NE @ LONG ISLAND DR NE,ROSWELL RD NE @ MYSTIC DR,0.188
ROSWELL RD NE @ LONG ISLAND DR NE,ROSWELL RD NE @ E BELLE ISLE RD NE,0.218
ROSWELL RD NE @ MYSTIC DR,ROSWELL RD NE @ MYSTIC PL NE,0.095
ROSWELL RD NE @ MYSTIC PL NE,ROSWELL RD NE @ WINDSOR PKWY NE,0.265
ROSWELL RD NE @ MYSTIC PL NE,ROSWELL RD NE @ TOWNSHIP PKWY,0.134
ROSWELL RD NE @ WINDSOR PKWY NE,ROSWELL RD NE @ WIEUCA RD NE,0.213
ROSWELL RD NE @ WINDSOR PKWY NE,ROSWELL RD NE @ MYSTIC PL NE,0.265
ROSWELL RD NE @ WIEUCA RD NE,ROSWELL RD NE @ MIDVALE DR NE,0.28
ROSWELL RD NE @ WIEUCA RD NE,ROSWELL RD NE @ DILBECK PL NW,0.079
ROSWELL RD NE @ MIDVALE DR NE,ROSWELL RD NE @ RICKENBACKER DR NE,0.131
ROSWELL RD NE @ MIDVALE DR NE,ROSWELL RD NE @ WIEUCA RD NE,0.28
ROSWELL RD NE @ RICKENBACKER DR NE,ROSWELL RD NE @ CHASTAIN DR NE,0.195
ROSWELL RD NE @ RICKENBACKER DR NE,ROSWELL RD NE @ MIDVALE DR NE,0.131
ROSWELL RD NE @ CHASTAIN DR NE,ROSWELL RD NE @ LAKEMOORE DR,0.194
ROSWELL RD NE @ CHASTAIN DR NE,ROSWELL RD NE @ RICKENBACKER DR NE,0.195
ROSWELL RD NE @ LAKEMOORE DR,ROSWELL RD NE @ LAUREL FOREST CIR,0.157
ROSWELL RD NE @ LAUREL FOREST CIR,ROSWELL RD NE @ LE BRUN RD NE,0.093
ROSWELL RD NE @ LE BRUN RD NE,ROSWELL RD NE @ IVY PKWY NE,0.235
ROSWELL RD NE @ IVY PKWY NE,PIEDMONT RD NE @ HABERSHAM RD NE,0.343
ROSWELL RD NE @ IVY PKWY NE,ROSWELL RD NE @ SHELDON DR NE,0.195
PIEDMONT RD NE @ HABERSHAM RD NE,PIEDMONT RD NE @ 3558,0.156
PIEDMONT RD NE @ HABERSHAM RD NE,ROSWELL RD NE @ POWERS FERRY RD NW,0.202
PIEDMONT RD NE @ 3558,PIEDMONT RD NE @ 3500,0.169
PIEDMONT RD NE @ 3500,PIEDMONT RD NE @ CARSON LN NE,0.185
PIEDMONT RD NE @ CARSON LN NE,PIEDMONT RD NE @ TOWER PLACE DR NE,0.155
PIEDMONT RD NE @ TOWER PLACE DR NE,PIEDMONT RD NE @ PEACHTREE RD NE,0.14
PIEDMONT RD NE @ PEACHTREE RD NE,PIEDMONT RD NE @ MARTINA DR NE,0.217
PIEDMONT RD NE @ PEACHTREE RD NE,PIEDMONT RD NE @ TOWER PLACE DR,0.126
PIEDMONT RD NE @ MARTINA DR NE,PIEDMONT RD NE @ E PACES FERRY RD NE,0.164
PIEDMONT RD NE @ MARTINA DR NE,PIEDMONT RD NE @ PEACHTREE RD NE,0.217
PIEDMONT RD NE @ E PACES FERRY RD NE,PIEDMONT RD NE @ PHARR RD NE,0.185
PIEDMONT RD NE @ E PACES FERRY RD NE,PIEDMONT RD NE @ MARTINA DR NE,0.164
PIEDMONT RD NE @ PHARR RD NE,PIEDMONT RD NE @ N HILLS DR NE,0.198
PIEDMONT RD NE @ N HILLS DR NE,PIEDMONT RD NE @ WESLEY RD NE,0.186
PIEDMONT RD NE @ WESLEY RD NE,PIEDMONT RD NE @ ALPINE RD NE,0.129
PIEDMONT RD NE @ ALPINE RD NE,PIEDMONT RD NE @ MIAMI CIR NE,0.116
PIEDMONT RD NE @ ALPINE RD NE,PIEDMONT RD NE @ DARLINGTON RD,0.137
PIEDMONT RD NE @ MIAMI CIR NE,PIEDMONT RD NE @ SIDNEY MARCUS BLVD NE,0.14
PIEDMONT RD NE @ MIAMI CIR NE,PIEDMONT RD NE @ ALPINE RD NE,0.116
PIEDMONT RD NE @ SIDNEY MARCUS BLVD NE,LINDBERGH CENTER STATION - NORTH LOOP/MOROSGO DR,0.255
LINDBERGH CENTER STATION - NORTH LOOP/MOROSGO DR,PIEDMONT RD NE @ MIAMI CIR NE,0.374
LINDBERGH CENTER STATION - NORTH LOOP/MOROSGO DR,LINDBERGH WAY NE @ W LINDMONT CT,0.345
LINDBERGH CENTER STATION - NORTH LOOP/MOROSGO DR,SIDNEY MARCUS BLVD NE @ PIEDMONT RD NE,0.278
LINDBERGH CENTER STATION - NORTH LOOP/MOROSGO DR,PIEDMONT RD NE @ GARSON DR NE,0.376
PIEDMONT RD NE @ DARLINGTON RD,PIEDMONT RD NE @ ELLIOTT CIR NE,0.134
PIEDMONT RD NE @ ELLIOTT CIR NE,PIEDMONT RD NE @ BURKE RD NE,0.163
PIEDMONT RD NE @ BURKE RD NE,PIEDMONT RD NE @ PEACHTREE DR NE,0.111
PIEDMONT RD NE @ PEACHTREE DR NE,PIEDMONT RD NE @ E PACES FERRY RD NE,0.155
PIEDMONT RD NE @ TOWER PLACE DR,PIEDMONT RD NE @ 3525,0.371
PIEDMONT RD NE @ 3525,PIEDMONT RD NE @ 3565,0.11
PIEDMONT RD NE @ 3565,PIEDMONT RD NE @ HABERSHAM RD NE,0.182
ROSWELL RD NE @ POWERS FERRY RD NW,ROSWELL RD NE @ IVY PKWY NE,0.173
ROSWELL RD NE @ SHELDON DR NE,ROSWELL RD NE @ LAND O LAKES DR NE,0.158
ROSWELL RD NE @ LAND O LAKES DR NE,ROSWELL RD NE @ LAKEMOORE DR NE,0.155
ROSWELL RD NE @ LAKEMOORE DR NE,ROSWELL RD NE @ CHASTAIN DR NE,0.175
ROSWELL RD NE @ DILBECK PL NW,ROSWELL RD NE @ WINDSOR PKWY NE,0.14
ROSWELL RD NE @ TOWNSHIP PKWY,ROSWELL RD NE @ LONG ISLAND DR NE,0.149
ROSWELL RD NE @ E BELLE ISLE RD NE,ROSWELL RD NE @ PARK AVE NE,0.178
ROSWELL RD NE @ PARK AVE NE,ROSWELL RD @ OSNER DR,0.154
ROSWELL RD @ OSNER DR,ROSWELL RD NE @ BEACHLAND DR NE,0.189
ROSWELL RD NE @ BEACHLAND DR NE,ROSWELL RD NE @ GREEN HILL RD NE,0.205
ROSWELL RD NE @ GREEN HILL RD NE,ROSWELL RD NE @ GLENRIDGE DR NE,0.225
ROSWELL RD NE @ PERUCA PL NE,ROSWELL RD NE @ LAKE PLACID DR NE,0.243
ROSWELL RD NE @ ALLEN RD NE,ROSWELL RD NE @ CARPENTER DR NE,0.085
ROSWELL RD NE @ CARPENTER DR NE,ROSWELL RD NE @ 5925,0.157
ROSWELL RD NE @ 5925,ROSWELL RD NE @ HAMMOND DR NE,0.076
ROSWELL RD NE @ MT VERNON HWY NE,JOHNSON FERRY RD @ HARLESTON RD,0.235
ROSWELL RD NE @ MT VERNON HWY NE,ROSWELL RD NE @ JOHNSON FERRY RD NE,0.092
JOHNSON FERRY RD @ HARLESTON RD,JOHNSON FERRY RD @ KAYRON DR,0.241
JOHNSON FERRY RD @ HARLESTON RD,MT VERNON HWY NE @ VERNON WOODS DR NE,0.305
HAMMOND DR NE @ GLENRIDGE DR NE,HAMMOND DR NE @ BARFIELD RD,0.142
HAMMOND DR NE @ BARFIELD RD,HAMMOND DR NE @ CONCOURSE PKWY,0.347
HAMMOND DR NE @ CONCOURSE PKWY,HAMMOND DR @ PEACHTREE DUNWOODY RD,0.283
HAMMOND DR @ PEACHTREE DUNWOODY RD,DUNWOODY STATION,0.327
LINDBERGH WAY NE @ W LINDMONT CT,LINDBERGH DR NE @ ADINA DR NE,0.075
LINDBERGH DR NE @ ADINA DR NE,LINDBERGH DR NE @ STRATHMORE DR NE,0.405
LINDBERGH DR NE @ ADINA DR NE,LINDBERGH DR NE @ MOROSGO WAY,0.109
LINDBERGH DR NE @ STRATHMORE DR NE,LINDBERGH DR NE @ MELANTE DR NE,0.202
LINDBERGH DR NE @ MELANTE DR NE,LINDBERGH DR NE @ CHESHIRE BRIDGE RD,0.086
LINDBERGH DR NE @ MELANTE DR NE,LINDBERGH DR NE @ LINDRIDGE DR NE,0.268
LINDBERGH DR NE @ CHESHIRE BRIDGE RD,WOODLAND AVE NE @ LENOX RD NE,0.27
LINDBERGH DR NE @ CHESHIRE BRIDGE RD,LAVISTA RD NE @ LAVISTA WALK,0.086
WOODLAND AVE NE @ LENOX RD NE,WOODLAND AVE NE @ 1155,0.128
WOODLAND AVE NE @ 1155,WOODLAND AVE NE @ 1217,0.105
WOODLAND AVE NE @ 1217,WOODLAND HILLS DR NE @ PALAFOX DR,0.181
WOODLAND HILLS DR NE @ PALAFOX DR,WOODLAND HILLS DR @ JANES LN,0.093
WOODLAND HILLS DR @ JANES LN,WOODLAND HILLS DR NE @ VISTA TRL NE,0.113
WOODLAND HILLS DR NE @ VISTA TRL NE,WOODLAND HILLS DR @ COUNTRY LN,0.113
WOODLAND HILLS DR @ COUNTRY LN,WOODLAND HILLS DR @ LAVISTA RD,0.111
WOODLAND HILLS DR @ LAVISTA RD,LAVISTA RD NE @ BERNADETTE LN NE,0.149
LAVISTA RD NE @ BERNADETTE LN NE,LAVISTA RD NE @ VISTA VALLEY DR NE,0.127
LAVISTA RD NE @ BERNADETTE LN NE,LAVISTA RD NE @ WOODLAND HILLS DR,0.147
LAVISTA RD NE @ VISTA VALLEY DR NE,LAVISTA RD NE @ BRIARCLIFF RD NE,0.11
LAVISTA RD NE @ VISTA VALLEY DR NE,LAVISTA RD NE @ BERNADETTE LN NE,0.127
LAVISTA RD NE @ BRIARCLIFF RD NE,BRIARCLIFF RD @ SOUTHLAND VISTA CT,0.13
LAVISTA RD NE @ BRIARCLIFF RD NE,LAVISTA RD NE @ VISTA VALLEY DR NE,0.11
BRIARCLIFF RD @ SOUTHLAND VISTA CT,BRIARCLIFF RD NE @ BRIAR VISTA TER NE,0.24
BRIARCLIFF RD NE @ BRIAR VISTA TER NE,BRIARCLIFF RD @ SHEPHERDS LN,0.189
BRIARCLIFF RD NE @ BRIAR VISTA TER NE,BRIARCLIFF RD NE @ STEPHENS DR NE,0.096
BRIARCLIFF RD @ SHEPHERDS LN,CLIFTON RD @ BRIARCLIFF RD,0.153
CLIFTON RD @ BRIARCLIFF RD,CLIFTON RD @ OLD BRIARCLIFF WAY,0.196
CLIFTON RD @ OLD BRIARCLIFF WAY,CLIFTON RD @ 1762,0.19
CLIFTON RD @ 1762,CLIFTON RD @ CDC PKWY,0.157
CLIFTON RD @ CDC PKWY,CLIFTON RD @ CLIFTON WAY,0.103
CLIFTON RD @ CLIFTON WAY,CLIFTON RD NE @ 1615,0.1
CLIFTON RD NE @ 1615,CLIFTON RD @ HOUSTON MILL RD,0.131
CLIFTON RD @ HOUSTON MILL RD,CLIFTON RD @ EAGLE ROW,0.308
CLIFTON RD @ HOUSTON MILL RD,MICHAEL ST @ ROLLINS WAY,0.192
CLIFTON RD @ EAGLE ROW,CLIFTON RD @ WOODRUFF CIR,0.087
CLIFTON RD @ WOODRUFF CIR,CLIFTON RD @ FISHBURNE DR,0.191
CLIFTON RD @ FISHBURNE DR,N DECATUR RD @ 1660,0.215
N DECATUR RD @ 1660,N DECATUR RD NE @ DOWMAN DR NE,0.095
N DECATUR RD NE @ DOWMAN DR NE,N DECATUR RD @ LULLWATER RD,0.213
N DECATUR RD @ LULLWATER RD,N DECATUR RD NE @ OAKDALE RD,0.187
N DECATUR RD NE @ OAKDALE RD,N DECATUR RD @ OXFORD RD,0.068
N DECATUR RD @ OXFORD RD,N DECATUR RD @ SPRINGDALE RD,0.102
N DECATUR RD @ SPRINGDALE RD,BRIARCLIFF RD NE @ UNIVERSITY DR NE,0.258
N DECATUR RD @ SPRINGDALE RD,N DECATUR RD NE @ BRIARCLIFF RD NE,0.223
BRIARCLIFF RD NE @ UNIVERSITY DR NE,BRIARCLIFF RD NE @ 1256,0.15
BRIARCLIFF RD NE @ 1256,BRIARCLIFF RD NE @ OAK PARK DR  NE,0.192
BRIARCLIFF RD NE @ OAK PARK DR  NE,BRIARCLIFF RD NE @ STILLWOOD DR NE,0.195
BRIARCLIFF RD NE @ STILLWOOD DR NE,BRIARCLIFF RD @ STILLWOOD DR,0.058
BRIARCLIFF RD NE @ STILLWOOD DR NE,BRIARCLIFF RD @ THE BY WAY NE,0.037
BRIARCLIFF RD @ STILLWOOD DR,BRIARCLIFF RD NE @ VIRGINIA AVE,0.273
BRIARCLIFF RD NE @ VIRGINIA AVE,BRIARCLIFF RD NE @ 869,0.07
BRIARCLIFF RD NE @ 869,BRIARCLIFF RD NE @ BRIARCLIFF PL NE,0.089
BRIARCLIFF RD NE @ 869,BRIARCLIFF RD NE @ VIRGINIA AVE NE,0.082
BRIARCLIFF RD NE @ BRIARCLIFF PL NE,BRIARCLIFF RD NE @ SAINT LOUIS PL NE,0.064
BRIARCLIFF RD NE @ BRIARCLIFF PL NE,BRIARCLIFF RD NE @ 869,0.089
BRIARCLIFF RD NE @ SAINT LOUIS PL NE,BRIARCLIFF RD @ SAINT CHARLES PL NE,0.07
BRIARCLIFF RD @ SAINT CHARLES PL NE,BRIARCLIFF RD NE @ PONCE DE LEON AVE,0.106
BRIARCLIFF RD @ SAINT CHARLES PL NE,BRIARCLIFF RD NE @ BRIARCLIFF PL NE,0.133
BRIARCLIFF RD NE @ PONCE DE LEON AVE,MORELAND AVE NE @ BLUE RIDGE AVE NE,0.103
MORELAND AVE NE @ BLUE RIDGE AVE NE,MORELAND AVE @ NORTH AVE,0.105
MORELAND AVE @ NORTH AVE,MORELAND AVE @ DRUID PL,0.142
MORELAND AVE @ NORTH AVE,MORELAND AVE NE @ FAIRVIEW RD NE,0.076
MORELAND AVE @ DRUID PL,MORELAND AVE @ MANSFIELD AVE,0.085
MORELAND AVE @ DRUID PL,MORELAND AVE @ NORTH AVE,0.142
MORELAND AVE @ MANSFIELD AVE,MORELAND AVE @ EUCLID AVE,0.176
MORELAND AVE @ MANSFIELD AVE,MORELAND AVE @ DRUID PL,0.085
MORELAND AVE @ MANSFIELD AVE,N HIGHLAND AVE NE @ JOHN LEWIS FREEDOM PKWY NE,0.233
MORELAND AVE @ EUCLID AVE,MORELAND AVE NE @ 326,0.119
MORELAND AVE NE @ 326,MORELAND AVE @ 299,0.075
MORELAND AVE NE @ 326,CAROLINE ST @ 1245,0.364
MORELAND AVE @ 299,DEKALB AVE NE @ HARALSON AVE NE,0.18
DEKALB AVE NE @ HARALSON AVE NE,INMAN PARK/REYNOLDSTOWN STATION - NORTH LOOP,0.246
INMAN PARK/REYNOLDSTOWN STATION - NORTH LOOP,DEKALB AVE NE @ DEGRESS AVE NE,0.134
LAVISTA RD NE @ LAVISTA WALK,LAVISTA RD NE @ CITADEL DR NE,0.195
LAVISTA RD NE @ CITADEL DR NE,LAVISTA RD NE @ BROOKFOREST DR NE,0.264
LAVISTA RD NE @ CITADEL DR NE,LAVISTA RD NE @ CHESHIRE BRIDGE RD,0.155
LAVISTA RD NE @ BROOKFOREST DR NE,LAVISTA RD NE @ WOODLAND HILLS DR,0.131
LAVISTA RD NE @ BROOKFOREST DR NE,LAVISTA RD NE @ CITADEL DR NE,0.264
LAVISTA RD NE @ WOODLAND HILLS DR,LAVISTA RD NE @ BERNADETTE LN NE,0.147
LAVISTA RD NE @ WOODLAND HILLS DR,WOODLAND HILLS DR NE @ COUNTRY LN,0.132
LAVISTA RD NE @ WOODLAND HILLS DR,LAVISTA RD NE @ BROOKFOREST DR NE,0.131
DEKALB AVE NE @ DEGRESS AVE NE,MORELAND AVE @ 327,0.315
MORELAND AVE @ 327,MORELAND AVE @ MCLENDON AVE,0.141
MORELAND AVE @ MCLENDON AVE,MORELAND AVE @ MANSFIELD AVE,0.194
MORELAND AVE NE @ FAIRVIEW RD NE,MORELAND AVE NE @ PONCE DE LEON AVE N,0.099
MORELAND AVE NE @ PONCE DE LEON AVE N,BRIARCLIFF RD @ SAINT CHARLES PL NE,0.135
BRIARCLIFF RD NE @ VIRGINIA AVE NE,BRIARCLIFF RD @ 939,0.107
BRIARCLIFF RD @ 939,BRIARCLIFF RD NE @ STILLWOOD DR,0.157
BRIARCLIFF RD NE @ STILLWOOD DR,BRIARCLIFF RD NE @ STILLWOOD DR NE,0.059
BRIARCLIFF RD @ THE BY WAY NE,BRIARCLIFF RD NE @ OAK PARK DR NE,0.155
BRIARCLIFF RD NE @ OAK PARK DR NE,BRIARCLIFF RD NE @ 1255,0.169
BRIARCLIFF RD NE @ 1255,BRIARCLIFF RD NE @ BRIARDALE LN NE,0.13
BRIARCLIFF RD NE @ BRIARDALE LN NE,BRIARCLIFF RD NE @ N DECATUR RD NE,0.107
BRIARCLIFF RD NE @ N DECATUR RD NE,N DECATUR RD NE @ SPRINGDALE RD NE,0.177
N DECATUR RD NE @ SPRINGDALE RD NE,N DECATUR RD NE @ OXFORD RD NE,0.141
N DECATUR RD NE @ OXFORD RD NE,N DECATUR RD NE @ OAKDALE RD NE,0.067
N DECATUR RD NE @ OAKDALE RD NE,N DECATUR RD NE @ LULLWATER RD,0.232
N DECATUR RD NE @ LULLWATER RD,N DECATUR RD NE @ S OXFORD RD NE,0.135
N DECATUR RD NE @ S OXFORD RD NE,N DECATUR RD NE @ 1641,0.15
N DECATUR RD NE @ 1641,CLIFTON RD NE @ GAMBRELL DR,0.201
N DECATUR RD NE @ 1641,N DECATUR RD NE @ CLIFTON RD,0.138
CLIFTON RD NE @ GAMBRELL DR,CLIFTON RD NE @ UPPER GATE DR NE,0.179
CLIFTON RD NE @ UPPER GATE DR NE,CLIFTON RD NE @ HAYGOOD DR NE,0.152
CLIFTON RD NE @ HAYGOOD DR NE,CLIFTON RD NE @ GATEWOOD RD NE,0.137
CLIFTON RD NE @ GATEWOOD RD NE,CLIFTON RD NE @ HOUSTON MILL RD NE,0.111
CLIFTON RD NE @ HOUSTON MILL RD NE,CLIFTON RD NE @ 1599,0.103
CLIFTON RD NE @ 1599,CLIFTON RD NE @ TURNER LN,0.157
CLIFTON RD NE @ TURNER LN,CLIFTON RD NE @ EMORY POINT DR,0.133
CLIFTON RD NE @ EMORY POINT DR,CLIFTON RD NE @ 1749,0.091
CLIFTON RD NE @ 1749,CLIFTON RD NE @ OLD BRIARCLIFF WAY,0.234
CLIFTON RD NE @ OLD BRIARCLIFF WAY,CLIFTON RD NE @ BILTMORE DR NE,0.13
CLIFTON RD NE @ BILTMORE DR NE,CLIFTON RD NE @ BRIARCLIFF RD NE,0.088
CLIFTON RD NE @ BILTMORE DR NE,BRIARCLIFF RD NE @ CLIFTON RD NE,0.095
CLIFTON RD NE @ BRIARCLIFF RD NE,BRIARCLIFF RD NE @ SHEPHERDS LN NE,0.067
BRIARCLIFF RD NE @ SHEPHERDS LN NE,BRIARCLIFF RD NE @ BRIAR VISTA TER NE,0.247
BRIARCLIFF RD NE @ STEPHENS DR NE,BRIARCLIFF RD NE @ SOUTHLAND VISTA CT,0.129
BRIARCLIFF RD NE @ SOUTHLAND VISTA CT,LAVISTA RD NE @ BRIARCLIFF RD NE,0.153
WOODLAND HILLS DR NE @ COUNTRY LN,WOODLAND HILLS DR NE @ RALPH RD,0.133
WOODLAND HILLS DR NE @ RALPH RD,WOODLAND HILLS DR NE @ JANES LN,0.084
WOODLAND HILLS DR NE @ JANES LN,WOODLAND HILLS DR NE @ WOODLAND AVE,0.103
WOODLAND HILLS DR NE @ WOODLAND AVE,WOODLAND AVE NE @ 1220,0.172
WOODLAND AVE NE @ 1220,WOODLAND AVE NE @ 1170,0.115
WOODLAND AVE NE @ 1170,CHESHIRE BRIDGE RD @ WOODLAND AVE NE,0.178
CHESHIRE BRIDGE RD @ WOODLAND AVE NE,LINDBERGH DR NE @ MELANTE DR NE,0.237
CHESHIRE BRIDGE RD @ WOODLAND AVE NE,CHESHIRE BRIDGE RD @ LAVISTA RD,0.17
LINDBERGH DR NE @ LINDRIDGE DR NE,LINDBERGH DR NE @ ADINA DR NE,0.348
LINDBERGH DR NE @ MOROSGO WAY,LINDBERGH DR NE @ PIEDMONT RD NE,0.121
LINDBERGH DR NE @ PIEDMONT RD NE,LINDBERGH CENTER STATION - NORTH LOOP/MOROSGO DR,0.188
LAVISTA RD NE @ CHESHIRE BRIDGE RD,LINDBERGH DR NE @ MELANTE DR NE,0.211
KENSINGTON STATION,KENSINGTON RD @ COVINGTON HWY,0.134
KENSINGTON STATION,MEMORIAL DR @ 4203,0.151
KENSINGTON STATION,COVINGTON HWY @ MIDWAY RD,0.449
KENSINGTON STATION,KENSINGTON RD @ MEMORIAL DR,0.231
KENSINGTON STATION,MEMORIAL DR @ KENSINGTON RD,0.162
KENSINGTON STATION,MEMORIAL DR @ CAMP RD,0.528
KENSINGTON STATION,INDIAN CREEK STATION,1.297
KENSINGTON STATION,AVONDALE STATION,1.747
KENSINGTON STATION,HAMILTON E HOLMES STATION,12.56
KENSINGTON STATION,WEST LAKE STATION,11.184
KENSINGTON STATION,EAST LAKE STATION,3.55
KENSINGTON STATION,DECATUR STATION,2.479
KENSINGTON STATION,EDGEWOOD-CANDLER PARK STATION,5.12
KENSINGTON STATION,GEORGIA STATE STATION,7.83
KENSINGTON STATION,BANKHEAD STATION,10.15
KENSINGTON STATION,VINE CITY STATION,8.787
KENSINGTON STATION,ASHBY STATION,9.547
KENSINGTON STATION,GWCC-CNN CENTER STATION,8.408
KENSINGTON STATION,KING MEMORIAL STATION,7.278
KENSINGTON STATION,INMAN PARK-REYNOLDSTOWN STATION,5.887
KENSINGTON STATION,FIVE POINTS STATION,8.105
KENSINGTON RD @ COVINGTON HWY,COVINGTON RD @ STRATFORD GRN,0.315
COVINGTON RD @ STRATFORD GRN,N AVONDALE RD @ N CLARENDON AVE,0.488
COVINGTON RD @ STRATFORD GRN,KENSINGTON STATION,0.409
N AVONDALE RD @ N CLARENDON AVE,N CLARENDON AVE @ LAREDO DR,0.197
N CLARENDON AVE @ LAREDO DR,N CLARENDON AVE @ LAREDO DR,0.0
N CLARENDON AVE @ LAREDO DR,N CLARENDON AVE @ OLD ROCKBRIDGE RD,0.139
N CLARENDON AVE @ LAREDO DR,COVINGTON RD @ S AVONDALE PLZ,0.235
N CLARENDON AVE @ OLD ROCKBRIDGE RD,N CLARENDON AVE @ ROCKBRIDGE RD,0.108
N CLARENDON AVE @ OLD ROCKBRIDGE RD,N CLARENDON AVE @ LAREDO DR,0.139
N CLARENDON AVE @ ROCKBRIDGE RD,N CLARENDON AVE @ CHESTNUT ST,0.099
N CLARENDON AVE @ ROCKBRIDGE RD,N CLARENDON AVE @ OLD ROCKBRIDGE RD,0.108
N CLARENDON AVE @ CHESTNUT ST,N CLARENDON AVE @ CEDAR ST,0.149
N CLARENDON AVE @ CHESTNUT ST,N CLARENDON AVE @ ROCKBRIDGE RD,0.099
N CLARENDON AVE @ CEDAR ST,CEDAR ST @ 3RD AVE,0.138
CEDAR ST @ 3RD AVE,CEDAR ST @ REED ST,0.134
CEDAR ST @ 3RD AVE,CEDAR ST @ N CLARENDON AVE,0.135
CEDAR ST @ REED ST,7TH AVE @ CHAPEL ST,0.153
CEDAR ST @ REED ST,CEDAR ST @ 3RD AVE,0.134
7TH AVE @ CHAPEL ST,GLENDALE RD @ BROWNELL AVE,0.079
GLENDALE RD @ BROWNELL AVE,GLENDALE RD @ HATTON DR,0.072
GLENDALE RD @ BROWNELL AVE,CHAPEL ST @ 7TH STREET,0.068
GLENDALE RD @ HATTON DR,GLENDALE RD @ N DECATUR RD,0.167
GLENDALE RD @ HATTON DR,GLENDALE RD @ BROWNELL AVE,0.072
GLENDALE RD @ N DECATUR RD,N DECATUR RD @ PARKDALE DR,0.245
N DECATUR RD @ PARKDALE DR,N DECATUR RD @ GIFFORD DR,0.13
N DECATUR RD @ GIFFORD DR,N DECATUR RD @ CHURCH ST,1.58
N DECATUR RD @ GIFFORD DR,N DECATUR RD @ MCHENRY AVE,0.113
N DECATUR RD @ CHURCH ST,VALLEY BROOK RD @ E PONCE DE LEON AVE,1.323
N DECATUR RD @ CHURCH ST,N DECATUR RD @ GIFFORD DR,1.58
N DECATUR RD @ CHURCH ST,N DECATUR RD @ SCOTT BLVD,0.206
N DECATUR RD @ CHURCH ST,CHURCH ST @ SYCAMORE DR,0.127
N DECATUR RD @ CHURCH ST,N DECATUR RD @ E PONCE DE LEON AVE,1.214
VALLEY BROOK RD @ E PONCE DE LEON AVE,VALLEY BROOK RD @ FORD PL,0.09
VALLEY BROOK RD @ E PONCE DE LEON AVE,N DECATUR RD @ CHURCH ST,1.323
VALLEY BROOK RD @ FORD PL,VALLEY BROOK RD @ JUDYLYN DR,0.086
VALLEY BROOK RD @ JUDYLYN DR,VALLEY BROOK RD @ FANTASY LN,0.2
VALLEY BROOK RD @ FANTASY LN,VALLEY BROOK RD @ VISTA BROOK DR,0.112
VALLEY BROOK RD @ FANTASY LN,VALLEY BROOK RD @ WESTBURY DR,0.15
VALLEY BROOK RD @ VISTA BROOK DR,VALLEY BROOK RD @ HOLLYWOOD DR,0.154
VALLEY BROOK RD @ VISTA BROOK DR,VALLEY BROOK RD @ FANTASY LN,0.112
VALLEY BROOK RD @ HOLLYWOOD DR,VALLEY BROOK RD @ 923,0.061
VALLEY BROOK RD @ HOLLYWOOD DR,VALLEY BROOK RD @ VISTA BROOK DR,0.154
VALLEY BROOK RD @ 923,VALLEY BROOK RD @ CEDAR CREEK DR,0.177
VALLEY BROOK RD @ CEDAR CREEK DR,N DRUID HILLS RD @ LAWRENCEVILLE HWY,0.346
N DRUID HILLS RD @ LAWRENCEVILLE HWY,N DRUID HILLS RD @ DRUID WOODS CT,0.3
N DRUID HILLS RD @ LAWRENCEVILLE HWY,N DRUID HILLS RD @ ORION DR,0.339
N DRUID HILLS RD @ LAWRENCEVILLE HWY,DEKALB INDUSTRIAL WAY @ 766,0.871
N DRUID HILLS RD @ LAWRENCEVILLE HWY,NORTH DEKALB MALL,0.225
N DRUID HILLS RD @ DRUID WOODS CT,N DRUID HILLS RD @ LAUREL HILL DR,0.221
N DRUID HILLS RD @ LAUREL HILL DR,N DRUID HILLS RD @ VALLEY DR,0.197
N DRUID HILLS RD @ VALLEY DR,N DRUID HILLS RD @ ARBORDALE DR,0.145
N DRUID HILLS RD @ VALLEY DR,N DRUID HILLS RD @ DRUID HILLS CIR,0.238
N DRUID HILLS RD @ ARBORDALE DR,N DRUID HILLS RD @ WILLIVEE DR,0.104
N DRUID HILLS RD @ WILLIVEE DR,N DRUID HILLS RD @ N CROSSING WAY,0.139
N DRUID HILLS RD @ WILLIVEE DR,N DRUID HILLS RD @ VALLEY DR,0.248
N DRUID HILLS RD @ N CROSSING WAY,N DRUID HILLS RD @ SPRING CREEK RD,0.346
N DRUID HILLS RD @ N CROSSING WAY,N DRUID HILLS RD @ WILLIVEE DR,0.139
N DRUID HILLS RD @ SPRING CREEK RD,N DRUID HILLS RD @ AZALEA CIR,0.191
N DRUID HILLS RD @ SPRING CREEK RD,N DRUID HILLS RD @ N CROSSING WAY,0.346
N DRUID HILLS RD @ AZALEA CIR,N DRUID HILLS RD @ CLAIRMONT RD,0.368
N DRUID HILLS RD @ CLAIRMONT RD,N DRUID HILLS RD NE @ 2960,0.255
N DRUID HILLS RD NE @ 2960,N DRUID HILLS RD NE @ LAVISTA RD NE,0.147
N DRUID HILLS RD NE @ LAVISTA RD NE,N DRUID HILL RD @ MERRY LN NE,0.187
N DRUID HILLS RD NE @ LAVISTA RD NE,N DRUID HILLS RD NE @ 2941,0.125
N DRUID HILL RD @ MERRY LN NE,N DRUID HILLS RD NE @ DRUID OAKS,0.253
N DRUID HILLS RD NE @ DRUID OAKS,N DRUID HILLS RD @ HIGH HAVEN CT NE,0.113
N DRUID HILLS RD @ HIGH HAVEN CT NE,N DRUID HILLS RD @ KNOB HILL DR NE,0.166
N DRUID HILLS RD @ KNOB HILL DR NE,N DRUID HILLS RD NE @ HOLLY LN NE,0.184
N DRUID HILLS RD NE @ HOLLY LN NE,N DRUID HILLS RD NE @ WOODCLIFF DR,0.112
N DRUID HILLS RD NE @ WOODCLIFF DR,N DRUID HILLS RD @ KITTREDGE PARK RD,0.163
N DRUID HILLS RD @ KITTREDGE PARK RD,N DRUID HILLS RD NE @ BUFORD HWY NE,0.886
N DRUID HILLS RD NE @ BUFORD HWY NE,N DRUID HILLS RD @ CHILDERS RD,0.224
N DRUID HILLS RD NE @ BUFORD HWY NE,N DRUID HILLS RD @ W DRUID HILLS DR,0.139
N DRUID HILLS RD @ CHILDERS RD,N DRUID HILLS RD @ GAIL DR,0.272
N DRUID HILLS RD @ GAIL DR,N DRUID HILLS RD @ DRUID KNOLL DR,0.072
N DRUID HILLS RD @ DRUID KNOLL DR,N DRUID HILLS RD NE @ CURTIS DR,0.14
N DRUID HILLS RD NE @ CURTIS DR,N DRUID HILLS RD NE @ N CLIFF VALLEY WAY,0.143
N DRUID HILLS RD NE @ CURTIS DR,N DRUID HILLS RD NE @ WRIGHT AVE,0.119
N DRUID HILLS RD NE @ N CLIFF VALLEY WAY,N DRUID HILLS RD NE @ BROOKSHIRE LN,0.146
N DRUID HILLS RD NE @ BROOKSHIRE LN,N DRUID HILLS RD NE @ COLONIAL DR,0.269
N DRUID HILLS RD NE @ BROOKSHIRE LN,N DRUID HILLS RD NE @ LENOX PARK BLVD,0.127
N DRUID HILLS RD NE @ COLONIAL DR,N DRUID HILLS RD NE @ BRIARWOOD RD,0.166
N DRUID HILLS RD NE @ COLONIAL DR,N DRUID HILLS RD NE @ BROOKSHIRE LN,0.269
N DRUID HILLS RD NE @ BRIARWOOD RD,N DRUID HILLS RD NE @ SYLVAN CIR NE (S),0.117
N DRUID HILLS RD NE @ SYLVAN CIR NE (S),N DRUID HILLS RD NE @ SYLVAN CIR NE (N),0.132
N DRUID HILLS RD NE @ SYLVAN CIR NE (N),BROOKHAVEN/OGLETHORPE STATION,0.25
BROOKHAVEN/OGLETHORPE STATION,N DRUID HILLS RD NE @ STANDARD DR,0.247
BROOKHAVEN/OGLETHORPE STATION,PEACHTREE RD NE @ OSBORNE RD NE,0.353
BROOKHAVEN/OGLETHORPE STATION,PEACHTREE RD @ N DRUID HILLS RD,0.175
N DRUID HILLS RD NE @ STANDARD DR,N DRUID HILLS RD NE @ THORNWELL DR,0.147
N DRUID HILLS RD NE @ THORNWELL DR,N DRUID HILLS RD NE @ COLONIAL DR,0.273
N DRUID HILLS RD NE @ THORNWELL DR,BRIARWOOD RD NE @ N DRUID HILLS RD,0.112
N DRUID HILLS RD NE @ LENOX PARK BLVD,N DRUID HILLS RD NE @ CURTIS DR,0.155
N DRUID HILLS RD NE @ WRIGHT AVE,N DRUID HILLS RD NE @ GOODWIN RD,0.148
N DRUID HILLS RD NE @ GOODWIN RD,N DRUID HILLS RD NE @ CHILDERS RD,0.245
N DRUID HILLS RD NE @ CHILDERS RD,N DRUID HILLS RD NE @ BUFORD HWY NE,0.205
N DRUID HILLS RD @ W DRUID HILLS DR,N DRUID HILLS RD NE @ EXECUTIVE PARK DR,0.442
N DRUID HILLS RD NE @ EXECUTIVE PARK DR,N DRUID HILLS RD NE @ BRIARCLIFF RD,0.157
N DRUID HILLS RD NE @ EXECUTIVE PARK DR,BRIARCLIFF RD NE @ WOODLAKE DR NE,0.156
N DRUID HILLS RD NE @ BRIARCLIFF RD,N DRUID HILLS RD @ KITTEREDGE PARK RD,0.186
N DRUID HILLS RD @ KITTEREDGE PARK RD,N DRUID HILLS RD NE @ 2415,0.131
N DRUID HILLS RD NE @ 2415,N DRUID HILLS RD NE @ HOLLY NE,0.135
N DRUID HILLS RD NE @ HOLLY NE,N DRUID HILLS RD @ N CROSSING  DR,0.192
N DRUID HILLS RD @ N CROSSING  DR,N DRUID HILLS RD NE @ HIGH HAVEN CT,0.123
N DRUID HILLS RD NE @ HIGH HAVEN CT,N DRUID HILLS RD NE @ DRUID OAKS DR,0.118
N DRUID HILLS RD NE @ DRUID OAKS DR,N DRUID HILLS RD NE @ LAVISTA RD NE,0.445
N DRUID HILLS RD NE @ 2941,N DRUID HILLS RD @ JAMESTOWN RD,0.292
N DRUID HILLS RD @ JAMESTOWN RD,N DRUID HILLS RD @ 3146,0.156
N DRUID HILLS RD @ 3146,N DRUID HILLS RD @ BLACKSHEAR DR,0.192
N DRUID HILLS RD @ BLACKSHEAR DR,N DRUID HILLS RD @ SPRING CREEK RD,0.208
N DRUID HILLS RD @ DRUID HILLS CIR,N DRUID HILLS RD @ OAK TREE RD,0.27
N DRUID HILLS RD @ OAK TREE RD,N DRUID HILLS RD @ MISTLETOE RD,0.075
N DRUID HILLS RD @ MISTLETOE RD,N DRUID HILLS RD @ LAWRENCEVILLE HWY,0.13
N DRUID HILLS RD @ ORION DR,VALLEY BROOK RD @ 908,0.171
VALLEY BROOK RD @ 908,VALLEY BROOK RD @ HOLLYWOOD DR,0.072
VALLEY BROOK RD @ WESTBURY DR,VALLEY BROOK RD @ CEDAR BROOK DR,0.15
VALLEY BROOK RD @ CEDAR BROOK DR,VALLEY BROOK RD @ E PONCE DE LEON AVE,0.076
N DECATUR RD @ MCHENRY AVE,N DECATUR RD @ GLENDALE RD,0.26
N DECATUR RD @ GLENDALE RD,GLENDALE RD @ HATTON DR,0.199
N DECATUR RD @ GLENDALE RD,N DECATUR RD @ CREEKVIEW CT,0.158
N DECATUR RD @ GLENDALE RD,N DECATUR RD @ PARKDALE DR,0.242
CHAPEL ST @ 7TH STREET,CEDAR ST @ REED ST,0.166
CEDAR ST @ N CLARENDON AVE,N CLARENDON AVE @ CHESTNUT ST,0.161
COVINGTON RD @ S AVONDALE PLZ,COVINGTON RD @ STRATFORD GRN,0.37
KING MEMORIAL STATION - BAY B,MEMORIAL DR @ GRANT ST,0.227
MEMORIAL DR @ GRANT ST,HILL ST SE @ WOODWARD AVE SE,0.164
MEMORIAL DR @ GRANT ST,MEMORIAL DR SE @ HILL ST SE,0.18
HILL ST SE @ WOODWARD AVE SE,BOULEVARD SE @ SYDNEY ST SE,0.702
HILL ST SE @ WOODWARD AVE SE,MEMORIAL DR SE @ HILL ST SE,0.123
BOULEVARD SE @ SYDNEY ST SE,BOULEVARD SE @ ROSALIA ST,0.161
BOULEVARD SE @ ROSALIA ST,BOULEVARD SE @ BERNE ST,0.133
BOULEVARD SE @ BERNE ST,BOULEVARD SE @ DELMAR AVE SE,0.298
BOULEVARD SE @ DELMAR AVE SE,BOULEVARD SE @ ATLANTA AVE SE,0.124
BOULEVARD SE @ ATLANTA AVE SE,BOULEVARD SE @ HAMILTON AVE,0.269
BOULEVARD SE @ HAMILTON AVE,BOULEVARD SE @ ENGLEWOOD AVE SE,0.353
BOULEVARD SE @ ENGLEWOOD AVE SE,BOULEVARD SE @ BURROUGHS ST,0.229
BOULEVARD SE @ ENGLEWOOD AVE SE,BOULEVARD SE @ HAMILTON AVE SE,0.309
BOULEVARD SE @ ENGLEWOOD AVE SE,ENGLEWOOD AVE SE @ GAULT ST SE,0.125
BOULEVARD SE @ BURROUGHS ST,CUSTER AVE SE @ BOULEVARD SE,0.094
BOULEVARD SE @ BURROUGHS ST,MCDONOUGH BLVD SE @ BOULEVARD  SE,0.302
CUSTER AVE SE @ BOULEVARD SE,CUSTER AVE SE @ FUNSTON AVE SE,0.129
CUSTER AVE SE @ BOULEVARD SE,BOULEVARD SE @ WARMBREEZE RD SE,0.099
CUSTER AVE SE @ FUNSTON AVE SE,CUSTER AVE SE @ BENTEEN PARK DR SE,0.218
CUSTER AVE SE @ FUNSTON AVE SE,CUSTER AVE SE @ BOULEVARD SE,0.129
CUSTER AVE SE @ BENTEEN PARK DR SE,CUSTER AVE SE @ 930,0.199
CUSTER AVE SE @ BENTEEN PARK DR SE,CUSTER AVE SE @ FUNSTON AVE SE,0.218
CUSTER AVE SE @ 930,CUSTER AVE SE @ KNOB HILL CT,0.187
CUSTER AVE SE @ 930,CUSTER AVE SE @ BENTEEN PARK DR SE,0.199
CUSTER AVE SE @ KNOB HILL CT,CUSTER AVE SE @ WOODLAND AVE SE,0.108
CUSTER AVE SE @ WOODLAND AVE SE,CUSTER AVE SE @ MORELAND AVE SE,0.184
CUSTER AVE SE @ MORELAND AVE SE,CUSTER AVE SE @ 1278,0.222
CUSTER AVE SE @ MORELAND AVE SE,CUSTER AVE @ CUSTER WAY SE,0.167
CUSTER AVE SE @ 1278,CUSTER AVE SE @ 1403,0.209
CUSTER AVE SE @ 1278,CUSTER AVE SE @ MORELAND AVE SE,0.222
CUSTER AVE SE @ 1403,CUSTER AVE SE @ THE MANOR,0.106
CUSTER AVE SE @ THE MANOR,EASTLAND RD SE @ FLATWOOD DR SE,0.147
EASTLAND RD SE @ FLATWOOD DR SE,EASTLAND RD SE @ GLYNN DR SE,0.079
EASTLAND RD SE @ GLYNN DR SE,EASTLAND RD SE @ HAZEL DR SE,0.147
EASTLAND RD SE @ GLYNN DR SE,EASTLAND RD SE @ MCKENZIE TRCE SE,0.074
EASTLAND RD SE @ HAZEL DR SE,EASTLAND RD SE @ LAKE DR SE,0.204
EASTLAND RD SE @ LAKE DR SE,CECILIA DR SE @ BOULDERCREST RD SE,0.137
CECILIA DR SE @ BOULDERCREST RD SE,CECILIA DR SE @ BRANNEN RD SE,0.211
CECILIA DR SE @ BOULDERCREST RD SE,EASTLAND RD SE @ BOULDERCREST RD SE,0.118
CECILIA DR SE @ BRANNEN RD SE,BRANNEN RD @ DIANNE CT,0.203
BRANNEN RD @ DIANNE CT,BRANNEN RD SE @ ROCKCLIFF RD SE,0.165
BRANNEN RD SE @ ROCKCLIFF RD SE,BRANNEN RD SE @ FLAGSTONE DR SE,0.063
BRANNEN RD SE @ ROCKCLIFF RD SE,BRANNEN RD SE @ DIANNE CT SE,0.151
BRANNEN RD SE @ FLAGSTONE DR SE,BRANNEN RD SE @ 2149,0.155
BRANNEN RD SE @ FLAGSTONE DR SE,BRANNEN RD SE @ ROCKCLIFF RD SE,0.063
BRANNEN RD SE @ 2149,BRANNEN RD SE @ BOULDER RD SE,0.214
BRANNEN RD SE @ BOULDER RD SE,BRANNEN RD SE @ WELLAND AVE SE,0.067
BRANNEN RD SE @ BOULDER RD SE,BRANNEN RD SE @ 2190,0.127
BRANNEN RD SE @ WELLAND AVE SE,GRESHAM RD SE @ WELLAND AVE SE,0.164
GRESHAM RD SE @ WELLAND AVE SE,GRESHAM RD SE @ FLAT SHOALS RD SE,0.382
GRESHAM RD SE @ WELLAND AVE SE,WELLAND AVE SE @ BRANNEN RD SE,0.151
GRESHAM RD SE @ WELLAND AVE SE,GRESHAM RD SE @ VICKI LN SE,0.186
GRESHAM RD SE @ FLAT SHOALS RD SE,2ND AVE @ TILSON RD,0.17
2ND AVE @ TILSON RD,TILSON RD @ 2095,0.2
2ND AVE @ TILSON RD,2ND AVE SE @ FLAT SHOALS RD SE,0.146
2ND AVE @ TILSON RD,2ND AVE @ 2319,0.079
TILSON RD @ 2095,TILSON RD @ TILSON RIDGE LN,0.211
TILSON RD @ TILSON RIDGE LN,TILSON RD @ WALLINGFORD DR,0.15
TILSON RD @ WALLINGFORD DR,TILSON RD @ DAWN DR,0.19
TILSON RD @ WALLINGFORD DR,TILSON RD @ MARK TRL,0.177
TILSON RD @ DAWN DR,TILSON RD @ FAIR LN,0.107
TILSON RD @ DAWN DR,TILSON RD @ WALLINGFORD DR,0.19
TILSON RD @ FAIR LN,TILSON RD @ TYLER WAY,0.078
TILSON RD @ TYLER WAY,TILSON RD @ STARLINE DR,0.219
TILSON RD @ STARLINE DR,TILSON RD @ 2580,0.174
TILSON RD @ 2580,TILSON RD @ WINDYHILL RD,0.276
TILSON RD @ 2580,TILSON RD @ BIXLER CIR,0.165
TILSON RD @ WINDYHILL RD,TILSON RD @ CANDLER RD,0.239
TILSON RD @ WINDYHILL RD,TILSON RD @ 2580,0.276
TILSON RD @ CANDLER RD,CANDLER RD @ CANDLER PKWY,0.079
TILSON RD @ CANDLER RD,TILSON RD @ WINDYHILL RD,0.239
CANDLER RD @ CANDLER PKWY,CANDLER RD @ RALEIGH RUCKER WAY,0.09
CANDLER RD @ RALEIGH RUCKER WAY,CANDLER RD @ WHITES MILL RD,0.128
CANDLER RD @ WHITES MILL RD,CANDLER RD @ ELLEN WAY,0.104
CANDLER RD @ WHITES MILL RD,CANDLER RD @ OAKLAND TER,0.164
CANDLER RD @ ELLEN WAY,CANDLER RD @ TONEY DR,0.149
CANDLER RD @ ELLEN WAY,CANDLER RD @ WHITES MILL RD,0.104
CANDLER RD @ TONEY DR,CANDLER RD @ 2365,0.074
CANDLER RD @ TONEY DR,CANDLER RD @ ELLEN WAY,0.149
CANDLER RD @ 2365,CANDLER RD @ VALLEY RIDGE DR,0.127
CANDLER RD @ VALLEY RIDGE DR,CANDLER RD @ WINSTON MANOR DR,0.264
CANDLER RD @ VALLEY RIDGE DR,CANDLER RD @ OUSLEY CT,0.133
CANDLER RD @ WINSTON MANOR DR,CANDLER RD @ EASTWYCK RD,0.089
CANDLER RD @ WINSTON MANOR DR,CANDLER RD @ MISTY WATERS DR,0.139
CANDLER RD @ EASTWYCK RD,RAINBOW WAY @ CANDLER RD,0.284
CANDLER RD @ EASTWYCK RD,CANDLER RD @ WINSTON MANOR DR,0.089
CANDLER RD @ EASTWYCK RD,CANDLER RD @ H F SHEPHERD DR,0.26
RAINBOW WAY @ CANDLER RD,CANDLER RD @ EASTWYCK RD,0.284
RAINBOW WAY @ CANDLER RD,CANDLER RD @ RAINBOW DR,0.136
CANDLER RD @ MISTY WATERS DR,CANDLER RD @ VALLEY RIDGE DR,0.125
CANDLER RD @ OUSLEY CT,CANDLER RD @ TONEY DR,0.063
CANDLER RD @ OAKLAND TER,TILSON RD @ CANDLER RD,0.133
CANDLER RD @ OAKLAND TER,CANDLER RD @ TILSON RD,0.164
TILSON RD @ BIXLER CIR,TILSON RD @ TILSON CIR,0.19
TILSON RD @ TILSON CIR,TILSON RD @ CRANBROOKE DR,0.114
TILSON RD @ CRANBROOKE DR,TILSON RD @ DAWN DR,0.11
TILSON RD @ MARK TRL,TILSON RD @ 2128,0.172
TILSON RD @ 2128,2ND AVE @ TILSON RD,0.206
2ND AVE SE @ FLAT SHOALS RD SE,GRESHAM RD SE @ FLAT SHOALS RD (WAL-MART),0.088
GRESHAM RD SE @ FLAT SHOALS RD (WAL-MART),GRESHAM RD SE @ WELLAND AVE SE,0.329
WELLAND AVE SE @ BRANNEN RD SE,BRANNEN RD SE @ BOULDER RD SE,0.078
BRANNEN RD SE @ 2190,BRANNEN RD SE @ 2154,0.117
BRANNEN RD SE @ 2154,BRANNEN RD SE @ FLAGSTONE DR SE,0.128
BRANNEN RD SE @ DIANNE CT SE,BRANNEN RD SE @ CECILIA DR SE,0.208
BRANNEN RD SE @ CECILIA DR SE,CECILIA DR SE @ BOULDERCREST RD SE,0.23
EASTLAND RD SE @ BOULDERCREST RD SE,EASTLAND RD SE @ YOUNG ST SE,0.237
EASTLAND RD SE @ YOUNG ST SE,EASTLAND RD SE @ GLYNN DR SE,0.155
EASTLAND RD SE @ MCKENZIE TRCE SE,CUSTER AVE SE @ EASTLAND RD SE,0.095
CUSTER AVE SE @ EASTLAND RD SE,CUSTER AVE SE @ 1410,0.052
CUSTER AVE SE @ 1410,CUSTER AVE SE @ 1378,0.111
CUSTER AVE SE @ 1378,CUSTER AVE SE @ 1278,0.216
CUSTER AVE @ CUSTER WAY SE,CUSTER AVE SE @ KNOB HILL CT SE,0.145
CUSTER AVE SE @ KNOB HILL CT SE,CUSTER AVE SE @ 930,0.168
BOULEVARD SE @ WARMBREEZE RD SE,BOULEVARD SE @ ENGLEWOOD AVE SE,0.22
BOULEVARD SE @ HAMILTON AVE SE,BOULEVARD SE @ ATLANTA AVE,0.284
BOULEVARD SE @ ATLANTA AVE,BOULEVARD SE @ DELMAR AVE,0.14
BOULEVARD SE @ DELMAR AVE,BOULEVARD SE @ BERNE ST SE,0.318
BOULEVARD SE @ BERNE ST SE,BOULEVARD SE @ HANSELL ST SE,0.267
BOULEVARD SE @ HANSELL ST SE,HILL ST SE @ WOODWARD AVE SE,0.721
MEMORIAL DR SE @ HILL ST SE,GRANT ST @ MLK JR DR,0.21
MEMORIAL DR SE @ HILL ST SE,MEMORIAL DR SE @ MARTIN ST SE,0.203
MEMORIAL DR SE @ HILL ST SE,MEMORIAL DR @ GRANT ST SE,0.244
MEMORIAL DR SE @ HILL ST SE,MEMORIAL DR SE @ FRASER ST SE,0.354
GRANT ST @ MLK JR DR,KING MEMORIAL STATION - BAY B,0.186
CUMBERLAND TRANSFER CENTER,AKERS MILL RD @ CUMBERLAND BLVD,0.288
AKERS MILL RD @ CUMBERLAND BLVD,COBB PKWY @ 2980,0.2
COBB PKWY @ 2980,COBB PKWY @ CUMBERLAND BLVD,0.259
COBB PKWY @ CUMBERLAND BLVD,COBB PKWY @ 3220,0.331
COBB PKWY @ 3220,NORTHSIDE PKWY @ RIVER GREEN DR,0.76
NORTHSIDE PKWY @ RIVER GREEN DR,NORTHSIDE PKWY NW @ 4111,0.236
NORTHSIDE PKWY @ RIVER GREEN DR,COBB PKWY @ RIVER PKWY,0.663
NORTHSIDE PKWY NW @ 4111,NORTHSIDE PKWY @ 3715,1.028
NORTHSIDE PKWY NW @ 4111,NORTHSIDE PKWY @ RIVER GREEN DR,0.236
NORTHSIDE PKWY @ 3715,NORTHSIDE PKWY NW @ 3487,0.299
NORTHSIDE PKWY @ 3715,NORTHSIDE PKWY NW @ 4111,1.028
NORTHSIDE PKWY NW @ 3487,NORTHSIDE PKWY NW @ 3330,0.202
NORTHSIDE PKWY NW @ 3487,NORTHSIDE PKWY @ 3715,0.299
NORTHSIDE PKWY NW @ 3330,HOWELL MILL RD NW @ 3280,0.258
HOWELL MILL RD NW @ 3280,HOWELL MILL RD @ DOWNWOOD CIR NW,0.188
HOWELL MILL RD NW @ 3280,NORTHSIDE PKWY NW @ 3419,0.269
HOWELL MILL RD @ DOWNWOOD CIR NW,HOWELL MILL RD @ HOWELL MILL PLANTATION,0.217
HOWELL MILL RD @ HOWELL MILL PLANTATION,HOWELL MILL RD @ MOORES MILL RD,0.267
HOWELL MILL RD @ MOORES MILL RD,HOWELL MILL RD @ NAWENCH DR,0.363
HOWELL MILL RD @ NAWENCH DR,HOWELL MILL RD NW @ WESLEY RD NW,0.304
HOWELL MILL RD NW @ WESLEY RD NW,HOWELL MILL RD @ PEACHTREE BATTLE AV,0.229
HOWELL MILL RD NW @ WESLEY RD NW,HOWELL MILL RD NW @ NAWENCH DR NW,0.296
HOWELL MILL RD @ PEACHTREE BATTLE AV,HOWELL MILL RD NW @ WESLEY DR NW,0.167
HOWELL MILL RD NW @ WESLEY DR NW,HOWELL MILL RD NW @ NORTHCLIFFE DR,0.298
HOWELL MILL RD NW @ WESLEY DR NW,HOWELL MILL RD @ PEACHTREE BATTLE,0.142
HOWELL MILL RD NW @ NORTHCLIFFE DR,HOWELL MILL RD NW @ GLENBROOK DR NW,0.215
HOWELL MILL RD NW @ GLENBROOK DR NW,HOWELL MILL RD @ KIPLING DR,0.165
HOWELL MILL RD @ KIPLING DR,HOWELL MILL RD NW @ COLLIER RD NW,0.324
HOWELL MILL RD NW @ COLLIER RD NW,HOWELL MILL RD NW @ BECK ST NW,0.137
HOWELL MILL RD NW @ COLLIER RD NW,HOWELL MILL RD NW @ SPRING LAKE PL NW,0.244
HOWELL MILL RD NW @ BECK ST NW,HOWELL MILL RD NW @ SPRING GROVE AVE,0.236
HOWELL MILL RD NW @ SPRING GROVE AVE,HOWELL MILL RD NW @ RIDGEWAY AVE NW,0.125
HOWELL MILL RD NW @ RIDGEWAY AVE NW,HOWELL MILL RD NW @ WHITE ST NW,0.063
HOWELL MILL RD NW @ WHITE ST NW,HOWELL MILL RD NW @ VERNER ST NW,0.181
HOWELL MILL RD NW @ VERNER ST NW,HOWELL MILL RD NW @ GARRAUX ST NW,0.063
HOWELL MILL RD NW @ GARRAUX ST NW,HOWELL MILL RD NW @ MORRIS ST NW,0.101
HOWELL MILL RD NW @ MORRIS ST NW,HOWELL MILL RD NW @ TRABERT AVE NW,0.2
HOWELL MILL RD NW @ TRABERT AVE NW,HOWELL MILL RD NW @ 17TH ST,0.289
HOWELL MILL RD NW @ TRABERT AVE NW,HOWELL MILL RD NW @ FORREST ST NW,0.164
HOWELL MILL RD NW @ 17TH ST,HOWELL MILL RD NW @ HUFF RD NW,0.185
HOWELL MILL RD NW @ 17TH ST,HOWELL MILL RD NW @ TRABERT AVE NW,0.289
HOWELL MILL RD NW @ HUFF RD NW,HOWELL MILL RD NW @ 14TH ST NW,0.117
HOWELL MILL RD NW @ HUFF RD NW,HOWELL MILL RD NW @ 17TH ST,0.185
HOWELL MILL RD NW @ 14TH ST NW,BRADY AVE @ HOWELL MILL RD,0.164
HOWELL MILL RD NW @ 14TH ST NW,HOWELL MILL RD NW @ HUFF RD NW,0.117
BRADY AVE @ HOWELL MILL RD,10TH ST @ BRADY AVE,0.15
BRADY AVE @ HOWELL MILL RD,HOWELL MILL RD NW @ 14TH ST NW,0.164
10TH ST @ BRADY AVE,10TH ST NW @ IMAGE AVE,0.149
10TH ST @ BRADY AVE,BRADY AVE @ HOWELL MILL RD,0.15
10TH ST NW @ IMAGE AVE,10TH ST NW @ NORTHSIDE DR NW,0.147
10TH ST NW @ NORTHSIDE DR NW,10TH ST NW @ HEMPHILL AVE NW,0.246
10TH ST NW @ HEMPHILL AVE NW,10TH ST NW @ GREENFIELD ST NW,0.147
10TH ST NW @ HEMPHILL AVE NW,10TH ST @ NORTHSIDE DR,0.209
10TH ST NW @ GREENFIELD ST NW,10TH ST NW @ STATE ST NW,0.068
10TH ST NW @ STATE ST NW,10TH ST NW @ HOLLY ST NW,0.232
10TH ST NW @ STATE ST NW,10TH ST NW @ HIRSCH ST NW,0.127
10TH ST NW @ HOLLY ST NW,10TH ST NW @ FOWLER ST NW,0.1
10TH ST NW @ FOWLER ST NW,10TH ST NW @ WILLIAMS ST NW,0.229
10TH ST NW @ WILLIAMS ST NW,MIDTOWN STATION,0.19
MIDTOWN STATION,10TH ST NE @ WILLIAMS ST,0.206
MIDTOWN STATION,W PEACHTREE ST @ 12TH ST,0.221
MIDTOWN STATION,10TH ST NE @ JUNIPER ST NE,0.252
MIDTOWN STATION,ARTS CENTER STATION,0.565
MIDTOWN STATION,EAST POINT STATION,7.856
MIDTOWN STATION,BROOKHAVEN-OGLETHORPE STATION,6.089
MIDTOWN STATION,DUNWOODY STATION,9.959
MIDTOWN STATION,LINDBERGH CENTER STATION,3.091
MIDTOWN STATION,AIRPORT STATION,10.313
MIDTOWN STATION,COLLEGE PARK STATION,9.715
MIDTOWN STATION,GARNETT STATION,2.299
MIDTOWN STATION,FIVE POINTS STATION,1.901
MIDTOWN STATION,PEACHTREE CENTER STATION,1.593
MIDTOWN STATION,CHAMBLEE STATION,8.678
MIDTOWN STATION,SANDY SPRINGS STATION,10.613
MIDTOWN STATION,NORTH SPRINGS STATION,11.446
MIDTOWN STATION,OAKLAND CITY STATION,4.955
MIDTOWN STATION,WEST END STATION,3.484
MIDTOWN STATION,BUCKHEAD STATION,4.745
MIDTOWN STATION,NORTH AVENUE STATION,0.648
MIDTOWN STATION,DORAVILLE STATION,10.365
MIDTOWN STATION,MEDICAL CENTER STATION,9.174
MIDTOWN STATION,CIVIC CENTER STATION,1.036
MIDTOWN STATION,LENOX STATION,4.728
MIDTOWN STATION,LAKEWOOD-FT MCPHERSON STATION,6.087
10TH ST NE @ WILLIAMS ST,10TH ST NW @ TECHWOOD DR NW,0.137
10TH ST NW @ TECHWOOD DR NW,10TH ST @ HOLLY ST,0.222
10TH ST @ HOLLY ST,10TH ST NW @ STATE ST NW,0.189
10TH ST NW @ HIRSCH ST NW,10TH ST NW @ HEMPHILL AVE NW,0.089
10TH ST @ NORTHSIDE DR,10TH ST @ IMAGE AVE,0.175
10TH ST @ IMAGE AVE,10TH ST @ BRADY AVE,0.159
HOWELL MILL RD NW @ FORREST ST NW,HOWELL MILL RD NW @ ANTONE ST NW,0.124
HOWELL MILL RD NW @ ANTONE ST NW,HOWELL MILL RD NW @ BELLEMEADE AVE NW,0.225
HOWELL MILL RD NW @ BELLEMEADE AVE NW,HOWELL MILL RD NW @ 1775,0.154
HOWELL MILL RD NW @ 1775,HOWELL MILL RD NW @ CHANNING DR,0.345
HOWELL MILL RD NW @ CHANNING DR,HOWELL MILL RD NW @ COLLIER RD NW,0.096
HOWELL MILL RD NW @ SPRING LAKE PL NW,HOWELL MILL RD NW @ LONGWOOD DR NW,0.274
HOWELL MILL RD NW @ LONGWOOD DR NW,HOWELL MILL RD NW @ WOODLEY DR NW,0.138
HOWELL MILL RD NW @ WOODLEY DR NW,HOWELL MILL RD NW @ WELLESLEY DR NW,0.107
HOWELL MILL RD NW @ WELLESLEY DR NW,HOWELL MILL RD NW @ WESLEY DR NW,0.232
HOWELL MILL RD @ PEACHTREE BATTLE,HOWELL MILL RD NW @ WESLEY RD NW,0.251
HOWELL MILL RD NW @ NAWENCH DR NW,HOWELL MILL RD NW @ MOORES MILL RD NW,0.355
HOWELL MILL RD NW @ MOORES MILL RD NW,HOWELL MILL RD NW @ WESTMINSTER CIR N,0.287
HOWELL MILL RD NW @ WESTMINSTER CIR N,HOWELL MILL RD NW @ DOWNWOOD CIR NW,0.163
HOWELL MILL RD NW @ DOWNWOOD CIR NW,HOWELL MILL RD @ 3193,0.1
HOWELL MILL RD @ 3193,HOWELL MILL RD NW @ 3280,0.144
NORTHSIDE PKWY NW @ 3419,NORTHSIDE PKWY NW @ 3487,0.192
COBB PKWY @ RIVER PKWY,COBB PKWY SE @ PARKWAY POINTE SE,0.433
COBB PKWY SE @ PARKWAY POINTE SE,COBB PKWY @ RIVERWOOD PKWY,0.194
COBB PKWY @ RIVERWOOD PKWY,AKERS MILL @ CUMBERLAND BLVD,0.302
AKERS MILL @ CUMBERLAND BLVD,CUMBERLAND TRANSFER CENTER,0.274
W PEACHTREE ST @ 12TH ST,14TH ST @ W PEACHTREE ST,0.178
14TH ST @ W PEACHTREE ST,14TH ST @ FOWLER ST,0.286
14TH ST @ FOWLER ST,14TH ST @ BARNES ST,0.079
14TH ST @ FOWLER ST,14TH ST @ SPRING ST,0.227
14TH ST @ BARNES ST,14TH ST NW @ ATLANTIC DR NW,0.161
14TH ST @ BARNES ST,14TH ST @ FOWLER ST,0.079
14TH ST NW @ ATLANTIC DR NW,14TH ST @ SNYDER ST,0.247
14TH ST @ SNYDER ST,14TH ST @ MCMILLAN ST,0.138
14TH ST @ SNYDER ST,14TH ST @ ATLANTIC DR,0.231
14TH ST @ MCMILLAN ST,14TH ST @ HEMPHILL AVE,0.154
14TH ST @ MCMILLAN ST,14TH ST @ SNYDER ST,0.138
14TH ST @ HEMPHILL AVE,14TH ST NW @ HOWELL MILL RD NW,0.241
14TH ST NW @ HOWELL MILL RD NW,HUFF RD NW @ FOSTER ST NW,0.195
14TH ST NW @ HOWELL MILL RD NW,14TH ST NW @ NORTHSIDE DR NW,0.206
HUFF RD NW @ FOSTER ST NW,HUFF RD @ BOOTH ST,0.197
HUFF RD @ BOOTH ST,HUFF RD NW @ BOYD AVE NW,0.167
HUFF RD NW @ BOYD AVE NW,HUFF RD NW @ ENGLISH ST NW,0.065
HUFF RD NW @ BOYD AVE NW,HUFF RD @ N ASHBY ST,0.141
HUFF RD NW @ ENGLISH ST NW,HUFF RD NW @ FAIRMONT AVE NW,0.11
HUFF RD NW @ ENGLISH ST NW,HUFF RD NW @ BOYD AVE NW,0.065
HUFF RD NW @ FAIRMONT AVE NW,HUFF RD NW @ MENLO DR NW,0.094
HUFF RD NW @ FAIRMONT AVE NW,HUFF RD NW @ ENGLISH ST NW,0.11
HUFF RD NW @ MENLO DR NW,HUFF RD NW @ ELLSWORTH IND BLVD,0.132
HUFF RD NW @ ELLSWORTH IND BLVD,ELLSWORTH INDUSTRIAL BLVD @ ELAINE AVE NW,0.217
ELLSWORTH INDUSTRIAL BLVD @ ELAINE AVE NW,ELLSWORTH INDUSTRIAL BLVD @ 1425,0.123
ELLSWORTH INDUSTRIAL BLVD @ ELAINE AVE NW,ELLSWORTH INDUSTRIAL BLVD @ 1320,0.07
ELLSWORTH INDUSTRIAL BLVD @ 1425,ELLSWORTH INDUSTRIAL BLVD @ 1455,0.137
ELLSWORTH INDUSTRIAL BLVD @ 1455,ELLSWORTH INDUSTRIAL BLVD @ 1611,0.104
ELLSWORTH INDUSTRIAL BLVD @ 1611,ELLSWORTH INDUSTRIAL BLVD @ CHATTAHOOCHEE AVE,0.2
ELLSWORTH INDUSTRIAL BLVD @ CHATTAHOOCHEE AVE,CHATTAHOOCHEE AVE @ SOUTHLAND CIR,0.266
CHATTAHOOCHEE AVE @ SOUTHLAND CIR,CHATTAHOOCHEE AVE NW @ CARROLL DR NW,0.098
CHATTAHOOCHEE AVE NW @ CARROLL DR NW,CHATTAHOOCHEE AVE @ 1391,0.109
CHATTAHOOCHEE AVE NW @ CARROLL DR NW,CHATTAHOOCHEE AVE NW @ SOUTHLAND CIR NW,0.156
CHATTAHOOCHEE AVE @ 1391,CHATTAHOOCHEE AVE NW @ LOGAN CIR NW,0.065
CHATTAHOOCHEE AVE NW @ LOGAN CIR NW,CHATTAHOOCHEE AVE NW @ COLLIER RD NW,0.254
CHATTAHOOCHEE AVE NW @ LOGAN CIR NW,CHATTAHOOCHEE AVE NW @ 1396,0.07
CHATTAHOOCHEE AVE NW @ COLLIER RD NW,CHATTAHOOCHEE AVE @ 1495,0.09
CHATTAHOOCHEE AVE NW @ COLLIER RD NW,CHATTAHOOCHEE AVE NW @ LOGAN CIR NW,0.254
CHATTAHOOCHEE AVE @ 1495,CHATTAHOOCHEE AVE NW @ MARIETTA BLVD,0.057
CHATTAHOOCHEE AVE NW @ MARIETTA BLVD,MARIETTA BLVD @ 2095,0.224
CHATTAHOOCHEE AVE NW @ MARIETTA BLVD,CHATTAHOOCHEE AVE NW @ COLLIER RD NW,0.146
CHATTAHOOCHEE AVE NW @ 1396,CHATTAHOOCHEE AVE NW @ CARROLL DR NW,0.105
CHATTAHOOCHEE AVE NW @ SOUTHLAND CIR NW,CHATTAHOOCHEE AVE NW @ ELLSWORTH INDUSTRIAL BLVD,0.18
CHATTAHOOCHEE AVE NW @ ELLSWORTH INDUSTRIAL BLVD,ELLSWORTH INDUSTRIAL BLVD @ 1530,0.234
ELLSWORTH INDUSTRIAL BLVD @ 1530,ELLSWORTH INDUSTRIAL BLVD @ 1510,0.07
ELLSWORTH INDUSTRIAL BLVD @ 1510,ELLSWORTH INDUSTRIAL BLVD @ ELAINE AVE NW,0.295
ELLSWORTH INDUSTRIAL BLVD @ 1320,HUFF RD NW @ ELLSWORTH INDUSTRIAL BLVD NW,0.167
HUFF RD NW @ ELLSWORTH INDUSTRIAL BLVD NW,HUFF RD @ 1088,0.136
HUFF RD @ 1088,HUFF RD NW @ FAIRMONT AVE NW,0.08
HUFF RD @ N ASHBY ST,HUFF RD @ FOSTER ST,0.223
HUFF RD @ FOSTER ST,HUFF RD NW @ HOWELL MILL RD NW,0.074
HUFF RD NW @ HOWELL MILL RD NW,14TH ST NW @ HOWELL MILL RD NW,0.153
14TH ST NW @ NORTHSIDE DR NW,14TH ST @ MCMILLAN ST,0.189
14TH ST @ ATLANTIC DR,14TH ST @ BARNES ST,0.178
14TH ST @ SPRING ST,SPRING ST @ 12TH ST,0.197
SPRING ST @ 12TH ST,MIDTOWN STATION,0.234
PANTHERSVILLE RD @ BOULDERCREST RD,PANTHERSVILLE RD @ BRITTANY PARK LN,0.371
PANTHERSVILLE RD @ BRITTANY PARK LN,PANTHERSVILLE RD @ FORK CREEK CHURCH RD,0.271
PANTHERSVILLE RD @ FORK CREEK CHURCH RD,PANTHERSVILLE RD @ JAGUAR DR,0.12
PANTHERSVILLE RD @ JAGUAR DR,PANTHERSVILLE RD @ RIVER RD,0.433
PANTHERSVILLE RD @ RIVER RD,PANTHERSVILLE RD @ RIVER SUMMIT LN,0.186
PANTHERSVILLE RD @ RIVER RD,RIVER RD @ PANTHERSVILLE RD,0.019
PANTHERSVILLE RD @ RIVER RD,RIVER RD @ RIVER LAKE SHORE,0.357
PANTHERSVILLE RD @ RIVER SUMMIT LN,PANTHERSVILLE RD @ RIVER TREE DR,0.21
PANTHERSVILLE RD @ RIVER SUMMIT LN,PANTHERSVILLE RD @ RIVER RD,0.186
PANTHERSVILLE RD @ RIVER TREE DR,PANTHERSVILLE RD @ ROVENA CT,0.213
PANTHERSVILLE RD @ RIVER TREE DR,PANTHERSVILLE RD @ RIVER SUMMIT LN,0.21
PANTHERSVILLE RD @ ROVENA CT,PANTHERSVILLE RD @ CLIFTON SPRINGS RD,0.314
PANTHERSVILLE RD @ ROVENA CT,PANTHERSVILLE RD @ RIVER TREE DR,0.213
PANTHERSVILLE RD @ CLIFTON SPRINGS RD,PANTHERSVILLE RD @ CLIFTON SPRINGS RD,0.0
PANTHERSVILLE RD @ CLIFTON SPRINGS RD,PANTHERSVILLE RD @ 3073,0.584
PANTHERSVILLE RD @ CLIFTON SPRINGS RD,PANTHERSVILLE RD @ 3303,0.144
PANTHERSVILLE RD @ 3073,PANTHERSVILLE RD @ GLEN HOLLOW DR,0.212
PANTHERSVILLE RD @ 3073,PANTHERSVILLE RD @ CLIFTON SPRINGS RD,0.584
PANTHERSVILLE RD @ GLEN HOLLOW DR,PANTHERSVILLE RD @ 2929,0.248
PANTHERSVILLE RD @ GLEN HOLLOW DR,PANTHERSVILLE RD @ 3073,0.212
PANTHERSVILLE RD @ 2929,FLAT SHOALS RD @ FAIRLAKE DR,0.128
PANTHERSVILLE RD @ 2929,PANTHERSVILLE RD @ GLEN HOLLOW DR,0.248
FLAT SHOALS RD @ FAIRLAKE DR,CANDLER RD @ WARREN RD,0.189
CANDLER RD @ WARREN RD,CANDLER RD @ S RAINBOW DR,0.146
CANDLER RD @ S RAINBOW DR,SOUTH DEKALB MALL (PICADILLY),0.126
CANDLER RD @ S RAINBOW DR,CANDLER RD @ RAINBOW DR,0.198
CANDLER RD @ S RAINBOW DR,CANDLER RD @ FLAT SHOALS RD,0.118
SOUTH DEKALB MALL (PICADILLY),SOUTH DEKALB MALL (MACY'S),0.093
SOUTH DEKALB MALL (PICADILLY),CANDLER RD @ S RAINBOW DR,0.126
SOUTH DEKALB MALL (MACY'S),CANDLER RD @ RAINBOW WAY,0.153
SOUTH DEKALB MALL (MACY'S),SOUTH DEKALB MALL (PICADILLY),0.093
CANDLER RD @ RAINBOW WAY,CANDLER RD @ EASTWYCK RD,0.294
CANDLER RD @ RAINBOW WAY,RAINBOW WAY @ CANDLER RD,0.028
CANDLER RD @ TILSON RD,CANDLER RD @ MCAFEE RD,0.198
CANDLER RD @ TILSON RD,CANDLER RD @ CANDLER PKWY,0.111
CANDLER RD @ MCAFEE RD,CANDLER RD @ MELLVILLE AVE,0.112
CANDLER RD @ MCAFEE RD,CANDLER RD @ TILSON RD,0.198
CANDLER RD @ MELLVILLE AVE,CANDLER RD @ NORTHVIEW AVE,0.064
CANDLER RD @ MELLVILLE AVE,CANDLER RD @ MCAFEE RD,0.112
CANDLER RD @ NORTHVIEW AVE,CANDLER RD @ HILLSIDE AVE,0.2
CANDLER RD @ NORTHVIEW AVE,CANDLER RD @ MELLVILLE AVE,0.064
CANDLER RD @ HILLSIDE AVE,CANDLER RD @ GLENWOOD RD,0.188
CANDLER RD @ HILLSIDE AVE,CANDLER RD @ NORTHVIEW AVE,0.2
CANDLER RD @ GLENWOOD RD,CANDLER RD @ EASTWOOD DR,0.098
CANDLER RD @ GLENWOOD RD,CANDLER RD @ HILLSIDE AVE,0.188
CANDLER RD @ EASTWOOD DR,CANDLER RD @ AMELIA AVE,0.075
CANDLER RD @ AMELIA AVE,CANDLER RD @ WHITE OAK DR,0.088
CANDLER RD @ WHITE OAK DR,CANDLER RD @ ALSTON DR,0.127
CANDLER RD @ WHITE OAK DR,CANDLER RD @ DAWES AVE,0.054
CANDLER RD @ ALSTON DR,CANDLER RD @ 240,0.09
CANDLER RD @ 240,CANDLER RD @ TUPELO ST,0.158
CANDLER RD @ TUPELO ST,CANDLER RD @ CHEVELLE LN NE,0.239
CANDLER RD @ CHEVELLE LN NE,S CANDLER ST @ E PHARR RD,0.123
CANDLER RD @ CHEVELLE LN NE,HOSEA L WILLIAMS DR @ SPENCE AVE,0.218
S CANDLER ST @ E PHARR RD,S CANDLER ST @ CANDLER DR,0.084
S CANDLER ST @ CANDLER DR,S CANDLER ST @ OVERLOOK BLUFF,0.121
S CANDLER ST @ OVERLOOK BLUFF,S CANDLER ST @ MIDWAY RD,0.119
S CANDLER ST @ MIDWAY RD,S CANDLER ST @ BUCHANAN TER,0.082
S CANDLER ST @ MIDWAY RD,S CANDLER ST @ BROWER ST,0.11
S CANDLER ST @ BUCHANAN TER,S CANDLER ST @ KIRK RD,0.124
S CANDLER ST @ BUCHANAN TER,S CANDLER ST @ MIDWAY RD,0.082
S CANDLER ST @ KIRK RD,S CANDLER ST @ DAVIS ST,0.161
S CANDLER ST @ KIRK RD,S CANDLER ST @ BUCHANAN TER,0.124
S CANDLER ST @ DAVIS ST,S CANDLER ST @ HANCOCK ST,0.08
S CANDLER ST @ HANCOCK ST,S CANDLER ST @ DOUGHERTY ST,0.183
S CANDLER ST @ DOUGHERTY ST,S CANDLER ST @ 206,0.069
S CANDLER ST @ 206,S CANDLER ST @ COLLEGE AVE,0.192
S CANDLER ST @ COLLEGE AVE,E TRINITY PL @ CHURCH ST,0.215
E TRINITY PL @ CHURCH ST,W TRINITY PL @ COMMERCE DR,0.174
E TRINITY PL @ CHURCH ST,S CANDLER ST @ E COLLEGE AVE,0.222
W TRINITY PL @ COMMERCE DR,W TRINITY PL @ SWANTON WAY,0.13
W TRINITY PL @ SWANTON WAY,DECATUR STATION - BUS LOOP,0.167
DECATUR STATION - BUS LOOP,SWANTON WAY @ W TRINIY PL,0.187
DECATUR STATION - BUS LOOP,COMMERCE DR @ W PONCE DE LEON AVE,0.116
DECATUR STATION - BUS LOOP,COMMERCE DR @ W TRINITY PL,0.171
CANDLER RD @ RAINBOW DR,CANDLER RD @ RAINBOW WAY,0.112
CANDLER RD @ RAINBOW DR,CANDLER RD @ S RAINBOW DR,0.198
LINECREST RD @ 3800,LINECREST RD @ CATALPA WAY,0.194
LINECREST RD @ CATALPA WAY,LINECREST RD @ RIDGETOP DR,0.281
LINECREST RD @ RIDGETOP DR,LINECREST RD @ DAVANA DR,0.286
LINECREST RD @ DAVANA DR,LINECREST RD @ LINCOLNDALE DR,0.199
LINECREST RD @ LINCOLNDALE DR,CLEVEMONT RD @ CLEVEMONT CT,0.139
CLEVEMONT RD @ CLEVEMONT CT,CLEVEMONT RD @ CLEVEMONT WAY,0.256
CLEVEMONT RD @ CLEVEMONT WAY,CLEVEMONT RD @ LINEVIEW DR,0.104
CLEVEMONT RD @ LINEVIEW DR,CLEVEMONT RD @ 4203,0.126
CLEVEMONT RD @ 4203,RIVER RD @ RIVER MILL LN,0.581
RIVER RD @ RIVER MILL LN,RIVER RD @ 3796,0.215
RIVER RD @ 3796,RIVER RD @ RIVERVIEW CLUB DR,0.096
RIVER RD @ 3796,RIVER RD @ WABASH LN,0.154
RIVER RD @ RIVERVIEW CLUB DR,RIVER RD @ RIVERCHASE DR,0.463
RIVER RD @ RIVERVIEW CLUB DR,RIVER RD @ 3796,0.096
RIVER RD @ RIVERCHASE DR,RIVER RD @ KRISTA LN,0.154
RIVER RD @ RIVERCHASE DR,RIVER RD @ RIVERVIEW CHASE DR,0.277
RIVER RD @ KRISTA LN,RIVER RD @ WELLHAUN RD,0.212
RIVER RD @ KRISTA LN,RIVER RD @ RIVERCHASE DR,0.154
RIVER RD @ WELLHAUN RD,RIVER RD @ WALDROP RD,0.26
RIVER RD @ WELLHAUN RD,RIVER RD @ KRISTA LN,0.212
RIVER RD @ WALDROP RD,RIVER RD @ RIVERSIDE PKWY,0.25
RIVER RD @ RIVERSIDE PKWY,RIVER RD @ GRAY BIRCH DR,0.1
RIVER RD @ RIVERSIDE PKWY,RIVER RD @ LANDGRAF COVE,0.228
RIVER RD @ GRAY BIRCH DR,RIVER RD @ OAKVALE RD,0.112
RIVER RD @ OAKVALE RD,RIVER RD @ CONLEY DOWNS DR,0.162
RIVER RD @ OAKVALE RD,RIVER RD @ CONLEY DOWNS LN,0.128
RIVER RD @ CONLEY DOWNS DR,RIVER RD @ RIVER RIDGE CT,0.127
RIVER RD @ CONLEY DOWNS DR,RIVER RD @ OAKVALE RD,0.162
RIVER RD @ RIVER RIDGE CT,RIVER RD @ SEABASS RD,0.172
RIVER RD @ RIVER RIDGE CT,RIVER RD @ CONLEY DOWNS DR,0.127
RIVER RD @ SEABASS RD,RIVER RD @ PANTHERSVILLE RD,0.203
RIVER RD @ SEABASS RD,RIVER RD @ RIVER RIDGE CT,0.172
RIVER RD @ PANTHERSVILLE RD,PANTHERSVILLE RD @ RIVER SUMMIT LN,0.187
RIVER RD @ PANTHERSVILLE RD,RIVER RD @ SEABASS RD,0.203
SWANTON WAY @ W TRINIY PL,E TRINITY PL @ CHURCH ST,0.324
SWANTON WAY @ W TRINIY PL,N MCDONOUGH ST @ E MAPLE ST,0.28
S CANDLER ST @ E COLLEGE AVE,S CANDLER ST @ 184,0.147
S CANDLER ST @ 184,S CANDLER ST @ E DOUGHERTY ST,0.085
S CANDLER ST @ E DOUGHERTY ST,S CANDLER ST @ E HANCOCK ST,0.161
S CANDLER ST @ E HANCOCK ST,S CANDLER ST @ E DAVIS ST,0.083
S CANDLER ST @ E DAVIS ST,S CANDLER ST @ KIRK RD,0.183
S CANDLER ST @ BROWER ST,CANDLER ST @ CANDLER DR,0.09
CANDLER ST @ CANDLER DR,CANDLER ST @ E PHARR RD,0.082
CANDLER ST @ E PHARR RD,CANDLER RD @ HOSEA L WILLIAMS DR,0.155
CANDLER RD @ HOSEA L WILLIAMS DR,CANDLER RD @ TUPELO ST SE,0.2
CANDLER RD @ TUPELO ST SE,CANDLER RD @ MEMORIAL DR SE,0.106
CANDLER RD @ TUPELO ST SE,MEMORIAL DR SE @ CANDLER RD SE,0.125
CANDLER RD @ MEMORIAL DR SE,CANDLER RD @ ALSTON DR SE,0.183
CANDLER RD @ ALSTON DR SE,CANDLER RD @ WHITE OAK DR,0.139
CANDLER RD @ DAWES AVE,CANDLER RD @ SALMON AVE SE,0.104
CANDLER RD @ SALMON AVE SE,CANDLER RD @ GLENWOOD RD,0.105
CANDLER RD @ H F SHEPHERD DR,CANDLER RD @ RAINBOW DR,0.139
CANDLER RD @ H F SHEPHERD DR,SOUTH DEKALB MALL (MACY'S),0.167
CANDLER RD @ H F SHEPHERD DR,RAINBOW DR @ CANDLER RD,0.14
CANDLER RD @ FLAT SHOALS RD,FLAT SHOALS RD @ 3592,0.157
CANDLER RD @ FLAT SHOALS RD,FLAT SHOALS RD @ 3424,0.237
FLAT SHOALS RD @ 3592,PANTHERSVILLE RD @ FLAT SHOALS RD,0.105
PANTHERSVILLE RD @ FLAT SHOALS RD,PANTHERSVILLE RD @ 2929,0.076
PANTHERSVILLE RD @ 3303,PANTHERSVILLE RD @ OAKVALE RD,0.147
PANTHERSVILLE RD @ OAKVALE RD,PANTHERSVILLE RD @ ROVENA CT,0.306
RIVER RD @ CONLEY DOWNS LN,RIVER RD @ RIVERSIDE PKWY,0.084
RIVER RD @ LANDGRAF COVE,RIVER RD @ RIVERSIDE CSWY,0.118
RIVER RD @ RIVERSIDE CSWY,RIVER RD @ WELLHAUN RD,0.164
RIVER RD @ RIVERVIEW CHASE DR,RIVER RD @ RIVERVIEW CLUB DR,0.192
RIVER RD @ WABASH LN,RIVER RD @ MORTONS LANDING DR,0.105
RIVER RD @ MORTONS LANDING DR,RIVER RD @ OLD RIVER RD,0.251
RIVER RD @ OLD RIVER RD,RIVER RD @ RIDGETOP DR,0.189
RIVER RD @ RIDGETOP DR,RIVER RD @ BOSENBERRY WAY,0.326
RIVER RD @ BOSENBERRY WAY,RIVER RD @ LINECREST RD,0.149
RIVER RD @ LINECREST RD,LINECREST RD @ 3800,0.185
RIVER RD @ RIVER LAKE SHORE,RIVER RD @ DEER SPRING DR,0.443
RIVER RD @ DEER SPRING DR,RIVER RD @ 2330,0.292
RIVER RD @ 2330,RIVER RD @ MISTY LAKE,0.224
RIVER RD @ MISTY LAKE,RIVER RD @ TELSTAR DR,0.275
RIVER RD @ TELSTAR DR,RIVER RD @ BOULDERCREST RD,0.197
RIVER RD @ BOULDERCREST RD,BOULDERCREST RD @ BOULDER HILLS DR,0.132
BOULDERCREST RD @ BOULDER HILLS DR,BOULDERCREST RD @ FLOWERWOOD TRL,0.231
BOULDERCREST RD @ FLOWERWOOD TRL,BOULDERCREST @ 3220,0.495
BOULDERCREST RD @ FLOWERWOOD TRL,BOULDERCREST RD @ OLD RIVER RD,0.266
BOULDERCREST @ 3220,BOULDERCREST RD @ CLARK ST,0.298
BOULDERCREST @ 3220,BOULDERCREST RD @ FLOWERWOOD TRL,0.495
BOULDERCREST RD @ CLARK ST,BOULDERCREST RD @ CEDAR VALLEY LN,0.177
BOULDERCREST RD @ CLARK ST,BOULDERCREST @ 3220,0.298
BOULDERCREST RD @ CEDAR VALLEY LN,BOULDERCREST RD @ LOVELESS DR,0.382
BOULDERCREST RD @ CEDAR VALLEY LN,BOULDERCREST RD @ CLARK ST,0.177
BOULDERCREST RD @ LOVELESS DR,BOULDERCREST RD @ BOULDERCREST PARK RD,0.205
BOULDERCREST RD @ LOVELESS DR,BOULDERCREST RD @ CEDAR VALLEY LN,0.382
BOULDERCREST RD @ BOULDERCREST PARK RD,PANTHERSVILLE RD @ BOULDERCREST RD,0.241
BOULDERCREST RD @ BOULDERCREST PARK RD,BOULDERCREST RD @ PANTHERSVILLE RD,0.142
W HOWARD AVE @ PADEN CIR,W COLLEGE AVE @ DREXEL AVE,0.176
W HOWARD AVE @ PADEN CIR,EAST LAKE STATION - SOUTH LOOP,0.064
W COLLEGE AVE @ DREXEL AVE,W HOWARD AVE @ ADAIR ST,0.165
W HOWARD AVE @ ADAIR ST,W HOWARD AVE @ GREENWOOD CIR,0.227
W HOWARD AVE @ ADAIR ST,W HOWARD AVE @ DREXEL AVE,0.139
W HOWARD AVE @ GREENWOOD CIR,COMMERCE DR @ W HOWARD AVE,0.208
W HOWARD AVE @ GREENWOOD CIR,W HOWARD AVE @ ADAIR ST,0.227
COMMERCE DR @ W HOWARD AVE,COMMERCE DR @ ROBIN ST,0.217
COMMERCE DR @ W HOWARD AVE,W HOWARD AVE @ GREENWOOD CIR,0.208
COMMERCE DR @ ROBIN ST,DECATUR STATION - BUS LOOP,0.181
COMMERCE DR @ W PONCE DE LEON AVE,CLAIREMONT AVE @ HUNTER ST,0.258
COMMERCE DR @ W PONCE DE LEON AVE,DECATUR STATION - BUS LOOP,0.116
COMMERCE DR @ W PONCE DE LEON AVE,COMMERCE DR @ CLAIREMONT AVE,0.169
CLAIREMONT AVE @ HUNTER ST,CLAIREMONT AVE @ 441,0.091
CLAIREMONT AVE @ HUNTER ST,COMMERCE DR @ CLAIREMONT AVE,0.09
CLAIREMONT AVE @ 441,CLAIREMONT AVE @ ERIE AVE,0.098
CLAIREMONT AVE @ ERIE AVE,CLAIREMONT AVE @ MICHIGAN AVE,0.072
CLAIREMONT AVE @ MICHIGAN AVE,CLAIREMONT AVE @ GARDEN LN,0.207
CLAIREMONT AVE @ GARDEN LN,CLAIREMONT AVE @ SCOTT BLVD,0.125
CLAIREMONT AVE @ GARDEN LN,CLAIREMONT AVE @ LAMONT DR,0.089
CLAIREMONT AVE @ SCOTT BLVD,CLAIREMONT AVE @ MAEDIRIS DR,0.175
CLAIREMONT AVE @ SCOTT BLVD,CLAIREMONT AVE @ GARDEN LN,0.125
CLAIREMONT AVE @ MAEDIRIS DR,CLAIREMONT AVE @ CLAIRMONT RUN,0.12
CLAIREMONT AVE @ MAEDIRIS DR,CLAIREMONT AVE @ SCOTT BLVD,0.175
CLAIREMONT AVE @ CLAIRMONT RUN,CLAIRMONT RD @ N DECATUR RD,0.094
CLAIREMONT AVE @ CLAIRMONT RUN,CLAIREMONT AVE @ MAEDIRIS DR,0.12
CLAIRMONT RD @ N DECATUR RD,CLAIRMONT RD @ POWELL LN,0.139
CLAIRMONT RD @ N DECATUR RD,CLAIREMONT AVE @ CLAIRMONT RUN,0.094
CLAIRMONT RD @ POWELL LN,CLAIRMONT RD @ LADSON CT,0.081
CLAIRMONT RD @ POWELL LN,CLAIRMONT RD @ N DECATUR RD,0.139
CLAIRMONT RD @ LADSON CT,CLAIRMONT RD @ CLAIRMONT CIR,0.162
CLAIRMONT RD @ LADSON CT,CLAIRMONT RD @ POWELL LN,0.081
CLAIRMONT RD @ CLAIRMONT CIR,CLAIRMONT RD @ DESMOND DR,0.16
CLAIRMONT RD @ CLAIRMONT CIR,CLAIRMONT RD @ LADSON CT,0.162
CLAIRMONT RD @ DESMOND DR,CLAIRMONT RD @ STARVINE WAY,0.127
CLAIRMONT RD @ STARVINE WAY,CLAIRMONT RD @ CLAIRMONT LK,0.236
CLAIRMONT RD @ STARVINE WAY,CLAIRMONT RD @ CLAIRMONT CIR,0.276
CLAIRMONT RD @ CLAIRMONT LK,VA HOSPITAL,0.097
VA HOSPITAL,CLAIRMONT RD @ 1751,0.128
VA HOSPITAL,CLAIRMONT RD @ CLAIRMONT LAKE,0.1
CLAIRMONT RD @ 1751,CLAIRMONT RD @ BUTLER LN,0.158
CLAIRMONT RD @ BUTLER LN,CLAIRMONT RD @ BUTLER LN,0.0
CLAIRMONT RD @ BUTLER LN,CLAIRMONT RD @ MCCONNELL DR,0.241
CLAIRMONT RD @ BUTLER LN,CLAIRMONT RD @ SOUTHERN LN,0.192
CLAIRMONT RD @ MCCONNELL DR,CLAIRMONT RD @ WILLIAMSBURG DR,0.094
CLAIRMONT RD @ MCCONNELL DR,CLAIRMONT RD @ MASON MILL RD,0.216
CLAIRMONT RD @ WILLIAMSBURG DR,CLAIRMONT RD @ N DRUID HILLS RD,0.117
CLAIRMONT RD @ N DRUID HILLS RD,CLAIRMONT RD @ AZALEA CIR,0.226
CLAIRMONT RD @ N DRUID HILLS RD,CLAIRMONT RD @ N WILLIAMSBURG DR,0.1
CLAIRMONT RD @ AZALEA CIR,CLAIRMONT RD @ TRAILMARK DR,0.188
CLAIRMONT RD @ AZALEA CIR,CLAIRMONT RD @ N DRUID HILLS RD,0.226
CLAIRMONT RD @ TRAILMARK DR,CLAIRMONT RD @ LAVISTA RD,0.147
CLAIRMONT RD @ LAVISTA RD,CLAIRMONT RD @ PINE FOREST DR,0.369
CLAIRMONT RD @ LAVISTA RD,CLAIRMONT RD @ WILANDREW DR,0.149
CLAIRMONT RD @ PINE FOREST DR,CLAIRMONT RD @ BLACK FOX DR,0.077
CLAIRMONT RD @ BLACK FOX DR,CLAIRMONT RD @ COUNCIL BLUFF DR,0.363
CLAIRMONT RD @ COUNCIL BLUFF DR,CLAIRMONT RD @ AUDUBON DR,0.202
CLAIRMONT RD @ AUDUBON DR,CLAIRMONT RD @ BRIARCLIFF RD,0.265
CLAIRMONT RD @ BRIARCLIFF RD,CLAIRMONT RD @ 2890,0.376
CLAIRMONT RD @ 2890,CLAIRMONT RD @ CANNON FARM HILL RD,0.133
CLAIRMONT RD @ CANNON FARM HILL RD,CLAIRMONT RD NE @ CENTURY BLVD,0.15
CLAIRMONT RD NE @ CENTURY BLVD,CLAIRMONT RD @ CENTURY PL,0.136
CLAIRMONT RD @ CENTURY PL,CLAIRMONT RD @ MCJENKIN DR,0.158
CLAIRMONT RD @ MCJENKIN DR,CLAIRMONT RD @ CLAIRMONT NORTH  NE,0.142
CLAIRMONT RD @ CLAIRMONT NORTH  NE,CLAIRMONT RD @ TANGLEWOOD CIR,0.185
CLAIRMONT RD @ TANGLEWOOD CIR,CLAIRMONT RD @ CLAIRMONT TER,0.097
CLAIRMONT RD @ CLAIRMONT TER,CLAIRMONT RD @ BUFORD HWY,0.136
CLAIRMONT RD @ BUFORD HWY,CLAIRMONT RD @ SKYLAND RD,0.158
CLAIRMONT RD @ SKYLAND RD,CLAIRMONT RD @ RAVEN HILL DR,0.125
CLAIRMONT RD @ RAVEN HILL DR,CLAIRMONT RD @ CANMONT DR,0.11
CLAIRMONT RD @ CANMONT DR,CLAIRMONT RD @ DRESDEN DR,0.144
CLAIRMONT RD @ DRESDEN DR,CLAIRMONT RD @ BRAGG ST,0.163
CLAIRMONT RD @ BRAGG ST,CLAIRMONT RD @ YOUNG RD,0.092
CLAIRMONT RD @ YOUNG RD,CLAIRMONT RD @ W HARDEE AVE,0.143
CLAIRMONT RD @ W HARDEE AVE,CLAIRMONT RD @ TOBEY RD,0.086
CLAIRMONT RD @ TOBEY RD,CLAIRMONT RD @ AIRPORT RD,0.287
CLAIRMONT RD @ AIRPORT RD,CLAIRMONT RD @ DYER CIR,0.294
CLAIRMONT RD @ DYER CIR,CLAIRMONT RD NE @ LAWSON WAY,0.096
CLAIRMONT RD NE @ LAWSON WAY,CLAIRMONT RD @ NEW PEACHTREE RD,0.225
CLAIRMONT RD @ NEW PEACHTREE RD,NEW PEACHTREE RD @ HARDEE AVE,0.106
NEW PEACHTREE RD @ HARDEE AVE,CHAMBLEE STATION - EAST LOOP,0.231
NEW PEACHTREE RD @ HARDEE AVE,CLAIRMONT RD NE @ NEW PEACHTREE RD,0.118
CHAMBLEE STATION - EAST LOOP,NEW PEACHTREE RD @ HARDEE AVE,0.231
CHAMBLEE STATION - EAST LOOP,NEW PEACHTREE RD @ HOOD AVE,0.286
CHAMBLEE STATION - EAST LOOP,CHAMBLEE TUCKER RD @ FLIGHTWAY DR,0.441
CLAIRMONT RD NE @ NEW PEACHTREE RD,CLAIRMONT RD NE @ LAWSON DR,0.176
CLAIRMONT RD NE @ LAWSON DR,CLAIRMONT RD NE @ 5TH ST,0.134
CLAIRMONT RD NE @ 5TH ST,CLAIRMONT RD NE @ 8TH ST,0.232
CLAIRMONT RD NE @ 8TH ST,CLAIRMONT RD NE @ 9TH ST,0.087
CLAIRMONT RD NE @ 9TH ST,CLAIRMONT RD NE @ GEORGIAN DR E,0.311
CLAIRMONT RD NE @ 9TH ST,NORTH DEKALB HEALTH CENTER,0.28
CLAIRMONT RD NE @ GEORGIAN DR E,CLAIRMONT RD NE @ YOUNG RD,0.135
CLAIRMONT RD NE @ YOUNG RD,CLAIRMONT RD NE @ BRAGG ST,0.076
CLAIRMONT RD NE @ BRAGG ST,CLAIRMONT RD NE @ DRESDEN DR,0.17
CLAIRMONT RD NE @ DRESDEN DR,CLAIRMONT RD NE @ CANMONT DR,0.157
CLAIRMONT RD NE @ CANMONT DR,CLAIRMONT RD NE @ RAVEN HILL,0.144
CLAIRMONT RD NE @ RAVEN HILL,CLAIRMONT RD NE @ SKYLAND RD,0.084
CLAIRMONT RD NE @ SKYLAND RD,CLAIRMONT RD NE @ BUFORD HWY,0.135
CLAIRMONT RD NE @ BUFORD HWY,CLAIRMONT RD NE @ CLAIRMONT TER,0.19
CLAIRMONT RD NE @ CLAIRMONT TER,CLAIRMONT RD NE @ TANGLEWOOD CIR,0.091
CLAIRMONT RD NE @ TANGLEWOOD CIR,CLAIRMONT RD NE @ CLAIRMONT NORTH NE,0.173
CLAIRMONT RD NE @ CLAIRMONT NORTH NE,CLAIRMONT RD NE @ WILMONT DR,0.16
CLAIRMONT RD NE @ WILMONT DR,CLAIRMONT RD NE @ 3018,0.092
CLAIRMONT RD NE @ 3018,CLAIRMONT RD NE @ CENTURY PL,0.124
CLAIRMONT RD NE @ CENTURY PL,CLAIRMONT RD NE @ CLAIRMONT WAY,0.101
CLAIRMONT RD NE @ CLAIRMONT WAY,CLAIRMONT RD NE @ BARONE AVE NE,0.206
CLAIRMONT RD NE @ BARONE AVE NE,CLAIRMONT RD NE @ BRIARCLIFF RD NE,0.422
CLAIRMONT RD NE @ BRIARCLIFF RD NE,CLAIRMONT RD NE @ AUDUBON DR,0.231
CLAIRMONT RD NE @ AUDUBON DR,CLAIRMONT RD NE @ MT BRIAN RD,0.102
CLAIRMONT RD NE @ MT BRIAN RD,CLAIRMONT RD NE @ COUNCIL BLUFF DR,0.156
CLAIRMONT RD NE @ COUNCIL BLUFF DR,CLAIRMONT RD NE @ GRACE ARBOR CT,0.079
CLAIRMONT RD NE @ GRACE ARBOR CT,CLAIRMONT RD NE @ BLACK FOX DR,0.199
CLAIRMONT RD NE @ BLACK FOX DR,CLAIRMONT RD NE @ PINE FOREST DR,0.143
CLAIRMONT RD NE @ PINE FOREST DR,CLAIRMONT RD @ LAVISTA RD,0.374
CLAIRMONT RD @ WILANDREW DR,CLAIRMONT RD @ AZALEA CIR,0.188
CLAIRMONT RD @ N WILLIAMSBURG DR,CLAIRMONT RD @ MCCONNELL DR,0.113
CLAIRMONT RD @ MASON MILL RD,CLAIRMONT RD @ BUTLER LN,0.031
CLAIRMONT RD @ SOUTHERN LN,VA HOSPITAL,0.094
CLAIRMONT RD @ CLAIRMONT LAKE,CLAIRMONT RD @ STARVINE WAY,0.228
CLAIREMONT AVE @ LAMONT DR,CLAIREMONT AVE @ WILTON DR,0.091
CLAIREMONT AVE @ WILTON DR,CLAIREMONT AVE @ PONCE DE LEON PL,0.11
CLAIREMONT AVE @ PONCE DE LEON PL,CLAIREMONT AVE @ 446,0.086
CLAIREMONT AVE @ 446,CLAIREMONT AVE @ HUNTER ST,0.087
COMMERCE DR @ CLAIREMONT AVE,COMMERCE DR @ BEAUMONT AVE,0.079
COMMERCE DR @ CLAIREMONT AVE,CHURCH ST @ 711,0.165
COMMERCE DR @ BEAUMONT AVE,COMMERCE DR @ W PONCE DE LEON AVE,0.113
COMMERCE DR @ W TRINITY PL,COMMERCE DR @ W HOWARD AVE,0.231
W HOWARD AVE @ DREXEL AVE,W HOWARD AVE @ PADEN CIR,0.201
NORTH DEKALB HEALTH CENTER,CLAIRMONT RD NE @ GEORGIAN DR E,0.073
MEMORIAL DR @ 4203,MEMORIAL DR @ NOTTINGHAM DR,0.333
MEMORIAL DR @ NOTTINGHAM DR,MEMORIAL DR @ 3978,0.232
MEMORIAL DR @ NOTTINGHAM DR,MEMORIAL DR @ COVINGTON HWY,0.189
MEMORIAL DR @ 3978,MEMORIAL DR @ COVINGTON DR,0.202
MEMORIAL DR @ COVINGTON DR,MEMORIAL DR @ 3850,0.187
MEMORIAL DR @ COVINGTON DR,MEMORIAL DR @ 3982,0.253
MEMORIAL DR @ 3850,MEMORIAL DR @ BOBBIE LN,0.145
MEMORIAL DR @ 3850,MEMORIAL DR @ COVINGTON DR,0.187
MEMORIAL DR @ BOBBIE LN,MEMORIAL DR @ BEECH DR,0.065
MEMORIAL DR @ BOBBIE LN,MEMORIAL DR @ 3850,0.145
MEMORIAL DR @ BEECH DR,MEMORIAL DR @ MIDWAY RD,0.245
MEMORIAL DR @ BEECH DR,MEMORIAL DR @ BOBBIE LN,0.065
MEMORIAL DR @ MIDWAY RD,MEMORIAL DR @ COLUMBIA DR,0.191
MEMORIAL DR @ MIDWAY RD,MEMORIAL DR @ BEECH DR,0.245
MEMORIAL DR @ COLUMBIA DR,MEMORIAL DR @ 3480,0.134
MEMORIAL DR @ COLUMBIA DR,MEMORIAL DR @ MIDWAY RD,0.191
MEMORIAL DR @ 3480,MEMORIAL DR @ HOOPER ALEXANDER DR,0.131
MEMORIAL DR @ HOOPER ALEXANDER DR,MEMORIAL DR @ RUPERT RD,0.162
MEMORIAL DR @ HOOPER ALEXANDER DR,MEMORIAL DR @ BELVEDERE PLAZA,0.089
MEMORIAL DR @ RUPERT RD,MEMORIAL DR @ CARTER RD,0.071
MEMORIAL DR @ RUPERT RD,MEMORIAL DR @ HOOPER ALEXANDER DR,0.162
MEMORIAL DR @ CARTER RD,MEMORIAL DR SE @ WOODFERN DR,0.318
MEMORIAL DR @ CARTER RD,MEMORIAL DR @ RUPERT RD,0.071
MEMORIAL DR SE @ WOODFERN DR,MEMORIAL DR SE @ DELANO DR,0.172
MEMORIAL DR SE @ DELANO DR,MEMORIAL DR SE @ VENICE DR,0.139
MEMORIAL DR SE @ VENICE DR,MEMORIAL DR SE @ ELLINGTON ST,0.179
MEMORIAL DR SE @ ELLINGTON ST,MEMORIAL DR SE @ CANDLER RD SE,0.125
MEMORIAL DR SE @ CANDLER RD SE,MEMORIAL DR SE @ OAKRIDGE AVE SE,0.155
MEMORIAL DR SE @ CANDLER RD SE,MEMORIAL DR @ RICHARD ALLEN DR,0.128
MEMORIAL DR SE @ CANDLER RD SE,CANDLER RD @ TUPELO ST,0.077
MEMORIAL DR SE @ OAKRIDGE AVE SE,MEMORIAL DR SE @ SPENCE AVE,0.114
MEMORIAL DR SE @ OAKRIDGE AVE SE,MEMORIAL DR SE @ CANDLER RD SE,0.155
MEMORIAL DR SE @ SPENCE AVE,MEMORIAL DR SE @ DANIEL AVE,0.124
MEMORIAL DR SE @ DANIEL AVE,MEMORIAL DR SE @ DANIEL AVE,0.0
MEMORIAL DR SE @ DANIEL AVE,MEMORIAL DR @ LAKE DR SE,0.255
MEMORIAL DR @ LAKE DR SE,MEMORIAL DR @ CARTER AVE,0.141
MEMORIAL DR @ LAKE DR SE,MEMORIAL DR SE @ GREEN AVE SE,0.067
MEMORIAL DR @ CARTER AVE,MEMORIAL DR @ COTTAGE GROVE AVE,0.062
MEMORIAL DR @ COTTAGE GROVE AVE,MEMORIAL DR SE @ 1ST AVE,0.28
MEMORIAL DR SE @ 1ST AVE,MEMORIAL DR @ E LAKE TER,0.169
MEMORIAL DR SE @ 1ST AVE,2ND AVE SE @ 90,0.158
MEMORIAL DR SE @ 1ST AVE,EVA DAVIS WAY SE @ MEMORIAL DR SE,0.211
MEMORIAL DR @ E LAKE TER,MEMORIAL DR SE @ 2154,0.186
MEMORIAL DR SE @ 2154,MEMORIAL DR SE @ DOUGLAS ST SE,0.129
MEMORIAL DR SE @ 2154,MEMORIAL DR SE @ WATSON CIR,0.102
MEMORIAL DR SE @ DOUGLAS ST SE,MEMORIAL DR @ PALATKA ST SE,0.107
MEMORIAL DR SE @ DOUGLAS ST SE,MEMORIAL DR SE @ 2154,0.129
MEMORIAL DR @ PALATKA ST SE,MEMORIAL DR SE @ S HOWARD ST,0.129
MEMORIAL DR SE @ S HOWARD ST,MEMORIAL DR SE @ WARREN ST SE,0.154
MEMORIAL DR SE @ WARREN ST SE,MEMORIAL DR SE @ WILKINSON DR SE,0.144
MEMORIAL DR SE @ WARREN ST SE,MEMORIAL DR SE @ ELEANOR ST,0.079
MEMORIAL DR SE @ WILKINSON DR SE,MEMORIAL DR SE @ CLIFTON ST SE,0.183
MEMORIAL DR SE @ WILKINSON DR SE,MEMORIAL DR SE @ WARREN ST SE,0.144
MEMORIAL DR SE @ CLIFTON ST SE,MEMORIAL DR SE @ WYMAN ST SE,0.115
MEMORIAL DR SE @ CLIFTON ST SE,MEMORIAL DR SE @ WILKINSON DR SE,0.183
MEMORIAL DR SE @ WYMAN ST SE,MEMORIAL DR SE @ DIXIE ST SE,0.108
MEMORIAL DR SE @ DIXIE ST SE,MEMORIAL DR SE @ 1560,0.099
MEMORIAL DR SE @ DIXIE ST SE,MEMORIAL DR SE @ CLIFTON ST SE,0.222
MEMORIAL DR SE @ 1560,MEMORIAL DR SE @ LAMON AVE SE,0.056
MEMORIAL DR SE @ LAMON AVE SE,MEMORIAL DR SE @ EASTSIDE AVE SE,0.07
MEMORIAL DR SE @ EASTSIDE AVE SE,MEMORIAL DR SE @ PATTERSON AVE SE,0.181
MEMORIAL DR SE @ EASTSIDE AVE SE,MEMORIAL DR SE @ 1599,0.124
MEMORIAL DR SE @ PATTERSON AVE SE,MEMORIAL DR SE @ DAHLGREEN ST SE,0.143
MEMORIAL DR SE @ PATTERSON AVE SE,MEMORIAL DR SE @ MEMORIAL TER SE,0.029
MEMORIAL DR SE @ DAHLGREEN ST SE,MEMORIAL DR SE @ MORELAND AVE SE,0.166
MEMORIAL DR SE @ MORELAND AVE SE,MEMORIAL DR SE @ FLAT SHOALS AVE SE,0.124
MEMORIAL DR SE @ MORELAND AVE SE,MEMORIAL DR SE @ TRENTON ST SE,0.136
MEMORIAL DR SE @ FLAT SHOALS AVE SE,MEMORIAL DR SE @ WILBUR AVE SE,0.145
MEMORIAL DR SE @ WILBUR AVE SE,MEMORIAL DR SE @ GIBSON ST SE,0.151
MEMORIAL DR SE @ WILBUR AVE SE,MEMORIAL DR SE @ HOWELL DR SE,0.124
MEMORIAL DR SE @ GIBSON ST SE,MEMORIAL DR SE @ CHESTER AVE SE,0.205
MEMORIAL DR SE @ GIBSON ST SE,MEMORIAL DR SE @ WILBUR AVE SE,0.151
MEMORIAL DR SE @ CHESTER AVE SE,MEMORIAL DR SE @ PEARL ST SE,0.163
MEMORIAL DR SE @ PEARL ST SE,MEMORIAL DR SE @ BEREAN AVE SE,0.27
MEMORIAL DR SE @ PEARL ST SE,MEMORIAL DR SE @ BILL KENNEDY WAY,0.189
MEMORIAL DR SE @ BEREAN AVE SE,MEMORIAL DR @ PARK AVE,0.21
MEMORIAL DR @ PARK AVE,MEMORIAL DR @ CHEROKEE AVE,0.211
MEMORIAL DR @ CHEROKEE AVE,MEMORIAL DR @ GRANT ST,0.185
MEMORIAL DR @ CHEROKEE AVE,MEMORIAL DR SE @ PARK AVE SE,0.257
MEMORIAL DR SE @ MARTIN ST SE,MEMORIAL DR SE @ FRASER ST SE,0.151
MEMORIAL DR SE @ FRASER ST SE,GA STATE STATION - PIEDMONT AVE,0.236
GA STATE STATION - PIEDMONT AVE,PIEDMONT AVE  SE @ GILMER ST SE,0.2
COCA COLA PL SE @ JESSE HILL JR DR SE,PRATT ST SE @ DECATUR ST SE (GRADY HOSP),0.206
PRATT ST SE @ DECATUR ST SE (GRADY HOSP),DECATUR ST @ PIEDMONT AVE,0.174
PRATT ST SE @ DECATUR ST SE (GRADY HOSP),GA STATE STATION - JESSE HILL JR DR,0.209
PRATT ST SE @ DECATUR ST SE (GRADY HOSP),DECATUR ST SE @ HILL ST,0.153
DECATUR ST @ PIEDMONT AVE,DECATUR ST SE @ COLLINS ST SE,0.112
DECATUR ST SE @ PEACHTREE CENTER AVE,FORSYTH ST SW @ ALABAMA ST SW (FIVE POINTS STATION),0.295
DECATUR ST SE @ PEACHTREE CENTER AVE,MARIETTA ST NW @ TED TURNER DR,0.383
MITCHELL ST SW @ PEACHTREE ST,MITCHELL ST SW @ PRYOR ST SW,0.079
MITCHELL ST SW @ PRYOR ST SW,MITCHELL ST SW @ SHIRLEY C FRANKLIN BLVD,0.093
MITCHELL ST SW @ SHIRLEY C FRANKLIN BLVD,MEMORIAL DR @ WASHINGTON ST,0.196
MEMORIAL DR @ WASHINGTON ST,MEMORIAL DR SE @ CAPITOL AVE,0.183
MEMORIAL DR @ WASHINGTON ST,GA STATE STATION - PIEDMONT AVE,0.314
MEMORIAL DR SE @ CAPITOL AVE,MEMORIAL DR SE @ KING ST,0.224
MEMORIAL DR SE @ KING ST,MEMORIAL DR SE @ HILL ST SE,0.152
MEMORIAL DR @ GRANT ST SE,MEMORIAL DR @ CHEROKEE AVE,0.122
MEMORIAL DR SE @ PARK AVE SE,MEMORIAL DR SE @ CAMERON ST SE,0.243
MEMORIAL DR SE @ CAMERON ST SE,MEMORIAL DR SE @ PEARL ST SE,0.191
MEMORIAL DR SE @ BILL KENNEDY WAY,MEMORIAL DR SE @ GIBSON ST SE,0.179
MEMORIAL DR SE @ BILL KENNEDY WAY,BILL KENNEDY WAY SE @ FAITH AVE SE,0.321
MEMORIAL DR SE @ HOWELL DR SE,MEMORIAL DR SE @ MORELAND AVE SE,0.143
MEMORIAL DR SE @ TRENTON ST SE,MEMORIAL DR SE @ HAAS AVE SE,0.084
MEMORIAL DR SE @ HAAS AVE SE,MEMORIAL DR SE @ PATTERSON AVE SE,0.089
MEMORIAL DR SE @ MEMORIAL TER SE,MEMORIAL DR SE @ EASTSIDE AVE SE,0.152
MEMORIAL DR SE @ 1599,MEMORIAL DR SE @ DIXIE ST SE,0.101
MEMORIAL DR SE @ ELEANOR ST,MEMORIAL DR @ S HOWARD ST,0.16
MEMORIAL DR @ S HOWARD ST,MEMORIAL DR SE @ DOUGLAS ST SE,0.15
MEMORIAL DR SE @ WATSON CIR,MEMORIAL DR SE @ 2ND AVE SE,0.373
MEMORIAL DR SE @ 2ND AVE SE,MEMORIAL DR SE @ COTTAGE GROVE AVE SE,0.124
MEMORIAL DR SE @ COTTAGE GROVE AVE SE,MEMORIAL DR SE @ CARTER AVE SE,0.087
MEMORIAL DR SE @ CARTER AVE SE,MEMORIAL DR @ LAKE DR SE,0.152
MEMORIAL DR SE @ GREEN AVE SE,MEMORIAL DR SE @ DANIEL AVE SE,0.177
MEMORIAL DR SE @ DANIEL AVE SE,MEMORIAL DR SE @ DANIEL AVE SE,0.0
MEMORIAL DR SE @ DANIEL AVE SE,MEMORIAL DR SE @ SPENCE AVE SE,0.122
MEMORIAL DR SE @ SPENCE AVE SE,MEMORIAL DR SE @ OAKRIDGE AVE SE,0.128
MEMORIAL DR @ RICHARD ALLEN DR,MEMORIAL DR @ VENICE DR,0.174
MEMORIAL DR @ VENICE DR,MEMORIAL DR @ DELANO DR,0.173
MEMORIAL DR @ DELANO DR,MEMORIAL DR @ LINE ST,0.17
MEMORIAL DR @ LINE ST,MEMORIAL DR @ CARTER RD,0.294
MEMORIAL DR @ LINE ST,FAIRLEE DR @ CONWAY RD,0.101
MEMORIAL DR @ BELVEDERE PLAZA,MEMORIAL DR @ COLUMBIA DR,0.177
MEMORIAL DR @ 3982,MEMORIAL DR @ NOTTINGHAM DR,0.18
MEMORIAL DR @ COVINGTON HWY,KENSINGTON STATION,0.23
INDIAN CREEK STATION - INSIDE BUS LOOP,DURHAM PARK RD @ S INDIAN CREEK DR,0.219
INDIAN CREEK STATION - INSIDE BUS LOOP,REDAN RD @ SAGEHILL DR,0.441
INDIAN CREEK STATION - INSIDE BUS LOOP,ELDER RD @ REDAN RD,0.406
DURHAM PARK RD @ S INDIAN CREEK DR,S INDIAN CREEK DR @ ROWLAND RD,0.354
DURHAM PARK RD @ S INDIAN CREEK DR,INDIAN CREEK STATION - INSIDE BUS LOOP,0.219
S INDIAN CREEK DR @ ROWLAND RD,S INDIAN CREEK DR @ REDAN RD,0.224
S INDIAN CREEK DR @ ROWLAND RD,DURHAM PARK RD @ S INDIAN CREEK DR,0.354
S INDIAN CREEK DR @ REDAN RD,S INDIAN CREEK DR @ CROSSINGS WAY,0.154
S INDIAN CREEK DR @ REDAN RD,S INDIAN CREEK DR @ ROWLAND RD,0.224
S INDIAN CREEK DR @ CROSSINGS WAY,S INDIAN CREEK DR @ SENECA WAY,0.184
S INDIAN CREEK DR @ SENECA WAY,S INDIAN CREEK DR @ CARROLLWOOD DR,0.142
S INDIAN CREEK DR @ SENECA WAY,S INDIAN CREEK DR @ CREEK CT,0.181
S INDIAN CREEK DR @ CARROLLWOOD DR,S INDIAN CREEK DR @ CHEDWORTH WAY,0.336
S INDIAN CREEK DR @ CARROLLWOOD DR,S INDIAN CREEK DR @ SENECA WAY,0.142
S INDIAN CREEK DR @ CHEDWORTH WAY,S INDIAN CREEK DR @ INDIAN CREEK CIR,0.123
S INDIAN CREEK DR @ INDIAN CREEK CIR,S INDIAN CREEK DR @ INCA CT,0.098
S INDIAN CREEK DR @ INCA CT,COVINGTON HWY @ 4414,0.192
S INDIAN CREEK DR @ INCA CT,S INDIAN CREEK DR @ COLONY EAST DR,0.191
COVINGTON HWY @ 4414,COVINGTON HWY @ 4360,0.16
COVINGTON HWY @ 4360,REDWING CIR @ COVINGTON HWY,0.167
COVINGTON HWY @ 4360,COVINGTON HWY @ MARGARETTE DR,0.202
REDWING CIR @ COVINGTON HWY,REDWING CIR @ AUSTIN DR,0.291
REDWING CIR @ COVINGTON HWY,COVINGTON HWY @ 4319,0.114
REDWING CIR @ AUSTIN DR,AUSTIN DR @ TOWERS WAY,0.273
AUSTIN DR @ TOWERS WAY,AUSTIN DR @ COREY BLVD,0.25
AUSTIN DR @ COREY BLVD,AUSTIN DR @ GLENWOOD RD,0.389
AUSTIN DR @ COREY BLVD,AUSTIN DR @ AUSTIN MEADOWS DR,0.268
AUSTIN DR @ GLENWOOD RD,GLENWOOD RD @ IRIS LN,0.135
GLENWOOD RD @ IRIS LN,GLENWOOD RD @ 4371,0.126
GLENWOOD RD @ 4371,GLENWOOD RD @ HOLLYHOCK TER,0.166
GLENWOOD RD @ 4371,GLENWOOD RD @ HIGH COURT PL,0.155
GLENWOOD RD @ HOLLYHOCK TER,GLENWOOD RD @ MISTY VALLEY RD,0.247
GLENWOOD RD @ HOLLYHOCK TER,GLENWOOD RD @ 4371,0.166
GLENWOOD RD @ MISTY VALLEY RD,GLENWOOD RD @ 4100,0.186
GLENWOOD RD @ 4100,COLUMBIA DR @ GLENWOOD RD,0.178
GLENWOOD RD @ 4100,GLENWOOD RD @ COLUMBIA DR,0.142
COLUMBIA DR @ GLENWOOD RD,COLUMBIA DR @ SPRING LAKE DR,0.161
COLUMBIA DR @ GLENWOOD RD,GLENWOOD RD @ 4115,0.14
COLUMBIA DR @ GLENWOOD RD,COLUMBIA DR @ GLENWOOD RD,0.0
COLUMBIA DR @ GLENWOOD RD,COLUMBIA DR @ PEACHCREST RD,0.328
COLUMBIA DR @ SPRING LAKE DR,COLUMBIA DR @ SNAPFINGER RD,0.082
COLUMBIA DR @ SPRING LAKE DR,COLUMBIA DR @ ELGIN DR,0.112
COLUMBIA DR @ SPRING LAKE DR,SNAPFINGER RD @ COLUMBIA DR,0.104
COLUMBIA DR @ SNAPFINGER RD,COLUMBIA DR @ MCAFEE RD,0.123
COLUMBIA DR @ SNAPFINGER RD,COLUMBIA DR @ SPRING LAKE DR,0.082
COLUMBIA DR @ MCAFEE RD,MCAFEE RD @ PINEDALE PL,0.117
COLUMBIA DR @ MCAFEE RD,COLUMBIA DR @ HYLAND DR,0.105
MCAFEE RD @ PINEDALE PL,MCAFEE RD @ SHAMROCK DR,0.168
MCAFEE RD @ PINEDALE PL,COLUMBIA DR @ WICKHAM DR,0.133
MCAFEE RD @ SHAMROCK DR,MCAFEE RD @ BANDERA DR,0.129
MCAFEE RD @ SHAMROCK DR,MCAFEE RD @ PINEDALE PL,0.168
MCAFEE RD @ SHAMROCK DR,SHAMROCK DR @ SANDUSKY DR,0.086
MCAFEE RD @ BANDERA DR,MCAFEE RD @ LAUREL LN,0.088
MCAFEE RD @ BANDERA DR,MCAFEE RD @ SHAMROCK DR,0.129
MCAFEE RD @ LAUREL LN,MCAFEE RD @ ROSEWOOD RD,0.059
MCAFEE RD @ LAUREL LN,MCAFEE RD @ BANDERA DR,0.088
MCAFEE RD @ ROSEWOOD RD,MCAFEE RD @ GLENDALE DR,0.092
MCAFEE RD @ ROSEWOOD RD,MCAFEE RD @ LAUREL LN,0.059
MCAFEE RD @ GLENDALE DR,MCAFEE RD @ SHANNON RIDGE CT,0.152
MCAFEE RD @ GLENDALE DR,MCAFEE RD @ ROSEWOOD RD,0.092
MCAFEE RD @ GLENDALE DR,GLENDALE DR @ 2095,0.208
MCAFEE RD @ SHANNON RIDGE CT,MCAFEE RD @ MEADOW LN,0.266
MCAFEE RD @ SHANNON RIDGE CT,MCAFEE RD @ GLENDALE DR,0.152
MCAFEE RD @ MEADOW LN,MCAFEE RD @ LONG DR,0.072
MCAFEE RD @ LONG DR,MCAFEE RD @ HOLLY HILL DR,0.082
MCAFEE RD @ HOLLY HILL DR,MCAFEE RD @ DELLWOOD PL,0.069
MCAFEE RD @ HOLLY HILL DR,MCAFEE RD @ SEAVEY DR,0.056
MCAFEE RD @ DELLWOOD PL,MCAFEE RD @ WILLA WAY,0.13
MCAFEE RD @ DELLWOOD PL,MCAFEE RD @ HOLLY HILL DR,0.069
MCAFEE RD @ WILLA WAY,MCAFEE RD @ DON JUAN LN,0.11
MCAFEE RD @ WILLA WAY,MCAFEE RD @ DELLWOOD PL,0.13
MCAFEE RD @ DON JUAN LN,MCAFEE RD @ WILLA DR,0.069
MCAFEE RD @ DON JUAN LN,MCAFEE RD @ WILLA WAY,0.11
MCAFEE RD @ WILLA DR,MCAFEE RD @ CANDLER RD,0.176
MCAFEE RD @ WILLA DR,MCAFEE RD @ DON JUAN LN,0.069
MCAFEE RD @ CANDLER RD,MCAFEE RD @ WINDYHILL RD,0.127
MCAFEE RD @ CANDLER RD,MCAFEE RD @ WILLA DR,0.176
MCAFEE RD @ WINDYHILL RD,MCAFEE RD @ NORMAL ST,0.263
MCAFEE RD @ WINDYHILL RD,MCAFEE RD @ CANDLER RD,0.127
MCAFEE RD @ NORMAL ST,MCAFEE RD @ HOOPER ST,0.066
MCAFEE RD @ NORMAL ST,MCAFEE RD @ WINDYHILL RD,0.263
MCAFEE RD @ HOOPER ST,MCAFEE RD @ STANTON ST,0.076
MCAFEE RD @ HOOPER ST,MCAFEE RD @ NORMAL ST,0.066
MCAFEE RD @ STANTON ST,MCAFEE RD @ MARION CIR,0.085
MCAFEE RD @ STANTON ST,MCAFEE RD @ HOOPER ST,0.076
MCAFEE RD @ MARION CIR,MCAFEE RD @ W LAKESIDE DR,0.137
MCAFEE RD @ MARION CIR,MCAFEE RD @ STANTON ST,0.085
MCAFEE RD @ W LAKESIDE DR,MCAFEE RD @ QUILLIAN AVE,0.113
MCAFEE RD @ QUILLIAN AVE,MCAFEE RD @ DANIEL AVE,0.083
MCAFEE RD @ QUILLIAN AVE,MCAFEE RD @ KEHELEY DR,0.115
MCAFEE RD @ DANIEL AVE,MCAFEE RD @ PARKER AVE,0.052
MCAFEE RD @ DANIEL AVE,MCAFEE RD @ QUILLIAN AVE,0.083
MCAFEE RD @ PARKER AVE,MCAFEE RD @ MCAFEE PL,0.099
MCAFEE RD @ PARKER AVE,MCAFEE RD @ DANIEL AVE,0.052
MCAFEE RD @ MCAFEE PL,MCAFEE RD @ STARMOUNT,0.095
MCAFEE RD @ MCAFEE PL,MCAFEE RD @ PARKER AVE,0.099
MCAFEE RD @ STARMOUNT,MCAFEE RD @ DELPHINE DR,0.109
MCAFEE RD @ DELPHINE DR,MCAFEE RD @ 2ND AVE,0.199
MCAFEE RD @ 2ND AVE,2ND AVE @ COGAR DR,0.159
MCAFEE RD @ 2ND AVE,MCAFEE RD @ DELPHINE WAY,0.24
2ND AVE @ COGAR DR,2ND AVE @ 1900,0.145
2ND AVE @ 1900,2ND AVE @ SWAZEY DR,0.169
2ND AVE @ 1900,2ND AVE @ KHALIL DR,0.152
2ND AVE @ SWAZEY DR,GLENWOOD AVE @ FAYETTEVILLE RD,0.115
2ND AVE @ SWAZEY DR,2ND AVE @ 1900,0.169
2ND AVE @ SWAZEY DR,2ND AVE SE @ GLENWOOD AVE SE,0.105
GLENWOOD AVE @ FAYETTEVILLE RD,GLENWOOD AVE SE @ EVA DAVIS WAY,0.161
GLENWOOD AVE @ FAYETTEVILLE RD,GLENWOOD AVE SE @ 2ND AVE SE,0.082
GLENWOOD AVE SE @ EVA DAVIS WAY,EVA DAVIS WAY @ GREENHAVEN DR SE,0.078
GLENWOOD AVE SE @ EVA DAVIS WAY,GLENWOOD AVE SE @ LOMITA RD SE,0.393
GLENWOOD AVE SE @ EVA DAVIS WAY,GLENWOOD AVE @ FAYETTEVILLE RD,0.161
EVA DAVIS WAY @ GREENHAVEN DR SE,EVA DAVIS WAY @ FOREST LAKES AVE,0.166
EVA DAVIS WAY @ FOREST LAKES AVE,EVA DAVIS WAY SE @ MEMORIAL DR,0.254
EVA DAVIS WAY SE @ MEMORIAL DR,MEMORIAL DR SE @ 1ST AVE,0.196
2ND AVE SE @ 90,HOSEA WILLIAMS DR @ 2ND AVE,0.129
2ND AVE SE @ 90,2ND AVE NE @ HOSEA L WILLIAMS DR NE,0.142
HOSEA WILLIAMS DR @ 2ND AVE,HOSEA L WILLIAMS DR @ 1ST AVE,0.067
HOSEA L WILLIAMS DR @ 1ST AVE,HOSEA L WILLIAMS DR @ LAKEVIEW DR NE,0.174
HOSEA L WILLIAMS DR @ LAKEVIEW DR NE,HOSEA L WILLIAMS DR NE @ ROCKYFORD RD NE,0.108
HOSEA L WILLIAMS DR NE @ ROCKYFORD RD NE,HOSEA L WILLIAMS DR NE @ BATES AVE NE,0.074
HOSEA L WILLIAMS DR NE @ BATES AVE NE,HOSEA L WILLIAMS DR NE @ BRANHAM ST NE,0.077
HOSEA L WILLIAMS DR NE @ BRANHAM ST NE,HOSEA L WILLIAMS DR NE @ NORWOOD AVE NE,0.112
HOSEA L WILLIAMS DR NE @ NORWOOD AVE NE,HOSEA L WILLIAMS DR @ KIRKWOOD RD,0.05
HOSEA L WILLIAMS DR NE @ NORWOOD AVE NE,HOSEA L WILLIAMS DR NE @ BATES AVE SE,0.171
HOSEA L WILLIAMS DR @ KIRKWOOD RD,HOSEA L WILLIAMS DR @ HOWARD ST NE,0.122
HOSEA L WILLIAMS DR @ HOWARD ST NE,HOSEA L WILLIAMS DR @ DOYLE ST SE,0.061
HOSEA L WILLIAMS DR @ DOYLE ST SE,HOSEA L WILLIAMS DR @ WARREN ST NE,0.102
HOSEA L WILLIAMS DR @ DOYLE ST SE,HOSEA L WILLIAMS DR @ HOWARD ST SE,0.108
HOSEA L WILLIAMS DR @ WARREN ST NE,HOSEA L WILLIAMS DR @ ROGERS ST NE,0.185
HOSEA L WILLIAMS DR @ ROGERS ST NE,HOSEA L WILLIAMS DR NE @ CLAY ST NE,0.075
HOSEA L WILLIAMS DR NE @ CLAY ST NE,HOSEA L WILLIAMS DR @ CLIFTON ST NE,0.072
HOSEA L WILLIAMS DR @ CLIFTON ST NE,HOSEA L WILLIAMS DR @ WYMAN ST NE,0.082
HOSEA L WILLIAMS DR @ CLIFTON ST NE,HOSEA L WILLIAMS DR @ CLAY ST NE,0.067
HOSEA L WILLIAMS DR @ WYMAN ST NE,HOSEA L WILLIAMS DR @ WOODBINE AVE,0.09
HOSEA L WILLIAMS DR @ WOODBINE AVE,HOSEA L WILLIAMS DR @ ANNISTON AVE SE,0.177
HOSEA L WILLIAMS DR @ ANNISTON AVE SE,HOSEA L WILLIAMS DR SE @ MAYSON AVE,0.049
HOSEA L WILLIAMS DR @ ANNISTON AVE SE,HOSEA L WILLIAMS DR @ WOODBINE AVE SE,0.17
HOSEA L WILLIAMS DR SE @ MAYSON AVE,HOSEA WILLIAMS DR @ WHITEFOORD AVE,0.193
HOSEA WILLIAMS DR @ WHITEFOORD AVE,WHITEFOORD AVE @ FINLEY ST,0.19
HOSEA WILLIAMS DR @ WHITEFOORD AVE,HOSEA L WILLIAMS DR @ ANNISTON AVE SE,0.242
WHITEFOORD AVE @ FINLEY ST,EDGEWOOD/CANDLER PARK STATION - SOUTH LOOP,0.402
WHITEFOORD AVE @ FINLEY ST,HOSEA WILLIAMS DR @ WHITEFOORD AVE,0.19
EDGEWOOD/CANDLER PARK STATION - SOUTH LOOP,WHITEFOORD AVE @ FINLEY ST,0.402
HOSEA L WILLIAMS DR @ WOODBINE AVE SE,HOSEA L WILLIAMS DR @ WYMAN ST SE,0.087
HOSEA L WILLIAMS DR @ WYMAN ST SE,HOSEA L WILLIAMS DR @ CLIFTON ST NE,0.091
HOSEA L WILLIAMS DR @ CLAY ST NE,HOSEA L WILLIAMS DR @ ROGERS ST SE,0.066
HOSEA L WILLIAMS DR @ ROGERS ST SE,HOSEA L WILLIAMS DR SE @ WARREN ST SE,0.156
HOSEA L WILLIAMS DR SE @ WARREN ST SE,HOSEA L WILLIAMS DR @ DOYLE ST SE,0.141
HOSEA L WILLIAMS DR @ HOWARD ST SE,HOSEA L WILLIAMS DR NE @ NORWOOD AVE NE,0.128
HOSEA L WILLIAMS DR NE @ BATES AVE SE,HOSEA L WILLIAMS DR @ ROCKYFORD RD SE,0.061
HOSEA L WILLIAMS DR @ ROCKYFORD RD SE,HOSEA L WILLIAMS DR NE @ LAKEVIEW DR SE,0.133
HOSEA L WILLIAMS DR NE @ LAKEVIEW DR SE,HOSEA L WILLIAMS DR NE @ 1ST AVE SE,0.174
HOSEA L WILLIAMS DR NE @ 1ST AVE SE,2ND AVE SE @ COTTAGE GROVE AVE,0.136
2ND AVE SE @ COTTAGE GROVE AVE,2ND AVE SE @ MEMORIAL DR SE,0.162
2ND AVE SE @ COTTAGE GROVE AVE,2ND AVE SE @ ALSTON DR SE,0.288
2ND AVE SE @ MEMORIAL DR SE,MEMORIAL DR SE @ 1ST AVE,0.079
2ND AVE SE @ MEMORIAL DR SE,2ND AVE SE @ 90,0.147
EVA DAVIS WAY SE @ MEMORIAL DR SE,EVA DAVIS WAY @ LAKESIDE VILLAGE DR SE,0.181
EVA DAVIS WAY @ LAKESIDE VILLAGE DR SE,EVA DAVIS WAY @ HILLSIDE VILLAGE DR,0.192
EVA DAVIS WAY @ HILLSIDE VILLAGE DR,GLENWOOD AVE @ FAYETTEVILLE RD,0.2
GLENWOOD AVE SE @ 2ND AVE SE,2ND AVE @ SWAZEY DR,0.079
GLENWOOD AVE SE @ 2ND AVE SE,GLENWOOD AVE @ FAYETTEVILLE RD,0.082
GLENWOOD AVE SE @ 2ND AVE SE,GLENWOOD AVE SE @ SUMMIT DR,0.171
2ND AVE @ KHALIL DR,MCAFEE RD @ 2ND AVE,0.158
2ND AVE @ KHALIL DR,2ND AVE @ LILAC LN,0.193
MCAFEE RD @ DELPHINE WAY,MCAFEE RD @ GARDEN CIR,0.092
MCAFEE RD @ GARDEN CIR,MCAFEE RD @ MCAFEE PL,0.07
MCAFEE RD @ KEHELEY DR,MCAFEE RD @ MARION CIR,0.135
MCAFEE RD @ SEAVEY DR,MCAFEE RD @ NICHOLS LN,0.086
MCAFEE RD @ NICHOLS LN,MCAFEE RD @ SHANNON RIDGE CT,0.282
COLUMBIA DR @ WICKHAM DR,COLUMBIA DR @ SNAPFINGER RD,0.11
COLUMBIA DR @ ELGIN DR,COLUMBIA DR @ GLENWOOD RD,0.052
GLENWOOD RD @ 4115,GLENWOOD RD @ LA MESA LN,0.203
GLENWOOD RD @ LA MESA LN,GLENWOOD RD @ GLENMAR DR,0.137
GLENWOOD RD @ GLENMAR DR,GLENWOOD RD @ HOLLYHOCK TER,0.133
GLENWOOD RD @ HIGH COURT PL,AUSTIN DR @ W AUSTIN RD,0.125
GLENWOOD RD @ HIGH COURT PL,GLENWOOD RD @ AUSTIN DR,0.128
AUSTIN DR @ W AUSTIN RD,AUSTIN DR @ COREY BLVD,0.342
AUSTIN DR @ AUSTIN MEADOWS DR,AUSTIN DR @ REDWING CIR,0.243
AUSTIN DR @ REDWING CIR,REDWING CIR @ COVINGTON HWY,0.291
COVINGTON HWY @ 4319,COVINGTON HWY @ 4407,0.2
COVINGTON HWY @ 4407,S INDIAN CREEK DR @ INCA CT,0.203
COVINGTON HWY @ 4407,COVINGTON HWY @ S INDIAN CREEK DR,0.099
S INDIAN CREEK DR @ COLONY EAST DR,S INDIAN CREEK DR @ CARROLLWOOD DR,0.37
S INDIAN CREEK DR @ CREEK CT,S INDIAN CREEK DR @ REDAN RD,0.155
SHAMROCK DR @ SANDUSKY DR,SHAMROCK DR @,0.155
SHAMROCK DR @ SANDUSKY DR,MCAFEE RD @ PINEDALE PL,0.19
SHAMROCK DR @,SHAMROCK DR @ KENNARD LN,0.121
SHAMROCK DR @ KENNARD LN,KENNARD LN @ GREEN FORREST DR,0.078
KENNARD LN @ GREEN FORREST DR,GREEN FORREST DR @ BELLGREEN WAY,0.151
KENNARD LN @ GREEN FORREST DR,KENNARD LN @ SHAMROCK DR,0.069
GREEN FORREST DR @ BELLGREEN WAY,GREEN FORREST DR @ GAY DR,0.227
GREEN FORREST DR @ BELLGREEN WAY,KENNARD LN @ GREEN FORREST DR,0.151
GREEN FORREST DR @ GAY DR,GREEN FORREST DR @ 2313,0.168
GREEN FORREST DR @ GAY DR,GREEN FORREST DR @ GLENDALE DR,0.069
GREEN FORREST DR @ GAY DR,GREEN FORREST DR @ 2312,0.139
GREEN FORREST DR @ GAY DR,GREEN FORREST DR @ BELLGREEN WAY,0.227
GREEN FORREST DR @ 2313,GREEN FORREST DR @ GAY DR,0.168
GREEN FORREST DR @ GLENDALE DR,GLENDALE DR @ 2246,0.126
GLENDALE DR @ 2246,GLENDALE DR @ GLENDALE CT,0.081
GLENDALE DR @ GLENDALE CT,GLENDALE DR @ 2158,0.144
GLENDALE DR @ GLENDALE CT,GLENDALE DR @ 2255,0.094
GLENDALE DR @ 2158,GLENDALE DR @ 2106,0.127
GLENDALE DR @ 2106,GLENDALE DR @ MCAFEE RD,0.197
GLENDALE DR @ MCAFEE RD,MCAFEE RD @ SHANNON RIDGE CT,0.165
GLENDALE DR @ 2095,GLENDALE DR @ 2153,0.132
GLENDALE DR @ 2153,GLENDALE DR @ GLENDALE CT,0.141
GLENDALE DR @ 2255,GLENDALE DR @ GREEN FORREST DR,0.109
GLENDALE DR @ GREEN FORREST DR,GREEN FORREST DR @ GAY DR,0.072
GREEN FORREST DR @ 2312,GREEN FORREST DR @ GAY DR,0.139
KENNARD LN @ SHAMROCK DR,SHAMROCK DR @ IRISH LN,0.152
SHAMROCK DR @ IRISH LN,SHAMROCK DR @ SANDUSKY DR,0.16
DORAVILLE STATION,PARK AVE @ BUFORD HWY NE,0.137
DORAVILLE STATION,NEW PEACHTREE RD @ 6145,0.332
DORAVILLE STATION,NEW PEACHTREE RD @ 5918,0.205
DORAVILLE STATION,CHAMBLEE STATION,1.807
DORAVILLE STATION,EAST POINT STATION,18.109
DORAVILLE STATION,BROOKHAVEN-OGLETHORPE STATION,4.475
DORAVILLE STATION,ARTS CENTER STATION,9.928
DORAVILLE STATION,MIDTOWN STATION,10.365
DORAVILLE STATION,DUNWOODY STATION,3.902
DORAVILLE STATION,LINDBERGH CENTER STATION,7.468
DORAVILLE STATION,AIRPORT STATION,20.461
DORAVILLE STATION,COLLEGE PARK STATION,19.919
DORAVILLE STATION,GARNETT STATION,12.514
DORAVILLE STATION,FIVE POINTS STATION,12.082
DORAVILLE STATION,PEACHTREE CENTER STATION,11.715
DORAVILLE STATION,SANDY SPRINGS STATION,4.524
DORAVILLE STATION,NORTH SPRINGS STATION,5.294
DORAVILLE STATION,OAKLAND CITY STATION,15.281
DORAVILLE STATION,WEST END STATION,13.811
DORAVILLE STATION,BUCKHEAD STATION,6.263
DORAVILLE STATION,NORTH AVENUE STATION,10.911
DORAVILLE STATION,MEDICAL CENTER STATION,4.096
DORAVILLE STATION,CIVIC CENTER STATION,11.247
DORAVILLE STATION,LENOX STATION,5.949
DORAVILLE STATION,LAKEWOOD-FT MCPHERSON STATION,16.36
PARK AVE @ BUFORD HWY NE,MOTORS INDUSTRIAL WAY @ 5000,0.779
PARK AVE @ BUFORD HWY NE,BUFORD HWY NE @ OAKMONT AVE,0.177
PARK AVE @ BUFORD HWY NE,BUFORD HWY NE @ CHESTNUT DR,0.136
MOTORS INDUSTRIAL WAY @ 5000,PEACHTREE IND BLVD @ N SHALLOWFORD RD,0.298
PEACHTREE IND BLVD @ N SHALLOWFORD RD,PEACHTREE IND BLVD @ JOHN GLENN DR,0.352
PEACHTREE IND BLVD @ JOHN GLENN DR,PEACHTREE INDUSTRIAL BLVD @ GREEN INDUSTRIAL WAY,0.227
PEACHTREE INDUSTRIAL BLVD @ GREEN INDUSTRIAL WAY,PEACHTREE INDUSTRIAL BLVD @ LONGVIEW DR,0.217
PEACHTREE INDUSTRIAL BLVD @ GREEN INDUSTRIAL WAY,PEACHTREE INDUSTRIAL BLVD @ JOHN GLENN DR,0.207
PEACHTREE INDUSTRIAL BLVD @ GREEN INDUSTRIAL WAY,N PEACHTREE RD @ PEACHTREE INDUSTRIAL BLVD,0.198
PEACHTREE INDUSTRIAL BLVD @ LONGVIEW DR,PEACHTREE IND BLVD @ BROAD ST,0.201
PEACHTREE INDUSTRIAL BLVD @ LONGVIEW DR,PEACHTREE INDUSTRIAL BLVD @ GREEN INDUSTRIAL WAY,0.217
PEACHTREE IND BLVD @ BROAD ST,PEACHTREE BLVD @ IVY LN,0.078
PEACHTREE BLVD @ IVY LN,PEACHTREE IND BLVD @ CHAMBLEE DUNWOODY,0.249
PEACHTREE BLVD @ IVY LN,PIERCE DR @ PEACHTREE INDUSTRIAL BLVD,0.326
PEACHTREE IND BLVD @ CHAMBLEE DUNWOODY,PEACHTREE IND BLVD @ MILLER DR,0.181
PEACHTREE IND BLVD @ MILLER DR,PEACHTREE INDUSTRIAL BLVD @ CHAMBLEE TUCKER RD,0.313
PEACHTREE IND BLVD @ MILLER DR,PEACHTREE IND BLVD @ PIERCE DR,0.118
PEACHTREE INDUSTRIAL BLVD @ CHAMBLEE TUCKER RD,PEACHTREE IND BLVD @ CLAIRMONT RD,0.155
PEACHTREE INDUSTRIAL BLVD @ CHAMBLEE TUCKER RD,PEACHTREE IND BLVD @ SEXTON WOODS,0.102
PEACHTREE INDUSTRIAL BLVD @ CHAMBLEE TUCKER RD,CHAMBLEE TUCKER RD @ 5193,0.145
PEACHTREE IND BLVD @ CLAIRMONT RD,PEACHTREE IND BLVD @ MCGAW DR,0.122
PEACHTREE IND BLVD @ MCGAW DR,PEACHTREE INDUSTRIAL BLVD @ JOHNSON FERRY RD,0.154
PEACHTREE IND BLVD @ MCGAW DR,JOHNSON FERRY RD @ JEFFERSON CIR S,0.13
PEACHTREE INDUSTRIAL BLVD @ JOHNSON FERRY RD,PEACHTREE RD @ PEACHTREE BLVD,0.199
PEACHTREE RD @ PEACHTREE BLVD,PEACHTREE RD NE @ 4839,0.105
PEACHTREE RD NE @ 4839,PEACHTREE RD @ ASHFORD DUNWOODY RD,0.57
PEACHTREE RD @ ASHFORD DUNWOODY RD,PEACHTREE RD @ LANIER DR,0.247
PEACHTREE RD @ ASHFORD DUNWOODY RD,PEACHTREE RD NE @ REDDING RD NE,0.067
PEACHTREE RD @ LANIER DR,PEACHTREE RD @ HERMANCE DR,0.205
PEACHTREE RD @ LANIER DR,PEACHTREE RD @ ASHFORD DUNWOODY RD,0.247
PEACHTREE RD @ HERMANCE DR,PEACHTREE RD @ TOWN BLVD,0.26
PEACHTREE RD @ TOWN BLVD,PEACHTREE RD NE @ OSBORNE RD NE,0.265
PEACHTREE RD NE @ OSBORNE RD NE,BROOKHAVEN/OGLETHORPE STATION,0.353
PEACHTREE RD NE @ OSBORNE RD NE,PEACHTREE RD NE @ TOWN BLVD,0.35
PEACHTREE RD NE @ TOWN BLVD,PEACHTREE RD NE @ HERMANCE DR NE,0.173
PEACHTREE RD NE @ HERMANCE DR NE,PEACHTREE RD @ LANIER DR,0.206
PEACHTREE RD NE @ REDDING RD NE,PEACHTREE RD NE @ 4829,0.427
PEACHTREE RD NE @ 4829,PEACHTREE BLVD @ PEACHTREE RD,0.258
PEACHTREE BLVD @ PEACHTREE RD,PEACHTREE IND BLVD @ JOHNSON FERRY,0.254
PEACHTREE IND BLVD @ JOHNSON FERRY,PEACHTREE INDUSTRIAL BLVD @ MCGAW DR,0.087
PEACHTREE INDUSTRIAL BLVD @ MCGAW DR,PEACHTREE INDUSTRIAL BLVD @ CHAMBLEE TUCKER RD,0.221
PEACHTREE IND BLVD @ SEXTON WOODS,PEACHTREE IND BLVD @ MILLER DR,0.212
PEACHTREE IND BLVD @ PIERCE DR,PEACHTREE INDUSTRIAL BLVD @ CHAMBLEE DUNWOODY RD,0.12
PEACHTREE INDUSTRIAL BLVD @ CHAMBLEE DUNWOODY RD,PEACHTREE INDUSTRIAL BLVD @ IVY LN,0.175
PEACHTREE INDUSTRIAL BLVD @ IVY LN,PEACHTREE INDUSTRIAL BLVD @ LONGVIEW DR,0.299
PEACHTREE INDUSTRIAL BLVD @ JOHN GLENN DR,PEACHTREE INDUSTRIAL BLVD @ PEACHTREE RD,0.384
PEACHTREE INDUSTRIAL BLVD @ PEACHTREE RD,MOTORS IND WAY @ 5000,0.266
MOTORS IND WAY @ 5000,BUFORD HWY NE @ JESSE NORMAN WAY,0.843
BUFORD HWY NE @ JESSE NORMAN WAY,CENTRAL AVE @ BUFORD HWY,0.092
CENTRAL AVE @ BUFORD HWY,DORAVILLE STATION,0.198
BOLTON RD @ PARROTT AVE,PEYTON RD @ JAMES JACKSON PKWY,0.231
BOLTON RD @ PARROTT AVE,JAMES JACKSON PKWY @ BOLTON RD,0.058
PEYTON RD @ JAMES JACKSON PKWY,HOLLYWOOD RD @ BURTZ ST,0.205
PEYTON RD @ JAMES JACKSON PKWY,PEYTON RD @ 2770,0.182
HOLLYWOOD RD @ BURTZ ST,HOLLYWOOD RD NW @ PERRY BLVD NW,0.136
HOLLYWOOD RD @ BURTZ ST,PEYTON RD @ JAMES JACKSON PKWY,0.205
HOLLYWOOD RD @ BURTZ ST,HOLLYWOOD RD NW @ FELKER WARD ST NW,0.136
HOLLYWOOD RD NW @ PERRY BLVD NW,PERRY BLVD @ MOORE ST,0.205
HOLLYWOOD RD NW @ PERRY BLVD NW,HOLLYWOOD RD @ BURTZ ST,0.136
HOLLYWOOD RD NW @ PERRY BLVD NW,HOLLYWOOD RD NW @ BROWNTOWN RD NW,0.139
PERRY BLVD @ MOORE ST,PERRY BLVD NW @ 2245,0.242
PERRY BLVD NW @ 2245,PERRY BLVD NW @ 2221,0.116
PERRY BLVD NW @ 2245,PERRY BLVD NW @ MOORE ST NW,0.242
PERRY BLVD NW @ 2221,PERRY BLVD NW @ 2250,0.066
PERRY BLVD NW @ 2250,PERRY BLVD NW @ 2210,0.097
PERRY BLVD NW @ 2250,PERRY BLVD NW @ 2245,0.176
PERRY BLVD NW @ 2210,PERRY BLVD NW @ MARY GEORGE AVE NW,0.097
PERRY BLVD NW @ 2210,PERRY BLVD NW @ 2250,0.097
PERRY BLVD NW @ MARY GEORGE AVE NW,PERRY BLVD NW @ MCCALLIE BLVD NW,0.291
PERRY BLVD NW @ MARY GEORGE AVE NW,MARY GEORGE AVE NW @ ABNER PL NW,0.08
PERRY BLVD NW @ MARY GEORGE AVE NW,PERRY BLVD NW @ 2210,0.097
PERRY BLVD NW @ MCCALLIE BLVD NW,PERRY BLVD NW @ ODESSA DR NW,0.481
PERRY BLVD NW @ MCCALLIE BLVD NW,MCCALLIE BLVD NW @ ABNER PL NW,0.156
PERRY BLVD NW @ MCCALLIE BLVD NW,PERRY BLVD NW @ MARY GEORGE AVE NW,0.291
PERRY BLVD NW @ ODESSA DR NW,PERRY BLVD NW @ W HIGHLANDS BLVD NW,0.127
PERRY BLVD NW @ W HIGHLANDS BLVD NW,PERRY BLVD NW @ HABERSHAL DR NW,0.286
PERRY BLVD NW @ HABERSHAL DR NW,PERRY BLVD @ 1600,0.123
PERRY BLVD @ 1600,PERRY BLVD NW @ JOHNSON RD NW,0.294
PERRY BLVD @ 1600,PERRY BLVD @ HABERSHAL DR,0.164
PERRY BLVD NW @ JOHNSON RD NW,MARIETTA ST NW @ ROCKDALE ST NW,0.201
PERRY BLVD NW @ JOHNSON RD NW,PERRY BLVD @ 1600,0.294
MARIETTA ST NW @ ROCKDALE ST NW,MARIETTA ST NW @ MARIETTA BLVD NW,0.326
MARIETTA ST NW @ MARIETTA BLVD NW,MARIETTA BLVD NW @ W MARIETTA ST NW,0.048
MARIETTA ST NW @ MARIETTA BLVD NW,PERRY BLVD NW @ JOHNSON RD NW,0.517
MARIETTA BLVD NW @ W MARIETTA ST NW,MARIETTA BLVD NW @ 930,0.229
MARIETTA BLVD NW @ 930,MARIETTA BLVD NW @ 860,0.246
MARIETTA BLVD NW @ 860,MARIETTA BLVD NW @ RICE ST,0.165
MARIETTA BLVD NW @ 860,MARIETTA BLVD NW @ 1079,0.279
MARIETTA BLVD NW @ RICE ST,MARIETTA BLVD NW @ JEFFERSON ST NW,0.1
MARIETTA BLVD NW @ JEFFERSON ST NW,DONALD L HOLLOWELL PKWY @ MARIETTA BLVD,0.244
MARIETTA BLVD NW @ JEFFERSON ST NW,MARIETTA BLVD NW @ RICE ST NW,0.126
DONALD L HOLLOWELL PKWY @ MARIETTA BLVD,BANKHEAD STATION,0.213
DONALD L HOLLOWELL PKWY @ MARIETTA BLVD,DONALD L HOLLOWELL PKWY @ FINLEY AVE,0.168
BANKHEAD STATION,DONALD L HOLLOWELL PKWY @ STIFF ST,0.121
BANKHEAD STATION,DONALD L HOLLOWELL PKWY @ PIERCE AVE NW,0.103
BANKHEAD STATION,ASHBY STATION,1.3
BANKHEAD STATION,HAMILTON E HOLMES STATION,2.659
BANKHEAD STATION,WEST LAKE STATION,1.644
BANKHEAD STATION,EAST LAKE STATION,6.656
BANKHEAD STATION,DECATUR STATION,7.677
BANKHEAD STATION,EDGEWOOD-CANDLER PARK STATION,5.138
BANKHEAD STATION,GEORGIA STATE STATION,2.922
BANKHEAD STATION,KENSINGTON STATION,10.15
BANKHEAD STATION,VINE CITY STATION,1.81
BANKHEAD STATION,AVONDALE STATION,8.416
BANKHEAD STATION,GWCC-CNN CENTER STATION,2.145
BANKHEAD STATION,KING MEMORIAL STATION,3.426
BANKHEAD STATION,INDIAN CREEK STATION,11.436
BANKHEAD STATION,INMAN PARK-REYNOLDSTOWN STATION,4.488
BANKHEAD STATION,FIVE POINTS STATION,2.508
DONALD L HOLLOWELL PKWY @ STIFF ST,MARIETTA BLVD @ DONALD L HOLLOWELL PKWY,0.142
DONALD L HOLLOWELL PKWY @ STIFF ST,DONALD L HOLLOWELL PKWY @ MARIETTA BLVD,0.118
MARIETTA BLVD @ DONALD L HOLLOWELL PKWY,MARIETTA BLVD NW @ JEFFERSON ST NW,0.189
MARIETTA BLVD NW @ RICE ST NW,MARIETTA BLVD NW @ 860,0.145
MARIETTA BLVD NW @ 1079,W MARIETTA ST NW @ RICE ST NW,0.229
MARIETTA BLVD NW @ 1079,MARIETTA ST NW @ MARIETTA BLVD NW,0.214
W MARIETTA ST @ 887,W MARIETTA ST @ 800,0.155
W MARIETTA ST @ 887,W MARIETTA ST NW @ HERNDON ST,0.39
W MARIETTA ST @ 800,MARIETTA ST NW @ 8TH ST NW,0.185
MARIETTA ST NW @ 8TH ST NW,MARIETTA ST @ HOWELL MILL RD,0.139
MARIETTA ST @ HOWELL MILL RD,MARIETTA ST NW @ HAMPTON ST NW,0.103
MARIETTA ST @ HOWELL MILL RD,W MARIETTA ST @ 8TH ST,0.206
MARIETTA ST NW @ HAMPTON ST NW,MARIETTA ST NW @ BOSS ST NW,0.246
MARIETTA ST NW @ BOSS ST NW,MARIETTA ST NW @ MEANS ST NW,0.189
MARIETTA ST NW @ MEANS ST NW,MARIETTA ST NW @ WALLACE ST NW,0.112
MARIETTA ST NW @ MEANS ST NW,MARIETTA ST NW @ MCMILLAN ST NW,0.204
MARIETTA ST NW @ WALLACE ST NW,MARIETTA ST NW @ 584,0.246
MARIETTA ST NW @ WALLACE ST NW,MARIETTA ST NW @ MEANS ST NW,0.112
MARIETTA ST NW @ 584,MARIETTA ST NW @ 491,0.204
MARIETTA ST NW @ 491,MARIETTA ST NW @ SIMPSON ST NW,0.223
MARIETTA ST NW @ SIMPSON ST NW,MARIETTA ST @ BAKER ST NW,0.158
MARIETTA ST @ BAKER ST NW,MARIETTA ST NW @ PARK AVE WEST,0.126
MARIETTA ST NW @ PARK AVE WEST,MARIETTA ST @ CENTENNIAL OLYMPIC PARK DR,0.158
MARIETTA ST @ CENTENNIAL OLYMPIC PARK DR,MARIETTA ST NW @ FAIRLIE ST NW,0.188
MARIETTA ST @ CENTENNIAL OLYMPIC PARK DR,MARIETTA ST @ PARK AVE WEST,0.158
MARIETTA ST NW @ FAIRLIE ST NW,MARIETTA ST NW @ PEACHTREE ST,0.12
DECATUR ST SE @ PIEDMONT AVE SE,DECATUR ST SE @ JESSE HILL JR DR SE,0.103
DECATUR ST SE @ JESSE HILL JR DR SE,DECATUR ST @ PRATT ST SE,0.087
DECATUR ST @ PRATT ST SE,DECATUR ST SE @ HILL ST,0.193
DECATUR ST SE @ HILL ST,KING MEMORIAL STATION - BAY C,0.231
KING MEMORIAL STATION - BAY C,DECATUR ST SE @ BELL ST SE,0.262
KING MEMORIAL STATION - BAY C,JACKSON ST SE @ TODD ST SE,0.148
MARY GEORGE AVE NW @ ABNER PL NW,ABNER TER NW @ MARY GEORGE AVE NW,0.16
ABNER TER NW @ MARY GEORGE AVE NW,AJAX DR NW @ ABNER TER NW,0.074
ABNER TER NW @ MARY GEORGE AVE NW,PERRY BLVD NW @ MARY GEORGE AVE NW,0.231
AJAX DR NW @ ABNER TER NW,AJAX DR NW @ ADDISON PL,0.041
AJAX DR NW @ ABNER TER NW,ABNER TER NW @ MARY GEORGE AVE NW,0.074
AJAX DR NW @ ADDISON PL,AJAX DR @ 2208,0.124
AJAX DR @ 2208,AJAX DR NW @ MCCALLIE BLVD NW,0.081
AJAX DR NW @ MCCALLIE BLVD NW,MCCALLIE BLVD NW @ ABNER PL NW,0.124
MCCALLIE BLVD NW @ ABNER PL NW,MCCALLIE BLVD NW @ PERRY BLVD NW,0.159
MCCALLIE BLVD NW @ ABNER PL NW,AJAX DR NW @ 2223,0.19
MCCALLIE BLVD NW @ PERRY BLVD NW,PERRY BLVD NW @ ODESSA DR NW,0.471
DECATUR ST SE @ BELL ST SE,DECATUR ST SE @ PRATT ST SE,0.149
DECATUR ST SE @ PRATT ST SE,DECATUR ST @ PIEDMONT AVE,0.158
MARIETTA ST NW @ TED TURNER DR,MARIETTA ST @ CENTENNIAL OLYMPIC PARK DR,0.088
MARIETTA ST @ PARK AVE WEST,MARIETTA ST @ LATIMER ST,0.18
MARIETTA ST @ LATIMER ST,MARIETTA ST @ SIMPSON ST,0.096
MARIETTA ST @ SIMPSON ST,MARIETTA ST NW @ PARKER ST NW,0.205
MARIETTA ST NW @ PARKER ST NW,MARIETTA ST @ 615,0.202
MARIETTA ST @ 615,MARIETTA ST NW @ WALLACE ST NW,0.28
MARIETTA ST NW @ MCMILLAN ST NW,MARIETTA ST NW @ NORTHSIDE DR NW,0.083
MARIETTA ST NW @ NORTHSIDE DR NW,MARIETTA ST NW @ HAMPTON ST,0.126
MARIETTA ST NW @ HAMPTON ST,MARIETTA ST @ HOWELL MILL RD,0.122
W MARIETTA ST @ 8TH ST,W MARIETTA ST @ 887,0.259
PERRY BLVD @ HABERSHAL DR,PERRY BLVD @ W HIGHLANDS BLVD NW,0.251
PERRY BLVD @ W HIGHLANDS BLVD NW,PERRY BLVD NW @ ODESSA DR,0.116
PERRY BLVD NW @ ODESSA DR,PERRY BLVD NW @ MCCALLIE BLVD NW,0.483
AJAX DR NW @ 2223,AJAX DR NW @ ADDISON PL NW,0.06
AJAX DR NW @ ADDISON PL NW,AJAX DR NW @ ABNER TER NW,0.048
PERRY BLVD NW @ MOORE ST NW,HOLLYWOOD RD NW @ PERRY BLVD NW,0.201
PEYTON RD @ 2770,BOLTON RD @ PARROTT AVE,0.174
PEYTON RD @ 2770,BROWNTOWN RD @ REY ST,0.39
LENOX STATION,LENOX RD NE @ FERNCLIFF RD NE,0.11
LENOX STATION,BROOKHAVEN-OGLETHORPE STATION,1.476
LENOX STATION,LINDBERGH CENTER STATION,1.64
LENOX STATION,EAST POINT STATION,12.58
LENOX STATION,ARTS CENTER STATION,4.212
LENOX STATION,MIDTOWN STATION,4.728
LENOX STATION,DUNWOODY STATION,5.287
LENOX STATION,AIRPORT STATION,15.04
LENOX STATION,COLLEGE PARK STATION,14.442
LENOX STATION,GARNETT STATION,7.014
LENOX STATION,FIVE POINTS STATION,6.599
LENOX STATION,PEACHTREE CENTER STATION,6.258
LENOX STATION,CHAMBLEE STATION,4.16
LENOX STATION,SANDY SPRINGS STATION,5.995
LENOX STATION,NORTH SPRINGS STATION,6.889
LENOX STATION,OAKLAND CITY STATION,9.664
LENOX STATION,WEST END STATION,8.201
LENOX STATION,BUCKHEAD STATION,0.588
LENOX STATION,NORTH AVENUE STATION,5.348
LENOX STATION,DORAVILLE STATION,5.949
LENOX STATION,MEDICAL CENTER STATION,4.53
LENOX STATION,CIVIC CENTER STATION,5.724
LENOX STATION,LAKEWOOD-FT MCPHERSON STATION,10.81
LENOX RD NE @ FERNCLIFF RD NE,LENOX RD NE @ CANTER RD NE,0.15
LENOX RD NE @ FERNCLIFF RD NE,LENOX STATION,0.11
LENOX RD NE @ CANTER RD NE,LENOX RD NE @ CRANE RD NE,0.139
LENOX RD NE @ CANTER RD NE,LENOX RD NE @ FERNCLIFF RD NE,0.15
LENOX RD NE @ CRANE RD NE,LENOX RD NE @ 3071,0.082
LENOX RD NE @ CRANE RD NE,LENOX RD NE @ CANTER RD NE,0.139
LENOX RD NE @ 3071,LENOX RD NE @ EMBASSY CT,0.21
LENOX RD NE @ EMBASSY CT,LENOX RD NE @ BURKE RD NE,0.081
LENOX RD NE @ BURKE RD NE,LENOX RD NE @ VALE CLOSE,0.138
LENOX RD NE @ VALE CLOSE,LENOX RD NE @ 2770,0.143
LENOX RD NE @ VALE CLOSE,LENOX RD NE @ LENOX WAY,0.091
LENOX RD NE @ 2770,LENOX RD NE @ CANTERBURY RD,0.135
LENOX RD NE @ CANTERBURY RD,LENOX RD NE @ CANTERBURY RD NE,0.074
LENOX RD NE @ CANTERBURY RD NE,LENOX RD NE @ LENOX POINTE  NE,0.059
LENOX RD NE @ CANTERBURY RD NE,LENOX RD NE @ 2791,0.213
LENOX RD NE @ LENOX POINTE  NE,CHESHIRE BRIDGE RD @ 2470,0.311
LENOX RD NE @ LENOX POINTE  NE,LENOX RD NE @ CANTERBURY RD NE,0.059
CHESHIRE BRIDGE RD @ 2470,CHESHIRE BRIDGE RD @ SHERIDAN RD,0.154
CHESHIRE BRIDGE RD @ SHERIDAN RD,CHESHIRE BRIDGE RD @ LAVISTA RD,0.185
CHESHIRE BRIDGE RD @ SHERIDAN RD,CHESHIRE BRIDGE RD @ CHANTILLY DR,0.148
CHESHIRE BRIDGE RD @ LAVISTA RD,CHESHIRE BRIDGE RD @ WOODLAND AVE,0.183
CHESHIRE BRIDGE RD @ LAVISTA RD,CHESHIRE BRIDGE RD @ SHERIDAN RD,0.185
CHESHIRE BRIDGE RD @ WOODLAND AVE,CHESHIRE BRIDGE RD @ 2170,0.104
CHESHIRE BRIDGE RD @ 2170,CHESHIRE BRIDGE RD NE @ FAULKNER RD NE,0.228
CHESHIRE BRIDGE RD NE @ FAULKNER RD NE,CHESHIRE BRIDGE NE @ WELLBOURNE DR NE,0.229
CHESHIRE BRIDGE NE @ WELLBOURNE DR NE,CHESHIRE BRIDGE RD NE @ MANCHESTER ST,0.162
CHESHIRE BRIDGE RD NE @ MANCHESTER ST,CHESHIRE BRIDGE RD NE @ PIEDMONT RD NE,0.155
CHESHIRE BRIDGE RD NE @ MANCHESTER ST,CHESHIRE BRIDGE RD NE @ LIDDELL DR NE,0.185
CHESHIRE BRIDGE RD NE @ PIEDMONT RD NE,PIEDMONT AVE @ CHESHIRE BRIDGE RD,0.1
PIEDMONT AVE @ CHESHIRE BRIDGE RD,PIEDMONT RD @ N ROCK SPRINGS RD,0.159
PIEDMONT RD @ N ROCK SPRINGS RD,PIEDMONT AVE NE @ MORNINGSIDE DR NE,0.375
PIEDMONT AVE NE @ MORNINGSIDE DR NE,PIEDMONT AVE NE @ MONROE DR NE,0.241
PIEDMONT AVE NE @ MORNINGSIDE DR NE,PIEDMONT AVE @ ROCK SPRINGS,0.381
PIEDMONT AVE NE @ MONROE DR NE,PIEDMONT AVE NE @ 1502,0.086
PIEDMONT AVE NE @ 1502,PIEDMONT AVE NE @ AVERY DR NE,0.098
PIEDMONT AVE NE @ AVERY DR NE,PIEDMONT AVE NE @ WESTMINSTER DR NE,0.125
PIEDMONT AVE NE @ AVERY DR NE,PIEDMONT AVE NE @ MONROE DR,0.095
PIEDMONT AVE NE @ WESTMINSTER DR NE,PIEDMONT AVE NE @ THE PRADO NE,0.154
PIEDMONT AVE NE @ WESTMINSTER DR NE,PIEDMONT AVE NE @ AVERY DR NE,0.125
PIEDMONT AVE NE @ THE PRADO NE,PIEDMONT AVE @ PRADO  NE,0.173
PIEDMONT AVE @ PRADO  NE,PIEDMONT AVE NE @ 15TH ST NE,0.101
PIEDMONT AVE NE @ 15TH ST NE,14TH ST NE @ 14TH PL,0.166
PIEDMONT AVE NE @ 15TH ST NE,PIEDMONT AVE NE @ PRADO,0.093
14TH ST NE @ 14TH PL,15TH ST NE @ PEACHTREE ST NE,0.287
14TH ST NE @ 14TH PL,PIEDMONT AVE NE @ 14TH ST NE,0.089
15TH ST NE @ PEACHTREE ST NE,ARTS CENTER STATION,0.193
15TH ST NE @ PEACHTREE ST NE,14TH ST @ JUNIPER ST,0.183
15TH ST NE @ PEACHTREE ST NE,PEACHTREE ST @ 14TH ST NE,0.158
ARTS CENTER STATION,15TH ST NE @ ARTS CENTER WAY NE,0.107
ARTS CENTER STATION,17TH ST NW @ SPRING ST NW,0.215
ARTS CENTER STATION,LINDBERGH CENTER STATION,2.572
ARTS CENTER STATION,MIDTOWN  STATION,0.557
ARTS CENTER STATION,EAST POINT STATION,8.369
ARTS CENTER STATION,BROOKHAVEN-OGLETHORPE STATION,5.601
ARTS CENTER STATION,MIDTOWN STATION,0.565
ARTS CENTER STATION,DUNWOODY STATION,9.418
ARTS CENTER STATION,AIRPORT STATION,10.84
ARTS CENTER STATION,COLLEGE PARK STATION,10.234
ARTS CENTER STATION,GARNETT STATION,2.848
ARTS CENTER STATION,FIVE POINTS STATION,2.458
ARTS CENTER STATION,PEACHTREE CENTER STATION,2.157
ARTS CENTER STATION,CHAMBLEE STATION,8.219
ARTS CENTER STATION,SANDY SPRINGS STATION,10.065
ARTS CENTER STATION,NORTH SPRINGS STATION,10.891
ARTS CENTER STATION,OAKLAND CITY STATION,5.452
ARTS CENTER STATION,WEST END STATION,3.988
ARTS CENTER STATION,BUCKHEAD STATION,4.203
ARTS CENTER STATION,NORTH AVENUE STATION,1.212
ARTS CENTER STATION,DORAVILLE STATION,9.928
ARTS CENTER STATION,MEDICAL CENTER STATION,8.63
ARTS CENTER STATION,CIVIC CENTER STATION,1.6
ARTS CENTER STATION,LENOX STATION,4.212
ARTS CENTER STATION,LAKEWOOD-FT MCPHERSON STATION,6.599
15TH ST NE @ ARTS CENTER WAY NE,15TH ST NE @ PEACHTREE ST NE,0.098
15TH ST NE @ ARTS CENTER WAY NE,PEACHTREE ST NE @ 15TH ST NE,0.116
14TH ST @ JUNIPER ST,14TH ST NE @ 14TH PL,0.129
PIEDMONT AVE NE @ 14TH ST NE,PIEDMONT AVE NE @ 15TH ST NE,0.087
PIEDMONT AVE NE @ PRADO,PIEDMONT AVE NE @ THE PRADO,0.202
PIEDMONT AVE NE @ THE PRADO,PIEDMONT AVE NE @ WESTMINSTER DR NE,0.134
PIEDMONT AVE NE @ MONROE DR,PIEDMONT AVE @ MONROE DR,0.16
PIEDMONT AVE @ MONROE DR,PIEDMONT AVE NE @ MORNINGSIDE DR NE,0.174
PIEDMONT AVE @ ROCK SPRINGS,PIEDMONT RD NE @ CHESHIRE BRIDGE RD N,0.178
PIEDMONT RD NE @ CHESHIRE BRIDGE RD N,CHESHIRE BRIDGE RD NE @ WINDEMERE DR,0.113
CHESHIRE BRIDGE RD NE @ WINDEMERE DR,CHESHIRE BRIDGE RD NE @ MANCHESTER ST,0.109
CHESHIRE BRIDGE RD NE @ LIDDELL DR NE,CHESHIRE BRIDGE RD NE @ 1989,0.093
CHESHIRE BRIDGE RD NE @ 1989,CHESHIRE BRIDGE RD NE @ FAULKNER RD N,0.127
CHESHIRE BRIDGE RD NE @ FAULKNER RD N,CHESHIRE BRIDGE RD @ 2171,0.224
CHESHIRE BRIDGE RD @ 2171,CHESHIRE BRIDGE RD @ WOODLAND AVE NE,0.114
CHESHIRE BRIDGE RD @ CHANTILLY DR,LENOX RD NE @ LENOX POINTE  NE,0.324
LENOX RD NE @ 2791,LENOX RD NE @ VALE CLOSE,0.14
LENOX RD NE @ LENOX WAY,LENOX RD NE @ PLANTATION DR NE,0.136
LENOX RD NE @ PLANTATION DR NE,LENOX RD NE @ 3016,0.082
LENOX RD NE @ 3016,LENOX RD NE @ CRANE RD NE,0.202
RANCHWOOD DR @ WEEMS RD,LAVISTA RD @ HENDERSON MILL RD NE,0.221
RANCHWOOD DR @ WEEMS RD,PARKLAKE DR NE @ 2175,0.25
RANCHWOOD DR @ WEEMS RD,LAVISTA RD @ RANCHWOOD DR,0.091
LAVISTA RD @ HENDERSON MILL RD NE,LAVISTA RD @ MONTREAL RD,0.192
LAVISTA RD @ MONTREAL RD,LAVISTA RD @ 3888,0.074
LAVISTA RD @ MONTREAL RD,LAVISTA RD @ HENDERSON MILL RD,0.197
LAVISTA RD @ 3888,LAVISTA RD @ 3850,0.043
LAVISTA RD @ 3850,LAVISTA RD @ HAROBI DR,0.156
LAVISTA RD @ HAROBI DR,LAVISTA RD @ HOLLIDON RD,0.211
LAVISTA RD @ HAROBI DR,LAVISTA RD @ 3825,0.131
LAVISTA RD @ HOLLIDON RD,LAVISTA RD @ CHESTERFIELD DR,0.141
LAVISTA RD @ CHESTERFIELD DR,LAVISTA RD @ BRIARLAKE RD,0.11
LAVISTA RD @ CHESTERFIELD DR,LAVISTA RD @ HUDSON RD,0.182
LAVISTA RD @ BRIARLAKE RD,LAVISTA RD @ CEDAR CANYON DR,0.16
LAVISTA RD @ CEDAR CANYON DR,LAVISTA RD @ LAVISTA WAY,0.159
LAVISTA RD @ CEDAR CANYON DR,LAVISTA RD @ BRIARLAKE CIR,0.121
LAVISTA RD @ LAVISTA WAY,LAVISTA RD @ FRAZIER RD,0.089
LAVISTA RD @ LAVISTA WAY,LAVISTA RD @ CEDAR CANYON DR,0.159
LAVISTA RD @ FRAZIER RD,LAVISTA RD @ RESERVE WAY,0.257
LAVISTA RD @ RESERVE WAY,LAVISTA RD @ HARTLAND DR,0.356
LAVISTA RD @ RESERVE WAY,LAVISTA RD @ BONANZA DR,0.207
LAVISTA RD @ HARTLAND DR,LAVISTA RD @ OAKRIDGE CIR,0.333
LAVISTA RD @ OAKRIDGE CIR,LAVISTA RD @ LAVISTA DR,0.09
LAVISTA RD @ OAKRIDGE CIR,LAVISTA RD @ RICHARD STOKES DR,0.127
LAVISTA RD @ LAVISTA DR,LAVISTA RD @ LEAFMORE PL,0.266
LAVISTA RD @ LAVISTA DR,LAVISTA RD @ OAKRIDGE CIR,0.09
LAVISTA RD @ LEAFMORE PL,LAVISTA RD @ OAK GROVE RD,0.222
LAVISTA RD @ LEAFMORE PL,LAVISTA RD @ LAVISTA DR,0.266
LAVISTA RD @ OAK GROVE RD,LAVISTA RD @ BRIANWOOD RD,0.183
LAVISTA RD @ BRIANWOOD RD,LAVISTA RD @ SAGAMORE DR,0.109
LAVISTA RD @ BRIANWOOD RD,LAVISTA RD @ OAK GROVE DR,0.179
LAVISTA RD @ SAGAMORE DR,LAVISTA RD @ WINSTON PL,0.187
LAVISTA RD @ WINSTON PL,LAVISTA RD @ CLAIRMONT RD,0.16
LAVISTA RD @ WINSTON PL,LAVISTA RD @ NALLEY CIR,0.178
LAVISTA RD @ CLAIRMONT RD,LAVISTA RD @ 2396,0.147
LAVISTA RD @ CLAIRMONT RD,LAVISTA RD @ WINSTON PL,0.16
LAVISTA RD @ 2396,LAVISTA RD @ AMANDA CIR,0.127
LAVISTA RD @ AMANDA CIR,LAVISTA RD @ 2284,0.136
LAVISTA RD @ AMANDA CIR,LAVISTA RD @ 2405,0.138
LAVISTA RD @ 2284,LAVISTA RD NE @ N DRUID HILLS RD NE,0.182
LAVISTA RD NE @ N DRUID HILLS RD NE,LAVISTA RD NE @ WEMBLEY CT NE,0.179
LAVISTA RD NE @ N DRUID HILLS RD NE,LAVISTA RD @ N DRUID HILLS RD,0.124
LAVISTA RD NE @ WEMBLEY CT NE,LAVISTA RD NE @ MERRY LN NE,0.128
LAVISTA RD NE @ MERRY LN NE,LAVISTA RD @ CHRISTMAS LN,0.106
LAVISTA RD NE @ MERRY LN NE,LAVISTA RD @ 2133,0.139
LAVISTA RD @ CHRISTMAS LN,LAVISTA RD @ JODY LN,0.071
LAVISTA RD @ JODY LN,LAVISTA RD @ BILTMORE DR,0.152
LAVISTA RD @ BILTMORE DR,LAVISTA RD @ BREEZY LN,0.15
LAVISTA RD @ BREEZY LN,LAVISTA RD @ CAROLYN DR,0.082
LAVISTA RD @ CAROLYN DR,LAVISTA RD @ SHEFFIELD DR,0.154
LAVISTA RD @ SHEFFIELD DR,LAVISTA RD @ 1688,0.097
LAVISTA RD @ 1688,BRIARCLIFF RD NE @ 2195,0.203
BRIARCLIFF RD NE @ 2195,BRIARCLIFF RD NE @ SHEFFIELD DR NE,0.172
BRIARCLIFF RD NE @ SHEFFIELD DR NE,BRIARCLIFF RD NE @ WILLOW LAKE DR NE,0.108
BRIARCLIFF RD NE @ WILLOW LAKE DR NE,BRIARCLIFF RD NE @ MAYFAIR DR NE,0.112
BRIARCLIFF RD NE @ MAYFAIR DR NE,BRIARCLIFF RD NE @ SHERIDAN RD NE,0.085
BRIARCLIFF RD NE @ MAYFAIR DR NE,BRIARCLIFF RD NE @ HOPKINS TER NE,0.092
BRIARCLIFF RD NE @ SHERIDAN RD NE,BRIARCLIFF RD NE @ DRUID VALLEY DR NE,0.138
BRIARCLIFF RD NE @ SHERIDAN RD NE,BRIARCLIFF RD NE @ MAYFAIR DR NE,0.085
BRIARCLIFF RD NE @ DRUID VALLEY DR NE,EXECUTIVE PARK DR @ ORTHO LN,0.279
BRIARCLIFF RD NE @ DRUID VALLEY DR NE,BRIARCLIFF RD NE @ SHERIDAN RD NE,0.138
EXECUTIVE PARK DR @ ORTHO LN,EXECUTIVE PARK DR @ 7,0.101
EXECUTIVE PARK DR @ 7,EXECUTIVE PARK S @ EXECUTIVE PARK DR,0.182
EXECUTIVE PARK S @ EXECUTIVE PARK DR,EXECUTIVE PARK SOUTH NE @ 57,0.074
EXECUTIVE PARK S @ EXECUTIVE PARK DR,EXECUTIVE PARK DR @ 6,0.179
EXECUTIVE PARK SOUTH NE @ 57,EXECUTIVE PARK S @ CHANTILLY DR,0.143
EXECUTIVE PARK SOUTH NE @ 57,EXECUTIVE PARK S @ EXECUTIVE PARK DR,0.074
EXECUTIVE PARK S @ CHANTILLY DR,CHANTILLY DR NE @ 1680,0.159
CHANTILLY DR NE @ 1680,CHANTILLY DR NE @ CHESHIRE BRIDGE RD,0.397
CHANTILLY DR NE @ 1680,CHANTILLY DR @ EXECUTIVE PARK S,0.11
CHANTILLY DR NE @ CHESHIRE BRIDGE RD,BUFORD HWY NE @ LENOX POINTE,0.23
BUFORD HWY NE @ LENOX POINTE,SIDNEY MARCUS BLVD @ PINE TREE RD NE,0.235
SIDNEY MARCUS BLVD @ PINE TREE RD NE,SIDNEY MARCUS BLVD @ ADINA DR,0.24
SIDNEY MARCUS BLVD @ PINE TREE RD NE,BUFORD HWY NE @ LENOX RD,0.347
SIDNEY MARCUS BLVD @ ADINA DR,SIDNEY MARCUS BLVD @ 740,0.094
SIDNEY MARCUS BLVD @ ADINA DR,SIDNEY MARCUS BLVD @ PINE TREE RD NE,0.24
SIDNEY MARCUS BLVD @ 740,LINDBERGH CENTER STATION - NORTH LOOP/MOROSGO DR,0.394
SIDNEY MARCUS BLVD NE @ PIEDMONT RD NE,SIDNEY MARCUS BLVD @ ADINA DR,0.227
BUFORD HWY NE @ LENOX RD,CHANTILLY DR NE @ CHESHIRE BRIDGE RD NE,0.204
BUFORD HWY NE @ LENOX RD,BUFORD HWY NE @ LENOX POINTE,0.115
BUFORD HWY NE @ LENOX RD,BUFORD HWY NE @ SHADY VALLEY DR NE,0.071
CHANTILLY DR NE @ CHESHIRE BRIDGE RD NE,CHANTILLY DR NE @ 1700,0.222
CHANTILLY DR NE @ 1700,CHANTILLY DR NE @ 1680,0.188
CHANTILLY DR @ EXECUTIVE PARK S,EXECUTIVE PARK SOUTH NE @ 57,0.194
EXECUTIVE PARK DR @ 6,EXECUTIVE PARK DR NE @ ORTHO LN,0.118
EXECUTIVE PARK DR NE @ ORTHO LN,N DRUID HILLS RD NE @ EXECUTIVE PARK DR,0.133
BRIARCLIFF RD NE @ WOODLAKE DR NE,BRIARCLIFF RD NE @ DRUID VALLEY DR NE,0.145
BRIARCLIFF RD NE @ HOPKINS TER NE,BRIARCLIFF RD NE @ CITADEL DR NE,0.136
BRIARCLIFF RD NE @ CITADEL DR NE,BRIARCLIFF RD NE @ 2178,0.176
BRIARCLIFF RD NE @ 2178,LAVISTA RD NE @ 1679,0.115
LAVISTA RD NE @ 1679,LAVISTA RD @ BRIARVISTA WAY,0.189
LAVISTA RD @ BRIARVISTA WAY,LAVISTA RD @ ARBORVISTA DR,0.129
LAVISTA RD @ ARBORVISTA DR,LAVISTA RD NE @ BREEZY LN NE,0.115
LAVISTA RD NE @ BREEZY LN NE,LAVISTA RD NE @ BILTMORE DR NE,0.159
LAVISTA RD NE @ BILTMORE DR NE,LAVISTA RD NE @ EMPIRE RD NE,0.141
LAVISTA RD NE @ EMPIRE RD NE,LAVISTA RD NE @ HOUSTON MILL RD NE,0.108
LAVISTA RD NE @ HOUSTON MILL RD NE,LAVISTA RD NE @ MERRY LN NE,0.082
LAVISTA RD @ 2133,LAVISTA RD NE @ N DRUID HILLS RD NE,0.167
LAVISTA RD @ N DRUID HILLS RD,LAVISTA RD @ AMANDA CIR,0.198
LAVISTA RD @ 2405,LAVISTA RD @ CLAIRMONT RD,0.136
LAVISTA RD @ NALLEY CIR,LAVISTA RD @ BRIANWOOD RD,0.117
LAVISTA RD @ OAK GROVE DR,LAVISTA RD @ LEAFMORE PL,0.223
LAVISTA RD @ RICHARD STOKES DR,LAVISTA RD @ PANGBORN RD,0.194
LAVISTA RD @ PANGBORN RD,LAVISTA RD @ RESERVE WAY,0.369
LAVISTA RD @ BONANZA DR,LAVISTA RD @ LAVISTA WAY,0.139
LAVISTA RD @ BRIARLAKE CIR,LAVISTA RD @ CHESTERFIELD DR,0.147
LAVISTA RD @ HUDSON RD,LAVISTA RD @ HAROBI DR,0.167
LAVISTA RD @ 3825,LAVISTA RD @ MONTREAL RD,0.14
LAVISTA RD @ HENDERSON MILL RD,RANCHWOOD DR @ WEEMS RD,0.213
S PARK BLVD @ 3060,S PARK BLVD @ 4712,0.091
S PARK BLVD @ 4712,S PARK BLVD @ 4644,0.19
S PARK BLVD @ 4712,S PARK BLVD @ 3060,0.091
S PARK BLVD @ 4644,S PARK BLVD @ 4500,0.256
S PARK BLVD @ 4644,S PARK BLVD @ 4712,0.19
S PARK BLVD @ 4500,S PARK BLVD @ ANVIL BLOCK RD,0.167
S PARK BLVD @ 4500,S PARK BLVD @ 4644,0.256
S PARK BLVD @ ANVIL BLOCK RD,ANVIL BLOCK RD @ LUNSFORD DR,0.207
S PARK BLVD @ ANVIL BLOCK RD,S PARK BLVD @ 4500,0.167
ANVIL BLOCK RD @ LUNSFORD DR,ANVILBLOCK RD @ 3199,0.195
ANVIL BLOCK RD @ LUNSFORD DR,S PARK BLVD @ ANVIL BLOCK RD,0.207
ANVILBLOCK RD @ 3199,BOULDERCREST RD @ ANVIL BLOCK RD,0.235
ANVILBLOCK RD @ 3199,BOULDERCREST RD @ JONES RD,1.036
BOULDERCREST RD @ ANVIL BLOCK RD,BOULDERCREST RD @ NORTHRIDGE TRL,0.387
BOULDERCREST RD @ ANVIL BLOCK RD,ANVILBLOCK RD @ BOULDERCREST RD,0.063
BOULDERCREST RD @ NORTHRIDGE TRL,BOULDERCREST RD @ MANOR PL,0.232
BOULDERCREST RD @ NORTHRIDGE TRL,BOULDERCREST RD @ ANVIL BLOCK RD,0.387
BOULDERCREST RD @ MANOR PL,BOULDERCREST RD @ PALISADE POINT DR,0.409
BOULDERCREST RD @ PALISADE POINT DR,BOULDERCREST RD @ LINECREST RD,0.133
BOULDERCREST RD @ LINECREST RD,BOULDERCREST RD @ BOULDER SPRING POINT,0.126
BOULDERCREST RD @ LINECREST RD,BOULDERCREST RD @ IVY TRACE LN,0.142
BOULDERCREST RD @ BOULDER SPRING POINT,BOULDERCREST RD @ YOLANDA TRL,0.258
BOULDERCREST RD @ BOULDER SPRING POINT,BOULDERCREST RD @ LINECREST RD,0.126
BOULDERCREST RD @ YOLANDA TRL,BOULDERCREST RD @ PANTHERSVILLE RD,0.401
BOULDERCREST RD @ YOLANDA TRL,BOULDERCREST RD @ BOULDER SPRING POINT,0.258
BOULDERCREST RD @ PANTHERSVILLE RD,BOULDERCREST RD @ BOULDERCREST PARK DR,0.134
BOULDERCREST RD @ PANTHERSVILLE RD,BOULDERCREST RD @ YOLANDA TRL,0.401
BOULDERCREST RD @ BOULDERCREST PARK DR,BOULDERCREST RD @ LOVELESS DR,0.214
BOULDERCREST RD @ OLD RIVER RD,BOULDERCREST RD @ POWHATTAN RD,0.183
BOULDERCREST RD @ POWHATTAN RD,BOULDERCREST RD @ SUGAR CREEK COVE,0.115
BOULDERCREST RD @ SUGAR CREEK COVE,BOULDERCREST RD @ SUGAR CREEK GOLF DR,0.254
BOULDERCREST RD @ SUGAR CREEK COVE,BOULDERCREST RD @ BOULDER RIDGE PKWY,0.127
BOULDERCREST RD @ SUGAR CREEK GOLF DR,BOULDERCREST RD SE @ BOULDERCREST LN SE,0.354
BOULDERCREST RD @ SUGAR CREEK GOLF DR,BOULDERCREST RD @ SUGAR CREEK COVE,0.254
BOULDERCREST RD SE @ BOULDERCREST LN SE,BOULDERCREST RD SE @ CLIFTON CHURCH RD SE,0.115
BOULDERCREST RD SE @ CLIFTON CHURCH RD SE,BOULDERCREST RD @ CONSTITUTION RD,0.154
BOULDERCREST RD @ CONSTITUTION RD,BOULDERCREST RD SE @ CHERRY VALLEY DR,0.129
BOULDERCREST RD SE @ CHERRY VALLEY DR,BOULDERCREST RD SE @ 2326,0.08
BOULDERCREST RD SE @ 2326,BOULDERCREST RD SE @ 2290,0.128
BOULDERCREST RD SE @ 2290,BOULDERCREST RD SE @ 2156,0.249
BOULDERCREST RD SE @ 2156,BOULDERCREST RD SE @ 2000,0.349
BOULDERCREST RD SE @ 2000,BOULDERCREST RDSE @ MARY LOU LN SE,0.343
BOULDERCREST RD SE @ 2000,BOULDERCREST RD @ 2151,0.344
BOULDERCREST RDSE @ MARY LOU LN SE,BOULDERCREST RD @ GATES DR SE,0.375
BOULDERCREST RD @ GATES DR SE,BOULDERCREST RD SE @ SUGAR MILL DR,0.161
BOULDERCREST RD SE @ SUGAR MILL DR,BOULDERCREST RD SE @ BOULDERWOODS DR,0.077
BOULDERCREST RD SE @ BOULDERWOODS DR,BOULDERCREST RD SE @ FOXHALL LN SE,0.104
BOULDERCREST RD SE @ FOXHALL LN SE,BOULDERCREST RD SE @ 1470,0.173
BOULDERCREST RD SE @ 1470,BOULDERCREST RD SE @ CECILIA DR SE,0.11
BOULDERCREST RD SE @ CECILIA DR SE,BOULDERCREST DR SE @ FAYETTEVILLE RD SE,0.195
BOULDERCREST DR SE @ FAYETTEVILLE RD SE,BOULDERCREST DR SE @ SARGENT AVE SE,0.104
BOULDERCREST DR SE @ FAYETTEVILLE RD SE,BOULDERCREST RD @ CECILIA DR,0.179
BOULDERCREST DR SE @ SARGENT AVE SE,BOULDERCREST DR SE @ SMITH ST SE,0.081
BOULDERCREST DR SE @ SMITH ST SE,BOULDERCREST DR SE @ MARY DELL DR SE,0.081
BOULDERCREST DR SE @ SMITH ST SE,BOULDERCREST DR SE @ FAYETTEVILLE RD SE,0.185
BOULDERCREST DR SE @ MARY DELL DR SE,BOULDERCREST DR SE @ WAINWRIGHT DR SE,0.074
BOULDERCREST DR SE @ WAINWRIGHT DR SE,BOULDERCREST DR SE @ LOCHLAND RD SE,0.107
BOULDERCREST DR SE @ LOCHLAND RD SE,BOULDERCREST DR SE @ PIPER CIR SE,0.11
BOULDERCREST DR SE @ PIPER CIR SE,BOULDERCREST DR SE @ STALLINGS AVE SE,0.078
BOULDERCREST DR SE @ STALLINGS AVE SE,BOULDERCREST DR SE @ WINFIELD AVE SE,0.086
BOULDERCREST DR SE @ STALLINGS AVE SE,BOULDERCREST DR SE @ WILLOW PL SE,0.053
BOULDERCREST DR SE @ WINFIELD AVE SE,BOULDERCREST DR SE @ FLAT SHOALS RD SE,0.11
BOULDERCREST DR SE @ FLAT SHOALS RD SE,FLAT SHOALS AVE SE @ CAVANAUGH AVE SE,0.117
BOULDERCREST DR SE @ FLAT SHOALS RD SE,BOULDERCREST DR SE @ BLACK OAK DR SE,0.091
FLAT SHOALS AVE SE @ CAVANAUGH AVE SE,FLAT SHOALS AVE @ CLOVERDALE DR,0.072
FLAT SHOALS AVE SE @ CAVANAUGH AVE SE,BOULDERCREST DR SE @ FLAT SHOALS RD SE,0.117
FLAT SHOALS AVE SE @ CAVANAUGH AVE SE,FLAT SHOALS RD SE @ MAYNARD TER SE,0.091
FLAT SHOALS AVE @ CLOVERDALE DR,FLAT SHOALS AVE SE @ EAST SIDE AVE,0.173
FLAT SHOALS AVE SE @ EAST SIDE AVE,FLAT SHOALS AVE SE @ VAN EPPS AVE SE,0.234
FLAT SHOALS AVE SE @ EAST SIDE AVE,FLAT SHOALS AVE SE @ CLOVERDALE DR SE,0.153
FLAT SHOALS AVE SE @ VAN EPPS AVE SE,FLAT SHOALS AVE SE @ NEWTON AVE SE,0.103
FLAT SHOALS AVE SE @ NEWTON AVE SE,FLAT SHOALS AVE SE @ MAY AVE SE,0.092
FLAT SHOALS AVE SE @ NEWTON AVE SE,FLAT SHOALS AVE SE @ MILTON PL SE,0.146
FLAT SHOALS AVE SE @ MAY AVE SE,FLAT SHOALS AVE @ GLENWOOD AVE,0.084
FLAT SHOALS AVE SE @ MAY AVE SE,FLAT SHOALS AVE SE @ NEWTON AVE SE,0.092
FLAT SHOALS AVE @ GLENWOOD AVE,GLENWOOD AVE SE @ BROWNWOOD AVE,0.195
GLENWOOD AVE SE @ BROWNWOOD AVE,MORELAND AVE SE @ METROPOLITAN AVE SE,0.08
GLENWOOD AVE SE @ BROWNWOOD AVE,GLENWOOD AVE SE @ HEMLOCK CIR SE,0.171
GLENWOOD AVE SE @ BROWNWOOD AVE SE,GLENWOOD AVE SE @ FLAT SHOALS AVE SE,0.165
GLENWOOD AVE SE @ FLAT SHOALS AVE SE,FLAT SHOALS AVE SE @ MAY AVE SE,0.111
GLENWOOD AVE SE @ FLAT SHOALS AVE SE,GLENWOOD AVE SE @ BROWNWOOD AVE,0.176
GLENWOOD AVE SE @ FLAT SHOALS AVE SE,GLENWOOD AVE SE @ PATTERSON AVE SE,0.095
FLAT SHOALS AVE SE @ MILTON PL SE,FLAT SHOALS AVE SE @ EAST SIDE AVE,0.192
FLAT SHOALS AVE SE @ CLOVERDALE DR SE,FLAT SHOALS AVE SE @ CAVANAUGH AVE SE,0.092
BOULDERCREST DR SE @ BLACK OAK DR SE,BOULDERCREST DR SE @ STALLINGS AVE SE,0.097
BOULDERCREST DR SE @ WILLOW PL SE,BOULDERCREST DR @ PIPER CIR,0.107
BOULDERCREST DR @ PIPER CIR,BOULDERCREST DR SE @ ORANGE BLOSSOM TER SE,0.186
BOULDERCREST DR SE @ ORANGE BLOSSOM TER SE,BOULDERCREST DR SE @ SMITH ST SE,0.102
BOULDERCREST RD @ CECILIA DR,BOULDERCREST RD @ 1470,0.118
BOULDERCREST RD @ 1470,BOULDERCREST RD SE @ 1504,0.132
BOULDERCREST RD SE @ 1504,BOULDERCREST RD @ TOWN COUNTRY DR,0.222
BOULDERCREST RD @ TOWN COUNTRY DR,BOULDERCREST RD SE @ GATES DR SE,0.127
BOULDERCREST RD SE @ GATES DR SE,BOULDERCREST RD @ MARY LOU LN,0.425
BOULDERCREST RD @ MARY LOU LN,BOULDERCREST RD SE @ 2000,0.333
BOULDERCREST RD @ 2151,BOULDERCREST RD SE @ WESTSIDE PL,0.247
BOULDERCREST RD SE @ WESTSIDE PL,BOULDERCREST RD SE @ 2321,0.145
BOULDERCREST RD SE @ 2321,BOULDERCREST RD @ CHERRY VALLEY DR,0.085
BOULDERCREST RD @ CHERRY VALLEY DR,BOULDERCREST RD SE @ CLIFTON CHURCH RD,0.301
BOULDERCREST RD SE @ CLIFTON CHURCH RD,BOULDERCREST RD @ CONTINENTAL WAY,0.175
BOULDERCREST RD @ CONTINENTAL WAY,BOULDERCREST RD @ SUGAR CREEK GOLF DR,0.273
BOULDERCREST RD @ BOULDER RIDGE PKWY,BOULDERCREST RD @ BOULDER HILLS DR,0.208
BOULDERCREST RD @ IVY TRACE LN,BOULDERCREST RD @ COUNTRY PINE DR,0.243
BOULDERCREST RD @ COUNTRY PINE DR,BOULDERCREST RD @ TILSON RD,0.167
BOULDERCREST RD @ TILSON RD,BOULDERCREST RD @ NORTHRIDGE TRL,0.221
ANVILBLOCK RD @ BOULDERCREST RD,ANVIL BLOCK RD @ LUNSFORD DR,0.402
GSU/PERIMETER COLLEGE - DECATUR CAMPUS,CLIFTON SPRINGS RD @ 2984,0.113
GSU/PERIMETER COLLEGE - DECATUR CAMPUS,CLIFTON SPRINGS RD @ COLONIAL PKWY,0.178
CLIFTON SPRINGS RD @ 2984,CLIFTON SPRINGS RD @ 2946,0.19
CLIFTON SPRINGS RD @ 2946,CLIFTON SPRINGS RD @ CLIFTON FARM DR,0.373
CLIFTON SPRINGS RD @ 2946,CLIFTON SPRINGS RD @ PANTHERSVILLE RD,0.197
CLIFTON SPRINGS RD @ CLIFTON FARM DR,CLIFTON SPRINGS RD @ CLIFTON SPRINGS MNR,0.231
CLIFTON SPRINGS RD @ CLIFTON SPRINGS MNR,CLIFTON SPRINGS RD @ PINE SPRINGS MNR,0.127
CLIFTON SPRINGS RD @ CLIFTON SPRINGS MNR,CLIFTON SPRINGS RD @ WILDCAT RD,0.266
CLIFTON SPRINGS RD @ PINE SPRINGS MNR,CLIFTON SPRINGS RD @ BUNNY LN,0.134
CLIFTON SPRINGS RD @ PINE SPRINGS MNR,CLIFTON SPRINGS RD @ CLIFTON SPRINGS MNR,0.127
CLIFTON SPRINGS RD @ BUNNY LN,CLIFTON SPRINGS RD @ AYLESBURY LOOP,0.204
CLIFTON SPRINGS RD @ BUNNY LN,CLIFTON SPRINGS RD @ PINE SPRINGS MNR,0.134
CLIFTON SPRINGS RD @ AYLESBURY LOOP,CLIFTON SPRINGS RD @ PINE HILL RD,0.1
CLIFTON SPRINGS RD @ AYLESBURY LOOP,CLIFTON SPRINGS RD @ BUNNY LN,0.204
CLIFTON SPRINGS RD @ PINE HILL RD,CLIFTON SPRINGS RD @ CORBIN AVE,0.246
CLIFTON SPRINGS RD @ CORBIN AVE,CLIFTON SPRINGS RD @ TARIAN DR,0.129
CLIFTON SPRINGS RD @ CORBIN AVE,CLIFTON SPRINGS RD @ AYLESBURY LOOP,0.345
CLIFTON SPRINGS RD @ TARIAN DR,CLIFTON SPRINGS WAY @ CLIFTON CHURCH RD,0.142
CLIFTON SPRINGS WAY @ CLIFTON CHURCH RD,CLIFTON CHURCH RD @ GRESHAM RD,0.14
CLIFTON CHURCH RD @ GRESHAM RD,GRESHAM RD SE @ COTTONWOOD DR,0.175
GRESHAM RD SE @ COTTONWOOD DR,GRESHAM RD SE @ CORRAL DR SE,0.086
GRESHAM RD SE @ COTTONWOOD DR,CORRAL DR SE @ GRESHAM RD SE,0.071
GRESHAM RD SE @ COTTONWOOD DR,GRESHAM RD SE @ CLIFTON CHURCH RD,0.179
GRESHAM RD SE @ CORRAL DR SE,GRESHAM RD SE @ WEE KIRK RD SE,0.146
GRESHAM RD SE @ WEE KIRK RD SE,GRESHAM RD SE @ 2926,0.158
GRESHAM RD SE @ 2926,GRESHAM RD SE @ TALLY HO DR SE,0.086
GRESHAM RD SE @ TALLY HO DR SE,GRESHAM RD SE @ ZANE GREY DR,0.096
GRESHAM RD SE @ ZANE GREY DR,GRESHAM RD SE @ PARKER RANCH RD SE,0.078
GRESHAM RD SE @ ZANE GREY DR,BOULDERVIEW DR SE @ HORSESHOE DR SE,0.087
GRESHAM RD SE @ PARKER RANCH RD SE,GRESHAM RD SE @ FLINTWOOD DR SE,0.214
GRESHAM RD SE @ FLINTWOOD DR SE,GRESHAM RD SE @ VICKI LN SE,0.109
GRESHAM RD SE @ FLINTWOOD DR SE,GRESHAM RD SE @ BOULDERVIEW RD SE,0.207
GRESHAM RD SE @ VICKI LN SE,GRESHAM RD SE @ WELLAND AVE SE,0.186
GRESHAM RD SE @ VICKI LN SE,GRESHAM RD SE @ FLINTWOOD DR SE,0.109
GRESHAM RD SE @ VICKI LN SE,VICKI LN SE @ FLAGSTONE DR SE,0.309
2ND AVE @ 2319,2ND AVE @ EAST DR,0.088
2ND AVE @ EAST DR,2ND AVE @ TRAILWOOD RD,0.189
2ND AVE @ TRAILWOOD RD,2ND AVE @ CAMELLIA DR,0.207
2ND AVE @ CAMELLIA DR,2ND AVE @ MCAFEE RD,0.223
2ND AVE @ CAMELLIA DR,2ND AVE @ LONGDALE DR,0.198
2ND AVE @ MCAFEE RD,2ND AVE @ COGAR DR,0.166
2ND AVE SE @ GLENWOOD AVE SE,2ND AVE SE @ ALSTON DR SE,0.337
2ND AVE SE @ GLENWOOD AVE SE,2ND AVE @ SWAZEY DR,0.105
2ND AVE SE @ ALSTON DR SE,2ND AVE SE @ MEMORIAL DR SE,0.126
2ND AVE SE @ ALSTON DR SE,2ND AVE SE @ GLENWOOD AVE SE,0.337
2ND AVE NE @ HOSEA L WILLIAMS DR NE,2ND AVE @ NORTHERN ST,0.054
2ND AVE @ NORTHERN ST,2ND AVE @ GORDON ST,0.122
2ND AVE @ NORTHERN ST,2ND AVE @ HOSEA L WILLIAMS DR,0.092
2ND AVE @ GORDON ST,2ND AVE @ 342,0.089
2ND AVE @ 342,2ND AVE @ BEATY PL,0.133
2ND AVE @ BEATY PL,2ND AVE @ BRYAN PL,0.093
2ND AVE @ BEATY PL,2ND AVE @ 351,0.127
2ND AVE @ BRYAN PL,2ND AVE @ E LAKE DR,0.093
2ND AVE @ BRYAN PL,2ND AVE @ BEATY PL,0.093
2ND AVE @ E LAKE DR,E LAKE DR @ 3RD AVE,0.255
2ND AVE @ E LAKE DR,2ND AVE @ BRYAN PL,0.093
E LAKE DR @ 3RD AVE,EAST LAKE STATION - SOUTH LOOP,0.125
E LAKE DR @ 3RD AVE,E LAKE DR @ JOHNSTON PL,0.149
BOULDERVIEW DR SE @ HORSESHOE DR SE,BOULDERVIEW DR SE @ SAHARA DR,0.137
BOULDERVIEW DR SE @ SAHARA DR,BOULDERVIEW DR SE @ 1882,0.138
BOULDERVIEW DR SE @ 1882,BOULDERVIEW DR SE @ ROLLINGWOOD LN,0.168
BOULDERVIEW DR SE @ ROLLINGWOOD LN,ROLLINGWOOD LN SE @ 2796,0.098
ROLLINGWOOD LN SE @ 2796,ROLLINGWOOD LN SE @ 2740,0.11
ROLLINGWOOD LN SE @ 2740,ROLLINGWOOD LN SE @ 2684,0.145
ROLLINGWOOD LN SE @ 2684,ROLLINGWOOD LN SE @ FLINTWOOD DR,0.128
ROLLINGWOOD LN SE @ FLINTWOOD DR,FLINTWOOD DR SE @ FLAGSTONE DR,0.16
FLINTWOOD DR SE @ FLAGSTONE DR,VICKI LN SE @ FLAGSTONE DR,0.062
VICKI LN SE @ FLAGSTONE DR,VICKI LN SE @ 1897,0.127
VICKI LN SE @ 1897,VICKI LN SE @ GRESHAM RD,0.166
VICKI LN SE @ GRESHAM RD,GRESHAM RD SE @ WELLAND AVE SE,0.153
CORRAL DR SE @ GRESHAM RD SE,CORRAL DR SE @ SOMBRERO WAY SE,0.092
CORRAL DR SE @ GRESHAM RD SE,GRESHAM RD SE @ COTTONWOOD DR,0.071
CORRAL DR SE @ SOMBRERO WAY SE,SOMBRERO WAY SE @ HORSESHOE DR SE,0.167
SOMBRERO WAY SE @ HORSESHOE DR SE,HORSESHOE DR SE @ APACHE TRL SE,0.071
HORSESHOE DR SE @ APACHE TRL SE,HORSE SHOE DR SE @ WEE KIRK RD SE,0.06
HORSE SHOE DR SE @ WEE KIRK RD SE,WEE KIRK RD SE @ GRESHAM RD SE,0.143
WEE KIRK RD SE @ GRESHAM RD SE,GRESHAM RD SE @ 2926,0.163
E LAKE DR @ JOHNSTON PL,2ND AVE @ E LAKE DR,0.11
2ND AVE @ 351,2ND AVE @ OAKVIEW RD,0.066
2ND AVE @ OAKVIEW RD,2ND AVE @ NORTHERN ST,0.149
2ND AVE @ HOSEA L WILLIAMS DR,2ND AVE SE @ COTTAGE GROVE AVE,0.09
2ND AVE @ LILAC LN,2ND AVE @ CAMELLIA DR,0.192
2ND AVE @ LONGDALE DR,2ND AVE @ JOSEPH CT,0.15
2ND AVE @ JOSEPH CT,2ND AVE @ TILSON RD,0.211
GRESHAM RD SE @ BOULDERVIEW RD SE,GRESHAM RD @ ZANE GREY DR,0.082
GRESHAM RD @ ZANE GREY DR,GRESHAM RD @ TALLY HO DR,0.093
GRESHAM RD @ TALLY HO DR,GRESHAM RD @ WEE KIRK RD,0.239
GRESHAM RD @ WEE KIRK RD,GRESHAM RD @ CORRAL DR,0.165
GRESHAM RD @ WEE KIRK RD,WEE KIRK RD SE @ HORSE SHOE DR SE,0.162
GRESHAM RD @ CORRAL DR,GRESHAM RD SE @ COTTONWOOD DR,0.077
GRESHAM RD SE @ CLIFTON CHURCH RD,CLIFTON CHURCH RD @ CLIFTON SPRINGS W,0.139
CLIFTON CHURCH RD @ CLIFTON SPRINGS W,CLIFTON CHURCH RD SE @ MEADOWVIEW DR SE,0.047
CLIFTON CHURCH RD SE @ MEADOWVIEW DR SE,CLIFTON SPRINGS RD @ CLIFTON CHURCH,0.082
CLIFTON SPRINGS RD @ CLIFTON CHURCH,CLIFTON SPRINGS RD @ CLIFTON SPRINGS WAY,0.15
CLIFTON SPRINGS RD @ CLIFTON SPRINGS WAY,CLIFTON SPRINGS RD @ CORBIN AVE,0.131
CLIFTON SPRINGS RD @ WILDCAT RD,CLIFTON SPRINGS RD @ 2946,0.337
CLIFTON SPRINGS RD @ PANTHERSVILLE RD,GSU/PERIMETER COLLEGE - DECATUR CAMPUS,0.103
VICKI LN SE @ FLAGSTONE DR SE,FLAGSTONE DR SE @ FLINTWOOD DR SE,0.078
FLAGSTONE DR SE @ FLINTWOOD DR SE,FLINTWOOD DR SE @ ROCKCLIFF RD SE,0.095
FLINTWOOD DR SE @ ROCKCLIFF RD SE,ROLLINGWOOD LN SE @ FLINTWOOD DR SE,0.083
ROLLINGWOOD LN SE @ FLINTWOOD DR SE,ROLLINGWOOD LN SE @ 2679,0.121
ROLLINGWOOD LN SE @ 2679,ROLLINGWOOD LN SE @ 2725,0.14
ROLLINGWOOD LN SE @ 2725,ROLLINGWOOD LN SE @ 2787,0.109
ROLLINGWOOD LN SE @ 2787,ROLLINGWOOD LN @ BOULDERVIEW DR,0.108
ROLLINGWOOD LN @ BOULDERVIEW DR,BOULDERVIEW DR SE @ 1895,0.203
BOULDERVIEW DR SE @ 1895,BOULDERVIEW DR @ SAHARA DR,0.136
BOULDERVIEW DR @ SAHARA DR,BOULDERVIEW DR SE @ GRESHAM RD SE,0.184
BOULDERVIEW DR SE @ GRESHAM RD SE,GRESHAM RD @ ZANE GREY DR,0.072
WEE KIRK RD SE @ HORSE SHOE DR SE,HORSE SHOE DR SE @ APACHE TRL SE,0.068
HORSE SHOE DR SE @ APACHE TRL SE,HORSE SHOE DR SE @ SOMBRERO WAY SE,0.066
HORSE SHOE DR SE @ SOMBRERO WAY SE,CORRAL SR SE @ SOMBRERO WAY SE,0.19
CORRAL SR SE @ SOMBRERO WAY SE,CORRAL DR SE @ GRESHAM RD SE,0.075
CHURCH ST @ 711,CHURCH ST @ BELL ST,0.126
CHURCH ST @ BELL ST,CHURCH ST @ LUCERNE ST,0.253
CHURCH ST @ BELL ST,COMMERCE DR @ CHURCH ST,0.194
CHURCH ST @ LUCERNE ST,CHURCH ST @ NORRIS ST,0.049
CHURCH ST @ LUCERNE ST,CHURCH ST @ GENEVA ST,0.069
CHURCH ST @ NORRIS ST,CHURCH ST @ GLENLAKE COMMONS DR,0.105
CHURCH ST @ GLENLAKE COMMONS DR,CHURCH ST @ FORKNER DR,0.111
CHURCH ST @ GLENLAKE COMMONS DR,CHURCH ST @ WILLOW LN,0.079
CHURCH ST @ FORKNER DR,CHURCH ST @ 1391,0.123
CHURCH ST @ 1391,CHURCH ST @ 1429,0.101
CHURCH ST @ 1429,CHURCH ST @ 1471,0.104
CHURCH ST @ 1471,CHURCH ST @ SYCAMORE DR,0.017
CHURCH ST @ SYCAMORE DR,N DECATUR RD @ CHURCH ST,0.127
CHURCH ST @ SYCAMORE DR,CHURCH ST @ 1438,0.082
CHURCH ST @ SYCAMORE DR,SYCAMORE DR @ RUFUS EVANS DR,0.077
N DECATUR RD @ SCOTT BLVD,N DECATUR RD @ SUNSTEDE DR,0.107
N DECATUR RD @ SCOTT BLVD,N DECATUR RD @ BLACKMON DR,0.055
N DECATUR RD @ SUNSTEDE DR,N DECATUR RD @ SUZANNE DR,0.176
N DECATUR RD @ SUZANNE DR,N DECATUR RD @ WENDAN DR,0.168
N DECATUR RD @ SUZANNE DR,N DECATUR RD @ SCOTT BLVD,0.278
N DECATUR RD @ WENDAN DR,N DECATUR RD @ N SUPERIOR AVE,0.196
N DECATUR RD @ WENDAN DR,N DECATUR RD @ SUZANNE DR,0.168
N DECATUR RD @ N SUPERIOR AVE,N DECATUR RD @ CLAIRMONT CIR,0.102
N DECATUR RD @ CLAIRMONT CIR,N DECATUR RD @ CLAIRMONT CIR,0.0
N DECATUR RD @ CLAIRMONT CIR,N DECATUR RD @ WEBSTER DR,0.167
N DECATUR RD @ WEBSTER DR,N DECATUR RD @ CLAIRMONT RD,0.168
N DECATUR RD @ WEBSTER DR,N DECATUR RD @ SHERMAN WAY,0.13
N DECATUR RD @ CLAIRMONT RD,N DECATUR RD @ PRINCETON WAY,0.284
N DECATUR RD @ CLAIRMONT RD,N DECATUR RD @ WEBSTER DR,0.168
N DECATUR RD @ PRINCETON WAY,N DECATUR RD @ PRINCETON WAY,0.0
N DECATUR RD @ PRINCETON WAY,N DECATUR RD @ HAYGOOD DR,0.167
N DECATUR RD @ HAYGOOD DR,N DECATUR RD NE @ RIDGEWOOD DR,0.118
N DECATUR RD NE @ RIDGEWOOD DR,N DECATUR RD NE @ HEALTHGATE DR,0.158
N DECATUR RD NE @ HEALTHGATE DR,N DECATUR RD @ 1660,0.303
N DECATUR RD NE @ HEALTHGATE DR,N DECATUR RD NE @ RIDGEWOOD DR NE,0.172
N DECATUR RD NE @ BRIARCLIFF RD NE,N DECATUR RD @ E ROCK SPRINGS RD,0.063
N DECATUR RD NE @ BRIARCLIFF RD NE,N DECATUR RD NE @ SPRINGDALE RD NE,0.17
N DECATUR RD @ E ROCK SPRINGS RD,E ROCK SPRINGS RD @ ROCK SPRINGS CR,0.148
E ROCK SPRINGS RD @ ROCK SPRINGS CR,E ROCK SPRINGS RD @ MARKAN DR,0.143
E ROCK SPRINGS RD @ MARKAN DR,E ROCK SPRINGS RD @ BEECH VALLEY WY,0.143
E ROCK SPRINGS RD @ BEECH VALLEY WY,E ROCK SPRINGS RD NE @ JOHNSON RD,0.31
E ROCK SPRINGS RD NE @ JOHNSON RD,N HIGHLAND AVE @  E ROCK SPRINGS RD,0.027
N HIGHLAND AVE @  E ROCK SPRINGS RD,N HIGHLAND AVE NE @ CUMBERLAND RD,0.063
N HIGHLAND AVE NE @ CUMBERLAND RD,N HIGHLAND AVE NE @ REEDER CIR,0.068
N HIGHLAND AVE NE @ CUMBERLAND RD,N HIGHLAND AVE @ E ROCK SPRINGS RD,0.062
N HIGHLAND AVE NE @ REEDER CIR,N HIGHLAND AVE @ UNIVERSITY DR,0.106
N HIGHLAND AVE @ UNIVERSITY DR,N HIGHLAND AVE @ LANIER PL,0.155
N HIGHLAND AVE @ LANIER PL,N HIGHLAND AVE @ WESSYNGTON RD,0.064
N HIGHLAND AVE @ WESSYNGTON RD,N HIGHLAND AVE @ MORNINGSIDE DR,0.06
N HIGHLAND AVE @ MORNINGSIDE DR,N HIGHLAND AVE NE @ COURTENAY DR NE,0.076
N HIGHLAND AVE NE @ COURTENAY DR NE,N HIGHLAND AVE NE @ MCLYNN AVE,0.084
N HIGHLAND AVE NE @ COURTENAY DR NE,N HIGHLAND AVE NE @ MORNINGSIDE DR,0.054
N HIGHLAND AVE NE @ MCLYNN AVE,N HIGHLAND AVE NE @ AMSTERDAM AVE,0.077
N HIGHLAND AVE NE @ AMSTERDAM AVE,N HIGHLAND AVE NE @ GLEN ARDEN WAY,0.186
N HIGHLAND AVE NE @ AMSTERDAM AVE,N HIGHLAND AVE NE @ MCLYNN AVE NE,0.055
N HIGHLAND AVE NE @ GLEN ARDEN WAY,N HIGHLAND AVE NE @ LOS ANGELES AVE,0.074
N HIGHLAND AVE NE @ GLEN ARDEN WAY,N HIGHLAND AVE NE @ AMSTERDAM AVE,0.186
N HIGHLAND AVE NE @ LOS ANGELES AVE,N HIGHLAND AVE @ VIRGINIA AVE,0.085
N HIGHLAND AVE NE @ LOS ANGELES AVE,N HIGHLAND AVE NE @ GLEN ARDEN WAY,0.074
N HIGHLAND AVE @ VIRGINIA AVE,VIRGINIA AVE NE @ TODD RD NE,0.04
N HIGHLAND AVE @ VIRGINIA AVE,N HIGHLAND AVE N @ VIRGINIA AVE,0.07
VIRGINIA AVE NE @ TODD RD NE,VIRGINIA AVE NE @ MARYLAND AVE NE,0.094
VIRGINIA AVE NE @ TODD RD NE,N HIGHLAND AVE NE @ LOS ANGELES AVE,0.111
VIRGINIA AVE NE @ MARYLAND AVE NE,VIRGINIA AVE @ BARNETT ST,0.109
VIRGINIA AVE NE @ MARYLAND AVE NE,VIRGINIA AVE NE @ TODD RD NE,0.094
VIRGINIA AVE @ BARNETT ST,VIRGINIA AVE NE @ ARCADIA ST NE,0.129
VIRGINIA AVE @ BARNETT ST,VIRGINIA AVE NE @ MARYLAND AVE NE,0.109
VIRGINIA AVE NE @ ARCADIA ST NE,VIRGINIA AVE NE @ PARK DR NE,0.15
VIRGINIA AVE NE @ PARK DR NE,VIRGINIA AVE NE @ 630,0.185
VIRGINIA AVE NE @ 630,MONROE DR NE @ 8TH ST NE,0.192
MONROE DR NE @ 8TH ST NE,8TH ST NE @ VEDADO WAY NE,0.076
MONROE DR NE @ 8TH ST NE,MONROE DR NE @ GREENWOOD AVE NE,0.226
8TH ST NE @ VEDADO WAY NE,8TH ST NE @ CHARLES ALLEN DR NE,0.098
8TH ST NE @ VEDADO WAY NE,MONROE DR NE @ VIRGINIA AVE NE,0.091
8TH ST NE @ CHARLES ALLEN DR NE,CHARLES ALLEN DR @ 10TH ST,0.128
CHARLES ALLEN DR @ 10TH ST,10TH ST NE @ PIEDMONT AVE NE,0.446
10TH ST NE @ PIEDMONT AVE NE,10TH ST NE @ JUNIPER ST NE,0.106
10TH ST NE @ PIEDMONT AVE NE,10TH ST NE @ ARGONNE AVE NE,0.177
10TH ST NE @ JUNIPER ST NE,MIDTOWN STATION,0.252
10TH ST NE @ JUNIPER ST NE,10TH ST NE @ PIEDMONT AVE NE,0.106
10TH ST NE @ ARGONNE AVE NE,10TH ST NE @ TAFT AVE NE,0.165
10TH ST NE @ TAFT AVE NE,10TH ST NE @ CHARLES ALLEN DR,0.096
10TH ST NE @ CHARLES ALLEN DR,CHARLES ALLEN DR @ 8TH ST,0.133
CHARLES ALLEN DR @ 8TH ST,8TH ST NE @ VEDADO WAY NE,0.137
MONROE DR NE @ VIRGINIA AVE NE,VIRGINIA AVE NE @ MONROE DR NE,0.05
MONROE DR NE @ VIRGINIA AVE NE,MONROE DR NE @ COOLEDGE AVE NE,0.177
VIRGINIA AVE NE @ MONROE DR NE,VIRGINIA AVE NE @ 660,0.184
VIRGINIA AVE NE @ 660,VIRGINIA AVE NE @ PONCE DE LEON PL NE,0.123
VIRGINIA AVE NE @ PONCE DE LEON PL NE,VIRGINIA AVE NE @ GREENCOVE AVE NE,0.191
VIRGINIA AVE NE @ GREENCOVE AVE NE,VIRGINIA AVE @ BARNETT ST,0.1
N HIGHLAND AVE NE @ MCLYNN AVE NE,N HIGHLAND AVE NE @ COURTENAY DR NE,0.107
N HIGHLAND AVE NE @ MORNINGSIDE DR,N HIGHLAND AVE NE @ LANIER PL NE,0.126
N HIGHLAND AVE NE @ LANIER PL NE,N HIGHLAND AVE NE @ UNIVERSITY DR,0.133
N HIGHLAND AVE NE @ UNIVERSITY DR,N HIGHLAND AVE NE @ REEDER CIR NE,0.115
N HIGHLAND AVE NE @ REEDER CIR NE,N HIGHLAND AVE NE @ CUMBERLAND RD,0.094
N HIGHLAND AVE @ E ROCK SPRINGS RD,E ROCK SPRINGS RD NE @ CUMBERLAND RD NE,0.327
N HIGHLAND AVE @ E ROCK SPRINGS RD,JOHNSON RD NE @ BEECH VALLEY RD NE,0.126
E ROCK SPRINGS RD NE @ CUMBERLAND RD NE,E ROCK SPRINGS RD NE @ MARKAN DR NE,0.106
E ROCK SPRINGS RD NE @ MARKAN DR NE,E ROCK SPRINGS RD NE @ ROCK SPRINGS CIR NE,0.175
E ROCK SPRINGS RD NE @ ROCK SPRINGS CIR NE,E ROCK SPRINGS RD NE @ N DECATUR RD NE,0.134
E ROCK SPRINGS RD NE @ N DECATUR RD NE,N DECATUR RD NE @ BRIARCLIFF RD NE,0.071
N DECATUR RD NE @ CLIFTON RD,N DECATUR RD NE @ HEALTHGATE DR,0.154
N DECATUR RD NE @ RIDGEWOOD DR NE,N DECATUR RD NE @ HAYGOOD DR NE,0.122
N DECATUR RD NE @ HAYGOOD DR NE,N DECATUR RD NE @ PRINCETON WAY,0.235
N DECATUR RD NE @ PRINCETON WAY,N DECATUR RD NE @ PRINCETON WAY,0.0
N DECATUR RD NE @ PRINCETON WAY,N DECATUR RD @ CLAIRMONT RD,0.187
N DECATUR RD @ SHERMAN WAY,N DECATUR RD @ SUPERIOR AVE,0.128
N DECATUR RD @ SUPERIOR AVE,N DECATUR RD @ WENDAN DR,0.21
N DECATUR RD @ BLACKMON DR,N DECATUR RD @ CHURCH ST,0.152
CHURCH ST @ 1438,CHURCH ST @ 1380,0.127
CHURCH ST @ 1380,CHURCH ST @ MEDLOCK RD,0.089
CHURCH ST @ MEDLOCK RD,CHURCH ST @ GLENLAKE COMMONS DR,0.143
CHURCH ST @ WILLOW LN,CHURCH ST @ LUCERNE ST,0.075
CHURCH ST @ GENEVA ST,CHURCH ST @ 921,0.185
CHURCH ST @ 921,CHURCH ST @ BELL ST,0.011
COMMERCE DR @ CHURCH ST,COMMERCE DR @ CLAIREMONT AVE,0.13
DEFOORS FERRY RD @ PINE GROVE,DEFOORS FERRY RD @ WARREN CT,0.224
DEFOORS FERRY RD @ WARREN CT,DEFOORS FERRY RD @ WESTOVER PLANTATION RD,0.368
DEFOORS FERRY RD @ WARREN CT,DEFOORS FERRY RD @ 2788,0.222
DEFOORS FERRY RD @ WESTOVER PLANTATION RD,DEFOORS FERRY RD @ HYDE MANOR DR,0.18
DEFOORS FERRY RD @ WESTOVER PLANTATION RD,DEFOORS FERRY RD @ WARREN CT,0.368
DEFOORS FERRY RD @ HYDE MANOR DR,DEFOORS FERRY RD @ GLENDEVEN CT,0.25
DEFOORS FERRY RD @ HYDE MANOR DR,DEFOORS FERRY RD @ WESTOVER PLANTATION RD,0.18
DEFOORS FERRY RD @ GLENDEVEN CT,DEFOORS FERRY RD @ HILLS AVE,0.25
DEFOORS FERRY RD @ GLENDEVEN CT,DEFOORS FERRY RD @ HYDE MANOR DR,0.25
DEFOORS FERRY RD @ HILLS AVE,DEFOORS FERRY RD @ BOHLER RD,0.14
DEFOORS FERRY RD @ HILLS AVE,DEFOORS FERRY RD @ GLENDEVEN CT,0.25
DEFOORS FERRY RD @ BOHLER RD,DEFOORS FERRY RD NW @ GLENN AVE NW,0.141
DEFOORS FERRY RD NW @ GLENN AVE NW,DEFOOR AVE NW @ COLLIER RD NW,0.139
DEFOOR AVE NW @ COLLIER RD NW,DEFOOR AVE NW @ 1990,0.069
DEFOOR AVE NW @ COLLIER RD NW,DEFOORS FERRY RD @ GLENN AVE,0.144
DEFOOR AVE NW @ 1990,DEFOOR AVE NW @ RHOMBOID ST NW,0.195
DEFOOR AVE NW @ RHOMBOID ST NW,DEFOOR AVE NW @ MANTISSA ST NW,0.111
DEFOOR AVE NW @ MANTISSA ST NW,DEFOOR AVE NW @ CLAREMONT ST NW,0.158
DEFOOR AVE NW @ MANTISSA ST NW,DEFOOR AVE @ RHOMBOID ST,0.106
DEFOOR AVE NW @ CLAREMONT ST NW,DEFOOR AVE NW @ TAYLOR ST NW,0.232
DEFOOR AVE NW @ TAYLOR ST NW,DEFOOR AVE NW @ MARVIN ST NW,0.076
DEFOOR AVE NW @ TAYLOR ST NW,DEFOOR AVE NW @ HARPER ST NW,0.202
DEFOOR AVE NW @ MARVIN ST NW,DEFOOR AVE @ HOWELL MILL RD,0.171
DEFOOR AVE NW @ MARVIN ST NW,DEFOOR AVE NW @ TAYLOR ST NW,0.076
DEFOOR AVE @ HOWELL MILL RD,BELLEMEADE AVE NW @ BUCHANAN ST NW,0.181
BELLEMEADE AVE NW @ BUCHANAN ST NW,BELLEMEADE AVE NW @ TALLULAH ST NW,0.106
BELLEMEADE AVE NW @ BUCHANAN ST NW,BELLEMEADE AVE NW @ HOWELL MILL RD NW,0.151
BELLEMEADE AVE NW @ TALLULAH ST NW,BELLEMEADE AVE @ NORTHSIDE DR,0.185
BELLEMEADE AVE @ NORTHSIDE DR,NORTHSIDE DR NW @ DEERING RD NW,0.266
NORTHSIDE DR NW @ DEERING RD NW,NORTHSIDE DR NW @ TRABERT AVE NW,0.106
NORTHSIDE DR NW @ TRABERT AVE NW,NORTHSIDE DR NW @ GREEN ST NW,0.114
NORTHSIDE DR NW @ GREEN ST NW,17TH ST NW @ NORTHSIDE DR NW,0.13
17TH ST NW @ NORTHSIDE DR NW,17TH ST NW @ BISHOP ST NW,0.115
17TH ST NW @ BISHOP ST NW,17TH ST NW @ VILLAGE ST,0.208
17TH ST NW @ BISHOP ST NW,NORTHSIDE DR NW @ HOKE ST,0.14
17TH ST NW @ VILLAGE ST,17TH ST NW @ STATE ST NW,0.215
17TH ST NW @ VILLAGE ST,17TH ST NW @ BISHOP ST NW,0.208
17TH ST NW @ VILLAGE ST,NORTHSIDE DR NW @ 17TH ST NW,0.307
17TH ST NW @ STATE ST NW,17TH ST NW @ MARKET ST NW,0.285
17TH ST NW @ STATE ST NW,17TH ST NW @ VILLAGE ST,0.215
17TH ST NW @ MARKET ST NW,17TH ST NW @ W PEACHTREE ST NW,0.387
17TH ST NW @ MARKET ST NW,17TH ST NW @ STATE ST NW,0.285
17TH ST NW @ W PEACHTREE ST NW,17TH ST NE @ PEACHTREE ST NE,0.094
17TH ST NE @ PEACHTREE ST NE,PEACHTREE ST NE @ 16TH ST NE,0.177
PEACHTREE ST NE @ 16TH ST NE,ARTS CENTER WAY @ 15TH ST (ARTS CENTER STN - UPPER ENTRANCE),0.116
PEACHTREE ST NE @ 16TH ST NE,PEACHTREE ST NE @ 17TH ST NE,0.168
ARTS CENTER WAY @ 15TH ST (ARTS CENTER STN - UPPER ENTRANCE),ARTS CENTER STATION,0.042
17TH ST NW @ SPRING ST NW,17TH ST NW @ MARKET ST NW,0.32
NORTHSIDE DR NW @ HOKE ST,NORTHSIDE DR @ TRABERT AVE,0.113
NORTHSIDE DR @ TRABERT AVE,NORTHSIDE DR @ DEERING RD,0.152
NORTHSIDE DR @ DEERING RD,NORTHSIDE DR NW @ NORTHSIDE CIR NW,0.072
NORTHSIDE DR NW @ NORTHSIDE CIR NW,BELLEMEADE AVE @ NORTHSIDE DR NW,0.225
BELLEMEADE AVE @ NORTHSIDE DR NW,BELLEMEADE AVE NW @ COMMERCE DR NW,0.149
BELLEMEADE AVE NW @ COMMERCE DR NW,BELLEMEADE AVE NW @ BUCHANAN ST NW,0.114
BELLEMEADE AVE NW @ HOWELL MILL RD NW,DEFOOR AVE NW @ SPRINGER ST NW,0.082
DEFOOR AVE NW @ SPRINGER ST NW,DEFOOR AVE NW @ MARVIN ST NW,0.121
DEFOOR AVE NW @ HARPER ST NW,DEFOOR AVE NW @ MANTISSA ST NW,0.2
DEFOOR AVE @ RHOMBOID ST,DEFOOR AVE NW @ 1981,0.171
DEFOOR AVE NW @ 1981,DEFOOR AVE NW @ COLLIER RD NW,0.088
DEFOORS FERRY RD @ GLENN AVE,DEFOORS FERRY RD @ NOBLE CREEK DR,0.065
DEFOORS FERRY RD @ NOBLE CREEK DR,DEFOORS FERRY RD @ HILLS AVE,0.235
DEFOORS FERRY RD @ 2788,DEFOORS FERRY RD @ CORONET WAY,0.074
DEFOORS FERRY RD @ CORONET WAY,CORONET WAY @ PINE GROVE DR,0.15
BUFORD HWY NE @ OAKMONT AVE,BUFORD HWY NE @ 5280,0.18
BUFORD HWY NE @ OAKMONT AVE,PARK AVE @ 3725,0.17
BUFORD HWY NE @ 5280,BUFORD HWY NE @ 5200,0.187
BUFORD HWY NE @ 5200,BUFORD HWY NE @ MCCLAVE DR,0.175
BUFORD HWY NE @ MCCLAVE DR,BUFORD HWY NE @ CHAMBLEE DUNWOODY RD,0.189
BUFORD HWY NE @ MCCLAVE DR,BUFORD HWY NE @ 5203,0.199
BUFORD HWY NE @ CHAMBLEE DUNWOODY RD,BUFORD HWY @ 5000,0.172
BUFORD HWY @ 5000,BUFORD HWY @ CHAMBLEE TUCKER RD,0.194
BUFORD HWY @ CHAMBLEE TUCKER RD,BUFORD HWY NE @ BEVERLY HILLS DR,0.181
BUFORD HWY NE @ BEVERLY HILLS DR,BUFORD HWY NE @ 4770,0.305
BUFORD HWY NE @ BEVERLY HILLS DR,BUFORD HWY NE @ CHAMBLEE TUCKER RD,0.251
BUFORD HWY NE @ 4770,BUFORD HWY NE @ SHALLOWFORD TER,0.075
BUFORD HWY NE @ SHALLOWFORD TER,BUFORD HWY @ WOODSIDE WAY,0.192
BUFORD HWY NE @ SHALLOWFORD TER,BUFORD HWY NE @ 4725,0.138
BUFORD HWY @ WOODSIDE WAY,BUFORD HWY NE @ 4416,0.348
BUFORD HWY @ WOODSIDE WAY,BUFORD HWY NE @ SHALLOWFORD TER,0.192
BUFORD HWY NE @ 4416,BUFORD HWY NE @ BRAGG ST,0.165
BUFORD HWY NE @ BRAGG ST,BUFORD HWY NE @ PLASTER RD,0.332
BUFORD HWY NE @ PLASTER RD,BUFORD HWY NE @ OAK SHADOW DR NE,0.264
BUFORD HWY NE @ PLASTER RD,BUFORD HWY @ BRAGG ST,0.321
BUFORD HWY NE @ OAK SHADOW DR NE,BUFORD HWY NE @ 4061,0.08
BUFORD HWY NE @ 4061,BUFORD HWY NE @ DERING CIR,0.121
BUFORD HWY NE @ DERING CIR,BUFORD HWY NE @ CLAIRMONT RD NE,0.183
BUFORD HWY NE @ DERING CIR,BUFORD HWY NE @ 4075,0.165
BUFORD HWY NE @ CLAIRMONT RD NE,BUFORD HWY NE @ CLAIRMONT TER,0.191
BUFORD HWY NE @ CLAIRMONT TER,BUFORD HWY NE @ 3814,0.092
BUFORD HWY NE @ CLAIRMONT TER,BUFORD HWY NE @ CLAIRMONT RD,0.108
BUFORD HWY NE @ 3814,BUFORD HWY NE @ DREW VALLEY RD,0.127
BUFORD HWY NE @ DREW VALLEY RD,BUFORD HWY NE @ 3700,0.178
BUFORD HWY NE @ DREW VALLEY RD,BUFORD HWY NE @ 3799,0.127
BUFORD HWY NE @ 3700,BUFORD HWY NE @ 3658,0.08
BUFORD HWY NE @ 3658,BUFORD HWY NE @ 3610,0.106
BUFORD HWY NE @ 3610,BUFORD HWY NE @ 3580,0.102
BUFORD HWY NE @ 3580,BUFORD HWY NE @ AFTON LN NE,0.13
BUFORD HWY NE @ AFTON LN NE,BUFORD HWY NE @ KNOLL PL NE,0.196
BUFORD HWY NE @ KNOLL PL NE,BUFORD HWY NE @ BRIARWOOD RD,0.127
BUFORD HWY NE @ BRIARWOOD RD,BUFORD HWY @ N CLIFF VALLEY WAY,0.202
BUFORD HWY NE @ BRIARWOOD RD,BUFORD HWY NE @ KNOLL PL,0.116
BUFORD HWY @ N CLIFF VALLEY WAY,BUFORD HWY NE @ 3160,0.31
BUFORD HWY NE @ 3160,BUFORD HWY NE @ 3072,0.178
BUFORD HWY NE @ 3072,BUFORD HWY NE @ CURTIS DR NE,0.093
BUFORD HWY NE @ CURTIS DR NE,BUFORD HWY NE @ N DRUID HILLS RD,0.248
BUFORD HWY NE @ N DRUID HILLS RD,BUFORD HWY NE @ 2858,0.189
BUFORD HWY NE @ 2858,BUFORD HWY NE @ W DRUID HILLS DR,0.172
BUFORD HWY NE @ W DRUID HILLS DR,BUFORD HWY NE @ 2750,0.121
BUFORD HWY NE @ 2750,BUFORD HWY NE @ RIVERS EDGE DR NE,0.197
BUFORD HWY NE @ RIVERS EDGE DR NE,BUFORD HWY NE @ LENOX RD,0.259
BUFORD HWY NE @ SHADY VALLEY DR NE,BUFORD HWY NE @ RIVERS EDGE DR,0.234
BUFORD HWY NE @ RIVERS EDGE DR,BUFORD HWY NE @ 2715,0.141
BUFORD HWY NE @ 2715,BUFORD HWY NE @ W DRUID HILLS DR NE,0.189
BUFORD HWY NE @ W DRUID HILLS DR NE,BUFORD HWY NE @ 2865,0.157
BUFORD HWY NE @ 2865,BUFORD HWY NE @ N DRUID HILLS RD NE,0.188
BUFORD HWY NE @ N DRUID HILLS RD NE,BUFORD HWY @ CORPORATE BLVD NE,0.212
BUFORD HWY @ CORPORATE BLVD NE,BUFORD HWY NE @ 3061,0.145
BUFORD HWY NE @ 3061,BUFORD HWY @ BRAMBLEWOOD DR NE,0.245
BUFORD HWY @ BRAMBLEWOOD DR NE,BUFORD HWY @ N CLIFF VALLEY  WAY NE,0.211
BUFORD HWY @ N CLIFF VALLEY  WAY NE,BUFORD HWY NE @ BRIARWOOD RD,0.195
BUFORD HWY NE @ KNOLL PL,BUFORD HWY NE @ AFTON LN,0.169
BUFORD HWY NE @ AFTON LN,BUFORD HWY NE @ 3557,0.161
BUFORD HWY NE @ 3557,BUFORD HWY NE @ 3567,0.13
BUFORD HWY NE @ 3567,BUFORD HWY NE @ 3649,0.086
BUFORD HWY NE @ 3649,BUFORD HWY NE @ 3691,0.076
BUFORD HWY NE @ 3691,BUFORD HWY NE @ DREW VALLEY RD,0.183
BUFORD HWY NE @ 3799,BUFORD HWY NE @ CLAIRMONT TER,0.088
BUFORD HWY NE @ CLAIRMONT RD,BUFORD HWY NE @ DERING CIR,0.266
BUFORD HWY NE @ 4075,BUFORD HWY NE @ OAK SHADOW CT NE,0.279
BUFORD HWY NE @ OAK SHADOW CT NE,BUFORD HWY NE @ PLASTER RD,0.03
BUFORD HWY @ BRAGG ST,BUFORD HWY @ 4416,0.18
BUFORD HWY @ 4416,BUFORD HWY @ WOODSIDE WAY,0.348
BUFORD HWY NE @ 4725,BUFORD HWY NE @ BEVERLY HILLS DR,0.24
BUFORD HWY NE @ CHAMBLEE TUCKER RD,BUFORD HWY NE @ 4995,0.173
BUFORD HWY NE @ 4995,BUFORD HWY NE @ SHALLOWFORD RD,0.142
BUFORD HWY NE @ SHALLOWFORD RD,BUFORD HWY NE @ MCCLAVE DR,0.17
BUFORD HWY NE @ 5203,BUFORD HWY NE @ 5269,0.142
BUFORD HWY NE @ 5269,BUFORD HWY NE @ OAKMONT AVE,0.197
PARK AVE @ 3725,DORAVILLE STATION,0.175
RALPH D ABERNATHY BLVD @ MURPHY AVE,RALPH D ABERNATHY BLVD @ METROPOLITAN PKWY SW,0.19
RALPH D ABERNATHY BLVD @ MURPHY AVE,WEST END STATION,0.19
RALPH D ABERNATHY BLVD @ METROPOLITAN PKWY SW,RALPH D ABERNATHY BLVD @ HUMPHRIES ST SW,0.232
RALPH D ABERNATHY BLVD @ METROPOLITAN PKWY SW,METROPOLITAN PKWY SW @ CHRISTMAN ST SW,0.172
RALPH D ABERNATHY BLVD @ HUMPHRIES ST SW,MCDANIEL ST @ RALPH D ABERNATHY BLVD,0.205
RALPH D ABERNATHY BLVD @ HUMPHRIES ST SW,HUMPHRIES ST SW @ STEPHENS ST SW,0.136
RALPH D ABERNATHY BLVD @ HUMPHRIES ST SW,RALPH D ABERNATHY BLVD SW @ MCDANIEL ST SW,0.206
MCDANIEL ST @ RALPH D ABERNATHY BLVD,MCDANIEL ST SW @ GLENN ST SW,0.073
MCDANIEL ST SW @ GLENN ST SW,MCDANIEL ST SW @ 565,0.117
MCDANIEL ST SW @ GLENN ST SW,RALPH D ABERNATHY BLVD @ MCDANIEL STSW,0.102
MCDANIEL ST SW @ 565,MCDANIEL ST SW @ FULTON ST SW,0.089
MCDANIEL ST SW @ 565,MCDANIEL ST SW @ GLENN ST SW,0.117
MCDANIEL ST SW @ FULTON ST SW,MCDANIEL ST SW @ WHITEHALL ST SW,0.155
MCDANIEL ST SW @ FULTON ST SW,MCDANIEL ST SW @ 565,0.089
MCDANIEL ST SW @ WHITEHALL ST SW,WHITEHALL ST SW @ WHITEHALL TER SW,0.065
WHITEHALL ST SW @ WHITEHALL TER SW,WHITEHALL ST SW @ 400,0.152
WHITEHALL ST SW @ 400,WHITEHALL ST SW @ TED TURNER DR SW,0.108
WHITEHALL ST SW @ TED TURNER DR SW,PEACHTREE ST SW @ BROTHERTON TRANSPORTATION MALL,0.216
PEACHTREE ST SW @ BROTHERTON TRANSPORTATION MALL,PEACHTREE ST SW @ TRINITY AVE SW,0.173
PEACHTREE ST SW @ BROTHERTON TRANSPORTATION MALL,WHITEHALL ST SW @ SPRING ST SW,0.211
PEACHTREE ST SW @ TRINITY AVE SW,PEACHTREE ST SW @ MITCHELL ST SW,0.092
PEACHTREE ST SW @ TRINITY AVE SW,PEACHTREE ST SW @ BROTHERTON TRANSPORTATION MALL,0.173
PEACHTREE ST SW @ MITCHELL ST SW,FORSYTH ST SW @ ALABAMA ST SW (FIVE POINTS STATION),0.229
PEACHTREE ST SW @ MITCHELL ST SW,PEACHTREE ST SW @ TRINITY AVE SW,0.092
PEACHTREE ST @ ANDREW YOUNG INTL BLVD,PEACHTREE ST @ ANDREW YOUNG INTL BLVD (PEACHTREE CTR STN),0.071
PEACHTREE ST @ ANDREW YOUNG INTL BLVD (PEACHTREE CTR STN),PEACHTREE ST @ BAKER ST,0.144
PEACHTREE ST @ BAKER ST,PEACHTREE ST @ RALPH MCGILL BLVD,0.185
PEACHTREE ST @ RALPH MCGILL BLVD,PEACHTREE ST @ PINE ST NE,0.164
PEACHTREE ST @ PINE ST NE,PEACHTREE ST @ RENAISSANCE PKWY NE,0.086
PEACHTREE ST @ RENAISSANCE PKWY NE,PEACHTREE ST @ NORTH AVE,0.213
PEACHTREE ST @ NORTH AVE,PEACHTREE ST @ 3RD ST,0.138
PEACHTREE ST @ 3RD ST,PEACHTREE ST @ 4TH ST,0.091
PEACHTREE ST @ 4TH ST,PEACHTREE ST NE @ 5TH ST NE,0.083
PEACHTREE ST NE @ 5TH ST NE,PEACHTREE ST NE @ 6TH ST NE,0.084
PEACHTREE ST NE @ 6TH ST NE,PEACHTREE ST NE @ 7TH ST NE,0.075
PEACHTREE ST NE @ 7TH ST NE,PEACHTREE ST NE @ 8TH ST NE,0.089
PEACHTREE ST NE @ 8TH ST NE,PEACHTREE ST @ PEACHTREE PL,0.074
PEACHTREE ST NE @ 8TH ST NE,PEACHTREE ST @ 7TH ST,0.074
PEACHTREE ST @ PEACHTREE PL,PEACHTREE ST @ 10TH ST,0.052
PEACHTREE ST @ PEACHTREE PL,PEACHTREE ST NE @ 8TH ST NE,0.074
PEACHTREE ST @ 10TH ST,PEACHTREE ST @ 11TH ST,0.095
PEACHTREE ST @ 11TH ST,PEACHTREE ST @ 12TH ST,0.106
PEACHTREE ST @ 12TH ST,PEACHTREE ST @ 14TH ST,0.13
PEACHTREE ST @ 14TH ST,15TH ST NE @ PEACHTREE ST NE,0.163
PEACHTREE ST @ 14TH ST NE,PEACHTREE ST @ 12TH ST NE,0.114
PEACHTREE ST @ 12TH ST NE,PEACHTREE ST NE @ 11TH ST NE,0.078
PEACHTREE ST NE @ 11TH ST NE,PEACHTREE ST NE @ 10TH ST NE,0.114
PEACHTREE ST NE @ 10TH ST NE,PEACHTREE ST @ PEACHTREE PL,0.083
PEACHTREE ST @ 7TH ST,PEACHTREE ST @ 6TH ST,0.082
PEACHTREE ST @ 6TH ST,PEACHTREE ST @ 5TH ST,0.082
PEACHTREE ST @ 5TH ST,PEACHTREE ST @ 4TH ST NE,0.086
PEACHTREE ST @ 4TH ST NE,PEACHTREE ST @ 3RD ST NE,0.079
PEACHTREE ST @ 3RD ST NE,PEACHTREE ST NE @ PONCE DE LEON AVE,0.102
PEACHTREE ST NE @ PONCE DE LEON AVE,PEACHTREE ST NE @ NORTH AVE NE,0.097
PEACHTREE ST NE @ NORTH AVE NE,PEACHTREE ST NE @ RENAISSANCE PKWY NE,0.175
PEACHTREE ST NE @ RENAISSANCE PKWY NE,PEACHTREE ST NE @ IVAN ALLEN JR BLVD,0.255
PEACHTREE ST NE @ IVAN ALLEN JR BLVD,PEACHTREE ST NW @ BAKER ST,0.172
PEACHTREE ST NW @ BAKER ST,PEACHTREE ST @ JOHN PORTMAN BLVD,0.095
PEACHTREE ST @ JOHN PORTMAN BLVD,PEACHTREE ST @ JOHN PORTMAN BLVD (P'TREE CTR STATION),0.06
PEACHTREE ST @ JOHN PORTMAN BLVD (P'TREE CTR STATION),PEACHTREE ST @ ELLIS ST,0.151
PEACHTREE ST @ ELLIS ST,FORSYTH ST SW @ ALABAMA ST SW (FIVE POINTS STATION),0.402
WHITEHALL ST SW @ SPRING ST SW,WHITEHALL ST SW @ 385,0.102
WHITEHALL ST SW @ 385,WHITEHALL ST SW @ WHITEHALL TERR SW,0.161
WHITEHALL ST SW @ WHITEHALL TERR SW,MCDANIEL ST SW @ FULTON ST SW,0.192
RALPH D ABERNATHY BLVD @ MCDANIEL STSW,RALPH D ABERNATHY BLVD @ HUMPHRIE ST,0.134
RALPH D ABERNATHY BLVD @ HUMPHRIE ST,RALPH D ABERNATHY BLVD @ MURPHY AVE,0.426
LAKEWOOD/FT MCPHERSON STATION,ASTOR AVE SW @ 1082,0.33
LAKEWOOD/FT MCPHERSON STATION,LAKEWOOD AVE @ MACON DR,2.154
LAKEWOOD/FT MCPHERSON STATION,GREENBRIAR PKWY SW @ CAMPBELLTON RD SW,3.515
LAKEWOOD/FT MCPHERSON STATION,AIRPORT INTERNATIONAL TERMINAL - ARRIVALS,4.215
LAKEWOOD/FT MCPHERSON STATION,CROWN RD SE @ 3900,4.133
ASTOR AVE SW @ 1082,ASTOR AVE SW @ BILLUPS ST SW,0.134
ASTOR AVE SW @ BILLUPS ST SW,ASTOR AVE SW @ SYLVAN RIDGE DR SW,0.113
ASTOR AVE SW @ BILLUPS ST SW,ASTOR AVE SW @ 1069,0.135
ASTOR AVE SW @ SYLVAN RIDGE DR SW,ASTOR AVE SW @ SYLVAN RD SW,0.065
ASTOR AVE SW @ SYLVAN RD SW,SYLVAN RD SW @ ESTES DR,0.116
SYLVAN RD SW @ ESTES DR,LAKEWOOD WAY SW @ HILLTOP DR SW,1.464
SYLVAN RD SW @ ESTES DR,ASTOR AVE @ SYLVAN RIDGE DR,0.155
SYLVAN RD SW @ ESTES DR,LAKEWOOD AVE @ SYLVAN RD,0.164
SYLVAN RD SW @ ESTES DR,SYLVAN RD SW @ BRIDGEWATER ST SW,0.237
SYLVAN RD SW @ ESTES DR,LANGSTON AVE SW @ SYLVAN RD SW,0.184
SYLVAN RD SW @ ESTES DR,SYLVAN RD SW @ LAKEWOOD AVE SW,0.132
LAKEWOOD WAY SW @ HILLTOP DR SW,LAKEWOOD WAY SW @ 215,0.247
LAKEWOOD WAY SW @ HILLTOP DR SW,LAKEWOOD AVE @ LAKEWOOD WAY,0.061
LAKEWOOD WAY SW @ HILLTOP DR SW,LAKEWOOD AVE SW @ MACON DR SW,0.093
LAKEWOOD WAY SW @ 215,LAKEWOOD WAY SW @ PRYOR RD SW,0.098
LAKEWOOD WAY SW @ 215,LAKEWOOD WAY SW @ HILLTOP DR SW,0.247
LAKEWOOD WAY SW @ 215,PRYOR RD SW @ HILLTOP DR SW,0.147
LAKEWOOD WAY SW @ PRYOR RD SW,PRYOR RD @ FAIR DR,0.141
PRYOR RD @ FAIR DR,PRYOR RD @ PRYOR CIR,0.178
PRYOR RD @ FAIR DR,PRYOR RD SW @ ST JOHNS AVE SW,0.077
PRYOR RD @ FAIR DR,ASHWOOD AVE SW @ PICKFAIR WAY SW,0.193
PRYOR RD @ PRYOR CIR,PRYOR RD @ AMAL DR,0.145
PRYOR RD @ AMAL DR,PRYOR RD SW @ AMAL DR SW,0.095
PRYOR RD SW @ AMAL DR SW,PRYOR RD @ CLAIRE DR,0.146
PRYOR RD SW @ AMAL DR SW,PRYOR RD SW @ ASHWOOD AVE SW,0.222
PRYOR RD SW @ AMAL DR SW,AMAL DR @ GIBEN DR,0.178
PRYOR RD @ CLAIRE DR,PRYOR RD @ 1600,0.121
PRYOR RD @ 1600,PRYOR RD SW @ MELDON AVE,0.112
PRYOR RD SW @ MELDON AVE,PRYOR RD SW @ THIRKELD AVE,0.071
PRYOR RD SW @ THIRKELD AVE,ARTHUR LANGFORD JR PL SW @ PRYOR RD SW,0.09
ARTHUR LANGFORD JR PL SW @ PRYOR RD SW,ARTHUR LANGFORD JR PL SW @ BOWEN CIR SW,0.094
ARTHUR LANGFORD JR PL SW @ PRYOR RD SW,PRYOR RD @ THIRKELD AVE,0.061
ARTHUR LANGFORD JR PL SW @ BOWEN CIR SW,LINCOLN ST SW @ ARTHUR LANGFORD JR PL SW,0.144
LINCOLN ST SW @ ARTHUR LANGFORD JR PL SW,LINCOLN ST SW @ THORNTON ST,0.109
LINCOLN ST SW @ THORNTON ST,THORNTON ST SW @ LINCOLN ST SW,0.063
THORNTON ST SW @ LINCOLN ST SW,THORNTON ST @ THORNTON PL,0.052
THORNTON ST @ THORNTON PL,THORNTON ST SW @ ARTHUR LANGFORD JR PL SW,0.072
THORNTON ST SW @ ARTHUR LANGFORD JR PL SW,ARTHUR LANGFORD JR PL SW @ BOOKER ST SW,0.042
ARTHUR LANGFORD JR PL SW @ BOOKER ST SW,ARTHUR LANGFORD JR PL SW @ JOYLAND PL,0.107
ARTHUR LANGFORD JR PL SW @ JOYLAND PL,ARTHUR LANGFORD JR PL SW @ 220,0.112
ARTHUR LANGFORD JR PL SW @ 220,ARTHUR LANGFORD JR PL SW @ PRYOR RD SW,0.093
PRYOR RD @ THIRKELD AVE,MELDON AVE @ TROUP ST,0.234
PRYOR RD @ THIRKELD AVE,PRYOR RD SW @ PRYOR CIR SW,0.243
MELDON AVE @ TROUP ST,MOURY AVE SW @ MIDDLETON ST,0.1
MOURY AVE SW @ MIDDLETON ST,MOURY AVE @ THIRKELD,0.14
MOURY AVE @ THIRKELD,MOURY AVE SW @ 204,0.096
MOURY AVE SW @ 204,MOURY AVE @ PRYOR RD,0.103
MOURY AVE @ PRYOR RD,PRYOR RD SW @ MANFORD RD SW,0.087
MOURY AVE @ PRYOR RD,MOURY AVE @ 204,0.109
PRYOR RD SW @ MANFORD RD SW,PRYOR RD SW @ UNIVERSITY AVE,0.159
PRYOR RD SW @ MANFORD RD SW,MOURY AVE @ PRYOR RD,0.087
PRYOR RD SW @ UNIVERSITY AVE,PRYOR RD @ UNIVERSITY AVE,0.173
PRYOR RD SW @ UNIVERSITY AVE,PRYOR RD SW @ MANFORD RD SW,0.159
PRYOR RD @ UNIVERSITY AVE,PRYOR RD SW @ RIDGE AVE SW,0.28
PRYOR RD SW @ RIDGE AVE SW,PRYOR ST SW @ DOANE ST SW,0.28
PRYOR RD SW @ RIDGE AVE SW,PRYOR RD SW @ UNIVERSITY AVE SW,0.33
PRYOR RD SW @ RIDGE AVE SW,RIDGE AVE SW @ PULLIAM ST SW,0.057
PRYOR ST SW @ DOANE ST SW,SHIRLEY C FRANKLIN BLVD @ DODD AVE SW,0.153
PRYOR ST SW @ DOANE ST SW,PRYOR RD SW @ RIDGE AVE SW,0.28
PRYOR ST SW @ DOANE ST SW,HENDRIX AVE SW @ PRYOR ST,0.106
SHIRLEY C FRANKLIN BLVD @ DODD AVE SW,CENTRAL AVE SW @ RALPH DAVID ABERNATH,0.202
CENTRAL AVE SW @ RALPH DAVID ABERNATH,CENTRAL AVE SW @ GLENN ST SW,0.146
CENTRAL AVE SW @ GLENN ST SW,CENTRAL AVE SW @ ALICE ST SW,0.321
CENTRAL AVE SW @ ALICE ST SW,CENTRAL AVE @ PULLIAM ST,0.073
CENTRAL AVE @ PULLIAM ST,MEMORIAL DR @ WASHINGTON ST,0.275
GA STATE STATION - JESSE HILL JR DR,MARTIN L KING J DR @ WASHINGTON ST SW,0.171
GA STATE STATION - JESSE HILL JR DR,CAPITOL AVE @ FULTON ST,0.553
MARTIN L KING J DR @ WASHINGTON ST SW,PRYOR ST SW @ GARNETT ST SW,0.333
MARTIN L KING J DR @ WASHINGTON ST SW,MARTIN LUTHER KING J DR SW @ PRYOR ST,0.165
PRYOR ST SW @ GARNETT ST SW,PRYOR ST SW @ MEMORIAL DR SW,0.073
PRYOR ST SW @ MEMORIAL DR SW,PRYOR ST @ RAWSON ST,0.18
PRYOR ST @ RAWSON ST,PRYOR ST SW @ ALICE ST SW,0.116
PRYOR ST SW @ ALICE ST SW,PRYOR ST SW @ FULTON ST SW,0.063
PRYOR ST SW @ FULTON ST SW,PRYOR ST SW @ RICHARDSON ST SW,0.087
PRYOR ST SW @ RICHARDSON ST SW,PRYOR ST SW @ CRUMLEY ST SW,0.085
PRYOR ST SW @ CRUMLEY ST SW,PRYOR ST @ RALPH DAVID ABERNATHY BLVD,0.176
PRYOR ST @ RALPH DAVID ABERNATHY BLVD,PRYOR ST @ BASS ST,0.078
PRYOR ST @ RALPH DAVID ABERNATHY BLVD,COOPER ST SW @ RALPH DAVID ABERNATHY BLVD,0.145
PRYOR ST @ BASS ST,PRYOR ST SW @ DODD AVE SW,0.194
PRYOR ST SW @ DODD AVE SW,PRYOR ST SW @ DOANE ST SW,0.154
PRYOR RD SW @ UNIVERSITY AVE SW,PRYOR RD SW @ UNIVERSITY AVE,0.123
PRYOR RD SW @ UNIVERSITY AVE SW,UNIVERSITY AVE @ BOOKER AVE,0.23
MOURY AVE @ 204,MOURY AVE @ THIRKELD AVE,0.12
MOURY AVE @ THIRKELD AVE,MOURY AVE @ MIDDLETON ST,0.105
MOURY AVE @ MIDDLETON ST,TROUP ST @ MELDON AVE,0.094
TROUP ST @ MELDON AVE,MELDON AVE @ PRYOR RD,0.188
MELDON AVE @ PRYOR RD,PRYOR RD SW @ THIRKELD AVE,0.066
PRYOR RD SW @ PRYOR CIR SW,PRYOR RD SW @ CLAIRE DR,0.1
PRYOR RD SW @ CLAIRE DR,PRYOR RD SW @ AMAL DR,0.121
PRYOR RD SW @ AMAL DR,PRYOR RD SW @ AMAL DR SW,0.01
PRYOR RD SW @ ASHWOOD AVE SW,PRYOR RD @ FAIR DR,0.197
PRYOR RD SW @ ST JOHNS AVE SW,LAKEWOOD WAY SW @ 215,0.121
LAKEWOOD AVE @ LAKEWOOD WAY,SYLVAN RD SW @ ESTES DR,1.469
LAKEWOOD AVE @ LAKEWOOD WAY,LAKEWOOD/FT MCPHERSON STATION,2.111
ASTOR AVE @ SYLVAN RIDGE DR,ASTOR AVE SW @ BILLUPS ST SW,0.121
ASTOR AVE SW @ 1069,ASTOR AVE @ ARROW ST,0.11
ASTOR AVE @ ARROW ST,LAKEWOOD/FT MCPHERSON STATION,0.224
HENDRIX AVE SW @ PRYOR ST,COOPER ST @ HENDRIX AVE,0.171
COOPER ST @ HENDRIX AVE,COOPER ST SW @ LOVE ST SW,0.18
COOPER ST SW @ LOVE ST SW,COOPER ST @ RALPH D ABERNATHY BLVD,0.107
COOPER ST SW @ LOVE ST SW,COOPER ST SW @ HENDRIX AVE SW,0.178
COOPER ST @ RALPH D ABERNATHY BLVD,RALPH D ABERNATHY BLVD @ FORMWALT ST,0.084
RALPH D ABERNATHY BLVD @ FORMWALT ST,CENTRAL AVE SW @ GLENN ST SW,0.161
RALPH D ABERNATHY BLVD @ FORMWALT ST,RALPH D ABERNATHY BLVD SW @ CENTRAL AVE SW,0.141
ASHWOOD AVE SW @ PICKFAIR WAY SW,BOND DR SW @ GIBEN RD SW,0.115
BOND DR SW @ GIBEN RD SW,BOND DR SW @ AMAL DR SW,0.16
BOND DR SW @ AMAL DR SW,AMAL DR SW @ GIBEN RD SW,0.167
AMAL DR SW @ GIBEN RD SW,AMAL DR @ PRYOR RD,0.083
AMAL DR @ PRYOR RD,PRYOR RD SW @ AMAL DR SW,0.094
AMAL DR @ GIBEN DR,AMAL DR @ BOND DR,0.14
AMAL DR @ BOND DR,BOND DR @ ASHWOOD AVE,0.192
BOND DR @ ASHWOOD AVE,ASHWOOD AVE @ PRYOR RD,0.14
ASHWOOD AVE @ PRYOR RD,PRYOR RD @ FAIR DR,0.183
COOPER ST SW @ RALPH DAVID ABERNATHY BLVD,COOPER ST SW @ LOVE ST SW,0.094
COOPER ST SW @ HENDRIX AVE SW,HENDRIX AVE SW @ PRYOR ST SW,0.193
HENDRIX AVE SW @ PRYOR ST SW,PRYOR ST SW @ DOANE ST SW,0.095
NEW PEACHTREE RD @ HOOD AVE,CHAMBLEE DUNWOODY RD @ BLACKBURN WAY,0.269
NEW PEACHTREE RD @ HOOD AVE,CHAMBLEE STATION - EAST LOOP,0.286
CHAMBLEE DUNWOODY RD @ BLACKBURN WAY,CHAMBLEE DUNWOODY RD @ W HOSPITAL AVE,0.149
CHAMBLEE DUNWOODY RD @ BLACKBURN WAY,NEW PEACHTREE RD @ HOOD AVE,0.269
CHAMBLEE DUNWOODY RD @ W HOSPITAL AVE,CHAMBLEE DUNWOODY RD @ CUMBERLAND DR,0.116
CHAMBLEE DUNWOODY RD @ W HOSPITAL AVE,CHAMBLEE DUNWOODY RD @ BLACKBURN WAY,0.149
CHAMBLEE DUNWOODY RD @ CUMBERLAND DR,CHAMBLEE DUNWOODY RD @ CLAIRVIEW DR,0.191
CHAMBLEE DUNWOODY RD @ CUMBERLAND DR,CHAMBLEE DUNWOODY RD @ W HOSPITAL AVE,0.116
CHAMBLEE DUNWOODY RD @ CLAIRVIEW DR,CHAMBLEE DUNWOODY RD @ BUFORD HWY NE,0.151
CHAMBLEE DUNWOODY RD @ CLAIRVIEW DR,CHAMBLEE DUNWOODY RD @ CUMBERLAND DR,0.191
CHAMBLEE DUNWOODY RD @ BUFORD HWY NE,CHAMBLEE TUCKER RD @ STRATFORD ARMS,0.492
CHAMBLEE DUNWOODY RD @ BUFORD HWY NE,CHAMBLEE DUNWOODY RD @ CLAIRVIEW DR,0.151
CHAMBLEE TUCKER RD @ STRATFORD ARMS,CHAMBLEE TUCKER RD @ HOLIDAY PL,0.168
CHAMBLEE TUCKER RD @ HOLIDAY PL,CHAMBLEE TUCKER RD @ ASCOT CT,0.123
CHAMBLEE TUCKER RD @ HOLIDAY PL,CHAMBLEE TUCKER RD @ BAGLEY DR,0.148
CHAMBLEE TUCKER RD @ ASCOT CT,CHAMBLEE TUCKER RD @  DEKALB TECHNOLOGY PKWY,0.163
CHAMBLEE TUCKER RD @ ASCOT CT,CHAMBLEE TUCKER RD @ HOLIDAY PL,0.123
CHAMBLEE TUCKER RD @  DEKALB TECHNOLOGY PKWY,I-85 ACCESS RD SOUTH (N.E. EXPY) @ 3300 (BLDGS 6-9),0.363
CHAMBLEE TUCKER RD @  DEKALB TECHNOLOGY PKWY,CHAMBLEE TUCKER RD @ PRESIDENTIAL PKWY,0.304
I-85 ACCESS RD SOUTH (N.E. EXPY) @ 3300 (BLDGS 6-9),I-85 ACCESS RD SOUTH (N.E. EXPY) @ 3300 (BLDGS 1-4),0.171
I-85 ACCESS RD SOUTH (N.E. EXPY) @ 3300 (BLDGS 1-4),I-85 ACCESS RD SOUTH (N.E. EXPY) @ APPLING PL,0.249
I-85 ACCESS RD SOUTH (N.E. EXPY) @ APPLING PL,I-85 ACCESS RD SOUTH (N.E. EXPY) @ 3070,0.152
I-85 ACCESS RD SOUTH (N.E. EXPY) @ 3070,I-85 ACCESS RD SOUTH (N.E. EXPY) @ SHALLOWFORD RD NE,0.262
I-85 ACCESS RD SOUTH (N.E. EXPY) @ SHALLOWFORD RD NE,I-85 ACCESS RD SOUTH (N.E. EXPY) @ PLASTER RD,0.46
I-85 ACCESS RD SOUTH (N.E. EXPY) @ PLASTER RD,I-85 ACCESS RD SOUTH (N.E. EXPY) @ 2772,0.178
I-85 ACCESS RD SOUTH (N.E. EXPY) @ 2772,I-85 ACCESS RD SOUTH (N.E. EXPY) @ 2700,0.146
I-85 ACCESS RD SOUTH (N.E. EXPY) @ 2700,I-85 ACCESS RD SOUTH (N.E. EXPY) @ 2628,0.16
I-85 ACCESS RD SOUTH (N.E. EXPY) @ 2628,I-85 ACCESS RD SOUTH (N.E. EXPY) @ 2550,0.185
I-85 ACCESS RD SOUTH (N.E. EXPY) @ 2550,I-85 ACCESS RD SOUTH (N.E. EXPY) @ ASHLEY OAKS CT,0.249
I-85 ACCESS RD SOUTH (N.E. EXPY) @ ASHLEY OAKS CT,I-85 ACCESS RD @ CENTURY BLVD NE,0.534
I-85 ACCESS RD @ CENTURY BLVD NE,I-85 ACCESS RD @ CENTURY BLVD,0.086
I-85 ACCESS RD @ CENTURY BLVD NE,NORTHEAST EXPY @ BRIARWOOD RD NE,0.876
I-85 ACCESS RD @ CENTURY BLVD,I-85 ACCESS RD @ CENTURY BLVD NE,0.086
NORTHEAST EXPY @ BRIARWOOD RD NE,BRIARWOOD RD @ BRIARWOOD IND CT,0.113
BRIARWOOD RD @ BRIARWOOD IND CT,BRIARWOOD RD @ 1750,0.184
BRIARWOOD RD @ BRIARWOOD IND CT,NORTHEAST EXPY @ BRIARWOOD CT NE,0.155
BRIARWOOD RD @ 1750,BRIARWOOD RD NE @ BUFORD HWY NE,0.183
BRIARWOOD RD NE @ BUFORD HWY NE,BRIARWOOD RD @ 1599 (ACROSS),0.106
BRIARWOOD RD NE @ BUFORD HWY NE,BRIARWOOD RD @ 1775,0.222
BRIARWOOD RD @ 1599 (ACROSS),BRIARWOOD RD @ KEYS CROSSING,0.12
BRIARWOOD RD @ KEYS CROSSING,BRIARWOOD RD @ PINE CONE LN,0.087
BRIARWOOD RD @ PINE CONE LN,BRIARWOOD RD @ BRIARWOOD WAY,0.101
BRIARWOOD RD @ BRIARWOOD WAY,BRIARWOOD RD @ 1433,0.094
BRIARWOOD RD @ 1433,BRIARWOOD RD @ BRIARWOOD HILLS,0.182
BRIARWOOD RD @ BRIARWOOD HILLS,BRIARWOOD RD @ N DRUID HILLS RD,0.301
BRIARWOOD RD @ N DRUID HILLS RD,N DRUID HILLS RD NE @ SYLVAN CIR NE (S),0.1
BRIARWOOD RD NE @ N DRUID HILLS RD,BRIARWOOD RD NE @ LIMEHURST DR,0.226
BRIARWOOD RD NE @ LIMEHURST DR,BRIARWOOD RD NE @ YANCY LN NE,0.244
BRIARWOOD RD NE @ YANCY LN NE,BRIARWOOD RD NE @ BRIARWOOD WAY,0.092
BRIARWOOD RD NE @ BRIARWOOD WAY,BRIARWOOD RD NE @ PINE CONE LN NE,0.093
BRIARWOOD RD NE @ PINE CONE LN NE,BRIARWOOD RD NE @ KEYS CROSSING,0.077
BRIARWOOD RD NE @ KEYS CROSSING,BRIARWOOD RD NE @ 3446,0.142
BRIARWOOD RD NE @ 3446,BRIARWOOD RD NE @ BUFORD HWY NE,0.099
BRIARWOOD RD @ 1775,BRIARWOOD RD @ BRIARWOOD IND CT,0.14
NORTHEAST EXPY @ BRIARWOOD CT NE,NORTHEAST EXPY @ 1690,0.193
NORTHEAST EXPY @ 1690,I-85 ACCESS RD @ CLIFF VALLEY WAY,0.081
I-85 ACCESS RD @ CLIFF VALLEY WAY,NORTHEAST EXPY NE @ 1777,0.262
NORTHEAST EXPY NE @ 1777,NORTHEAST EXPY @ 2501,1.272
NORTHEAST EXPY @ 2501,NORTHEAST EXPY @ 2515 (ENTRANCE),0.405
NORTHEAST EXPY @ 2515 (ENTRANCE),NORTHEAST EXPY @ 2515 (EXIT),0.149
NORTHEAST EXPY @ 2515 (EXIT),NORTHEAST EXPY @ PEACHWOOD CIR S,0.139
NORTHEAST EXPY @ PEACHWOOD CIR S,NORTHEAST EXPY @ PEACHWOOD CIR N,0.128
NORTHEAST EXPY @ PEACHWOOD CIR N,NORTHEAST EXPY @ 2805,0.343
NORTHEAST EXPY @ 2805,I-85 ACCESS RD NORTH (N.E. EXPY) @ 3001,0.408
I-85 ACCESS RD NORTH (N.E. EXPY) @ 3001,I-85 ACCESS RD NORTH (N.E. EXPY) @ COLONIAL WAY,0.212
I-85 ACCESS RD NORTH (N.E. EXPY) @ COLONIAL WAY,I-85 ACCESS RD NORTH (N.E. EXPY) @ 3185,0.192
I-85 ACCESS RD NORTH (N.E. EXPY) @ 3185,I-85 ACCESS RD NORTH (N.E. EXPY) @ 3265,0.216
I-85 ACCESS RD NORTH (N.E. EXPY) @ 3265,I-85 ACCESS RD NORTH (N.E. EXPY) @ 3355,0.204
I-85 ACCESS RD NORTH (N.E. EXPY) @ 3355,I-85 ACCESS RD NORTH (N.E. EXPY) @ WOODCOCK BLVD,0.11
I-85 ACCESS RD NORTH (N.E. EXPY) @ WOODCOCK BLVD,CHAMBLEE TUCKER RD @ DEKALB TECHNOLOGY PKWY,0.296
CHAMBLEE TUCKER RD @ DEKALB TECHNOLOGY PKWY,CHAMBLEE TUCKER RD @ ASCOT CT,0.205
CHAMBLEE TUCKER RD @ BAGLEY DR,CHAMBLEE TUCKER RD @ SHALLOWFORD RD,0.244
CHAMBLEE TUCKER RD @ SHALLOWFORD RD,SHALLOWFORD RD NE @ ADDISON DR,0.035
CHAMBLEE TUCKER RD @ SHALLOWFORD RD,CHAMBLEE TUCKER RD @ STRATFORD ARMS,0.226
CHAMBLEE TUCKER RD @ SHALLOWFORD RD,CHAMBLEE TUCKER RD @ BUFORD HWY,0.156
SHALLOWFORD RD NE @ ADDISON DR,CHAMBLEE DUNWOODY RD @ BUFORD HWY NE,0.253
SHALLOWFORD RD NE @ ADDISON DR,SHALLOWFORD RD @ BUFORD HWY,0.316
METRO TRANSITIONAL CENTER,CONSTITUTION RD SE @ 1224,0.233
CONSTITUTION RD SE @ 1224,BAILEY ST SE @ WOODSTOCK RD SE,0.355
CONSTITUTION RD SE @ 1224,METRO TRANSITIONAL CENTER,0.233
BAILEY ST SE @ WOODSTOCK RD SE,MORELAND AVE SE @ WOODSTOCK RD SE,0.192
MORELAND AVE SE @ WOODSTOCK RD SE,MORELAND AVE SE @ KEY RD SE,0.367
ISA DR SE @ KIPLING ST SE,KIPLING ST SE @ HENRY THOMAS DR SE (E),0.16
KIPLING ST SE @ HENRY THOMAS DR SE (E),KIPLING ST @ HENRY THOMAS DR,0.201
KIPLING ST @ HENRY THOMAS DR,HENRY THOMAS DR SE (W) @ MCDONOUGH BLVD SE,0.099
HENRY THOMAS DR SE (W) @ MCDONOUGH BLVD SE,MCDONOUGH BLVD SE @ HENRY THOMAS DR SE,0.088
MCDONOUGH BLVD SE @ HENRY THOMAS DR SE,MCDONOUGH BLVD SE @ WELCH ST SE,0.172
MCDONOUGH BLVD SE @ HENRY THOMAS DR SE,MCDONOUGH BLVD @ HENRY THOMAS DR,0.069
MCDONOUGH BLVD SE @ WELCH ST SE,MCDONOUGH BLVD SE @ MORELAND DR SE,0.08
MCDONOUGH BLVD SE @ MORELAND DR SE,MCDONOUGH BLVD SE @ ELLEBY RD SE,0.161
MCDONOUGH BLVD SE @ ELLEBY RD SE,MCDONOUGH BLVD SE @ PARK RD SE,0.139
MCDONOUGH BLVD SE @ ELLEBY RD SE,MCDONOUGH BLVD SE @ NEW TOWN CIR,0.057
MCDONOUGH BLVD SE @ PARK RD SE,MCDONOUGH BLVD SE @ BENTEEN AVE SE,0.224
MCDONOUGH BLVD SE @ PARK RD SE,MCDONOUGH BLVD SE @ ELLEBY RD SE,0.139
MCDONOUGH BLVD SE @ BENTEEN AVE SE,MCDONOUGH BLVD SE @ BOULEVARD  SE,0.108
MCDONOUGH BLVD SE @ BENTEEN AVE SE,MCDONOUGH BLVD SE @ FUNSTON AVE SE,0.081
MCDONOUGH BLVD SE @ BOULEVARD  SE,BOULEVARD SE @ WARMBREEZE RD SE,0.311
MCDONOUGH BLVD SE @ BOULEVARD  SE,MCDONOUGH BLVD SE @ BENTEEN AVE SE,0.108
MCDONOUGH BLVD SE @ BOULEVARD  SE,MCDONOUGH BLVD SE @ GAULT ST SE,0.226
ENGLEWOOD AVE SE @ GAULT ST SE,ENGLEWOOD AVE SE @ 460,0.172
ENGLEWOOD AVE SE @ GAULT ST SE,BOULEVARD SE @ ENGLEWOOD AVE SE,0.125
ENGLEWOOD AVE SE @ 460,ENGLEWOOD AVE SE @ MAILING AVE SE,0.113
ENGLEWOOD AVE SE @ MAILING AVE SE,ENGLEWOOD AVE @ HILL ST,0.158
ENGLEWOOD AVE SE @ MAILING AVE SE,ENGLEWOOD AVE SE @ GAULT ST SE,0.285
ENGLEWOOD AVE @ HILL ST,HILL ST SE @ 1110,0.037
HILL ST SE @ 1110,HILL ST SE @ 1064,0.183
HILL ST SE @ 1064,HILL ST SE @ FARRINGTON AVE,0.086
HILL ST SE @ FARRINGTON AVE,HILL ST SE @ TUSKEGEE ST SE,0.132
HILL ST SE @ FARRINGTON AVE,HILL ST SE @ 1059,0.069
HILL ST SE @ TUSKEGEE ST SE,HILL ST SE @ ATLANTA AVE,0.123
HILL ST SE @ TUSKEGEE ST SE,HILL ST SE @ FARRINGTON AVE,0.132
HILL ST SE @ ATLANTA AVE,HILL ST SE @ ORMOND ST,0.08
HILL ST SE @ ORMOND ST,ORMOND ST SE @ CONNALLY ST SE,0.134
ORMOND ST SE @ CONNALLY ST SE,ORMOND ST SE @ MARTIN ST SE,0.2
ORMOND ST SE @ MARTIN ST SE,ORMOND ST @ HANK AARON DR,0.207
ORMOND ST @ HANK AARON DR,ORMOND ST @ CREW ST,0.088
ORMOND ST @ CREW ST,ORMOND ST SW @ POLLARD BLVD,0.071
ORMOND ST SW @ POLLARD BLVD,POLLARD BLVD @ LITTLE ST,0.078
POLLARD BLVD @ LITTLE ST,POLLARD BLVD SW @ BILL LUCAS DR SW,0.103
POLLARD BLVD SW @ BILL LUCAS DR SW,POLLARD BLVD @ RALPH D ABERNATHY BLVD,0.124
POLLARD BLVD SW @ BILL LUCAS DR SW,POLLARD BLVDSW @ LITTLE ST SW,0.101
POLLARD BLVD @ RALPH D ABERNATHY BLVD,RALPH D ABERNATH BLVD @ CENTRAL AVE,0.144
POLLARD BLVD @ RALPH D ABERNATHY BLVD,POLLARD BLVD SW @ BILL LUCAS DR SW,0.124
RALPH D ABERNATH BLVD @ CENTRAL AVE,RALPH D ABERNATHY BLVD @ COOPER ST,0.203
RALPH D ABERNATHY BLVD @ COOPER ST,COOPER ST @ GLENN ST,0.079
RALPH D ABERNATHY BLVD @ COOPER ST,RALPH D ABERNATHY BLVD @ IRA ST,0.17
COOPER ST @ GLENN ST,WINDSOR ST @ GLENN ST SW,0.074
WINDSOR ST @ GLENN ST SW,WINDSOR ST SW @ CRUMLEY ST SW,0.081
WINDSOR ST SW @ CRUMLEY ST SW,WINDSOR ST SW @ RICHARDSON ST SW,0.059
WINDSOR ST SW @ CRUMLEY ST SW,WINDSOR ST @ GLENN ST,0.11
WINDSOR ST SW @ RICHARDSON ST SW,WINDSOR ST SW @ FULTON ST SW,0.074
WINDSOR ST SW @ RICHARDSON ST SW,WINDSOR ST SW @ CRUMLEY ST SW,0.059
WINDSOR ST SW @ FULTON ST SW,WINDSOR ST SW @ EUGENIA ST SW,0.097
WINDSOR ST SW @ FULTON ST SW,WINDSOR ST SW @ RICHARDSON ST SW,0.074
WINDSOR ST SW @ EUGENIA ST SW,TED TURNER DR @ BROTHERTON ST,0.397
WINDSOR ST SW @ EUGENIA ST SW,WINDSOR ST SW @ FULTON ST SW,0.097
TED TURNER DR @ BROTHERTON ST,TRINITY AVE SW @ TED TURNER DR SW,0.148
MARTIN LUTHER KING J DR SW @ PRYOR ST,MARTIN L KING JR DR SW @ PEACHTREE ST,0.067
MARTIN L KING JR DR SW @ PEACHTREE ST,FORSYTH ST SW @ MITCHELL ST SW,0.129
MARTIN L KING JR DR SW @ PEACHTREE ST,FORSYTH ST SW @ ALABAMA ST SW (FIVE POINTS STATION),0.154
TED TURNER DR SW @ BROTHERTON ST SW,WINDSOR ST SW @ EUGENIA ST SW,0.419
TED TURNER DR SW @ BROTHERTON ST SW,CANDLER RD @ H F SHEPHERD DR,7.709
WINDSOR ST @ GLENN ST,RALPH DAVID ABERNATH BLVD @ WINDSOR S,0.094
RALPH DAVID ABERNATH BLVD @ WINDSOR S,RALPH D ABERNATHY BLVD @ FORMWALT ST,0.137
RALPH D ABERNATHY BLVD SW @ CENTRAL AVE SW,POLLARD BLVD @ RALPH D ABERNATHY BLVD,0.13
RALPH D ABERNATHY BLVD SW @ CENTRAL AVE SW,RALPH D ABERNATHY BLVD @ POLLARD BLVD SW,0.165
POLLARD BLVDSW @ LITTLE ST SW,ORMOND ST @ CREW ST SW,0.13
ORMOND ST @ CREW ST SW,HANK AARON DR @ ORMOND ST SE,0.086
HANK AARON DR @ ORMOND ST SE,ATLANTA AVE SE @ HANK AARON DR,0.131
HANK AARON DR @ ORMOND ST SE,HANK AARON DR @ ATLANTA AVE SE,0.131
HANK AARON DR @ ORMOND ST SE,HANK AARON DR SW @ LITTLE ST SE,0.083
ATLANTA AVE SE @ HANK AARON DR,ATLANTA AVE SE @ FRASER ST SE,0.069
ATLANTA AVE SE @ FRASER ST SE,ATLANTA AVE SE @ MARTIN ST SE,0.108
ATLANTA AVE SE @ MARTIN ST SE,ATLANTA AVE SE @ CONNALLY ST SE,0.207
ATLANTA AVE SE @ CONNALLY ST SE,ATLANTA AVE SE @ GRANT TER SE,0.051
ATLANTA AVE SE @ GRANT TER SE,HILL ST SE @ TUSKEGEE ST SE,0.151
HILL ST SE @ 1059,HILL ST SE @ ENGLEWOOD AVE SE,0.246
HILL ST SE @ ENGLEWOOD AVE SE,ENGLEWOOD AVE SE @ MAILING AVE SE,0.169
HILL ST SE @ ENGLEWOOD AVE SE,HILL ST SE @ 1110,0.046
HILL ST SE @ ENGLEWOOD AVE SE,HILL ST SE @ DALTON ST SE,0.135
MCDONOUGH BLVD SE @ FUNSTON AVE SE,MCDONOUGH BLVD SE @ PARK RD SE,0.143
MCDONOUGH BLVD SE @ NEW TOWN CIR,MCDONOUGH BLVD @ WELCH ST,0.181
MCDONOUGH BLVD @ WELCH ST,MCDONOUGH BLVD SE @ HENRY THOMAS DR SE,0.174
MCDONOUGH BLVD @ HENRY THOMAS DR,HENRY THOMAS DR SE @ THOMASVILLE BLVD SE,0.117
HENRY THOMAS DR SE @ THOMASVILLE BLVD SE,KIPLING ST SE @ HENRY THOMAS DR SE,0.192
ISA DR SE @ MORELAND AVE SE,MORELAND AVE SE @ HILLCREST DR,0.12
BAILEY ST SE @ FAYETTEVILLE RD SE,CONSTITUTION RD SE @ 1224,0.348
MCDONOUGH BLVD SE @ GAULT ST SE,MCDONOUGH BLVD SE @ SAWTELL AVE,0.104
MCDONOUGH BLVD SE @ GAULT ST SE,MCDONOUGH BLVD SE @ PARK AVE SE,0.127
MCDONOUGH BLVD SE @ SAWTELL AVE,MCDONOUGH BLVD SE @ ERIC ST SE,0.124
MCDONOUGH BLVD SE @ ERIC ST SE,MCDONOUGH BLVD SE @ MILLER REED AVE S,0.058
MCDONOUGH BLVD SE @ ERIC ST SE,MCDONOUGH BLVD SE @ SAWTELL AVE SE,0.144
MCDONOUGH BLVD SE @ MILLER REED AVE S,MCDONOUGH BLVD SE @ GRANT ST SE,0.087
MCDONOUGH BLVD SE @ MILLER REED AVE S,MCDONOUGH BLVD SE @ ERIC ST SE,0.058
MCDONOUGH BLVD SE @ GRANT ST SE,HILL ST SE @ NOLAN ST SE,0.172
MCDONOUGH BLVD SE @ GRANT ST SE,MCDONOUGH BLVD SE @ MILLER REED AVE S,0.087
HILL ST SE @ NOLAN ST SE,HILL ST SE @ ENGLEWOOD AVE SE,0.208
HILL ST SE @ NOLAN ST SE,HILL ST SE @ MILTON AVE SE,0.107
HILL ST SE @ DALTON ST SE,HILL ST SE @ NOLAN ST SE,0.074
HILL ST SE @ MILTON AVE SE,MCDONOUGH BLVD SE @ GRANT ST SE,0.084
MCDONOUGH BLVD SE @ SAWTELL AVE SE,MCDONOUGH BLVD SE @ GAULT ST SE,0.089
MCDONOUGH BLVD SE @ PARK AVE SE,MCDONOUGH BLVD SE @ BOULEVARD  SE,0.099
UPS DISTRIBUTION CENTER,DONALD L HOLLOWELL PKWY @ BOLTON RD NW,0.557
DONALD L HOLLOWELL PKWY @ BOLTON RD NW,DONALD L HOLLOWELL PKWY @ HARWELL RD NW,0.22
DONALD L HOLLOWELL PKWY @ BOLTON RD NW,BOLTON RD NW @ 1020,0.267
DONALD L HOLLOWELL PKWY @ HARWELL RD NW,DONALD L HOLLOWELL PKWY @ WATTS RD NW,0.221
DONALD L HOLLOWELL PKWY @ WATTS RD NW,DONALD L HOLLOWELL PKWY @ AZLEE PL NW,0.133
DONALD L HOLLOWELL PKWY @ WATTS RD NW,DONALD L HOLLOWELL PKWY @ HARWELL RD,0.21
DONALD L HOLLOWELL PKWY @ WATTS RD NW,HARWELL RD @ DONALD L HOLLOWELL PKWY,0.211
DONALD L HOLLOWELL PKWY @ AZLEE PL NW,DONALD L HOLLOWELL PKWY @ WOODMERE DR NW,0.157
DONALD L HOLLOWELL PKWY @ AZLEE PL NW,DONALD L HOLLOWELL PKWY @ WATTS RD NW,0.133
DONALD L HOLLOWELL PKWY @ WOODMERE DR NW,DONALD L HOLLOWELL PKWY @ KINGS GRANT DR NW,0.326
DONALD L HOLLOWELL PKWY @ KINGS GRANT DR NW,DONALD L HOLLOWELL PWKY @ PEEK RD NW,0.182
DONALD L HOLLOWELL PWKY @ PEEK RD NW,DONALD L HOLLOWELL PKWY @ HAMILTON E HOLMES DR,0.15
DONALD L HOLLOWELL PKWY @ HAMILTON E HOLMES DR,DONALD L HOLLOWELL PKWY @ REGINA DR NW,0.11
DONALD L HOLLOWELL PKWY @ HAMILTON E HOLMES DR,DONALD L HOLLOWELL PKWY @ OZBURN RD NW,0.132
DONALD L HOLLOWELL PKWY @ HAMILTON E HOLMES DR,HAMILTON E HOLMES DR NW @ DONALD L HOLLOWELL PKWY,0.096
DONALD L HOLLOWELL PKWY @ REGINA DR NW,DONALD L HOLLOWELL PKWY @ COMMERCIAL AVE NW,0.114
DONALD L HOLLOWELL PKWY @ COMMERCIAL AVE NW,DONALD L HOLLOWELL PKWY @ PEYTON AVE NW,0.231
DONALD L HOLLOWELL PKWY @ PEYTON AVE NW,DONALD L HOLLOWELL PKWY @ HALL ST,0.081
DONALD L HOLLOWELL PKWY @ PEYTON AVE NW,DONALD L HOLLOWELL PKWY @ WOODS DR NW,0.104
DONALD L HOLLOWELL PKWY @ HALL ST,DONALD L HOLLOWELL PKWY NW @ CENTER HILL AVE NW,0.105
DONALD L HOLLOWELL PKWY NW @ CENTER HILL AVE NW,DONALD L HOLLOWELL PKWY @ OAK ST NW,0.067
DONALD L HOLLOWELL PKWY @ OAK ST NW,DONALD L HOLLOWELL PKWY @ GARY RD NW,0.145
DONALD L HOLLOWELL PKWY @ OAK ST NW,DONALD L HOLLOWELL PKWY @ CENTER HILL AVE,0.08
DONALD L HOLLOWELL PKWY @ GARY RD NW,DONALD L HOLLOWELL PKWY @ COMMODORE DR NW,0.104
DONALD L HOLLOWELL PKWY @ GARY RD NW,DONALD L HOLLOWELL PKWY @ OAK ST NW,0.145
DONALD L HOLLOWELL PKWY @ COMMODORE DR NW,DONALD L HOLLOWELL PKWY NW @ MILDRED PL NW,0.137
DONALD L HOLLOWELL PKWY @ COMMODORE DR NW,DONALD L HOLLOWELL PKWY @ GARY RD NW,0.104
DONALD L HOLLOWELL PKWY NW @ MILDRED PL NW,DONALD L HOLLOWELL PKWY @ EMILY PL NW,0.197
DONALD L HOLLOWELL PKWY @ EMILY PL NW,DONALD L HOLLOWELL PKWY @ EDWIN PL NW,0.243
DONALD L HOLLOWELL PKWY @ EDWIN PL NW,DONALD L HOLLOWELL PKWY @  ELIZABETH PL NW,0.118
DONALD L HOLLOWELL PKWY @ EDWIN PL NW,DONALD L HOLLOWELL PKWY NW @ HOLLYWOOD RD NW,0.098
DONALD L HOLLOWELL PKWY @ EDWIN PL NW,HOLLYWOOD RD NW @ MARGARET PL NW,0.109
DONALD L HOLLOWELL PKWY @  ELIZABETH PL NW,DONALD L HOLLOWELL PKWY @ EVELYN PL NW,0.098
DONALD L HOLLOWELL PKWY @ EVELYN PL NW,DONALD L HOLLOWELL PKWY @ GERTRUDE PL NW,0.083
DONALD L HOLLOWELL PKWY @ EVELYN PL NW,DONALD L HOLLOWELL PKWY @ ELIZABETH PL NW,0.116
DONALD L HOLLOWELL PKWY @ GERTRUDE PL NW,DONALD L HOLLOWELL PKWY @ MATILDA PL NW,0.08
DONALD L HOLLOWELL PKWY @ GERTRUDE PL NW,DONALD L HOLLOWELL PKWY @ EVELYN PL NW,0.083
DONALD L HOLLOWELL PKWY @ MATILDA PL NW,DONALD L HOLLOWELL PKWY @ W LAKE AVE NW,0.073
DONALD L HOLLOWELL PKWY @ MATILDA PL NW,DONALD L HOLLOWELL PKWY @ GERTRUDE PL NW,0.08
DONALD L HOLLOWELL PKWY @ W LAKE AVE NW,DONALD L HOLLOWELL PKWY @ HORTENSE PL,0.119
DONALD L HOLLOWELL PKWY @ W LAKE AVE NW,LAKE AVE NW @ MADRONA ST NW,0.162
DONALD L HOLLOWELL PKWY @ HORTENSE PL,DONALD L HOLLOWELL PKWY @ ELMWOOD RD NW,0.088
DONALD L HOLLOWELL PKWY @ ELMWOOD RD NW,DONALD L HOLLOWELL PKWY @ HOLLY ST NW,0.089
DONALD L HOLLOWELL PKWY @ ELMWOOD RD NW,DONALD L HOLLOWELL PKWY @ FLORENCE PL NW,0.172
DONALD L HOLLOWELL PKWY @ HOLLY ST NW,DONALD L HOLLOWELL PKWY @ CHAPPELL RD NW,0.192
DONALD L HOLLOWELL PKWY @ HOLLY ST NW,DONALD L HOLLOWELL PKWY @ ELMWOOD RD NW,0.089
DONALD L HOLLOWELL PKWY @ CHAPPELL RD NW,DONALD L HOLLOWELL PKWY @ PIERCE AVE NW,0.22
DONALD L HOLLOWELL PKWY @ CHAPPELL RD NW,DONALD L HOLLOWELL PKWY @ HOLLY ST NW,0.192
DONALD L HOLLOWELL PKWY @ PIERCE AVE NW,BANKHEAD STATION,0.103
DONALD L HOLLOWELL PKWY @ PIERCE AVE NW,DONALD L HOLLOWELL PKWY @ CHAPPELL RD NW,0.22
DONALD L HOLLOWELL PKWY @ FINLEY AVE,DONALD L HOLLOWELL PKWY @ SIMMONS ST,0.13
DONALD L HOLLOWELL PKWY @ FINLEY AVE,DONALD L HOLLOWELL PKWY @ MARIETTA BLVD,0.168
DONALD L HOLLOWELL PKWY @ SIMMONS ST,DONALD L HOLLOWELL PKWY @ LINDSAY ST,0.211
DONALD L HOLLOWELL PKWY @ LINDSAY ST,DONALD L HOLLOWELL PKWY @ OLIVER ST,0.062
DONALD L HOLLOWELL PKWY @ OLIVER ST,DONALD L HOLLOWELL PKWY @ PAINES AVE NW,0.072
DONALD L HOLLOWELL PKWY @ OLIVER ST,DONALD L HOLLOWELL PKWY @ JOSEPH E LOWERY BLVD,0.104
DONALD L HOLLOWELL PKWY @ PAINES AVE NW,DONALD L HOLLOWELL PKWY @ GRIFFIN ST NW,0.173
DONALD L HOLLOWELL PKWY @ PAINES AVE NW,ENGLISH AVE NW @ PELHAM ST NW,0.118
DONALD L HOLLOWELL PKWY @ GRIFFIN ST NW,NORTHSIDE DR @ TRAVIS ST,0.13
NORTHSIDE DR @ TRAVIS ST,NORTHSIDE DR @ 610,0.142
NORTHSIDE DR @ 610,NORTH AVE NW @ NORTH YARDS DR NW,0.259
NORTHSIDE DR @ 610,NORTHSIDE DR @ NORTH AVE,0.181
NORTH AVE NW @ NORTH YARDS DR NW,NORTH AVE NW @ STATE ST NW,0.236
NORTH AVE NW @ STATE ST NW,NORTH AVE NW @ LUCKIE ST NW,0.147
NORTH AVE NW @ LUCKIE ST NW,NORTH AVE NW @ FOWLER ST,0.161
NORTH AVE NW @ FOWLER ST,NORTH AVE @ CENTENNIAL OLYMPIC PARK DR,0.062
NORTH AVE NW @ FOWLER ST,NORTH AVE @ CHERRY ST,0.104
NORTH AVE @ CENTENNIAL OLYMPIC PARK DR,NORTH AVE STATION,0.336
ENGLISH AVE NW @ PELHAM ST NW,ENGLISH AVE NW @ NORTH AVE NW,0.087
ENGLISH AVE NW @ PELHAM ST NW,FOX ST @ PAINES AVE,0.065
ENGLISH AVE NW @ NORTH AVE NW,ENGLISH AVE NW @ CAMERON M ALEXANDER BLVD,0.126
ENGLISH AVE NW @ NORTH AVE NW,ENGLISH AVE NW @ PELHAM ST NW,0.087
ENGLISH AVE NW @ CAMERON M ALEXANDER BLVD,CAMERON M ALEXANDER BLVD @ JAMES P BRAWLEY DR,0.048
CAMERON M ALEXANDER BLVD @ JAMES P BRAWLEY DR,CAMERON M ALEXANDER BLVD @ GRIFFIN ST NW,0.083
CAMERON M ALEXANDER BLVD @ GRIFFIN ST NW,CAMERON M ALEXANDER BLVD @ SUNSET AVE NW,0.066
CAMERON M ALEXANDER BLVD @ GRIFFIN ST NW,CAMERON M ALEXANDER BLVD @ J P BRAWLEY DR,0.072
CAMERON M ALEXANDER BLVD @ SUNSET AVE NW,CAMERON M ALEXANDER BLVD @ VINE ST NW,0.134
CAMERON M ALEXANDER BLVD @ SUNSET AVE NW,CAMERON M ALEXANDER BLVD @ GRIFFIN ST NW,0.066
CAMERON M ALEXANDER BLVD @ VINE ST NW,CAMERON M ALEXANDER BLVD @ NORTHSIDE DR,0.164
CAMERON M ALEXANDER BLVD @ NORTHSIDE DR,NORTHSIDE DR NW @ NORTH AVE NW,0.065
CAMERON M ALEXANDER BLVD @ NORTHSIDE DR,CAMERON M ALEXANDER BLVD NW @ VINE ST NW,0.157
NORTHSIDE DR NW @ NORTH AVE NW,NORTH AVE NW @ NORTH YARDS DR NW,0.122
NORTHSIDE DR NW @ NORTH AVE NW,NORTHSIDE DR @ DONALD L HOLLOWELL PKWY,0.352
NORTH AVE NW @ SPRING ST NW,NORTH AVE NW @ TECHWOOD DR NW,0.197
NORTH AVE NW @ SPRING ST NW,CENTENNIAL OLYMPIC PARK DR @ NORTH AVE,0.207
NORTH AVE NW @ TECHWOOD DR NW,NORTH AVE NW @ FOWLER ST,0.091
NORTH AVE @ CHERRY ST,NORTH AVE NW @ TECH PKWY NW,0.026
NORTH AVE @ CHERRY ST,LUCKIE ST @ NORTH AVE,0.054
NORTH AVE NW @ TECH PKWY NW,NORTH AVE NW @ STRONG ST NW,0.405
NORTH AVE NW @ STRONG ST NW,DONALD L HOLLOWELL PKWY @ ECHO ST NW,0.509
NORTH AVE NW @ STRONG ST NW,NORTHSIDE DR @ NORTH AVE,0.118
DONALD L HOLLOWELL PKWY @ ECHO ST NW,DONALD L HOLLOWELL PKWY @ JAMES P BRAWLEY DR,0.113
DONALD L HOLLOWELL PKWY @ JAMES P BRAWLEY DR,DONALD L HOLLOWELL PKWY @ PAINES AVE,0.091
DONALD L HOLLOWELL PKWY @ PAINES AVE,DONALD L HOLLOWELL PKWY @ OLIVER ST,0.064
DONALD L HOLLOWELL PKWY @ JOSEPH E LOWERY BLVD,DONALD L HOLLOWELL PKWY @ ADDIE ST,0.152
DONALD L HOLLOWELL PKWY @ ADDIE ST,DONALD L HOLLOWELL PKWY @ FINLEY AVE,0.146
DONALD L HOLLOWELL PKWY @ FLORENCE PL NW,DONALD L HOLLOWELL PKWY @ MATILDA PL NW,0.105
DONALD L HOLLOWELL PKWY @ ELIZABETH PL NW,DONALD L HOLLOWELL PKWY @ EDWIN PL NW,0.1
DONALD L HOLLOWELL PKWY NW @ HOLLYWOOD RD NW,DONALD L HOLLOWELL PKWY @ N EUGENIA PL NW,0.135
DONALD L HOLLOWELL PKWY @ N EUGENIA PL NW,DONALD L HOLLOWELL PKWY @ WOOD ST NW,0.249
DONALD L HOLLOWELL PKWY @ WOOD ST NW,DONALD L HOLLOWELL PKWY @ COMMODORE DR NW,0.109
DONALD L HOLLOWELL PKWY @ CENTER HILL AVE,DONALD L HOLLOWELL PKWY @ HALL ST NW,0.077
DONALD L HOLLOWELL PKWY @ HALL ST NW,DONALD L HOLLOWELL PKWY @ PEYTON AVE NW,0.097
DONALD L HOLLOWELL PKWY @ WOODS DR NW,DONALD L HOLLOWELL PKWY @ BELLVIEW AVE NW,0.137
DONALD L HOLLOWELL PKWY @ BELLVIEW AVE NW,DONALD L HOLLOWELL PKWY @ HAMILTON E HOLMES DR,0.204
DONALD L HOLLOWELL PKWY @ OZBURN RD NW,DONALD L HOLLOWELL PKWY @ PEEK RD NW,0.061
DONALD L HOLLOWELL PKWY @ PEEK RD NW,DONALD L HOLLOWELL PKWY @ YATES DR NW,0.145
DONALD L HOLLOWELL PKWY @ YATES DR NW,DONALD L HOLLOWELL PKWY @ WOODMERE DR,0.347
DONALD L HOLLOWELL PKWY @ WOODMERE DR,DONALD L HOLLOWELL PKWY @ AZLEE PL NW,0.131
DONALD L HOLLOWELL PKWY @ HARWELL RD,DONALD L HOLLOWELL PKWY @ BOLTON RD,0.196
DONALD L HOLLOWELL PKWY @ BOLTON RD,UPS DISTRIBUTION CENTER,0.587
DONALD L HOLLOWELL PKWY @ BOLTON RD,ATLANTA INDUSTRIAL PKWY @ DONALD L HOLLOWELL PKWY,0.263
NORTHSIDE DR @ NORTH AVE,CAMERON M ALEXANDER BLVD @ NORTHSIDE DR,0.106
NORTHSIDE DR @ NORTH AVE,NORTHSIDE DR NW @ CAMERON M ALEXANDER BLVD NW,0.123
CAMERON M ALEXANDER BLVD NW @ VINE ST NW,CAMERON M ALEXANDER BLVD @ SUNSET AVE NW,0.14
CAMERON M ALEXANDER BLVD @ J P BRAWLEY DR,ENGLISH AVE @ CAMERON M ALEXANDER BLVD NW,0.055
ENGLISH AVE @ CAMERON M ALEXANDER BLVD NW,ENGLISH AVE NW @ NORTH AVE NW,0.109
FOX ST @ PAINES AVE,FOX ST @ JOSEPH E LOWERY BLVD,0.187
FOX ST @ JOSEPH E LOWERY BLVD,DONALD L HOLLOWELL PKWY @ ADDIE ST,0.168
HAMILTON E HOLMES @ MARTIN L KING JR DR,HAMILTON E HOLMES DR NW @ BURTON RD NW,0.273
HAMILTON E HOLMES @ MARTIN L KING JR DR,HAMILTON E HOLMES STATION - BUS LOOP,0.163
HAMILTON E HOLMES @ MARTIN L KING JR DR,BURTON RD NW @ LAUREL CIR NW,0.33
HAMILTON E HOLMES DR NW @ BURTON RD NW,HAMILTON E HOLMES DR @ HARVEL DR NW,0.239
HAMILTON E HOLMES DR NW @ BURTON RD NW,HAMILTON E HOLMES @ MARTIN L KING JR DR,0.273
HAMILTON E HOLMES DR @ HARVEL DR NW,HAMILTON E HOLMES DR NW @ HIGHTOWER CT,0.149
HAMILTON E HOLMES DR NW @ HIGHTOWER CT,HAMILTON E HOLMES DR NW @ JOSEPH E BOONE BLVD NW,0.102
HAMILTON E HOLMES DR NW @ HIGHTOWER CT,HAMILTON E HOLMES DR NW @ GODFREY DR,0.147
HAMILTON E HOLMES DR NW @ HIGHTOWER CT,COLLIER DR NW @ HAMILTON E HOLMES DR,0.129
HAMILTON E HOLMES DR NW @ JOSEPH E BOONE BLVD NW,JOSEPH E BOONE BLVD @ SEWANEE AVE,0.244
HAMILTON E HOLMES DR NW @ JOSEPH E BOONE BLVD NW,HAMILTON E HOLMES DR @ SANTA BARBARA,0.154
JOSEPH E BOONE BLVD @ SEWANEE AVE,JOSEPH E BOONE BLVD @ 2275,0.162
JOSEPH E BOONE BLVD @ SEWANEE AVE,JOSEPH E BOONE BLVD NW @  HAMILTON E HOLMES DR NW,0.182
JOSEPH E BOONE BLVD @ 2275,JOSEPH E BOONE BLVD NW @ 2150,0.338
JOSEPH E BOONE BLVD @ 2275,JOSEPH E BOONE BLVD @ SEWANEE AVE,0.162
JOSEPH E BOONE BLVD NW @ 2150,JOSEPH E BOONE BLVD @ AURORA AVE NW,0.092
JOSEPH E BOONE BLVD @ AURORA AVE NW,JOSEPH E BOONE BLVD @ SPELLMAN ST NW,0.091
JOSEPH E BOONE BLVD @ SPELLMAN ST NW,JOSEPH E BOONE BLVD @ ANDERSON AVE NW,0.164
JOSEPH E BOONE BLVD @ SPELLMAN ST NW,JOSEPH E BOONE BLVD NW @ NEW JERSEY AVE NW,0.151
JOSEPH E BOONE BLVD @ ANDERSON AVE NW,JOSEPH E BOONE BLVD @ DIXIE HILLS CIR NW,0.128
JOSEPH E BOONE BLVD @ ANDERSON AVE NW,JOSEPH E BOONE BLVD @ 2015,0.114
JOSEPH E BOONE BLVD @ DIXIE HILLS CIR NW,JOSEPH E BOONE BLVD NW @ SIMPSON TER NW,0.112
JOSEPH E BOONE BLVD @ DIXIE HILLS CIR NW,JOSEPH E BOONE BLVD @ ANDERSON AVE NW,0.128
JOSEPH E BOONE BLVD NW @ SIMPSON TER NW,JOSEPH E BOONE BLVD @ W LAKE AVE NW,0.441
JOSEPH E BOONE BLVD @ W LAKE AVE NW,JOSEPH E BOONE BLVD NW @ W LAKE DR NW,0.003
JOSEPH E BOONE BLVD NW @ W LAKE DR NW,JOSEPH E BOONE BLVD NW @ HOLLY RD NW,0.131
JOSEPH E BOONE BLVD NW @ W LAKE DR NW,HOLLY RD NW @ JOSEPH E BOONE BLVD,0.107
JOSEPH E BOONE BLVD NW @ HOLLY RD NW,JOSEPH E BOONE BLVD @ WOODLAWN AVE,0.119
JOSEPH E BOONE BLVD @ WOODLAWN AVE,JOSEPH E BOONE BLVD @ CHAPPELL RD,0.123
JOSEPH E BOONE BLVD @ WOODLAWN AVE,CHAPPELL RD @ JOSEPH E BOONE BLVD,0.136
JOSEPH E BOONE BLVD @ CHAPPELL RD,JOSEPH E BOONE BLVD @ BURBANK DR NW,0.188
JOSEPH E BOONE BLVD @ BURBANK DR NW,JOSEPH E BOONE BLVD NW @ TROY ST NW,0.171
JOSEPH E BOONE BLVD NW @ TROY ST NW,JOSEPH E BOONE BLVD @ MAYSON TURNER,0.081
JOSEPH E BOONE BLVD @ MAYSON TURNER,JOSEPH E BOONE BLVD @ ARCHER WAY NW,0.116
JOSEPH E BOONE BLVD @ ARCHER WAY NW,JOSEPH E BOONE BLVD NW @ TEMPLE ST NW,0.075
JOSEPH E BOONE BLVD @ ARCHER WAY NW,JOSEPH E BOONE BLVD @ TROY ST NW,0.208
JOSEPH E BOONE BLVD NW @ TEMPLE ST NW,JOSEPH E BOONE BLVD @ CAIRO ST NW,0.128
JOSEPH E BOONE BLVD @ CAIRO ST NW,JOSEPH E BOONE BLVD @ JOSEPH E LOWERY BLVD,0.131
JOSEPH E BOONE BLVD @ CAIRO ST NW,JOSEPH E BOONE BLVD @ FLOWERS PL,0.09
JOSEPH E BOONE BLVD @ JOSEPH E LOWERY BLVD,JOSEPH E BOONE BLVD @ SCIPLE TER NW,0.159
JOSEPH E BOONE BLVD @ JOSEPH E LOWERY BLVD,JOSEPH E BOONE BLVD @ JOSEPH E LOWERY BLVD,0.0
JOSEPH E BOONE BLVD @ JOSEPH E LOWERY BLVD,JOSEPH E BOONE BLVD @ CAIRO ST NW,0.131
JOSEPH E BOONE BLVD @ SCIPLE TER NW,JOSEPH E BOONE BLVD NW @ JAMES P BRAWLEY,0.091
JOSEPH E BOONE BLVD @ SCIPLE TER NW,JOSEPH E BOONE BLVD @ JOSEPH E LOWERY BLVD,0.159
JOSEPH E BOONE BLVD NW @ JAMES P BRAWLEY,JOSEPH E BOONE BLVD NW @ GRIFFIN ST NW,0.114
JOSEPH E BOONE BLVD NW @ GRIFFIN ST NW,JOSEPH E BOONE BLVD @ SUNSET AVE NW,0.092
JOSEPH E BOONE BLVD @ SUNSET AVE NW,JOSEPH E BOONE BLVD @ VINE ST NW,0.129
JOSEPH E BOONE BLVD @ VINE ST NW,JOSEPH E BOONE BLVD @ MAPLE ST NW,0.123
JOSEPH E BOONE BLVD @ VINE ST NW,JOSEPH E BOONE BLVD @ ELM ST NW,0.087
JOSEPH E BOONE BLVD @ MAPLE ST NW,JOSEPH E BOONE BLVD @ NORTHSIDE DR,0.125
JOSEPH E BOONE BLVD @ MAPLE ST NW,JOSEPH E BOONE BLVD @ VINE ST NW,0.123
JOSEPH E BOONE BLVD @ NORTHSIDE DR,IVAN ALLEN JR BLVD @ MARIETTA ST,0.331
IVAN ALLEN JR BLVD @ MARIETTA ST,IVAN ALLEN JR BLVD NW @ LUCKIE ST,0.109
IVAN ALLEN JR BLVD @ MARIETTA ST,LUCKIE ST @ MILLS ST,0.105
IVAN ALLEN JR BLVD NW @ LUCKIE ST,CENTENNIAL OLYMPIC PARK DR @ MILLS ST,0.228
IVAN ALLEN JR BLVD NW @ LUCKIE ST,JOSEPH E BOONE BLVD @ EDWARDS ST NW,0.461
CENTENNIAL OLYMPIC PARK DR @ MILLS ST,CENTENNIAL OLYMPIC PARK DR @ HUNNICUTT ST,0.082
CENTENNIAL OLYMPIC PARK DR @ MILLS ST,IVAN ALLEN JR BLVD NW @ LOVEJOY ST,0.086
CENTENNIAL OLYMPIC PARK DR @ HUNNICUTT ST,CENTENNIAL OLYMPIC PARK DR @ PINE ST NW,0.083
CENTENNIAL OLYMPIC PARK DR @ HUNNICUTT ST,CENTENNIAL OLYMPIC PARK DR @ MILLS ST,0.082
CENTENNIAL OLYMPIC PARK DR @ PINE ST NW,CENTENNIAL OLYMPIC PARK DR @ NORTH AVE NW,0.223
CENTENNIAL OLYMPIC PARK DR @ NORTH AVE NW,NORTH AVE STATION,0.305
LUCKIE ST @ MILLS ST,LUCKIE ST @ HUNNICUTT ST,0.112
LUCKIE ST @ HUNNICUTT ST,LUCKIE ST NW @ MERRITTS AVE,0.151
LUCKIE ST @ HUNNICUTT ST,LUCKIE ST @ IVAN ALLEN JR BLVD,0.13
LUCKIE ST NW @ MERRITTS AVE,LUCKIE ST @ NORTH AVE,0.141
LUCKIE ST NW @ MERRITTS AVE,LUCKIE ST @ HUNNICUTT ST,0.151
LUCKIE ST @ NORTH AVE,NORTH AVE NW @ FOWLER ST,0.153
LUCKIE ST @ NORTH AVE,LUCKIE ST NW @ MERRITTS AVE,0.141
CENTENNIAL OLYMPIC PARK DR @ NORTH AVE,CENTENNIAL OLYMPIC PARK DR @ MERRITSS AVE,0.135
CENTENNIAL OLYMPIC PARK DR @ MERRITSS AVE,CENTENNIAL OLYMPIC PARK DR @ HUNNICUTT ST,0.157
IVAN ALLEN JR BLVD NW @ LOVEJOY ST,IVAN ALLEN JR BLVD NW @ LUCKIE ST,0.145
JOSEPH E BOONE BLVD @ EDWARDS ST NW,JOSEPH E BOONE BLVD @ MAPLE ST NW,0.103
JOSEPH E BOONE BLVD @ ELM ST NW,JOSEPH E BOONE BLVD @ GRIFFIN ST NW,0.12
JOSEPH E BOONE BLVD @ GRIFFIN ST NW,JOSEPH E BOONE BLVD @ JAMES P BRAWLEY DR NW,0.08
JOSEPH E BOONE BLVD @ JAMES P BRAWLEY DR NW,JOSEPH E BOONE BLVD @ SCIPLE TER NW,0.138
JOSEPH E BOONE BLVD @ FLOWERS PL,JOSEPH E BOONE BLVD @ ARCHER WAY NW,0.114
JOSEPH E BOONE BLVD @ TROY ST NW,JOSEPH E BOONE BLVD @ MAYSON TURNER RD NW,0.154
JOSEPH E BOONE BLVD @ MAYSON TURNER RD NW,JOSEPH E BOONE BLVD @ CHAPPELL RD NW,0.176
JOSEPH E BOONE BLVD @ CHAPPELL RD NW,JOSEPH E BOONE BLVD NW @ WOODLAWN AVE NW,0.132
JOSEPH E BOONE BLVD NW @ WOODLAWN AVE NW,JOSEPH E BOONE BLVD @ HOLLY RD/ST,0.166
JOSEPH E BOONE BLVD NW @ WOODLAWN AVE NW,HOLLY RD NW @ JOSEPH E BOONE BLVD,0.153
JOSEPH E BOONE BLVD @ HOLLY RD/ST,JOSEPH E BOONE BLVD NW @ LANIER ST NW,0.082
JOSEPH E BOONE BLVD NW @ LANIER ST NW,JOSEPH E BOONE BLVD @ SIMPSON TER NW,0.443
JOSEPH E BOONE BLVD NW @ LANIER ST NW,W LAKE AVE @ JOSEPH E BOONE BLVD,0.1
JOSEPH E BOONE BLVD @ SIMPSON TER NW,JOSEPH E BOONE BLVD @ DIXIE HILLS CIR NW,0.118
JOSEPH E BOONE BLVD @ 2015,JOSEPH E BOONE BLVD @ SPELLMAN ST NW,0.05
JOSEPH E BOONE BLVD NW @ NEW JERSEY AVE NW,JOSEPH E BOONE BLVD NW @ 2125,0.091
JOSEPH E BOONE BLVD NW @ 2125,JOSEPH E BOONE BLVD @ 2275,0.311
JOSEPH E BOONE BLVD NW @  HAMILTON E HOLMES DR NW,HAMILTON E HOLMES DR NW @ HIGHTOWER CT,0.15
HAMILTON E HOLMES DR NW @ GODFREY DR,HAMILTON E HOLMES DR NW @ BURTON RD NW,0.24
LUCKIE ST @ IVAN ALLEN JR BLVD,JOSEPH E BOONE BLVD @ EDWARDS ST NW,0.435
CAPITOL AVE @ FULTON ST,HANK AARON DR @ RALPH D ABERNATHY BLVD,0.319
HANK AARON DR @ RALPH D ABERNATHY BLVD,HANK AARON DR SW @ BILL LUCAS DR SW,0.21
HANK AARON DR SW @ BILL LUCAS DR SW,HANK AARON DR SW @ LITTLE ST SE,0.068
HANK AARON DR SW @ LITTLE ST SE,HANK AARON DR @ ORMOND ST SE,0.083
HANK AARON DR SW @ LITTLE ST SE,HANK AARON DR @ BILL LUCAS DR SE,0.052
HANK AARON DR @ ATLANTA AVE SE,HANK AARON DR @ VANIRA AVE SE,0.091
HANK AARON DR @ ATLANTA AVE SE,HANK AARON DR @ ORMOND ST SE,0.131
HANK AARON DR @ VANIRA AVE SE,HANK AARON DR SW @ HAYGOOD AVE SW,0.193
HANK AARON DR @ VANIRA AVE SE,HANK AARON DR @ ATLANTA AVE SE,0.091
HANK AARON DR SW @ HAYGOOD AVE SW,WEYMAN AVE @ HANK AARON DR,0.083
HANK AARON DR SW @ HAYGOOD AVE SW,HANK AARON DR @ VANIRA AVE SE,0.193
WEYMAN AVE @ HANK AARON DR,WEYMAN AVE SW @ RIDGE AVE SW,0.132
WEYMAN AVE SW @ RIDGE AVE SW,RIDGE AVE SW @ PULLIAM ST,0.125
WEYMAN AVE SW @ RIDGE AVE SW,WEYMAN AVE SW @ HANK AARON DR SW,0.133
RIDGE AVE SW @ PULLIAM ST,UNIVERSITY AVE SW @ PRYOR RD SW,0.346
RIDGE AVE SW @ PULLIAM ST,PRYOR RD SW @ UNIVERSITY AVE SW,0.297
UNIVERSITY AVE SW @ PRYOR RD SW,UNIVERSITY AVE SW @ 71,0.139
UNIVERSITY AVE SW @ 71,MCDONOUGH BLVD SE @ MARCY ST SE,0.216
UNIVERSITY AVE SW @ 71,PRYOR RD @ UNIVERSITY AVE,0.229
MCDONOUGH BLVD SE @ MARCY ST SE,MCDONOUGH BLVD SE @ JONESBORO RD SE,0.098
MCDONOUGH BLVD SE @ MARCY ST SE,UNIVERSITY AVE SW @ 71,0.216
MCDONOUGH BLVD SE @ JONESBORO RD SE,JONESBORO RD SE @ GAMMON AVE SE,0.047
JONESBORO RD SE @ GAMMON AVE SE,JONESBORO RD SE @ MARTIN AVE SE,0.069
JONESBORO RD SE @ MARTIN AVE SE,JONESBORO RD SE @ THIRKIELD AVE SE,0.187
JONESBORO RD SE @ THIRKIELD AVE SE,JONESBORO RD SE @ MOURY AVE SE,0.146
JONESBORO RD SE @ MOURY AVE SE,JONESBORO RD SE @ MELDON AVE SE,0.113
JONESBORO RD SE @ MOURY AVE SE,JONESBORO RD SE @ HARRIETT ST SE,0.133
JONESBORO RD SE @ MELDON AVE SE,JONESBORO RD SE @ LETHEA ST SE,0.147
JONESBORO RD SE @ LETHEA ST SE,JONESBORO RD SE @ WHATLEY ST SE,0.218
JONESBORO RD SE @ LETHEA ST SE,JONESBORO RD SE @ MARGARET ST SE,0.131
JONESBORO RD SE @ WHATLEY ST SE,JONESBORO RD SE @ CLAIRE DR SE,0.124
JONESBORO RD SE @ CLAIRE DR SE,JONESBORO RD SE @ BROWNS MILL RD,0.177
JONESBORO RD SE @ BROWNS MILL RD,BROWNS MILL RD SE @ ADELLE ST SE,0.192
BROWNS MILL RD SE @ ADELLE ST SE,BROWNS MILL RD SE @ GREENDALE DR SE,0.052
BROWNS MILL RD SE @ ADELLE ST SE,BROWNS MILL RD SE @ JONESBORO RD SE,0.162
BROWNS MILL RD SE @ GREENDALE DR SE,BROWNS MILL RD SE @ 2039,0.092
BROWNS MILL RD SE @ 2039,BROWNS MILL RD @ HARPER RD,0.121
BROWNS MILL RD @ HARPER RD,HARPER RD SE @ BURROUGHS AVE SE,0.154
BROWNS MILL RD @ HARPER RD,HARPER RD SE @ MEADOR AVE SE,0.368
HARPER RD SE @ BURROUGHS AVE SE,JONESBORO RD SE @ HARPER RD SE,0.094
HARPER RD SE @ BURROUGHS AVE SE,HARPER RD SE @ JERNIGAN DR SE,0.063
JONESBORO RD SE @ HARPER RD SE,JONESBORO RD SE @ CONSTITUTION RD SE,0.27
JONESBORO RD SE @ HARPER RD SE,HARPER RD SE @ BURROUGHS AVE SE,0.094
JONESBORO RD SE @ CONSTITUTION RD SE,JONESBORO RD SE @ MIDWAY ST SE,0.291
JONESBORO RD SE @ CONSTITUTION RD SE,JONESBORO RD SE @ HARPER RD SE,0.27
JONESBORO RD SE @ 2491,JONESBORO RD SE @ CLEVELAND AVE SE,0.385
JONESBORO RD SE @ CLEVELAND AVE SE,JONESBORO RD SE @ SPRINGSIDE DR SE,0.313
JONESBORO RD SE @ CLEVELAND AVE SE,JONESBORO RD SE @ 2520,0.41
JONESBORO RD SE @ CLEVELAND AVE SE,CLEVELAND AVE @ JONESBORO RD,0.07
JONESBORO RD SE @ SPRINGSIDE DR SE,JONESBORO RD SE @ 2961,0.226
JONESBORO RD SE @ SPRINGSIDE DR SE,JONESBORO RD SE @ CLEVELAND AVE SE,0.313
JONESBORO RD SE @ 2961,HUTCHENS RD SE @ JONESBORO RD SE,0.132
HUTCHENS RD SE @ JONESBORO RD SE,HUTCHENS RD SE @ 565,0.155
HUTCHENS RD SE @ JONESBORO RD SE,JONESBORO RD SE @ 2980,0.107
HUTCHENS RD SE @ 565,HUTCHENS RD SE @ KING SMITH RD SE,0.162
HUTCHENS RD SE @ KING SMITH RD SE,HUTCHENS RD SE @ DONNEBROOK LN SE,0.095
HUTCHENS RD SE @ KING SMITH RD SE,HUTCHENS RD SE @ 560,0.127
HUTCHENS RD SE @ DONNEBROOK LN SE,HUTCHENS RD @ KATOMARICK DR,0.156
HUTCHENS RD SE @ DONNEBROOK LN SE,HUTCHENS RD SE @ KING SMITH RD SE,0.095
HUTCHENS RD @ KATOMARICK DR,HUTCHENS RD SE @ 860,0.203
HUTCHENS RD SE @ 860,HUTCHENS RD SE @ 916,0.067
HUTCHENS RD SE @ 916,HUTCHENS RD @ FORREST PARK RD,0.258
HUTCHENS RD SE @ 916,HUTCHENS RD SE @ 852,0.095
HUTCHENS RD @ FORREST PARK RD,FORREST PARK RD SE @ PINE FOREST DR,0.478
FORREST PARK RD SE @ PINE FOREST DR,FORREST PARK RD SE @ EISENHOWER RD SE,0.127
FORREST PARK RD SE @ EISENHOWER RD SE,FORREST PARK RD SE @ OAKSHIRE WAY SE,0.176
FORREST PARK RD SE @ EISENHOWER RD SE,FORREST PARK RD SE @ PINE FOREST DR SE,0.184
FORREST PARK RD SE @ OAKSHIRE WAY SE,FORREST PARK RD SE @ FOREST VALLEY DR,0.21
FORREST PARK RD SE @ OAKSHIRE WAY SE,FORREST PARK RD SE @ EISENHOWER RD SE,0.176
FORREST PARK RD SE @ FOREST VALLEY DR,FORREST PARK RD @ CONLEY RD,0.126
FORREST PARK RD @ CONLEY RD,CONLEY RD SE @ 900,0.075
CONLEY RD SE @ 900,CONLEY RD SE @ JONESBORO RD SE,0.287
CONLEY RD SE @ JONESBORO RD SE,JONESBORO RD @ RUSKIN DR,0.14
JONESBORO RD @ RUSKIN DR,JONESBORO RD @ SCOTT RD,0.242
JONESBORO RD @ RUSKIN DR,JONESBORO RD SE @ CONLEY RD SE,0.114
JONESBORO RD @ SCOTT RD,JONESBORO RD @ 4161,0.18
JONESBORO RD @ SCOTT RD,JONESBORO RD @ RUSKIN DR,0.242
JONESBORO RD @ 4161,JONESBORO RD @ CONLEY RD,0.131
JONESBORO RD @ 4161,JONESBORO RD @ SCOTT RD,0.18
JONESBORO RD @ CONLEY RD,JONESBORO RD @ COLLEGE ST,0.359
JONESBORO RD @ CONLEY RD,JONESBORO RD @ 4161,0.131
JONESBORO RD @ COLLEGE ST,JONESBORO RD @ ERNEST DR,0.176
JONESBORO RD @ ERNEST DR,JONESBORO RD @ OLD JONESBORO RD,0.259
JONESBORO RD @ ERNEST DR,JONESBORO RD @ THURMAN RD,0.229
JONESBORO RD @ OLD JONESBORO RD,JONESBORO RD @ GRACE DR,0.21
JONESBORO RD @ OLD JONESBORO RD,JONESBORO RD @ ERNEST DR,0.259
JONESBORO RD @ OLD JONESBORO RD,OLD NATIONAL HWY @ JONESBORO RD,8.232
JONESBORO RD @ OLD JONESBORO RD,JONESBORO RD @ 3565,9.854
JONESBORO RD @ GRACE DR,JONESBORO RD @ FOREST AVE,0.135
JONESBORO RD @ GRACE DR,JONESBORO RD @ OLD JONESBORO RD,0.21
JONESBORO RD @ FOREST AVE,JONESBORO RD @ MARIE ST,0.231
JONESBORO RD @ MARIE ST,MAIN ST @ JONESBORO RD,0.148
MAIN ST @ JONESBORO RD,MAIN ST @ PHILLIPS DR,0.209
MAIN ST @ PHILLIPS DR,MAIN ST @ COLLEGE ST,0.283
MAIN ST @ COLLEGE ST,FOREST PKWY @ ASH ST,0.092
FOREST PKWY @ ASH ST,FOREST PKWY @ MAPLE DR,0.164
FOREST PKWY @ ASH ST,FOREST PKWY @ LAKE DR,0.245
FOREST PKWY @ MAPLE DR,FOREST PKWY @ BARTLETT DR,0.283
FOREST PKWY @ BARTLETT DR,JONESBORO RD @ METCALF RD,0.254
FOREST PKWY @ BARTLETT DR,FOREST PKWY @ 1193,0.245
FOREST PKWY @ BARTLETT DR,FOREST PKWY @ PHILLIPS DR,0.229
JONESBORO RD @ METCALF RD,JONESBORO RD @ MAIN ST,0.188
JONESBORO RD @ METCALF RD,FLANKERS RD @ METCALF CONN,0.767
JONESBORO RD @ MAIN ST,JONESBORO RD @ BARTLETT RD,0.213
JONESBORO RD @ BARTLETT RD,JONESBORO RD @ WATTS RD,0.191
JONESBORO RD @ WATTS RD,JONESBORO RD @ GRACE DR,0.142
JONESBORO RD @ THURMAN RD,JONESBORO RD @ CONLEY RD,0.306
JONESBORO RD SE @ CONLEY RD SE,CONLEY RD SE @ 925,0.358
CONLEY RD SE @ 925,FORREST PARK RD SE @ CONLEY RD SE,0.105
FORREST PARK RD SE @ CONLEY RD SE,FORREST PARK RD SE @ FOREST VALLEY DR SE,0.079
FORREST PARK RD SE @ FOREST VALLEY DR SE,FORREST PARK RD SE @ OAKSHIRE WAY SE,0.212
FORREST PARK RD SE @ PINE FOREST DR SE,HUTCHENS RD SE @ FORREST PARK RD SE,0.426
HUTCHENS RD SE @ FORREST PARK RD SE,HUTCHENS RD SE @ 916,0.242
HUTCHENS RD SE @ 852,HUTCHENS RD SE @ KATOMARICK DR SE,0.184
HUTCHENS RD SE @ KATOMARICK DR SE,HUTCHENS RD SE @ DONNEBROOK LN SE,0.146
HUTCHENS RD SE @ 560,HUTCHENS RD SE @ JONESBORO RD SE,0.19
JONESBORO RD SE @ 2980,JONESBORO RD SE @ SPRINGSIDE DR SE,0.251
JONESBORO RD SE @ 2520,JONESBORO RD SE @ MCWILLIAMS RD SE,0.167
JONESBORO RD SE @ 2267,JONESBORO RD SE @ CONSTITUTION RD SE,0.152
HARPER RD SE @ JERNIGAN DR SE,HARPER RD SE @ BROWNS MILL RD SE,0.082
HARPER RD SE @ BROWNS MILL RD SE,BROWNS MILL RD SE @ 2045,0.101
BROWNS MILL RD SE @ 2045,BROWNS MILL RD SE @ MERRILYN DR SE,0.092
BROWNS MILL RD SE @ MERRILYN DR SE,BROWNS MILL RD SE @ ADELLE ST SE,0.074
BROWNS MILL RD SE @ JONESBORO RD SE,JONESBORO RD SE @ SAWTELL AVE SE,0.193
JONESBORO RD SE @ SAWTELL AVE SE,JONESBORO RD @ LAKEWOOD AVE,0.239
JONESBORO RD SE @ SAWTELL AVE SE,LAKEWOOD AVE SE @ LIVERMORE ST SE,0.205
JONESBORO RD @ LAKEWOOD AVE,JONESBORO RD SE @ LETHEA ST SE,0.115
JONESBORO RD SE @ MARGARET ST SE,JONESBORO RD SE @ MOURY AVE SE,0.128
JONESBORO RD SE @ HARRIETT ST SE,JONESBORO RD SE @ BISBEE AVE SE,0.183
JONESBORO RD SE @ BISBEE AVE SE,JONESBORO RD SE @ MCDONOUGH BLVD SE,0.118
JONESBORO RD SE @ MCDONOUGH BLVD SE,MCDONOUGH BLVD SE @ MARCY ST SE,0.117
RIDGE AVE SW @ PULLIAM ST SW,WEYMAN AVE SW @ RIDGE AVE SW,0.13
WEYMAN AVE SW @ HANK AARON DR SW,HANK AARON DR SW @ HAYGOOD AVE SW,0.088
WEYMAN AVE SW @ HANK AARON DR SW,MILTON AVE SE @ 79,0.237
HANK AARON DR @ BILL LUCAS DR SE,HANK AARON DR SE @ GEORGIA AVE SE,0.178
HANK AARON DR SE @ GEORGIA AVE SE,CAPITOL AVE SE @ POLLARD BLVD SW,0.418
CAPITOL AVE SE @ POLLARD BLVD SW,CAPITOL AVE @ MEMORIAL DR,0.246
CAPITOL AVE @ MEMORIAL DR,MARTIN L KING J DR @ WASHINGTON ST SW,0.263
JAMES JACKSON PKWY @ BOLTON RD,PEYTON RD @ JAMES JACKSON PKWY,0.194
BROWNTOWN RD @ REY ST,BROWNTOWN RD @ MALDO RD,0.145
BROWNTOWN RD @ MALDO RD,BROWNTOWN RD @ 2765,0.133
BROWNTOWN RD @ MALDO RD,BROWNTOWN RD @ BOLTON RD,0.205
BROWNTOWN RD @ MALDO RD,MALDO DR NW @ CARDO DR NW,0.11
BROWNTOWN RD @ 2765,BROWNTOWN RD @ JAMES JACKSON PKWY,0.161
BROWNTOWN RD @ JAMES JACKSON PKWY,BROWNTOWN RD NW @ 2571,0.223
BROWNTOWN RD @ JAMES JACKSON PKWY,JAMES JACKSON PKWY @ JAMES JACKSON CT,0.177
BROWNTOWN RD NW @ 2571,HOLLYWOOD RD NW @ BROWNTOWN RD NW,0.118
BROWNTOWN RD NW @ 2571,BROWNTOWN RD NW @ AUDREY PL,0.248
HOLLYWOOD RD NW @ BROWNTOWN RD NW,HOLLYWOOD RD NW @ 1730,0.11
HOLLYWOOD RD NW @ BROWNTOWN RD NW,HOLLYWOOD RD NW @ PERRY BLVD NW,0.139
HOLLYWOOD RD NW @ 1730,HOLLYWOOD RD NW @ ARNO DR NW,0.17
HOLLYWOOD RD NW @ 1730,BROWNTOWN RD NW @ HOLLYWOOD RD NW,0.143
HOLLYWOOD RD NW @ 1730,HOLLYWOOD RD NW @ BROWNTOWN RD NW,0.11
HOLLYWOOD RD NW @ ARNO DR NW,HOLLYWOOD RD @ GUN CLUB RD,0.329
HOLLYWOOD RD NW @ ARNO DR NW,HOLLYWOOD RD NW @ 1730,0.17
HOLLYWOOD RD @ GUN CLUB RD,HOLLYWOOD RD @ SAINT PAUL AVE,0.368
HOLLYWOOD RD @ GUN CLUB RD,HOLLYWOOD RD NW @ ARNO DR NW,0.329
HOLLYWOOD RD @ GUN CLUB RD,HIGHTOWER RD NW @ CENTER ST NW,0.316
HOLLYWOOD RD @ SAINT PAUL AVE,HOLLYWOOD RD @ SPRING ST,0.094
HOLLYWOOD RD @ SPRING ST,HOLLYWOOD RD @ ALVIN DR,0.096
HOLLYWOOD RD @ ALVIN DR,HOLLYWOOD RD NW @ BROOKS AVE NW,0.26
HOLLYWOOD RD NW @ BROOKS AVE NW,HOLLYWOOD RD NW @ GRAND AVE NW,0.202
HOLLYWOOD RD NW @ BROOKS AVE NW,HOLLYWOOD RD NW @ ALVIN DR NW,0.249
HOLLYWOOD RD NW @ GRAND AVE NW,HOLLYWOOD RD NW @ HOLLYWOOD DR NW,0.053
HOLLYWOOD RD NW @ HOLLYWOOD DR NW,HOLLYWOOD RD NW @ MILDRED PL NW,0.103
HOLLYWOOD RD NW @ MILDRED PL NW,HOLLYWOOD RD NW @ CATO ST NW,0.081
HOLLYWOOD RD NW @ CATO ST NW,HOLLYWOOD RD NW @ SUMLIN AVE NW,0.066
HOLLYWOOD RD NW @ SUMLIN AVE NW,HOLLYWOOD RD NW @ EUGENIA PL NW,0.194
HOLLYWOOD RD NW @ EUGENIA PL NW,HOLLYWOOD RD NW @ 843,0.076
HOLLYWOOD RD NW @ EUGENIA PL NW,HOLLYWOOD RD NW @ LOUISE PL NW,0.061
HOLLYWOOD RD NW @ 843,HOLLYWOOD RD NW @ DONALD L HOLLOWELL PKWY NW,0.089
HOLLYWOOD RD NW @ DONALD L HOLLOWELL PKWY NW,DONALD L HOLLOWELL PKWY @ EDWIN PL NW,0.104
LAKE AVE NW @ MADRONA ST NW,LAKE AVE NW @ NORTH AVE NW,0.182
LAKE AVE NW @ NORTH AVE NW,W LAKE AVE NW @ NEKOMA ST NW,0.103
W LAKE AVE NW @ NEKOMA ST NW,W LAKE AVE NW @ CARLISLE ST,0.055
W LAKE AVE NW @ NEKOMA ST NW,W LAKE AVE NW @ NORTH AVE NW,0.081
W LAKE AVE NW @ CARLISLE ST,W LAKE AVE NW @ JOSEPH E BOONE BLVD,0.091
W LAKE AVE NW @ JOSEPH E BOONE BLVD,W LAKE AVE @ JOSEPH E BOONE BLVD,0.095
W LAKE AVE @ JOSEPH E BOONE BLVD,W LAKE AVE NW @ EZRA CHURCH DR NW,0.107
W LAKE AVE NW @ EZRA CHURCH DR NW,W LAKE AVE NW @ SPRINGVIEW RD NW,0.11
W LAKE AVE NW @ EZRA CHURCH DR NW,W LAKE AVE NW @ JOSEPH E BOONE BLVD NW,0.124
W LAKE AVE NW @ SPRINGVIEW RD NW,W LAKE AVE NW @ TIGER FLOWERS DR NW,0.076
W LAKE AVE NW @ TIGER FLOWERS DR NW,W LAKE AVE NW @ CALLOWAY DR NW,0.108
W LAKE AVE NW @ CALLOWAY DR NW,W LAKE AVE NW @ PORTER DR NW,0.152
W LAKE AVE NW @ CALLOWAY DR NW,W LAKE AVE NW @ LAKE CT NW,0.08
W LAKE AVE NW @ PORTER DR NW,WEST LAKE STATION - EAST LOOP,0.202
W LAKE AVE NW @ PORTER DR NW,W LAKE AVE NW @ CALLOWAY DR NW,0.152
WEST LAKE STATION - EAST LOOP,RALPH D ABERNATHY BLVD @ 1701,0.365
WEST LAKE STATION - EAST LOOP,W LAKE AVE NW @ PORTER DR NW,0.202
WEST LAKE STATION - EAST LOOP,MARTIN L KING JR DR NW @ GORDON TER,0.163
RALPH D ABERNATHY BLVD @ 1701,RALPH D ABERNATHY BLVD SW @ WESTVIEW DR SW,0.079
RALPH D ABERNATHY BLVD @ 1701,RALPH D ABERNATHY BLVD @ W LAKE AVE SW,0.136
RALPH D ABERNATHY BLVD SW @ WESTVIEW DR SW,RALPH D ABERNATHY BLVD @ LAUREL AVE,0.116
RALPH D ABERNATHY BLVD @ LAUREL AVE,RALPH D ABERNATHY BLVD SW @ W ONTARIO AVE SW,0.063
RALPH D ABERNATHY BLVD SW @ W ONTARIO AVE SW,RALPH D ABERNATHY BLVD @ WELLINGTON ST,0.085
RALPH D ABERNATHY BLVD @ WELLINGTON ST,LUCILE AVE SW @ RALPH D ABERNATHY BLVD,0.14
LUCILE AVE SW @ RALPH D ABERNATHY BLVD,LUCILE AVE SW @ ALTOONA PL SW,0.119
LUCILE AVE SW @ ALTOONA PL SW,LUCILE AVE SW @ MUSE ST SW,0.087
LUCILE AVE SW @ ALTOONA PL SW,LUCILE AVE SW @ MATHEWSON PL SW,0.065
LUCILE AVE SW @ MUSE ST SW,LUCILE AVE SW @ LANGHORN ST SW,0.074
LUCILE AVE SW @ MUSE ST SW,LUCILE AVE SW @ ALTOONA PL SW,0.087
LUCILE AVE SW @ LANGHORN ST SW,LUCILE AVE SW @ HOPKINS ST SW,0.108
LUCILE AVE SW @ LANGHORN ST SW,LUCILE AVE SW @ MUSE ST SW,0.074
LUCILE AVE SW @ HOPKINS ST SW,LUCILE AVE SW @ ATWOOD ST SW,0.095
LUCILE AVE SW @ HOPKINS ST SW,LUCILE AVE SW @ LANGHORN ST SW,0.108
LUCILE AVE SW @ ATWOOD ST SW,LUCILE AVE SW @ HOLDERNESS ST SW,0.094
LUCILE AVE SW @ ATWOOD ST SW,LUCILE AVE SW @ HOPKINS ST SW,0.095
LUCILE AVE SW @ HOLDERNESS ST SW,LUCILE AVE SW @ DARGAN PL SW,0.134
LUCILE AVE SW @ DARGAN PL SW,LUCILE AVE SW @ LAWTON ST SW,0.12
LUCILE AVE SW @ DARGAN PL SW,LUCILE AVE @ HOLDERNESS ST,0.107
LUCILE AVE SW @ LAWTON ST SW,LUCILE AVE SW @ LAWTON ST SW,0.0
LUCILE AVE SW @ LAWTON ST SW,LUCILE AVE SW @ PEEPLES ST SW,0.137
LUCILE AVE SW @ LAWTON ST SW,LUCILE AVE SW @ DARGAN PL SW,0.12
LUCILE AVE SW @ PEEPLES ST SW,OAK ST SW @ JOSEPH E LOWERY BLVD,0.158
LUCILE AVE SW @ PEEPLES ST SW,LUCILE AVE SW @ LAWTON ST SW,0.137
OAK ST SW @ JOSEPH E LOWERY BLVD,JOSEPH E LOWERY BLVD @ 577,0.088
LUCILE AVE SW @ JOSEPH E LOWERY BLVD,LUCILE AVE SW @ PEEPLES ST SW,0.146
LUCILE AVE @ HOLDERNESS ST,LUCILE AVE SW @ ATWOOD ST SW,0.121
LUCILE AVE SW @ MATHEWSON PL SW,LUCILE AVE @ RALPH D ABERNATHY BLVD,0.056
LUCILE AVE @ RALPH D ABERNATHY BLVD,RALPH D ABERNATHY BLVD @ WELLINGTON ST SW,0.129
RALPH D ABERNATHY BLVD @ WELLINGTON ST SW,RALPH D ABERNATHY BLVD @ W ONTARIO AVE SW,0.069
RALPH D ABERNATHY BLVD @ W ONTARIO AVE SW,RALPH D ABERNATHY BLVD @ LAUREL AVE SW,0.095
RALPH D ABERNATHY BLVD @ LAUREL AVE SW,RALPH D ABERNATH BLVD @ WESTVIEW DR SW,0.084
RALPH D ABERNATH BLVD @ WESTVIEW DR SW,RALPH D ABERNATHY BLVD @ 1701,0.101
RALPH D ABERNATHY BLVD @ W LAKE AVE SW,RALPH D ABERNATHY BLVD @ MARTIN L KING JR DR,0.076
RALPH D ABERNATHY BLVD @ MARTIN L KING JR DR,WEST LAKE STATION - EAST LOOP,0.182
W LAKE AVE NW @ LAKE CT NW,W LAKE AVE NW @ EZRA CHURCH DR NW,0.209
W LAKE AVE NW @ JOSEPH E BOONE BLVD NW,W LAKE AVE NW @ 359,0.086
W LAKE AVE NW @ JOSEPH E BOONE BLVD NW,JOSEPH E BOONE BLVD NW @ W LAKE DR NW,0.077
W LAKE AVE NW @ 359,W LAKE AVE NW @ CARLISLE ST NW,0.083
W LAKE AVE NW @ CARLISLE ST NW,W LAKE AVE NW @ NEKOMA ST NW,0.054
W LAKE AVE NW @ NORTH AVE NW,W LAKE AVE NW @ MADRONA ST NW,0.224
W LAKE AVE NW @ MADRONA ST NW,W LAKE AVE @ DONALD L HOLLOWELL PKWY,0.1
W LAKE AVE @ DONALD L HOLLOWELL PKWY,DONALD L HOLLOWELL PKWY @ MATILDA PL NW,0.112
HOLLYWOOD RD NW @ MARGARET PL NW,HOLLYWOOD RD NW @ 829,0.089
HOLLYWOOD RD NW @ 829,HOLLYWOOD RD NW @ EUGENIA PL NW,0.074
HOLLYWOOD RD NW @ LOUISE PL NW,HOLLYWOOD RD NW @ JOHNSON RD NW,0.107
HOLLYWOOD RD NW @ JOHNSON RD NW,HOLLYWOOD RD NW @ GUN CLUB RD NW,0.165
HOLLYWOOD RD NW @ GUN CLUB RD NW,HOLLYWOOD RD @ MILTON AVE,0.147
HOLLYWOOD RD @ MILTON AVE,HOLLYWOOD RD NW @ N GRAND AVE NW,0.074
HOLLYWOOD RD NW @ N GRAND AVE NW,HOLLYWOOD RD NW @ BROOKS AVE NW,0.152
HOLLYWOOD RD NW @ ALVIN DR NW,HOLLYWOOD RD NW @ SPRING ST NW,0.1
HOLLYWOOD RD NW @ SPRING ST NW,HOLLYWOOD RD NW @ SAINT PAUL AVE NW,0.093
HOLLYWOOD RD NW @ SAINT PAUL AVE NW,HOLLYWOOD RD @ GUN CLUB RD,0.374
BROWNTOWN RD NW @ HOLLYWOOD RD NW,BROWNTOWN RD NW @ 2571,0.109
BROWNTOWN RD NW @ AUDREY PL,BROWNTOWN RD NW @ 2741,0.095
BROWNTOWN RD NW @ AUDREY PL,MARCO DR @ 1659,0.105
BROWNTOWN RD NW @ 2741,BROWNTOWN RD NW @ 2783,0.087
BROWNTOWN RD NW @ 2783,BROWNTOWN RD @ MALDO RD,0.085
BROWNTOWN RD @ BOLTON RD,BOLTON RD @ PEYTON RD,0.284
BOLTON RD @ PEYTON RD,BOLTON RD @ PARROTT AVE,0.253
MALDO DR NW @ CARDO DR NW,MALDO DR NW @ ARGYLE DR NW,0.051
MALDO DR NW @ ARGYLE DR NW,ARGYLE DR NW @ CARDO DR NW,0.139
MALDO DR NW @ ARGYLE DR NW,BROWNTOWN RD @ MALDO RD,0.161
ARGYLE DR NW @ CARDO DR NW,ARGYLE DR NW @ MARCO DR NW,0.097
ARGYLE DR NW @ MARCO DR NW,BRIDGEPORT DR NW @ MARCO DR NW,0.068
BRIDGEPORT DR NW @ MARCO DR NW,BRIDGEPORT DR NW @ ARGYLE DR,0.073
BRIDGEPORT DR NW @ ARGYLE DR,BRIDGEPORT DR @ MARCO DR,0.077
BRIDGEPORT DR @ MARCO DR,BROWNTOWN RD @ JAMES JACKSON PKWY,0.25
BRIDGEPORT DR @ MARCO DR,ARGYLE DR @ CARDO DR,0.142
MARCO DR @ 1659,BRIDGEPORT DR @ MARCO DR,0.136
ARGYLE DR @ CARDO DR,MALDO DR NW @ ARGYLE DR NW,0.136
BOLTON RD NW @ MARIETTA BLVD NW,BOLTON RD NW @ BARNETT DR NW,0.141
BOLTON RD NW @ MARIETTA BLVD NW,BOLTON RD NW @ MOORES MILL RD,0.235
BOLTON RD NW @ BARNETT DR NW,BOLTON RD NW @ 2356,0.156
BOLTON RD NW @ 2356,BOLTON RD NW @ MARIETTA RD NW,0.136
BOLTON RD NW @ MARIETTA RD NW,BOLTON RD @ COLLINS RD,0.118
BOLTON RD @ COLLINS RD,BOLTON RD @ COLLINS DR,0.139
BOLTON RD @ COLLINS DR,BOLTON RD NW @ PAUL AVE NW,0.113
BOLTON RD NW @ PAUL AVE NW,HOLLYWOOD RD NW @ BOLTON RD NW,0.152
HOLLYWOOD RD NW @ BOLTON RD NW,HOLLYWOOD RD NW @ SPINK ST NW,0.108
HOLLYWOOD RD NW @ SPINK ST NW,HOLLYWOOD RD NW @ MAIN ST NW,0.106
HOLLYWOOD RD NW @ SPINK ST NW,HOLLYWOOD RD NW @ 2081,0.035
HOLLYWOOD RD NW @ MAIN ST NW,HOLLYWOOD RD NW @ SMITH ST NW,0.119
HOLLYWOOD RD NW @ MAIN ST NW,HOLLYWOOD RD NW @ SPINK ST NW,0.106
HOLLYWOOD RD NW @ SMITH ST NW,HOLLYWOOD RD @ BURTZ ST,0.146
HIGHTOWER RD NW @ CENTER ST NW,HIGHTOWER RD NW @ ETHERIDGE DR NW,0.153
HIGHTOWER RD NW @ ETHERIDGE DR NW,HIGHTOWER RD @ SAINT JAMES AVE NW,0.191
HIGHTOWER RD NW @ ETHERIDGE DR NW,HIGHTOWER RD NW @ WEST AVE NW,0.058
HIGHTOWER RD @ SAINT JAMES AVE NW,HIGHTOWER RD NW @ 7TH ST NW,0.1
HIGHTOWER RD NW @ 7TH ST NW,HIGHTOWER RD NW @ JAMES DR NW,0.135
HIGHTOWER RD NW @ JAMES DR NW,HIGHTOWER RD @ 954,0.11
HIGHTOWER RD NW @ JAMES DR NW,HIGHTOWER RD NW @ NORTHWEST DR NW,0.122
HIGHTOWER RD @ 954,HIGHTOWER RD NW @ WHITING ST NW,0.167
HIGHTOWER RD @ 954,HIGHTOWER RD NW @ JAMES DR NW,0.11
HIGHTOWER RD NW @ WHITING ST NW,JAMES JACKSON PKWY @ HIGHTOWER RD,0.105
HIGHTOWER RD NW @ WHITING ST NW,HIGHTOWER RD @ 954,0.167
JAMES JACKSON PKWY @ HIGHTOWER RD,HAMILTON E HOLMES DR NW @ DONALD L HOLLOWELL PKWY,0.133
JAMES JACKSON PKWY @ HIGHTOWER RD,HIGHTOWER RD NW @ WHITING ST NW,0.105
JAMES JACKSON PKWY @ HIGHTOWER RD,JAMES JACKSON PKWY @ 954,0.279
HAMILTON E HOLMES DR NW @ DONALD L HOLLOWELL PKWY,HAMILTON E HOLMES DR NW @ WASHINGTON,0.145
HAMILTON E HOLMES DR NW @ DONALD L HOLLOWELL PKWY,JAMES JACKSON PKWY @ HIGHTOWER RD,0.133
HAMILTON E HOLMES DR NW @ DONALD L HOLLOWELL PKWY,DONALD L HOLLOWELL PKWY @ HAMILTON E HOLMES DR,0.096
HAMILTON E HOLMES DR NW @ WASHINGTON,HAMILTON E HOLMES DR NW @ OLDKNOW DR NW,0.133
HAMILTON E HOLMES DR NW @ OLDKNOW DR NW,HAMILTON E HOLMES DR @ BAKER RIDGE DR,0.08
HAMILTON E HOLMES DR @ BAKER RIDGE DR,HAMILTON E HOLMES DR NW @ BAKER RD NW,0.113
HAMILTON E HOLMES DR NW @ BAKER RD NW,HAMILTON E HOLMES DR NW @ RENFRO DR N,0.068
HAMILTON E HOLMES DR NW @ BAKER RD NW,HAMILTON E HOLMES DR NW @ BAKER RIDGE DR NW,0.085
HAMILTON E HOLMES DR NW @ BAKER RD NW,BAKER RD NW @ HOOD AVE NW,0.119
HAMILTON E HOLMES DR NW @ RENFRO DR N,HAMILTON E HOLMES DR NW @ RYNE ST NW,0.082
HAMILTON E HOLMES DR NW @ RYNE ST NW,HAMILTON E HOLMES DR @ SANTA BARBARA,0.154
HAMILTON E HOLMES DR NW @ RYNE ST NW,HAMILTON E HOLMES DR @ RENFRO DR,0.057
HAMILTON E HOLMES DR @ SANTA BARBARA,HAMILTON E HOLMES DR @ SANTA BARBARA,0.0
HAMILTON E HOLMES DR @ SANTA BARBARA,HAMILTON E HOLMES DR NW @ COLLIER DR,0.1
HAMILTON E HOLMES DR @ SANTA BARBARA,HAMILTON E HOLMES DR NW @ RYNE ST,0.078
HAMILTON E HOLMES DR NW @ COLLIER DR,HAMILTON E HOLMES DR NW @ HIGHTOWER CT,0.152
HAMILTON E HOLMES DR NW @ RYNE ST,HAMILTON E HOLMES DR NW @ RYNE ST NW,0.084
HAMILTON E HOLMES DR @ RENFRO DR,HAMILTON E HOLMES DR NW @ BAKER RD NW,0.094
HAMILTON E HOLMES DR NW @ BAKER RIDGE DR NW,HAMILTON E HOLMES DR NW @ OLDKNOW DR,0.107
HAMILTON E HOLMES DR NW @ OLDKNOW DR,HAMILTON E HOLMES DR NW @ WASHINGTON ST NW,0.116
HAMILTON E HOLMES DR NW @ WASHINGTON ST NW,JAMES JACKSON PKWY @ HIGHTOWER RD,0.291
HAMILTON E HOLMES DR NW @ WASHINGTON ST NW,HAMILTON E HOLMES DR NW @ DONALD L HOLLOWELL PKWY,0.158
HIGHTOWER RD NW @ NORTHWEST DR NW,HIGHTOWER RD NW @ SAINT JAMES AVE NW,0.102
HIGHTOWER RD NW @ SAINT JAMES AVE NW,HIGHTOWER RD NW @ ETHERIDGE DR NW,0.198
HIGHTOWER RD NW @ WEST AVE NW,HIGHTOWER RD @ HOLLYWOOD RD,0.277
HIGHTOWER RD @ HOLLYWOOD RD,HOLLYWOOD RD @ GUN CLUB RD,0.136
HOLLYWOOD RD NW @ FELKER WARD ST NW,HOLLYWOOD RD NW @ MAIN ST NW,0.125
HOLLYWOOD RD NW @ 2081,HOLLYWOOD RD NW @ BOLTON RD,0.111
HOLLYWOOD RD NW @ BOLTON RD,BOLTON RD NW @ HOLLYWOOD RD,0.056
BOLTON RD NW @ HOLLYWOOD RD,BOLTON RD @ PAUL AVE,0.105
BOLTON RD @ PAUL AVE,BOLTON RD NW @ COLLINS RD NW,0.148
BOLTON RD NW @ COLLINS RD NW,BOLTON RD @ MARIETTA RD,0.176
BOLTON RD @ MARIETTA RD,BOLTON RD NW @ 2353,0.185
BOLTON RD NW @ 2353,BOLTON RD @ BARNETT DR,0.112
BOLTON RD @ BARNETT DR,BOLTON RD NW @ MARIETTA BLVD NW,0.137
N COMMERCE DR @ MARKETPLACE BLVD,N COMMERCE DR @ CENTER PKWY,0.418
N COMMERCE DR @ MARKETPLACE BLVD,PRINCETON LAKES PKWY @ REDWINE RD,0.295
N COMMERCE DR @ MARKETPLACE BLVD,REDWINE RD @ CREST RIDGE DR,0.22
N COMMERCE DR @ CENTER PKWY,CENTRE PKWY @ 3201,0.279
CENTRE PKWY @ 3201,CENTRE PKWY @ 3000,0.193
CENTRE PKWY @ 3201,CENTRE PKWY @ N COMMERCE DR,0.229
CENTRE PKWY @ 3000,CENTRE PKWY @ 1500,0.128
CENTRE PKWY @ 3000,CENTRE PKWY @ 3201,0.193
CENTRE PKWY @ 1500,CENTRE PKWY @ 1100,0.077
CENTRE PKWY @ 1100,OLD FAIRBURN RD @ CAMP CREEK PKWY,1.01
OLD FAIRBURN RD @ CAMP CREEK PKWY,OLD FAIRBURN RD @ SOMERSET TRL,0.309
OLD FAIRBURN RD @ CAMP CREEK PKWY,PRINCETON LAKES PKWY @ CAMP CREEK PKWY,1.027
OLD FAIRBURN RD @ SOMERSET TRL,FAIRBURN RD @ VILLAGE PARK LN,0.115
OLD FAIRBURN RD @ SOMERSET TRL,OLD FAIRBURN RD @ CAMP CREEK PKWY,0.309
FAIRBURN RD @ VILLAGE PARK LN,FAIRBURN RD @ WELCOME ALL RD,0.132
FAIRBURN RD @ WELCOME ALL RD,FAIRBURN RD @ LANDING SOUTH DR,0.119
FAIRBURN RD @ LANDING SOUTH DR,FAIRBURN RD SW @ REDWINE PKWY SW,0.377
FAIRBURN RD SW @ REDWINE PKWY SW,FAIRBURN RD SW @ 3070,0.274
FAIRBURN RD SW @ REDWINE PKWY SW,FAIRBURN RD SW @ LANDINGS NORTH DR,0.332
FAIRBURN RD SW @ 3070,FAIRBURN RD @ STEPHANIE DR,0.182
FAIRBURN RD @ STEPHANIE DR,N CAMP CREEK PKWY @ FAIRBURN RD,0.08
N CAMP CREEK PKWY @ FAIRBURN RD,N CAMP CREEK PKWY @ NARRON DR,0.145
N CAMP CREEK PKWY @ NARRON DR,N CAMP CREEK PKWY @ DARRAH DR,0.119
N CAMP CREEK PKWY @ DARRAH DR,HOGAN RD @ N CAMP CREEK PKWY,0.109
HOGAN RD @ N CAMP CREEK PKWY,HOGAN RD SW @ CAMBRIDGE DR SW,0.102
HOGAN RD SW @ CAMBRIDGE DR SW,HOGAN RD @ STONE RD,0.148
HOGAN RD @ STONE RD,STONE RD @ MEADOWBRIDGE DR,0.15
STONE RD @ MEADOWBRIDGE DR,STONE RD SW @ N CAMP CREEK PKWY SW,0.12
STONE RD @ MEADOWBRIDGE DR,HOGAN RD SW @ STONE RD SW,0.159
STONE RD SW @ N CAMP CREEK PKWY SW,STONE HOGAN CONNECTOR SW @ N CAMP CREEK PKWY,0.223
STONE HOGAN CONNECTOR SW @ N CAMP CREEK PKWY,STONE HOGAN CONNECTOR SW @ 2950,0.155
STONE HOGAN CONNECTOR SW @ 2950,STONE HOGAN CONNECTOR SW @ HOGAN RD SW,0.163
STONE HOGAN CONNECTOR SW @ HOGAN RD SW,CONTINENTAL COLONY PKWY SW @ 3060,0.171
CONTINENTAL COLONY PKWY SW @ 3060,CONTINENTAL COLONY PKWY SW @ 3030,0.153
CONTINENTAL COLONY PKWY SW @ 3030,CONTINENTAL COLONY PKWY SW @ 2999,0.083
CONTINENTAL COLONY PKWY SW @ 2999,CONTINENTAL COLONY PKWY SW @ RIVIERA DR,0.101
CONTINENTAL COLONY PKWY SW @ RIVIERA DR,CONTINENTAL COLONY PKWY SW @ GREENBRIAR PKWY SW,0.131
CONTINENTAL COLONY PKWY SW @ GREENBRIAR PKWY SW,GREENBRIAR PKWY @ THE FONTAINEBLEAU SW,0.138
CONTINENTAL COLONY PKWY SW @ GREENBRIAR PKWY SW,CONTINENTAL COLONY PKWY @ RIVIERA DR,0.112
GREENBRIAR PKWY @ THE FONTAINEBLEAU SW,GREENBRIAR PKWY @ HEADLAND DR SW,0.182
GREENBRIAR PKWY @ THE FONTAINEBLEAU SW,HEADLAND DR SW @ GREENBRIAR PKWY SW,0.168
GREENBRIAR PKWY @ HEADLAND DR SW,MT GILEAD RD SW @ CAMPBELLTON RD SW,0.177
GREENBRIAR PKWY @ HEADLAND DR SW,CAMPBELLTON RD @ GREENBRIAR PKWY,0.173
GREENBRIAR PKWY @ HEADLAND DR SW,LAKEWOOD/FT MCPHERSON STATION,3.49
MT GILEAD RD SW @ CAMPBELLTON RD SW,MT GILEAD RD SW @ DALE LN,0.124
MT GILEAD RD SW @ CAMPBELLTON RD SW,GREENBRIAR PKWY SW @ CAMPBELLTON RD SW,0.091
MT GILEAD RD SW @ DALE LN,DALE LN SW @ COUNTRY CLUB LN SW,0.228
DALE LN SW @ COUNTRY CLUB LN SW,DALE LN @ MEADOWLANE DR,0.08
DALE LN SW @ COUNTRY CLUB LN SW,DALE LN SW @ MT GILEAD RD SW,0.217
DALE LN @ MEADOWLANE DR,MEADOWLANE DR SW @ 2160,0.182
MEADOWLANE DR SW @ 2160,MT GILEAD RD SW @ CASCADE PARC BLVD,0.114
MT GILEAD RD SW @ CASCADE PARC BLVD,MT GILEAD RD @ PANTHER TRL,0.13
MT GILEAD RD @ PANTHER TRL,PANTHER TRL SW @ STAR MIST DR SW,0.242
PANTHER TRL SW @ STAR MIST DR SW,PANTHER TRL SW @ CHILDRESS DR SW,0.218
PANTHER TRL SW @ CHILDRESS DR SW,CHILDRESS DR SW @ 2010,0.164
CHILDRESS DR SW @ 2010,CHILDRESS DR SW @ MCMURRAY DR SW,0.159
CHILDRESS DR SW @ MCMURRAY DR SW,CHILDRESS DR SW @ 1860,0.136
CHILDRESS DR SW @ MCMURRAY DR SW,CHILDRESS DR SW @ 2007,0.187
CHILDRESS DR SW @ 1860,LANDRUM DR SW @ CHILDRESS DR SW,0.123
CHILDRESS DR SW @ 1860,CHILDRESS DR SW @ MCMURRAY DR SW,0.136
LANDRUM DR SW @ CHILDRESS DR SW,LANDRUM DR SW @ DEVON DR SW,0.216
LANDRUM DR SW @ DEVON DR SW,LANDRUM DR SW @ HARBIN RD SW,0.14
LANDRUM DR SW @ HARBIN RD SW,HARBIN RD @ LAURENS WAY SW,0.233
HARBIN RD @ LAURENS WAY SW,HARBIN RD SW @ WRIGHT DR SW,0.2
HARBIN RD SW @ WRIGHT DR SW,HARBIN RD @ 1512,0.113
HARBIN RD @ 1512,HARBIN RD SW @ 1352,0.276
HARBIN RD SW @ 1352,CASCADE RD @ LYNHURST DR,0.259
CASCADE RD @ LYNHURST DR,LYNHURST DR SW @ LYNWAY LN SW,0.135
LYNHURST DR SW @ LYNWAY LN SW,LYNHURST DR SW @ MANGUM LN SW,0.205
LYNHURST DR SW @ MANGUM LN SW,LYNHURST DR SW @ VALLEYDALE DR SW,0.117
LYNHURST DR SW @ MANGUM LN SW,CHILDRESS DR SW @ 1860,1.398
LYNHURST DR SW @ VALLEYDALE DR SW,LYNHURST DR SW @ HAZELWOOD DR SW,0.096
LYNHURST DR SW @ VALLEYDALE DR SW,LYNHURST DR SW @ MANGUM LN SW,0.117
LYNHURST DR SW @ HAZELWOOD DR SW,LYNHURST DR SW @ SPREADING OAK DR SW,0.172
LYNHURST DR SW @ HAZELWOOD DR SW,LYNHURST DR SW @ VALLEYDALE DR SW,0.096
LYNHURST DR SW @ HAZELWOOD DR SW,CASCADE RD SW @ KINGSDALE DR SW,0.62
LYNHURST DR SW @ SPREADING OAK DR SW,LYNHURST DR @ BENJAMIN E MAYS DR,0.202
LYNHURST DR SW @ SPREADING OAK DR SW,LYNHURST DR SW @ HAZELWOOD DR SW,0.172
LYNHURST DR @ BENJAMIN E MAYS DR,LYNHURST DR SW @ BENJAMIN E MAYS DR S,0.043
LYNHURST DR @ BENJAMIN E MAYS DR,LYNHURST DR @ BENJAMIN E MAYS DR,0.0
LYNHURST DR @ BENJAMIN E MAYS DR,LYNHURST DR SW @ SPREADING OAK DR SW,0.202
LYNHURST DR @ BENJAMIN E MAYS DR,BENJAMIN E MAYS DR SW @ TUCKWANNA DR SW,0.215
LYNHURST DR SW @ BENJAMIN E MAYS DR S,LYNHURST DR SW @ LYNN DR SW,0.187
LYNHURST DR SW @ LYNN DR SW,LYNHURST DR @ LYNN CIR,0.129
LYNHURST DR SW @ LYNN DR SW,LYNHURST DR @ BENJAMIN E MAYS DR,0.229
LYNHURST DR @ LYNN CIR,LYNHURST DR SW @ LYNN CIR SW,0.086
LYNHURST DR SW @ LYNN CIR SW,LYNHURST DR SW @ RABUN DR SW,0.118
LYNHURST DR SW @ LYNN CIR SW,LYNHURST DR SW @ LYNN DR SW,0.214
LYNHURST DR SW @ RABUN DR SW,LYNHURST DR SW @ IVAN HILL DR SW,0.138
LYNHURST DR SW @ RABUN DR SW,LYNHURST DR SW @ LYNN CIR SW,0.118
LYNHURST DR SW @ IVAN HILL DR SW,LYNHURST DR @ WESTPORT WAY,0.071
LYNHURST DR SW @ IVAN HILL DR SW,LYNHURST DR SW @ RABUN DR SW,0.138
LYNHURST DR @ WESTPORT WAY,LYNHURST DR SW @ REBECCA DR SW,0.11
LYNHURST DR @ WESTPORT WAY,LYNHURST DR SW @ IVAN HILL DR SW,0.071
LYNHURST DR SW @ REBECCA DR SW,LYNHURST DR SW @ LYNHURST CIR SW,0.118
LYNHURST DR SW @ REBECCA DR SW,LYNHURST DR @ WESTPORT WAY,0.11
LYNHURST DR SW @ LYNHURST CIR SW,LYNHURST DR @ 155,0.136
LYNHURST DR SW @ LYNHURST CIR SW,LYNHURST DR SW @ REBECCA DR SW,0.118
LYNHURST DR @ 155,LYNHURST DR @ MARTIN LUTHER KING J DR,0.169
LYNHURST DR @ 155,LYNHURST DR SW @ LYNHURST CIR SW,0.136
LYNHURST DR @ MARTIN LUTHER KING J DR,MARTIN L KING JR DR SW @ 3050,0.139
MARTIN L KING JR DR SW @ 3050,MARTIN L KING JR DR SW @ 2950,0.124
MARTIN L KING JR DR SW @ 3050,LYNHURST DR @ MARTIN L KING JR DR,0.177
MARTIN L KING JR DR SW @ 3050,MARTIN L KING JR DR SW @ LYNHURST DR SW,0.164
MARTIN L KING JR DR SW @ 2950,MARTIN L KING JR DR SW @ LINKWOOD RD NW,0.192
MARTIN L KING JR DR SW @ LINKWOOD RD NW,MARTIN L KING J DR SW @ 2800,0.193
MARTIN L KING J DR SW @ 2800,MARTIN L KING JR DR SW @ PEYTON PL,0.091
MARTIN L KING JR DR SW @ PEYTON PL,MARTIN L KING JR DR @ WESTLAND BLVD NW,0.171
MARTIN L KING JR DR @ WESTLAND BLVD NW,MARTIN L KING JR DR @ 2600,0.077
MARTIN L KING JR DR @ 2600,HAMILTON E HOLMES STATION - BUS LOOP,0.192
MARTIN L KING JR DR @ 2600,MARTIN L KING JR DR @ WILLIS MILL RD SW,0.335
MARTIN L KING JR DR SW @ 2500,MARTIN L KING JR DR SW @ WESTLAND BLVD NW,0.166
MARTIN L KING JR DR SW @ WESTLAND BLVD NW,MARTIN L KING JR DR SW @ PEYTON PL SW,0.223
MARTIN L KING JR DR SW @ PEYTON PL SW,MARTIN L KING JR DR SW @ 2800,0.142
MARTIN L KING JR DR SW @ 2800,MARTIN L KING J DR SW @ LINKWOOD RD NW,0.181
MARTIN L KING JR DR SW @ 2800,HARLAN RD SW @ EMERALD CT SW,0.274
MARTIN L KING J DR SW @ LINKWOOD RD NW,MARTIN LUTHER KING J DR @ 2950,0.167
MARTIN LUTHER KING J DR @ 2950,MARTIN L KING JR DR SW @ 3050,0.135
LYNHURST DR @ MARTIN L KING JR DR,LYNHURST DR @ 155,0.129
CHILDRESS DR SW @ 2007,CHILDRESS DR SW @ PANTHER TRL,0.12
CHILDRESS DR SW @ PANTHER TRL,PANTHER TRL @ STAR MIST DR,0.204
PANTHER TRL @ STAR MIST DR,MT GILEAD RD SW @ IMPERIAL CIR SW,0.281
MT GILEAD RD SW @ IMPERIAL CIR SW,MT GILEAD RD SW @ MEADOWLANE DR SW,0.15
MT GILEAD RD SW @ MEADOWLANE DR SW,MEADOWLANE DR SW @ 2153,0.12
MEADOWLANE DR SW @ 2153,MEADOWLANE DR SW @ DALE LN SW,0.168
MEADOWLANE DR SW @ DALE LN SW,DALE LN SW @ COUNTRY CLUB LN SW,0.096
DALE LN SW @ MT GILEAD RD SW,MT GILEAD RD SW @ CAMPBELLTON RD SW,0.131
GREENBRIAR PKWY SW @ CAMPBELLTON RD SW,GREENBRIAR PKWY @ THE FONTAINEBLEAU,0.226
GREENBRIAR PKWY SW @ CAMPBELLTON RD SW,GREENBRIAR PKWY SW @ HEADLAND DR SW,0.116
GREENBRIAR PKWY @ THE FONTAINEBLEAU,CONTINENTAL COLONY PKWY SW @ GREENBRIAR PKWY SW,0.161
GREENBRIAR PKWY @ THE FONTAINEBLEAU,GREENBRIAR PKWY SW @ CONTINENTAL COLONY PKWY SW,0.176
CONTINENTAL COLONY PKWY @ RIVIERA DR,CONTINENTAL COLONY PKWY @ 2999,0.092
CONTINENTAL COLONY PKWY @ 2999,CONTINENTAL COLONY PKWY @ 3033,0.113
CONTINENTAL COLONY PKWY @ 3033,CONTINENTAL COLONY PKWY @ HOGAN RD,0.094
CONTINENTAL COLONY PKWY @ HOGAN RD,CONTINENTAL COLONY PKWY SW @ HOGAN RD SW,0.182
CONTINENTAL COLONY PKWY SW @ HOGAN RD SW,STONE HOGAN RD CONNE @ CAMP CREEK,0.354
STONE HOGAN RD CONNE @ CAMP CREEK,STONE HOGAN RD CONNE @ CAMP CREEK,0.0
STONE HOGAN RD CONNE @ CAMP CREEK,N CAMP CREEK PKWY SW @ STONE RD SW,0.203
N CAMP CREEK PKWY SW @ STONE RD SW,STONE RD @ MEADOWBRIDGE DR,0.122
N CAMP CREEK PKWY SW @ STONE RD SW,N CAMP CREEK PKWY SW @ 3540,0.227
N CAMP CREEK PKWY SW @ STONE RD SW,STONE HOGAN CONNECTOR SW @ N CAMP CREEK PKWY,0.215
HOGAN RD SW @ STONE RD SW,HOGAN RD @ CAMBRIDGE DR,0.145
HOGAN RD @ CAMBRIDGE DR,HOGAN RD @ N CAMP CREEK PKWY SW,0.092
HOGAN RD @ N CAMP CREEK PKWY SW,N CAMP CREEK PKWY SW @ DARRAH DR SW,0.088
N CAMP CREEK PKWY SW @ DARRAH DR SW,N CAMP CREEK PKWY SW @ NARRON DR SW,0.124
N CAMP CREEK PKWY SW @ NARRON DR SW,N CAMP CREEK PKWY SW @ ALEXANDRIA DR SW,0.182
N CAMP CREEK PKWY SW @ ALEXANDRIA DR SW,FAIRBURN RD SW @ STEPHANIE DR SW,0.082
FAIRBURN RD SW @ STEPHANIE DR SW,FAIRBURN RD @ 3070,0.209
FAIRBURN RD @ 3070,FAIRBURN RD SW @ REDWINE PKWY SW,0.249
FAIRBURN RD SW @ LANDINGS NORTH DR,FAIRBURN RD SW @ WELCOME ALL RD,0.166
FAIRBURN RD SW @ WELCOME ALL RD,FAIRBURN RD SW @ VILLAGE PARK LN,0.122
FAIRBURN RD SW @ VILLAGE PARK LN,OLD FAIRBURN RD @ SOMERSET TRL,0.123
PRINCETON LAKES PKWY @ CAMP CREEK PKWY,PRINCETON LAKES PKWY @ CAR MIA DR,0.117
PRINCETON LAKES PKWY @ CAMP CREEK PKWY,WELCOME ALL RD CONN @ WELCOME ALL RD,0.546
PRINCETON LAKES PKWY @ CAMP CREEK PKWY,CENTRE PKWY @ 1800,0.342
PRINCETON LAKES PKWY @ CAR MIA DR,PRINCETON LAKES PKWY @ 3725,0.095
PRINCETON LAKES PKWY @ CAR MIA DR,PRINCETON LAKES PKWY @ CAMP CREEK PKWY,0.117
PRINCETON LAKES PKWY @ 3725,PRINCETON LAKES PKWY SW @ REDWINE RD,0.122
PRINCETON LAKES PKWY SW @ REDWINE RD,REDWINE RD SW @ N COMMERCE DR,0.295
REDWINE RD SW @ N COMMERCE DR,N COMMERCE DR @ MARKETPLACE BLVD,0.129
REDWINE RD SW @ N COMMERCE DR,MARKETPLACE BLVD @ SHELBY LN,0.258
MARTIN L KING JR DR SW @ LYNHURST DR SW,BOULDER PARK DR SW @ MARTIN L KING JR DR,0.187
MARTIN L KING JR DR SW @ LYNHURST DR SW,MARTIN L KING JR DR SW @ 3050,0.164
MARTIN L KING JR DR SW @ LYNHURST DR SW,MARTIN L KING JR DR SW @ MIDDLETON RD NW,0.158
BOULDER PARK DR SW @ MARTIN L KING JR DR,CUSHMAN CIR SW @ BOULDER PARK DR SW,0.137
BOULDER PARK DR SW @ MARTIN L KING JR DR,MARTIN L KING JR DR SW @ LYNHURST DR SW,0.187
CUSHMAN CIR SW @ BOULDER PARK DR SW,CUSHMAN CIR SW @ WILKINS LN SW,0.08
CUSHMAN CIR SW @ BOULDER PARK DR SW,BOULDER PARK DR SW @ MARTIN L KING JR DR,0.137
CUSHMAN CIR SW @ WILKINS LN SW,WILKINS LN SW @ SCOTT ST SW,0.064
WILKINS LN SW @ SCOTT ST SW,SCOTT ST SW @ 108,0.148
SCOTT ST SW @ 108,SCOTT ST SW @ BROWNLEE RD SW,0.116
SCOTT ST SW @ BROWNLEE RD SW,BROWNLEE RD SW @ DAMERON CIR SW,0.273
SCOTT ST SW @ BROWNLEE RD SW,SCOTT ST SW @ 309,0.111
BROWNLEE RD SW @ DAMERON CIR SW,BROWNLEE RD SW @ RABUN DR SW,0.19
BROWNLEE RD SW @ DAMERON CIR SW,SCOTT ST SW @ BROWNLEE RD SW,0.273
BROWNLEE RD SW @ RABUN DR SW,BROWNLEE RD SW @ CEDAR ISLAND DR SW,0.116
BROWNLEE RD SW @ RABUN DR SW,BROWNLEE RD SW @ DAMERON CIR SW,0.19
BROWNLEE RD SW @ CEDAR ISLAND DR SW,BENJAMIN E MAYS DR SW @ BRAEMAR AVE SW,0.129
BROWNLEE RD SW @ CEDAR ISLAND DR SW,BROWNLEE RD SW @ RABUN DR SW,0.116
BENJAMIN E MAYS DR SW @ BRAEMAR AVE SW,BENJAMIN E MAYS DR SW @ LAURELMONT DR SW,0.235
BENJAMIN E MAYS DR SW @ LAURELMONT DR SW,BENJAMIN E MAYS DR SW @ LYNHURST DR SW,0.178
BENJAMIN E MAYS DR SW @ LYNHURST DR SW,BENJAMIN E MAYS DR SW @ TUCKWANNA DR SW,0.237
BENJAMIN E MAYS DR SW @ LYNHURST DR SW,BENJAMIN E MAYS DR SW @ W MANOR CIR SW,0.203
BENJAMIN E MAYS DR SW @ TUCKWANNA DR SW,BENJAMIN E MAYS DR @ MOCKINGBIRD LN SW,0.204
BENJAMIN E MAYS DR @ MOCKINGBIRD LN SW,BENJAMIN E MAYS DR SW @ BOB WHITE DR SW,0.158
BENJAMIN E MAYS DR SW @ BOB WHITE DR SW,BENJAMIN E MAYS DR SW @ VELTRE CIR SW,0.304
BENJAMIN E MAYS DR SW @ VELTRE CIR SW,BENJAMIN E MAYS DR @ ORIOLE DR,0.161
BENJAMIN E MAYS DR @ ORIOLE DR,BENJAMIN E MAYS DR SW @ WILLIS MILL RD SW,0.143
BENJAMIN E MAYS DR @ ORIOLE DR,BENJAMIN E MAYS DR SW @ PEYTON RD SW,0.153
BENJAMIN E MAYS DR @ ORIOLE DR,CASCADE RD SW @ DODSON DR SW,0.461
BENJAMIN E MAYS DR SW @ WILLIS MILL RD SW,BENJAMIN E MAYS DR SW @ FLAMINGO DR SW,0.295
BENJAMIN E MAYS DR SW @ FLAMINGO DR SW,BEECHER RD SW @ BENJAMIN E MAYS DR SW,0.137
BEECHER RD SW @ BENJAMIN E MAYS DR SW,BEECHER RD SW @ 2356,0.122
BEECHER RD SW @ BENJAMIN E MAYS DR SW,BENJAMIN E MAYS DR SW @ FLAMINGO DR NW,0.134
BEECHER RD SW @ 2356,BEECHER RD @ MT AIRY DR,0.144
BEECHER RD @ MT AIRY DR,BEECHER RD SW @ HIGHVIEW RD SW,0.524
BEECHER RD SW @ HIGHVIEW RD SW,BEECHER RD SW @ BEECHER CIR SW,0.247
BEECHER RD SW @ HIGHVIEW RD SW,BEECHER RD SW @ BEECHER CIR,0.077
BEECHER RD SW @ HIGHVIEW RD SW,BEECHER RD SW @ MT AIRY DR SW,0.521
BEECHER RD SW @ BEECHER CIR SW,BEECHER RD SW @ HIGHVIEW RD SW,0.247
BEECHER RD SW @ BEECHER CIR,BEECHER RD SW @ RECTOR DR SW,0.047
BEECHER RD SW @ RECTOR DR SW,BEECHER RD SW @ SHIRLEY ST SW,0.178
BEECHER RD SW @ RECTOR DR SW,BEECHER RD SW @ BEECHER CIR SW,0.355
BEECHER RD SW @ SHIRLEY ST SW,BEECHER ST SW @ SHIRLEY ST SW,0.14
BEECHER RD SW @ SHIRLEY ST SW,BEECHER RD SW @ RECTOR DR SW,0.178
BEECHER ST SW @ SHIRLEY ST SW,BEECHER ST SW @ KENNOLIA DR SW,0.103
BEECHER ST SW @ KENNOLIA DR SW,BEECHER ST @ S GORDON ST,0.077
BEECHER ST SW @ KENNOLIA DR SW,BEECHER ST SW @ SHIRLEY ST SW (E),0.108
BEECHER ST @ S GORDON ST,S GORDON ST SW @ S OLYMPIAN WAY SW,0.122
S GORDON ST SW @ S OLYMPIAN WAY SW,S GORDON ST SW @ ROGERS AVE SW,0.126
S GORDON ST SW @ S OLYMPIAN WAY SW,S GORDON ST SW @ BEECHER ST SW,0.107
S GORDON ST SW @ ROGERS AVE SW,S GORDON ST SW @ WESTWOOD AVE SW,0.097
S GORDON ST SW @ ROGERS AVE SW,S GORDON ST SW @ S OLYMPIAN WAY SW,0.126
S GORDON ST SW @ WESTWOOD AVE SW,WESTWOOD AVE SW @ AKRIDGE PL SW,0.193
WESTWOOD AVE SW @ AKRIDGE PL SW,WESTWOOD AVE SW @ AKRIDGE PL SW,0.0
WESTWOOD AVE SW @ AKRIDGE PL SW,WESTWOOD AVE SW @ MANSON AVE SW,0.116
WESTWOOD AVE SW @ AKRIDGE PL SW,WESTWOOD AVE SW @ S GORDON ST SW,0.194
WESTWOOD AVE SW @ MANSON AVE SW,WESTWOOD AVE SW @ ONTARIO AVE SW,0.112
WESTWOOD AVE SW @ MANSON AVE SW,WESTWOOD AVE SW @ AKRIDGE PL SW,0.116
WESTWOOD AVE SW @ ONTARIO AVE SW,WESTWOOD AVE SW @ WILLARD AVE SW,0.066
WESTWOOD AVE SW @ ONTARIO AVE SW,WESTWOOD AVE SW @ MANSON AVE SW,0.112
WESTWOOD AVE SW @ WILLARD AVE SW,WESTWOOD AVE @ CASCADE AVE,0.148
WESTWOOD AVE SW @ WILLARD AVE SW,WESTWOOD AVE SW @ ONTARIO AVE SW,0.066
WESTWOOD AVE @ CASCADE AVE,DONNELLY AVE @ BERNICE ST,0.187
DONNELLY AVE @ BERNICE ST,DONNELLY AVE SW @ ALLEGHENY ST SW,0.201
DONNELLY AVE SW @ ALLEGHENY ST SW,DONNELLY AVE SW @ BEECHER ST SW,0.184
DONNELLY AVE SW @ ALLEGHENY ST SW,DONNELLY AVE SW @ BERNICE ST SW,0.183
DONNELLY AVE SW @ BEECHER ST SW,LAWTON ST SW @ DONNELLY AVE SW,0.191
LAWTON ST SW @ DONNELLY AVE SW,LAWTON ST SW @ MATHEWS ST SW,0.176
LAWTON ST SW @ DONNELLY AVE SW,DONNELLY AVE SW @ OAKLAND DR SW,0.155
LAWTON ST SW @ DONNELLY AVE SW,LAWTON ST SW @ RICHLAND RD SW,0.132
LAWTON ST SW @ MATHEWS ST SW,LAWTON ST SW @ OGLETHORPE AVE SW,0.077
LAWTON ST SW @ MATHEWS ST SW,LAWTON ST SW @ DONNELLY AVE SW,0.176
LAWTON ST SW @ OGLETHORPE AVE SW,OGLETHORPE AVE SW @ LAWTON ST SW,0.074
OGLETHORPE AVE SW @ LAWTON ST SW,OGLETHORPE AVE SW @ PEEPLES ST SW,0.086
OGLETHORPE AVE SW @ LAWTON ST SW,OGLETHORPE AVE SW @ LAWTON ST SW,0.0
OGLETHORPE AVE SW @ LAWTON ST SW,LAWTON ST SW @ MATHEWS ST SW,0.111
OGLETHORPE AVE SW @ PEEPLES ST SW,OGLETHORPE AVE SW @ AZALIA ST SW,0.077
OGLETHORPE AVE SW @ PEEPLES ST SW,OGLETHORPE AVE SW @ LAWTON ST SW,0.086
OGLETHORPE AVE SW @ AZALIA ST SW,OGLETHORPE AVE SW @ JOSEPH E LOWERY BLVD,0.08
OGLETHORPE AVE SW @ JOSEPH E LOWERY BLVD,OGLETHORPE AVE SW @ EVANS ST SW,0.149
OGLETHORPE AVE SW @ EVANS ST SW,WEST END STATION,0.096
LEE ST SW @ POOLE PL SW,LEE ST SW @ OAK ST SW,0.111
LEE ST SW @ OAK ST SW,LEE ST SW @ NORCROSS ST SW,0.194
LEE ST SW @ OAK ST SW,LEE ST SW @ RALPH DAVID ABERNATH BLVD,0.078
LEE ST SW @ OAK ST SW,CHAPEL ST SW @ WESTVIEW DR SW,0.29
LEE ST SW @ NORCROSS ST SW,W END AVE @ LEE ST,0.082
W END AVE @ LEE ST,W END AVE SW @ WELLBORN ST SW,0.058
W END AVE SW @ WELLBORN ST SW,W END AVE SW @ ASHBY ST SW,0.12
W END AVE SW @ ASHBY ST SW,JOSEPH E LOWERY BLVD @ SELLS AVE SW,0.053
LENA ST @ MAYSON TURNER RD,CARTER ST @ LIBERTY COMMONS DR,0.108
CARTER ST @ LIBERTY COMMONS DR,JAMES P BRAWLEY DR @ CARTER ST,0.119
JAMES P BRAWLEY DR @ CARTER ST,MARTIN L KING JR DR NW @ PASCHAL BLVD SW,0.134
WEST END AVE SW @ ASHBY ST SW,WEST END AVE SW @ WELLBORN ST SW,0.101
WEST END AVE SW @ WELLBORN ST SW,LEE ST SW @ W END AV SW,0.085
LEE ST SW @ W END AV SW,LEE ST SW @ OAK ST SW,0.231
LEE ST SW @ RALPH DAVID ABERNATH BLVD,LEE ST @ RALPH DAVID ABERNATH BLVD,0.067
LEE ST @ RALPH DAVID ABERNATH BLVD,WEST END STATION,0.179
OGLETHROPE AVE SW @ EVANS ST SW,OGLETHORPE AVE @ JOSEPH E LOWERY BLVD,0.14
OGLETHORPE AVE @ JOSEPH E LOWERY BLVD,OGLETHORPE AVE SW @ GORDON PL SW,0.105
OGLETHORPE AVE SW @ GORDON PL SW,OGLETHORPE AVE SW @ PEEPLES ST SW,0.075
DONNELLY AVE SW @ OAKLAND DR SW,DONNELLY AVE SW @ ALLEGHENY ST SW,0.22
DONNELLY AVE SW @ BERNICE ST SW,DONNELLY AVE SW @ CASCADE AVE SW,0.189
DONNELLY AVE SW @ CASCADE AVE SW,WESTWOOD AVE SW @ WILLARD AVE SW,0.169
WESTWOOD AVE SW @ S GORDON ST SW,S GORDON ST SW @ ROGERS AVE SW,0.115
S GORDON ST SW @ BEECHER ST SW,BEECHER ST SW @ KENNOLIA DR SW,0.083
BEECHER ST SW @ SHIRLEY ST SW (E),BEECHER RD SW @ SHIRLEY ST SW,0.135
BEECHER RD SW @ MT AIRY DR SW,BEECHER RD SW @ ASHMEL PL SW,0.13
BEECHER RD SW @ ASHMEL PL SW,BEECHER RD SW @ BENJAMIN E MAYS DR SW,0.142
BENJAMIN E MAYS DR SW @ FLAMINGO DR NW,BENJAMIN E MAYS DR @ WILLIS MILL RD,0.276
BENJAMIN E MAYS DR @ WILLIS MILL RD,BENJAMIN E MAYS DR @ ORIOLE DR,0.162
BENJAMIN E MAYS DR SW @ PEYTON RD SW,BENJAMIN E MAYS DR @ BOB WHITE DR,0.321
BENJAMIN E MAYS DR @ BOB WHITE DR,BENJAMIN E MAYS DR SW @ MOCKINGBIRD LN SW,0.13
BENJAMIN E MAYS DR SW @ MOCKINGBIRD LN SW,BENJAMIN E MAYS DR SW @ TUCKAWANNA DR SW,0.212
BENJAMIN E MAYS DR SW @ TUCKAWANNA DR SW,BENJAMIN E MAYS DR SW @ LYNHURST DR SW,0.249
BENJAMIN E MAYS DR SW @ TUCKAWANNA DR SW,LYNHURST DR SW @ SPREADING OAK DR SW,0.244
BENJAMIN E MAYS DR SW @ W MANOR CIR SW,BROWNLEE RD SW @ BENJAMIN E MAYS DR SW,0.26
BROWNLEE RD SW @ BENJAMIN E MAYS DR SW,BROWNLEE RD SW @ CEDAR ISLAND DR SW,0.077
SCOTT ST SW @ 309,SCOTT ST SW @ WILKINS LN SW,0.17
SCOTT ST SW @ WILKINS LN SW,WILKINS LN SW @ CUSHMAN CIR SW,0.062
WILKINS LN SW @ CUSHMAN CIR SW,CUSHMAN CIR SW @ BOULDER PARK DR SW,0.087
BOAT ROCK RD SW @ REYNOLDS RD SW,BAKERS FERRY RD @ BOAT ROCK RD,0.116
BAKERS FERRY RD @ BOAT ROCK RD,BAKERS FERRY RD @ S MONTE VISTA DR SW,0.119
BAKERS FERRY RD @ S MONTE VISTA DR SW,BAKERS FERRY RD SW @ FULTON INDUSTRIAL BLVD,0.203
BAKERS FERRY RD SW @ FULTON INDUSTRIAL BLVD,FULTON INDUSTRIAL BLVD @ BAKERS FERRY RD (S),0.076
FULTON INDUSTRIAL BLVD @ BAKERS FERRY RD (S),CASCADE RD SW @ CASCADE HILLS DR SW,0.497
FULTON INDUSTRIAL BLVD @ BAKERS FERRY RD (S),FULTON INDUSTRIAL BLVD SW @ CASCADE RD SW,0.261
CASCADE RD SW @ CASCADE HILLS DR SW,CASCADE RD SW @ CARLO WOODS DR SW,0.588
CASCADE RD SW @ CASCADE HILLS DR SW,CASCADE RD SW @ WESTPARK DR SW,0.239
CASCADE RD SW @ CARLO WOODS DR SW,CASCADE RD SW @ MILANO DR SW,0.206
CASCADE RD SW @ CARLO WOODS DR SW,CASCADE RD SW @ CASCADE HILLS DR SW,0.588
CASCADE RD SW @ MILANO DR SW,CASCADE RD SW @ NEW HOPE RD SW,0.526
CASCADE RD SW @ MILANO DR SW,CASCADE RD SW @ CARLO WOODS DR SW,0.206
CASCADE RD SW @ NEW HOPE RD SW,CASCADE RD SW @ CASCADE KNOLLS DR SW,0.263
CASCADE RD SW @ NEW HOPE RD SW,CASCADE RD SW @ MILANO DR SW,0.526
CASCADE RD SW @ CASCADE KNOLLS DR SW,CASCADE RD @ 4375,0.257
CASCADE RD SW @ CASCADE KNOLLS DR SW,CASCADE RD SW @ NEW HOPE RD SW,0.263
CASCADE RD @ 4375,CASCADE RD SW @ 4355,0.09
CASCADE RD @ 4375,CASCADE RD SW @ CASCADE KNOLLS DR SW,0.257
CASCADE RD SW @ 4355,CASCADE RD SW @ 4245,0.215
CASCADE RD SW @ 4355,CASCADE RD @ 4375,0.09
CASCADE RD SW @ 4245,CASCADE RD SW @ DANFORTH RD SW,0.673
CASCADE RD SW @ 4245,CASCADE RD SW @ 4355,0.215
CASCADE RD SW @ DANFORTH RD SW,CASCADE RD SW @ KIMBERLY RD SW,0.16
CASCADE RD SW @ KIMBERLY RD SW,CASCADE RD SW @ OLD CASCADE RD SW,0.228
CASCADE RD SW @ KIMBERLY RD SW,CASCADE RD SW @ BERACAH WALK,0.112
CASCADE RD SW @ OLD CASCADE RD SW,CASCADE RD SW @ FAIRBURN RD SW,0.162
CASCADE RD SW @ FAIRBURN RD SW,CASCADE RD SW @ UTOY SPRINGS RD SW,0.13
CASCADE RD SW @ UTOY SPRINGS RD SW,CASCADE RD @ UTOY SPRINGS RD,0.151
CASCADE RD @ UTOY SPRINGS RD,CASCADE RD @ SHANTER TRL,0.26
CASCADE RD @ SHANTER TRL,CASCADE RD SW @ KINGSDALE DR SW,0.237
CASCADE RD SW @ KINGSDALE DR SW,LYNHURST DR SW @ HAZELWOOD DR SW,0.62
CASCADE RD SW @ KINGSDALE DR SW,CASCADE RD SW @ SHANTER TRL SW,0.214
CASCADE RD SW @ DODSON DR SW,CASCADE RD SW @ WILLIS MILL RD SW,0.212
CASCADE RD SW @ WILLIS MILL RD SW,CASCADE RD SW @ VENETIAN DR SW,0.117
CASCADE RD SW @ VENETIAN DR SW,CASCADE RD SW @ BOULEVARD GRANADA SW,0.115
CASCADE RD SW @ VENETIAN DR SW,CASCADE RD SW @ AUDUBON CT,0.17
CASCADE RD SW @ BOULEVARD GRANADA SW,CASCADE RD SW @ DOLPHIN DR SW,0.14
CASCADE RD SW @ DOLPHIN DR SW,CASCADE RD SW @ BOULEVARD LORRAINE SW,0.231
CASCADE RD SW @ DOLPHIN DR SW,CASCADE RD @ BEECHER RD,0.128
CASCADE RD SW @ BOULEVARD LORRAINE SW,CASCADE RD SW @ POLLARD DR SW,0.14
CASCADE RD SW @ BOULEVARD LORRAINE SW,CASCADE RD SW @ DOLPHIN DR SW,0.231
CASCADE RD SW @ POLLARD DR SW,CASCADE RD SW @ CENTRA VILLA DR SW,0.183
CASCADE RD SW @ POLLARD DR SW,CASCADE RD SW @ BOULEVARD LORRAINE SW,0.14
CASCADE RD SW @ CENTRA VILLA DR SW,CASCADE AVE SW @ AVON AVE SW,0.149
CASCADE RD SW @ CENTRA VILLA DR SW,CASCADE RD SW @ POLLARD DR SW,0.183
CASCADE AVE SW @ AVON AVE SW,CASCADE AVE SW @ 1120,0.205
CASCADE AVE SW @ 1120,CASCADE AVE SW @ EASTRIDGE RD SW,0.119
CASCADE AVE SW @ EASTRIDGE RD SW,CASCADE AVE SW @ ORLANDO ST SW,0.204
CASCADE AVE SW @ ORLANDO ST SW,CASCADE AVE SW @ PINEVIEW TER SW,0.189
CASCADE AVE SW @ PINEVIEW TER SW,CASCADE AVE SW @ RICHLAND RD SW,0.148
CASCADE AVE SW @ RICHLAND RD SW,CASCADE AVE SW @ BEECHER ST SW,0.125
CASCADE AVE SW @ BEECHER ST SW,CASCADE AVE SW @ ALLEGHENY ST SW,0.158
CASCADE AVE SW @ BEECHER ST SW,CASCADE AVE SW @ WESTHAVEN DR SW,0.044
CASCADE AVE SW @ ALLEGHENY ST SW,CASCADE AVE SW @ DONNELLY AVE SW,0.216
CASCADE AVE SW @ DONNELLY AVE SW,CASCADE AVE @ RALPH D ABERNATHY BLVD,0.118
CASCADE AVE @ RALPH D ABERNATHY BLVD,RALPH D ABERNATHY BLVD SW @ HOPKINS ST SW,0.144
RALPH D ABERNATHY BLVD SW @ HOPKINS ST SW,RALPH D ABERNATHY BLVD SW @ ATWOOD ST SW,0.112
RALPH D ABERNATHY BLVD SW @ ATWOOD ST SW,RALPH D ABERNATHY BLVD @ QUEEN ST SW,0.207
RALPH D ABERNATHY BLVD @ QUEEN ST SW,RALPH DAVID ABERNATH BLVD @ LAWTON S,0.148
RALPH DAVID ABERNATH BLVD @ LAWTON S,RALPH D ABERNATHY BLVD SW @ PEEPLES ST,0.138
RALPH D ABERNATHY BLVD SW @ PEEPLES ST,RALPH DAVID ABERNATH BLVD SW @ JOSEPH E LOWERY BLVD,0.14
RALPH DAVID ABERNATH BLVD SW @ JOSEPH E LOWERY BLVD,RALPH D ABERNATHY BLVD SW @ EVANS ST,0.139
KIMBERLY RD @ FAIRLY WAY,KIMBERLY RD @ CASCADE RD,0.496
KIMBERLY RD @ CASCADE RD,CASCADE RD SW @ OLD CASCADE RD SW,0.199
RALPH D ABERNATHY BLVD SW @ JOSEPH E LOWERY BLVD SW,RALPH DAVID ABERNATH BLVD @ PEEPLES S,0.103
RALPH DAVID ABERNATH BLVD @ PEEPLES S,RALPH D ABERNATHY BLVD SW @ LAWTON ST SW,0.176
RALPH D ABERNATHY BLVD SW @ LAWTON ST SW,RALPH D ABERNATHY BLVD SW @ HOLDERNESS ST,0.205
RALPH D ABERNATHY BLVD SW @ HOLDERNESS ST,RALPH DAVID ABERNATH BLVD @ ATWOOD S,0.166
RALPH DAVID ABERNATH BLVD @ ATWOOD S,RALPH D ABERNATHY BLVD SW @ LANGHORN ST SW,0.121
RALPH D ABERNATHY BLVD SW @ LANGHORN ST SW,CASCADE AVE SW @ WESTWOOD AVE SW,0.212
CASCADE AVE SW @ WESTWOOD AVE SW,CASCADE AVE @ ROGERS AVE,0.07
CASCADE AVE @ ROGERS AVE,CASCADE AVE SW @ OLYMPIAN WAY SW,0.132
CASCADE AVE SW @ OLYMPIAN WAY SW,CASCADE AVE SW @ BEECHER ST SW,0.188
CASCADE AVE SW @ WESTHAVEN DR SW,CASCADE AVE SW @ RICHLAND RD,0.074
CASCADE AVE SW @ RICHLAND RD,CASCADE AVE SW @ ALTADENA PL SW,0.165
CASCADE AVE SW @ ALTADENA PL SW,CASCADE AVE SW @ CASCADE TER SW,0.184
CASCADE AVE SW @ CASCADE TER SW,CASCADE AVE SW @ CASCADE CIR,0.148
CASCADE AVE SW @ CASCADE CIR,CASCADE AVE SW @ 1113,0.166
CASCADE AVE SW @ 1113,CASCADE AVE SW @ CASCADE CIR SW,0.175
CASCADE AVE SW @ CASCADE CIR SW,CASCADE RD SW @ CENTRA VILLA DR SW,0.18
CASCADE RD @ BEECHER RD,CASCADE RD SW @ VENETIAN DR SW,0.129
CASCADE RD SW @ AUDUBON CT,CASCADE RD @ WILLIS MILL RD,0.19
CASCADE RD @ WILLIS MILL RD,BENJAMIN E MAYS DR @ ORIOLE DR,0.456
CASCADE RD SW @ SHANTER TRL SW,CASCADE AVE SW @ 3515,0.295
CASCADE AVE SW @ 3515,CASCADE RD @ RESEARCH CENTER ATLA DR,0.137
CASCADE RD @ RESEARCH CENTER ATLA DR,CASCADE RD @ 3675,0.112
CASCADE RD @ 3675,CASCADE RD @ FAIRBURN RD,0.129
CASCADE RD @ FAIRBURN RD,CASCADE RD SW @ KIMBERLY RD SW,0.278
CASCADE RD @ FAIRBURN RD,KIMBERLY RD SW @ CASCADE RD SW,0.262
CASCADE RD SW @ BERACAH WALK,CASCADE RD SW @ MANOR HILLS LN SW,0.466
CASCADE RD SW @ MANOR HILLS LN SW,CASCADE RD SW @ 4245,0.254
CASCADE RD SW @ WESTPARK DR SW,FULTON INDUSTRIAL BLVD SW @ BAKERS FERRY RD (S),0.377
CASCADE RD SW @ WESTPARK DR SW,WESTPARK DR SW @ BOULDER RIDGE DR SW,0.046
FULTON INDUSTRIAL BLVD SW @ BAKERS FERRY RD (S),FULTON INDUSTRIAL BLVD SW @ LAKEVIEW CT SW,0.361
FULTON INDUSTRIAL BLVD SW @ LAKEVIEW CT SW,BOAT ROCK RD @ FULTON INDUSTRIAL BLVD,0.273
FULTON INDUSTRIAL BLVD SW @ LAKEVIEW CT SW,FULTON INDUSTRIAL BLVD SW @ BOAT ROCK RD SW,0.314
BOAT ROCK RD @ FULTON INDUSTRIAL BLVD,BOAT ROCK RD SW @ WESTCHASE LN,0.266
BOAT ROCK RD SW @ WESTCHASE LN,BOAT ROCK RD SW @ REYNOLDS RD SW,0.296
BOAT ROCK RD SW @ WESTCHASE LN,BOAT ROCK RD SW @ 5760,0.188
KIMBERLY RD SW @ CASCADE RD SW,KIMBERLY RD @ FAIRLY WAY,0.458
WEST PARK PL @ WESTPARK DR,FULTON INDUSTRIAL BLVD @ BUCKNELL DR,0.199
FULTON INDUSTRIAL BLVD @ BUCKNELL DR,FULTON INDUSTRIAL BLVD @ WESTGATE DR,0.211
FULTON INDUSTRIAL BLVD @ BUCKNELL DR,FULTON INDUSTRIAL BLVD @ VILLANOVA DR,0.222
FULTON INDUSTRIAL BLVD @ WESTGATE DR,FULTON INDUSTRIAL BLVD @ GREAT SOUTHWEST PKWY,0.347
FULTON INDUSTRIAL BLVD @ WESTGATE DR,FULTON INDUSTRIAL BLVD @ BUCKNELL DR,0.211
FULTON INDUSTRIAL BLVD @ GREAT SOUTHWEST PKWY,FULTON INDUSTRIAL BLVD @ SELIG DR,0.305
FULTON INDUSTRIAL BLVD @ GREAT SOUTHWEST PKWY,FULTON INDUSTRIAL BLVD @ WESTGATE DR,0.347
FULTON INDUSTRIAL BLVD @ GREAT SOUTHWEST PKWY,FULTON INDUSTRIAL BLVD SW @ BAKERS FERRY RD (S),1.327
FULTON INDUSTRIAL BLVD @ SELIG DR,FULTON INDUSTRIAL BLVD @ BAKERS FERRY RD (N),0.287
FULTON INDUSTRIAL BLVD @ BAKERS FERRY RD (N),FULTON INDUSTRIAL BLVD @ MENDEL DR,0.42
FULTON INDUSTRIAL BLVD @ MENDEL DR,FULTON INDUSTRIAL BLVD @ ROBINSON DR,0.281
FULTON INDUSTRIAL BLVD @ ROBINSON DR,FULTON INDUSTRIAL BLVD @ MARVIN MILLER DR,0.228
FULTON INDUSTRIAL BLVD @ ROBINSON DR,FULTON INDUSTRIAL BLVD @ WHARTON DR,0.275
FULTON INDUSTRIAL BLVD @ MARVIN MILLER DR,FULTON INDUSTRIAL BLVD @ PATTON DR,0.177
FULTON INDUSTRIAL BLVD @ MARVIN MILLER DR,FULTON INDUSTRIAL BLVD @ ROBINSON DR,0.228
FULTON INDUSTRIAL BLVD @ PATTON DR,FULTON INDUSTRIAL BLVD @ COMMERCE DR (S),0.085
FULTON INDUSTRIAL BLVD @ PATTON DR,FULTON INDUSTRIAL BLVD @ MARVIN MILLER DR,0.177
FULTON INDUSTRIAL BLVD @ COMMERCE DR (S),FULTON INDUSTRIAL BLVD @ COMMERCE DR (N),0.261
FULTON INDUSTRIAL BLVD @ COMMERCE DR (N),FULTON INDUSTRIAL BLVD @ SHIRLEY DR,0.125
FULTON INDUSTRIAL BLVD @ SHIRLEY DR,FULTON INDUSTRIAL BLVD @ WENDELL DR,0.379
FULTON INDUSTRIAL BLVD @ SHIRLEY DR,FULTON INDUSTRIAL BLVD @ FREDERICK DR,0.188
FULTON INDUSTRIAL BLVD @ WENDELL DR,FULTON IND BLVD SW @ INTERCHANGE DR SW,0.14
FULTON INDUSTRIAL BLVD @ WENDELL DR,WENDELL DR SW @ WENDELL CT SW,0.206
FULTON INDUSTRIAL BLVD @ WENDELL DR,FULTON INDUSTRIAL BLVD @ SHIRLEY DR,0.379
FULTON INDUSTRIAL BLVD @ WENDELL DR,WENDELL DR @ INTERCHANGE DR,0.143
FULTON IND BLVD SW @ INTERCHANGE DR SW,MARTIN L KING JR DR @ FULTON INDUSTRIAL BLVD,0.193
MARTIN L KING JR DR @ FULTON INDUSTRIAL BLVD,MARTIN L KING JR DR SW @ WENDELL DR SW,0.193
MARTIN L KING JR DR SW @ WENDELL DR SW,MARTIN L KING JR DR SW @ OLD GORDON RD SW,0.171
MARTIN L KING JR DR SW @ OLD GORDON RD SW,MARTIN L KING JR DR SW @ BOLTON RD NW,0.19
MARTIN L KING JR DR SW @ BOLTON RD NW,MARTIN L KING JR DR SW @ ADAMSVILLE PLACE PKWY  SW,0.212
MARTIN L KING JR DR SW @ BOLTON RD NW,MARTIN L KING JR DR SW @ OLD GORDON RD,0.201
MARTIN L KING JR DR SW @ ADAMSVILLE PLACE PKWY  SW,MARTIN L KING JR DR SW @ ADAMSVILLE DR SW,0.142
MARTIN L KING JR DR SW @ ADAMSVILLE DR SW,MARTIN L KING JR DR SW @ FAIRBURN RD SW,0.157
MARTIN L KING JR DR SW @ ADAMSVILLE DR SW,BAKERS FERRY RD SW @ BAKERS FERRY DR SW,0.101
MARTIN L KING JR DR SW @ FAIRBURN RD SW,MARTIN L KING JR DR SW @ HOWELL DR SW,0.204
MARTIN L KING JR DR SW @ HOWELL DR SW,MARTIN L KING JR DR SW @ BROWNLEE RD SW,0.266
MARTIN L KING JR DR SW @ HOWELL DR SW,MARTIN L KING JR DR SW @ FAIRBURN RD NW,0.227
MARTIN L KING JR DR SW @ HOWELL DR SW,FAIRBURN RD SW @ MARTIN L KING JR DR,0.138
MARTIN L KING JR DR SW @ BROWNLEE RD SW,MARTIN L KING JR DR SW @ TREADWELL CIR SW,0.154
MARTIN L KING JR DR SW @ BROWNLEE RD SW,MARTIN L KING JR DR SW @ HOWELL DR SW,0.266
MARTIN L KING JR DR SW @ TREADWELL CIR SW,MARTIN L KING JR DR @ HARWELL RD,0.282
MARTIN L KING JR DR SW @ TREADWELL CIR SW,MARTIN L KING JR DR SW @ BROWNLEE RD SW,0.154
MARTIN L KING JR DR @ HARWELL RD,MARTIN L KING JR DR SW @ MIDDLETON RD NW,0.119
MARTIN L KING JR DR @ HARWELL RD,MARTIN L KING JR DR SW @ TREADWELL CIR SW,0.282
MARTIN L KING JR DR SW @ MIDDLETON RD NW,MARTIN L KING JR DR SW @ LYNHURST DR SW,0.158
MARTIN L KING JR DR SW @ MIDDLETON RD NW,MARTIN L KING JR DR @ HARWELL RD,0.119
LAGRANGE BLVD @ BOAT ROCK BLVD,BOAT ROCK BLVD @ 6040,0.173
BOAT ROCK BLVD @ 6040,BOAT ROCK BLVD SW @ GREENSBORO DR,0.137
BOAT ROCK BLVD SW @ GREENSBORO DR,BOAT ROCK RD @ FULTON INDUSTRIAL BLVD,0.193
BOAT ROCK RD SW @ 5760,BOAT ROCK RD SW @ REYNOLDS RD SW,0.109
FULTON INDUSTRIAL BLVD SW @ CASCADE RD SW,FULTON INDUSTRIAL BLVD @ WESTPARK PL,0.259
FULTON INDUSTRIAL BLVD @ WESTPARK PL,FULTON INDUSTRIAL BLVD @ BUCKNELL DR,0.214
WENDELL DR SW @ WENDELL CT SW,WENDELL DR SW @ 4050,0.154
WENDELL DR SW @ WENDELL CT SW,WENDELL DR @ FULTON INDUSTRIAL BLVD,0.217
WENDELL DR SW @ 4050,WENDELL DR @ MARTIN L KING JR DR NW,0.241
WENDELL DR @ MARTIN L KING JR DR NW,MARTIN L KING JR DR SW @ WENDELL DR SW,0.022
WENDELL DR @ MARTIN L KING JR DR NW,WENDELL DR @ 4050,0.302
MARTIN L KING JR DR SW @ FAIRBURN RD NW,MARTIN L KING JR DR SW @ BAKERS FERRY RD SW,0.099
MARTIN L KING JR DR SW @ BAKERS FERRY RD SW,MARTIN L KING JR DR SW @ ADAMSVILLE PLACE PKWY,0.226
MARTIN L KING JR DR SW @ ADAMSVILLE PLACE PKWY,MARTIN L KING JR DR SW @ BOLTON RD NW,0.162
MARTIN L KING JR DR SW @ ADAMSVILLE PLACE PKWY,BOLTON RD NW @ MARTIN L KING JR DR,0.141
MARTIN L KING JR DR SW @ OLD GORDON RD,MARTIN LUTHER KING JR DR @ WENDELL DR,0.182
MARTIN L KING JR DR SW @ OLD GORDON RD,WENDELL DR @ MARTIN L KING JR DR NW,0.183
MARTIN LUTHER KING JR DR @ WENDELL DR,FULTON INDUSTRIAL BLVD @ MARTIN L KING JR DR,0.318
FULTON INDUSTRIAL BLVD @ MARTIN L KING JR DR,FULTON INDUSTRIAL BLVD @ WENDELL DR,0.192
FULTON INDUSTRIAL BLVD @ FREDERICK DR,FULTON INDUSTRIAL BLVD @ PATTON DR,0.287
FULTON INDUSTRIAL BLVD @ WHARTON DR,FULTON INDUSTRIAL BLVD @ BAKERS FERRY RD,0.446
FULTON INDUSTRIAL BLVD @ BAKERS FERRY RD,FULTON INDUSTRIAL BLVD @ PHILLIP LEE,0.228
FULTON INDUSTRIAL BLVD @ PHILLIP LEE,FULTON INDUSTRIAL BLVD @ GREAT SOUTHWEST PKWY,0.342
FULTON INDUSTRIAL BLVD @ VILLANOVA DR,CASCADE RD SW @ WESTPARK DR SW,0.356
FULTON INDUSTRIAL BLVD @ VILLANOVA DR,FULTON INDUSTRIAL BLVD @ GREAT SOUTHWEST PKWY,0.762
WESTPARK DR SW @ BOULDER RIDGE DR SW,S WESTPARK DR @ 4125,0.325
S WESTPARK DR @ 4125,S WESTPARK DR @ GWALTNEY DR,0.297
S WESTPARK DR @ GWALTNEY DR,WESTPARK DR @ 4175,0.166
WESTPARK DR @ 4175,WEST PARK PL @ WESTPARK DR,0.43
WENDELL DR @ 4050,WENDELL DR SW @ WENDELL CT SW,0.068
WENDELL DR @ FULTON INDUSTRIAL BLVD,FULTON INDUSTRIAL BLVD @ SHIRLEY DR,0.382
WENDELL DR @ FULTON INDUSTRIAL BLVD,WENDELL DR SW @ WENDELL CT SW,0.217
WENDELL DR @ FULTON INDUSTRIAL BLVD,WENDELL DR @ INTERCHANGE DR,0.126
FULTON INDUSTRIAL BLVD SW @ BOAT ROCK RD SW,FULTON INDUSTRIAL BLVD @ PLUMMER RD,0.296
FULTON INDUSTRIAL BLVD @ PLUMMER RD,FULTON INDUSTRIAL BLVD @ 6095,0.549
FULTON INDUSTRIAL BLVD @ 6095,FULTON IND BLVD @ TRADEWATER PKWY,0.229
FULTON IND BLVD @ TRADEWATER PKWY,LAGRANGE BLVD @ DUQUESNE DR,0.287
LAGRANGE BLVD @ DUQUESNE DR,LAGRANGE BLVD @ 6070,0.251
LAGRANGE BLVD @ 6070,LAGRANGE BLVD @ 6040,0.141
LAGRANGE BLVD @ 6040,LAGRANGE BLVD @ EMMANUEL DR,0.133
LAGRANGE BLVD @ EMMANUEL DR,LAGRANGE BLVD @ XAVIER DR,0.135
LAGRANGE BLVD @ XAVIER DR,LAGRANGE BLVD @ BOAT ROCK BLVD,0.114
WENDELL DR @ INTERCHANGE DR,WENDELL DR @ 4295,0.126
WENDELL DR @ 4295,WENDELL DR @ 4415,0.226
WENDELL DR @ 4415,WENDELL DR @ FULTON INDUSTRIAL BLVD,0.451
FLAT SHOALS RD @ 3424,FLAT SHOALS RD @ NORGATE LN,0.307
FLAT SHOALS RD @ NORGATE LN,FLAT SHOALS RD @ LLOYD RD,0.255
FLAT SHOALS RD @ NORGATE LN,NORGATE LN @ BULL RUN DR,0.159
FLAT SHOALS RD @ LLOYD RD,LLOYD RD @ WILLIAMSBURG DR,0.11
LLOYD RD @ WILLIAMSBURG DR,LLOYD RD @ CAVALIER DR,0.177
LLOYD RD @ CAVALIER DR,LLOYD RD @ HF SHEPHERD DR,0.113
LLOYD RD @ CAVALIER DR,LLOYD RD @ CORNER STONE TRL,0.126
LLOYD RD @ HF SHEPHERD DR,WHITES MILL RD @ HABITAT WAY,0.382
WHITES MILL RD @ HABITAT WAY,WHITES MILL RD @ BRANDENBERRY DR,0.221
WHITES MILL RD @ BRANDENBERRY DR,WHITES MILL RD @ TERRATIM LN,0.173
WHITES MILL RD @ TERRATIM LN,WHITES MILL RD @ FLAT SHOALS RD,0.058
WHITES MILL RD @ FLAT SHOALS RD,FLAT SHOALS RD @ CLIFTON CHURCH RD SE,0.155
WHITES MILL RD @ FLAT SHOALS RD,WHITES MILL RD @ NORMA CIR,0.137
FLAT SHOALS RD @ CLIFTON CHURCH RD SE,FLAT SHOALS RD @ LEAFWOOD TRL,0.129
FLAT SHOALS RD @ CLIFTON CHURCH RD SE,FLAT SHOALS RD @ NORMA CIR,0.216
FLAT SHOALS RD @ CLIFTON CHURCH RD SE,WHITES MILL RD @ FLAT SHOALS RD,0.155
FLAT SHOALS RD @ LEAFWOOD TRL,FLAT SHOALS RD @ ROCKDALE DR,0.119
FLAT SHOALS RD @ LEAFWOOD TRL,FLAT SHOALS RD @ CLIFTON CHURCH RD SE,0.129
FLAT SHOALS RD @ ROCKDALE DR,FLAT SHOALS RD @ DORIS DR,0.245
FLAT SHOALS RD @ ROCKDALE DR,FLAT SHOALS RD @ LEAFWOOD TRL,0.119
FLAT SHOALS RD @ DORIS DR,FLAT SHOALS RD @ REXFORD DR,0.124
FLAT SHOALS RD @ DORIS DR,FLAT SHOALS RD @ ROCKDALE DR,0.245
FLAT SHOALS RD @ REXFORD DR,FLAT SHOALS RD @ COOK RD,0.219
FLAT SHOALS RD @ COOK RD,FLAT SHOALS RD @ 2ND AVE,0.196
FLAT SHOALS RD @ COOK RD,FLAT SHOALS RD @ FLAT SHOALS TER,0.214
FLAT SHOALS RD @ 2ND AVE,FLAT SHOALS RD @ SHAWN WAYNE CT,0.175
FLAT SHOALS RD @ SHAWN WAYNE CT,FLAT SHOALS RD SE @ BRIGHTON BLVD SE,0.218
FLAT SHOALS RD @ SHAWN WAYNE CT,FLAT SHOALS RD SE @ 2ND AVE,0.153
FLAT SHOALS RD SE @ BRIGHTON BLVD SE,FLAT SHOALS RD SE @ KEYSTONE DR,0.231
FLAT SHOALS RD SE @ KEYSTONE DR,FLAT SHOALS RD @ 2051,0.177
FLAT SHOALS RD SE @ KEYSTONE DR,FLAT SHOALS RD @ WOODCASTLE LN,0.254
FLAT SHOALS RD @ 2051,FLAT SHOALS RD SE @ FAYETTEVILLE RD,0.115
FLAT SHOALS RD SE @ FAYETTEVILLE RD,FLAT SHOALS RD SE @ 1930,0.219
FLAT SHOALS RD SE @ FAYETTEVILLE RD,FLAT SHOALS RD SE @ 2063,0.162
FLAT SHOALS RD SE @ 1930,FLAT SHOALS RD SE @ HILLBURN DR SE,0.123
FLAT SHOALS RD SE @ HILLBURN DR SE,FLAT SHOALS RD SE @ LEAH LN SE,0.072
FLAT SHOALS RD SE @ HILLBURN DR SE,FLAT SHOALS RD SE @ 1909,0.132
FLAT SHOALS RD SE @ LEAH LN SE,FLAT SHOALS RD SE @ ROCKLAND DR SE,0.141
FLAT SHOALS RD SE @ LEAH LN SE,FLAT SHOALS RD SE @ HILLBURN DR SE,0.072
FLAT SHOALS RD SE @ ROCKLAND DR SE,FLAT SHOALS RD SE @ WINFIELD AVE SE,0.209
FLAT SHOALS RD SE @ WINFIELD AVE SE,FLAT SHOALS RD SE @ FLAT SHOALS AVE S,0.142
FLAT SHOALS RD SE @ WINFIELD AVE SE,FLAT SHOALS RD SE @ PAOLI AVE SE,0.177
FLAT SHOALS RD SE @ FLAT SHOALS AVE S,FLAT SHOALS AVE SE @ CAVANAUGH AVE SE,0.053
NORGATE LN @ BULL RUN DR,BULL RUN DR @ COHASSETT LN,0.118
BULL RUN DR @ COHASSETT LN,BULL RUN DR @ LLOYD RD,0.139
BULL RUN DR @ COHASSETT LN,BULL RUN DR @ NORGATE LN,0.12
BULL RUN DR @ LLOYD RD,BULL RUN DR @ BATTLE FORREST DR,0.145
BULL RUN DR @ LLOYD RD,BULL RUN DR @ COHASSETT LN,0.139
BULL RUN DR @ BATTLE FORREST DR,BATTLE FORREST DR @ SHILOH DR,0.187
BULL RUN DR @ BATTLE FORREST DR,BULL RUN DR @ LLOYD RD,0.145
BATTLE FORREST DR @ SHILOH DR,BATTLE FORREST DR @ FLAT SHOALS RD,0.076
BATTLE FORREST DR @ FLAT SHOALS RD,FLAT SHOALS RD @ BATTLECREST DR,0.115
FLAT SHOALS RD @ BATTLECREST DR,FLAT SHOALS RD @ NORMA CIR,0.211
FLAT SHOALS RD @ BATTLECREST DR,FLAT SHOALS RD @ BATTLE FORREST DR,0.125
FLAT SHOALS RD @ NORMA CIR,FLAT SHOALS RD @ CLIFTON CHURCH RD SE,0.216
FLAT SHOALS RD @ NORMA CIR,FLAT SHOALS RD @ BATTLECREST DR,0.211
FLAT SHOALS RD SE @ MAYNARD TER SE,FLAT SHOALS RD SE @ WINFIELD AVE SE,0.103
FLAT SHOALS RD SE @ PAOLI AVE SE,FLAT SHOALS RD SE @ LEAH LN SE,0.179
FLAT SHOALS RD SE @ 1909,FLAT SHOALS RD SE @ FAYETTEVILLE RD,0.21
FLAT SHOALS RD SE @ 2063,FLAT SHOALS RD SE @ KEYSTONE DR,0.13
FLAT SHOALS RD @ WOODCASTLE LN,FLAT SHOALS RD @ SHAWN WAYNE CT,0.195
FLAT SHOALS RD SE @ 2ND AVE,FLAT SHOALS RD @ COOK RD,0.217
FLAT SHOALS RD @ FLAT SHOALS TER,FLAT SHOALS RD @ DORIS DR,0.127
FLAT SHOALS RD @ BATTLE FORREST DR,BATTLE FORREST DR @ MANASSAS LN,0.092
BATTLE FORREST DR @ MANASSAS LN,BULL RUN DR @ BATTLE FORREST DR,0.17
BULL RUN DR @ NORGATE LN,FLAT SHOALS RD @ WILLIAMSBURG WAY,0.152
FLAT SHOALS RD @ WILLIAMSBURG WAY,FLAT SHOALS RD @ 3491,0.259
FLAT SHOALS RD @ 3491,FLAT SHOALS RD @ CANDLER RD,0.189
FLAT SHOALS RD @ CANDLER RD,CANDLER RD @ S RAINBOW DR,0.128
WHITES MILL RD @ NORMA CIR,WHITES MILL RD @ MILLS BND,0.13
WHITES MILL RD @ MILLS BND,WHITES MILL RD @ TREGONEY DR,0.213
WHITES MILL RD @ TREGONEY DR,WHITES MILL RD @ LLOYD RD,0.339
WHITES MILL RD @ LLOYD RD,LLOYD RD @ CAVALIER DR,0.133
LLOYD RD @ CORNER STONE TRL,LLOYD RD @ FLAT SHOALS RD,0.157
LLOYD RD @ FLAT SHOALS RD,FLAT SHOALS RD @ WILLIAMSBURG WAY,0.315
TUCKERSTONE PKWY @ MOUNTAIN INDUSTRIAL BLVD,N ROYAL ATLANTA DR @ TUCKERSTONE PKWY,0.117
N ROYAL ATLANTA DR @ TUCKERSTONE PKWY,N ROYAL ATLANTA DR @ LAWRENCEVILLE HWY,0.078
N ROYAL ATLANTA DR @ TUCKERSTONE PKWY,N ROYAL ATLANTA DR @ 4667,0.136
N ROYAL ATLANTA DR @ LAWRENCEVILLE HWY,LAWRENCEVILLE HWY @ COFER CIR,0.244
LAWRENCEVILLE HWY @ COFER CIR,LAWRENCEVILLE HWY @ 4375,0.128
LAWRENCEVILLE HWY @ COFER CIR,LAWRENCEVILLE HWY @ N ROYAL ATLANTA DR,0.234
LAWRENCEVILLE HWY @ 4375,LAWRENCEVILLE HWY @ OLD NORCROSS RD,0.112
LAWRENCEVILLE HWY @ 4375,LAWRENCEVILLE HWY @ COFER CIR,0.128
LAWRENCEVILLE HWY @ OLD NORCROSS RD,LAWRENCEVILLE HWY @ LYNBURN DR,0.2
LAWRENCEVILLE HWY @ OLD NORCROSS RD,LAWRENCEVILLE HWY @ 4375,0.112
LAWRENCEVILLE HWY @ LYNBURN DR,LAWRENCEVILLE HWY @ HUGH HOWELL RD,0.203
LAWRENCEVILLE HWY @ LYNBURN DR,LAWRENCEVILLE HWY @ OLD NORCROSS RD,0.2
LAWRENCEVILLE HWY @ HUGH HOWELL RD,LAWRENCEVILLE HWY @ MAIN ST,0.27
LAWRENCEVILLE HWY @ HUGH HOWELL RD,LAWRENCEVILLE HWY @ LYNBURN DR,0.203
LAWRENCEVILLE HWY @ HUGH HOWELL RD,LAVISTA RD @ LEHAVEN DR,0.36
LAWRENCEVILLE HWY @ MAIN ST,LAWRENCEVILLE HWY @ MORRIS AVE,0.27
LAWRENCEVILLE HWY @ MORRIS AVE,LAWRENCEVILLE HWY @ BROCKETT RD,0.198
LAWRENCEVILLE HWY @ BROCKETT RD,LAWRENCEVILLE HWY @ SHADY LN,0.31
LAWRENCEVILLE HWY @ BROCKETT RD,LAWRENCEVILLE HWY @ FELLOWSHIP RD,0.206
LAWRENCEVILLE HWY @ SHADY LN,LAWRENCEVILLE HWY @ 3591,0.224
LAWRENCEVILLE HWY @ SHADY LN,LAWRENCEVILLE HWY @ BROCKETT RD,0.31
LAWRENCEVILLE HWY @ 3591,LAWRENCEVILLE HWY @ WOODBRIAR CIR,0.057
LAWRENCEVILLE HWY @ 3591,LAWRENCEVILLE HWY @ SHADY LN,0.224
LAWRENCEVILLE HWY @ WOODBRIAR CIR,LAWRENCEVILLE HWY @ STEEL DR,0.207
LAWRENCEVILLE HWY @ WOODBRIAR CIR,LAWRENCEVILLE HWY @ 3591,0.057
LAWRENCEVILLE HWY @ STEEL DR,LAWRENCEVILLE HWY @ HEBRON HILLS DR,0.132
LAWRENCEVILLE HWY @ STEEL DR,LAWRENCEVILLE HWY @ WOODBRIAR CIR,0.207
LAWRENCEVILLE HWY @ HEBRON HILLS DR,LAWRENCEVILLE HWY @ NORTHLAKE PKWY,0.345
LAWRENCEVILLE HWY @ HEBRON HILLS DR,LAWRENCEVILLE HWY @ STEEL DR,0.132
LAWRENCEVILLE HWY @ NORTHLAKE PKWY,LAWRENCEVILLE HWY @ TERRI LYNN CT,0.215
LAWRENCEVILLE HWY @ TERRI LYNN CT,LAWRENCEVILLE HWY @ SAINT LAWRENCE CV,0.144
LAWRENCEVILLE HWY @ TERRI LYNN CT,LAWRENCEVILLE HWY @ COOLEDGE RD,0.272
LAWRENCEVILLE HWY @ TERRI LYNN CT,NORTHLAKE PKWY @ LAWRENCEVILLE HWY,0.288
LAWRENCEVILLE HWY @ SAINT LAWRENCE CV,LAWRENCEVILLE HWY @ LOVELY LN,0.199
LAWRENCEVILLE HWY @ SAINT LAWRENCE CV,LAWRENCEVILLE HWY @ TERRI LYNN CT,0.144
LAWRENCEVILLE HWY @ LOVELY LN,LAWRENCEVILLE @ LEE WAY,0.169
LAWRENCEVILLE HWY @ LOVELY LN,LAWRENCEVILLE HWY @ SAINT LAWRENCE CV,0.199
LAWRENCEVILLE @ LEE WAY,LAWRENCEVILLE HWY @ MONTREAL RD E,0.139
LAWRENCEVILLE @ LEE WAY,MONTREAL RD @ 1468,0.29
LAWRENCEVILLE HWY @ MONTREAL RD E,LAWRENCEVILLE HWY @ MONTREAL RD W,0.434
LAWRENCEVILLE HWY @ MONTREAL RD E,MONTREAL RD @ 1468,0.167
LAWRENCEVILLE HWY @ MONTREAL RD W,LAWRENCEVILLE HWY @ 2712,0.163
LAWRENCEVILLE HWY @ MONTREAL RD W,LAWRENCEVILLE HWY @ LEE WAY,0.49
LAWRENCEVILLE HWY @ MONTREAL RD W,MONTREAL RD @ MONTREAL CIR S,0.074
LAWRENCEVILLE HWY @ MONTREAL RD W,LAWRENCEVILLE HWY @ MONTREAL RD E,0.434
LAWRENCEVILLE HWY @ 2712,LAWRENCEVILLE HWY @ FRAZIER RD,0.279
LAWRENCEVILLE HWY @ FRAZIER RD,LAWRENCEVILLE HWY @ 2514,0.19
LAWRENCEVILLE HWY @ 2514,LAWRENCEVILLE @ HARCOURT DR,0.194
LAWRENCEVILLE @ HARCOURT DR,LAWRENCEVILLE @ ROBINWOOD RD,0.096
LAWRENCEVILLE @ ROBINWOOD RD,LAWRENCEVILLE HWY @ VALLEY BROOK RD,0.12
LAWRENCEVILLE HWY @ VALLEY BROOK RD,LAWRENCEVILLE HWY @ WHITE BLVD,0.279
LAWRENCEVILLE HWY @ VALLEY BROOK RD,LAWRENCEVILLE HWY @ ROBINWOOD RD,0.11
LAWRENCEVILLE HWY @ WHITE BLVD,DEKALB INDUSTRIAL WAY @ 766,1.014
LAWRENCEVILLE HWY @ WHITE BLVD,LAWRENCEVILLE HWY @ 2295,0.201
DEKALB INDUSTRIAL WAY @ 766,DEKALB INDUSTRIAL WAY @ MILSCOTT DR,0.229
DEKALB INDUSTRIAL WAY @ MILSCOTT DR,DEKALB INDUSTRIAL WAY @ N DECATUR RD,0.149
DEKALB INDUSTRIAL WAY @ MILSCOTT DR,DEKALB INDUSTRIAL WAY @ 685,0.084
DEKALB INDUSTRIAL WAY @ N DECATUR RD,DEKALB INDUSTRIAL WAY @ STRATFORD CMNS,0.184
DEKALB INDUSTRIAL WAY @ N DECATUR RD,DEKALB INDUSTRIAL WAY @ MILSCOTT DR,0.149
DEKALB INDUSTRIAL WAY @ N DECATUR RD,N DECATUR RD @ 2806,0.102
DEKALB INDUSTRIAL WAY @ STRATFORD CMNS,DEKALB INDUSTRIAL WAY @ IRVIN WAY,0.179
DEKALB INDUSTRIAL WAY @ STRATFORD CMNS,DEKALB INDUSTRIAL WAY @ N DECATUR RD,0.184
DEKALB INDUSTRIAL WAY @ IRVIN WAY,DEKALB INDUSTRIAL WAY @ RIMINGTON LN,0.285
DEKALB INDUSTRIAL WAY @ IRVIN WAY,DEKALB INDUSTRIAL WAY @ 455,0.066
DEKALB INDUSTRIAL WAY @ RIMINGTON LN,N ARCADIA AVE @ COALTER WAY,0.186
DEKALB INDUSTRIAL WAY @ RIMINGTON LN,DEKALB INDUSTRIAL WAY @ 375,0.091
N ARCADIA AVE @ COALTER WAY,N ARCADIA AVE @ WINN WAY,0.248
N ARCADIA AVE @ WINN WAY,N ARCADIA AVE @ E PONCE DE LEON AVE,0.188
N ARCADIA AVE @ E PONCE DE LEON AVE,AVONDALE STATION - NORTH LOOP,0.117
N ARCADIA AVE @ E PONCE DE LEON AVE,N ARCADIA AVE @ GRAYSON PL,0.261
N ARCADIA AVE @ E PONCE DE LEON AVE,WINN WAY @ PINEHURST ST,0.243
AVONDALE STATION - NORTH LOOP,N ARCADIA AVE @ E PONCE DE LEON AVE,0.117
AVONDALE STATION - NORTH LOOP,COMMERCE DR @ E COLLEGE AVE,0.428
AVONDALE STATION - NORTH LOOP,E PONCE DE LEON AVE @ GROVE PL,0.166
N ARCADIA AVE @ GRAYSON PL,DEKALB INDUSTRIAL WAY @ N ARCADIA AVE,0.26
DEKALB INDUSTRIAL WAY @ N ARCADIA AVE,DEKALB INDUSTRIAL WAY @ RIMINGTON LN,0.104
DEKALB INDUSTRIAL WAY @ 375,DEKALB INDUSTRIAL WAY @ IRVIN WAY,0.196
DEKALB INDUSTRIAL WAY @ 455,DEKALB INDUSTRIAL WAY @ STRATFORD CMNS,0.115
DEKALB INDUSTRIAL WAY @ 685,DEKALB INDUSTRIAL WAY @ 751,0.114
DEKALB INDUSTRIAL WAY @ 751,DEKALB INDUSTRIAL WAY @ LAWRENCEVILLE HWY,0.111
DEKALB INDUSTRIAL WAY @ LAWRENCEVILLE HWY,LAWRENCEVILLE HWY @ JORDAN LN,0.122
LAWRENCEVILLE HWY @ JORDAN LN,LAWRENCEVILLE HWY @ WHITE BLVD,0.832
LAWRENCEVILLE HWY @ JORDAN LN,N DRUID HILLS RD @ LAWRENCEVILLE HWY,0.688
LAWRENCEVILLE HWY @ 2295,LAWRENCEVILLE HWY @ VALLEY BROOK RD,0.083
LAWRENCEVILLE HWY @ ROBINWOOD RD,LAWRENCEVILLE HWY @ HARCOURT DR,0.073
LAWRENCEVILLE HWY @ HARCOURT DR,LAWRENCEVILLE HWY @ 2505,0.232
LAWRENCEVILLE HWY @ 2505,LAWRENCEVILLE HWY @ MCLENDON DR,0.202
LAWRENCEVILLE HWY @ MCLENDON DR,LAWRENCEVILLE HWY @ 2661,0.155
LAWRENCEVILLE HWY @ 2661,LAWRENCEVILLE HWY @ LINKWOOD,0.22
LAWRENCEVILLE HWY @ LINKWOOD,LAWRENCEVILLE HWY @ MONTREAL RD W,0.052
LAWRENCEVILLE HWY @ LEE WAY,LAWRENCEVILLE HWY @ LOVELY LN,0.255
LAWRENCEVILLE HWY @ COOLEDGE RD,LAWRENCEVILLE HWY @ HEBRON HILLS DR,0.292
LAWRENCEVILLE HWY @ FELLOWSHIP RD,LAWRENCEVILLE HWY @ TOWNSHIP LN,0.178
LAWRENCEVILLE HWY @ TOWNSHIP LN,LAWRENCEVILLE HWY @ HUGH HOWELL RD,0.36
LAWRENCEVILLE HWY @ N ROYAL ATLANTA DR,N ROYAL ATLANTA DR @ TUCKERSTONE PKWY,0.115
N ROYAL ATLANTA DR @ 4667,N ROYAL ATLANTA DR @ 4707,0.118
N ROYAL ATLANTA DR @ 4707,N ROYAL ATLANTA DR @ 4823,0.186
N ROYAL ATLANTA DR @ 4823,N ROYAL ATLANTA DR @ MOUNTAIN INDUSTRIAL BLVD,0.169
N ROYAL ATLANTA DR @ MOUNTAIN INDUSTRIAL BLVD,MOUNTAIN INDUSTRIAL BLVD @ N ROYAL ATLANTA DR,0.074
MOUNTAIN INDUSTRIAL BLVD @ N ROYAL ATLANTA DR,MOUNTAIN INDUSTRIAL BLVD @ 2550,0.284
MOUNTAIN INDUSTRIAL BLVD @ 2550,MOUNTAIN INDUSTRIAL BLVD @ 2530,0.103
MOUNTAIN INDUSTRIAL BLVD @ 2530,MOUNTAIN INDUSTRIAL BLVD @ TUCKERSTONE PKWY,0.16
MOUNTAIN INDUSTRIAL BLVD @ TUCKERSTONE PKWY,TUCKERSTONE PKWY @ MOUNTAIN INDUSTRIAL BLVD,0.065
MOUNTAIN INDUSTRIAL BLVD @ TUCKERSTONE PKWY,MOUNTAIN INDUSTRIAL BLVD @ HUGH HOWELL RD,0.59
CLEVELAND AVE @ JONESBORO RD,CLEVELAND AVE SE @ 445,0.4
CLEVELAND AVE SE @ 445,CLEVELAND AVE SE @ 365,0.172
CLEVELAND AVE SE @ 365,CLEVELAND AVE SE @ FAIRLANE DR SE,0.156
CLEVELAND AVE SE @ FAIRLANE DR SE,CLEVELAND AVE SE @ ALTAVIEW DR SE,0.081
CLEVELAND AVE SE @ ALTAVIEW DR SE,CLEVELAND AVE SE @ BROWNS MILL RD SE,0.133
CLEVELAND AVE SE @ BROWNS MILL RD SE,CLEVELAND AVE SW @ MACON DR SW,0.268
CLEVELAND AVE SE @ BROWNS MILL RD SE,BROWNS MILL RD SE @ CLEVELAND AVE SE,0.03
CLEVELAND AVE SW @ MACON DR SW,CLEVELAND AVE SW @ OLD HAPEVILLE RD SW,0.28
CLEVELAND AVE SW @ MACON DR SW,CLEVELAND AVE SE @ 84,0.188
CLEVELAND AVE SW @ OLD HAPEVILLE RD SW,CLEVELAND AVE SW @ STEELE AVE SW,0.148
CLEVELAND AVE SW @ OLD HAPEVILLE RD SW,CLEVELAND AVE SW @ MACON DR SW,0.28
CLEVELAND AVE SW @ STEELE AVE SW,CLEVELAND AVE SW @ BEELER DR SW,0.258
CLEVELAND AVE SW @ STEELE AVE SW,CLEVELAND AVE SW @ OLD HAPEVILLE RD SW,0.148
CLEVELAND AVE SW @ BEELER DR SW,CLEVELAND AVE SW @ THIRD AVE,0.076
CLEVELAND AVE SW @ THIRD AVE,CLEVELAND AVE SW @ DEARWOOD DR SW,0.169
CLEVELAND AVE SW @ DEARWOOD DR SW,CLEVELAND AVE SW @ METROPOLITAN PKWY SW,0.128
CLEVELAND AVE SW @ DEARWOOD DR SW,CLEVELAND AVE SW @ 3RD AVE SW,0.141
CLEVELAND AVE SW @ METROPOLITAN PKWY SW,CLEVELAND AVE @ 650,0.146
CLEVELAND AVE @ 650,CLEVELAND AVE SW @ 757,0.182
CLEVELAND AVE SW @ 757,CLEVELAND AVE SW @ SPRINGDALE RD SW,0.159
CLEVELAND AVE SW @ SPRINGDALE RD SW,CLEVELAND AVE @ SYLVAN RD,0.168
CLEVELAND AVE @ SYLVAN RD,CLEVELAND AVE @ BLOUNT ST,0.259
CLEVELAND AVE @ SYLVAN RD,SPRINGDALE RD @ CLEVELAND AVE,0.229
CLEVELAND AVE @ BLOUNT ST,CLEVELAND AVE @ JEFFERSON TER,0.192
CLEVELAND AVE @ BLOUNT ST,CLEVELAND AVE @ ELSINORE ST,0.196
CLEVELAND AVE @ JEFFERSON TER,CLEVELAND AVE @ WINBURN TERR,0.134
CLEVELAND AVE @ JEFFERSON TER,CLEVELAND AVE @ BLOUNT ST,0.192
CLEVELAND AVE @ JEFFERSON TER,NORMAN BERRY DR @ CLEVELAND AVE,0.203
CLEVELAND AVE @ WINBURN TERR,CLEVELAND AVE @ BAYARD ST,0.199
CLEVELAND AVE @ BAYARD ST,CLEVELAND AVE @ RANDALL ST,0.079
CLEVELAND AVE @ BAYARD ST,CLEVELAND AVE @ WINBURN TER,0.183
CLEVELAND AVE @ RANDALL ST,IRENE KIDD PKWY @ CLEVELAND AVE,0.162
CLEVELAND AVE @ RANDALL ST,CLEVELAND AVE @ BAYARD ST,0.079
IRENE KIDD PKWY @ CLEVELAND AVE,IRENE KIDD PKWY @ GUS THORNHILL JR DR,0.123
IRENE KIDD PKWY @ GUS THORNHILL JR DR,IRENE KIDD PKWY @ CENTRAL AVE,0.239
IRENE KIDD PKWY @ GUS THORNHILL JR DR,IRENE KIDD PKWY @ HARRIS ST,0.144
IRENE KIDD PKWY @ CENTRAL AVE,EAST POINT STATION,0.077
IRENE KIDD PKWY @ CENTRAL AVE,IRENE KIDD PKWY @ GUS THORNHILL JR DR,0.239
IRENE KIDD PKWY @ CENTRAL AVE,E WASHINGTON AVE @ RN MARTIN ST,0.133
IRENE KIDD PKWY @ CENTRAL AVE,RN MARTIN ST @ HOLLAND CT,0.133
EAST POINT STATION,IRENE KIDD PKWY @ CENTRAL AVE,0.077
EAST POINT STATION,MAIN ST @ W CLEVELAND AVE,0.21
EAST POINT STATION,WASHINGTON RD @ EAST POINT ST,0.136
EAST POINT STATION,MAIN ST @ LEGION WAY,0.169
EAST POINT STATION,LAKEWOOD-FT MCPHERSON STATION,1.77
EAST POINT STATION,COLLEGE PARK STATION,1.876
EAST POINT STATION,BROOKHAVEN-OGLETHORPE STATION,13.939
EAST POINT STATION,ARTS CENTER STATION,8.369
EAST POINT STATION,MIDTOWN STATION,7.856
EAST POINT STATION,DUNWOODY STATION,17.758
EAST POINT STATION,LINDBERGH CENTER STATION,10.94
EAST POINT STATION,AIRPORT STATION,2.528
EAST POINT STATION,GARNETT STATION,5.607
EAST POINT STATION,FIVE POINTS STATION,6.037
EAST POINT STATION,PEACHTREE CENTER STATION,6.4
EAST POINT STATION,CHAMBLEE STATION,16.485
EAST POINT STATION,SANDY SPRINGS STATION,18.37
EAST POINT STATION,NORTH SPRINGS STATION,19.149
EAST POINT STATION,OAKLAND CITY STATION,2.937
EAST POINT STATION,WEST END STATION,4.382
EAST POINT STATION,BUCKHEAD STATION,12.557
EAST POINT STATION,NORTH AVENUE STATION,7.253
EAST POINT STATION,DORAVILLE STATION,18.109
EAST POINT STATION,MEDICAL CENTER STATION,16.961
EAST POINT STATION,CIVIC CENTER STATION,6.893
EAST POINT STATION,LENOX STATION,12.58
IRENE KIDD PKWY @ HARRIS ST,CLEVELAND AVE @ RANDALL ST,0.127
CLEVELAND AVE @ WINBURN TER,CLEVELAND AVE @ JEFFERSON TER,0.15
CLEVELAND AVE @ ELSINORE ST,CLEVELAND AVE @ SPRINGDALE RD,0.223
CLEVELAND AVE @ ELSINORE ST,CLEVELAND AVE @ SYLVAN RD,0.063
CLEVELAND AVE @ SPRINGDALE RD,CLEVELAND AVE SW @ 786,0.144
CLEVELAND AVE SW @ 786,CLEVELAND AVE SW @ METROPOLITAN PKWY,0.309
CLEVELAND AVE SW @ METROPOLITAN PKWY,CLEVELAND AVE SW @ DEARWOOD DR SW,0.169
CLEVELAND AVE SW @ 3RD AVE SW,CLEVELAND AVE @ FORREST HILLS DR,0.115
CLEVELAND AVE @ FORREST HILLS DR,CLEVELAND AVE SW @ STEELE AVE SW,0.247
CLEVELAND AVE SE @ 84,BROWNS MILL RD SE @ CLEVELAND AVE SE,0.093
CLEVELAND AVE SE @ 84,CLEVELAND AVE SE @ BROWNS MILL RD SE,0.08
BROWNS MILL RD SE @ CLEVELAND AVE SE,BROWNS MILL RD SE @ LINDA LN SE,0.172
BROWNS MILL RD SE @ CLEVELAND AVE SE,BROWNS MILL RD SE @ SPRINGSIDE DR SE,0.345
BROWNS MILL RD SE @ LINDA LN SE,BROWNS MILL RD SE @ LYDIA DR SE,0.28
BROWNS MILL RD SE @ LYDIA DR SE,BROWNS MILL RD SE @ BROMACK DR SE,0.131
BROWNS MILL RD SE @ BROMACK DR SE,MCWILLIAMS RD SE @ BROWNS MILL RD SE,0.232
MCWILLIAMS RD SE @ BROWNS MILL RD SE,MCWILLIAMS RD SE @ CAREY DR SE,0.235
MCWILLIAMS RD SE @ CAREY DR SE,MCWILLIAMS RD SE @ 660,0.181
MCWILLIAMS RD SE @ 660,MCWILLIAMS RD SE @ JONESBORO RD SE,0.146
MCWILLIAMS RD SE @ JONESBORO RD SE,JONESBORO RD SE @ 2491,0.193
OAKLAND CITY STATION,MURPHY AVE SW @ DILL AVE SW,0.208
OAKLAND CITY STATION,CAMPBELLTON RD SW @ OAKLAND DR SW,0.075
OAKLAND CITY STATION,MURPHY AVE SW @ ARDEN AVE SW,0.091
OAKLAND CITY STATION,ATLANTA METRO STATE COLLEGE,1.365
OAKLAND CITY STATION,WEST END STATION,1.473
OAKLAND CITY STATION,LAKEWOOD-FT MCPHERSON STATION,1.191
OAKLAND CITY STATION,EAST POINT STATION,2.937
OAKLAND CITY STATION,BROOKHAVEN-OGLETHORPE STATION,11.043
OAKLAND CITY STATION,ARTS CENTER STATION,5.452
OAKLAND CITY STATION,MIDTOWN STATION,4.955
OAKLAND CITY STATION,DUNWOODY STATION,14.824
OAKLAND CITY STATION,LINDBERGH CENTER STATION,8.024
OAKLAND CITY STATION,AIRPORT STATION,5.449
OAKLAND CITY STATION,COLLEGE PARK STATION,4.812
OAKLAND CITY STATION,GARNETT STATION,2.785
OAKLAND CITY STATION,FIVE POINTS STATION,3.216
OAKLAND CITY STATION,PEACHTREE CENTER STATION,3.585
OAKLAND CITY STATION,CHAMBLEE STATION,13.622
OAKLAND CITY STATION,SANDY SPRINGS STATION,15.433
OAKLAND CITY STATION,NORTH SPRINGS STATION,16.213
OAKLAND CITY STATION,BUCKHEAD STATION,9.626
OAKLAND CITY STATION,NORTH AVENUE STATION,4.375
OAKLAND CITY STATION,DORAVILLE STATION,15.281
OAKLAND CITY STATION,MEDICAL CENTER STATION,14.025
OAKLAND CITY STATION,CIVIC CENTER STATION,4.034
OAKLAND CITY STATION,LENOX STATION,9.664
MURPHY AVE SW @ DILL AVE SW,MURPHY AVE @ AVON AVE,0.201
MURPHY AVE @ AVON AVE,SYLVAN RD @ AVON AVE,0.249
SYLVAN RD @ AVON AVE,SYLVAN RD @ COX AVE,0.168
SYLVAN RD @ AVON AVE,AVON AVE SW @ MURPHY AVE SW,0.236
SYLVAN RD @ COX AVE,SYLVAN RD @ DILL AVE,0.089
SYLVAN RD @ DILL AVE,SYLVAN RD @ ARDEN AVE,0.085
SYLVAN RD @ DILL AVE,SYLVAN RD @ ERIN AVE,0.059
SYLVAN RD @ ARDEN AVE,SYLVAN RD SW @ DECKNER AVE SW,0.221
SYLVAN RD SW @ DECKNER AVE SW,SYLVAN RD SW @ BYRON DR SW,0.068
SYLVAN RD SW @ BYRON DR SW,SYLVAN RD SW @ KATHERWOOD DR SW,0.12
SYLVAN RD SW @ BYRON DR SW,SYLVAN RD @ GENESSEE AVE,0.223
SYLVAN RD SW @ KATHERWOOD DR SW,SYLVAN RD SW @ WOODBOURNE DR SW,0.07
SYLVAN RD SW @ KATHERWOOD DR SW,SYLVAN RD SW @ BYRON DR SW,0.12
SYLVAN RD SW @ WOODBOURNE DR SW,SYLVAN RD SW @ HARTE DR SW,0.066
SYLVAN RD SW @ WOODBOURNE DR SW,SYLVAN RD SW @ KATHERWOOD DR SW,0.07
SYLVAN RD SW @ HARTE DR SW,SYLVAN RD SW @ VICTORY DR SW,0.096
SYLVAN RD SW @ HARTE DR SW,SYLVAN RD SW @ WOODBOURNE DR SW,0.066
SYLVAN RD SW @ VICTORY DR SW,SYLVAN RD SW @ MELROSE DR SW,0.129
SYLVAN RD SW @ VICTORY DR SW,SYLVAN RD SW @ HARTE DR SW,0.096
SYLVAN RD SW @ MELROSE DR SW,SYLVAN RD SW @ SYLVAN PL SW,0.068
SYLVAN RD SW @ MELROSE DR SW,SYLVAN RD SW @ VICTORY DR SW,0.129
SYLVAN RD SW @ SYLVAN PL SW,SYLVAN RD SW @ LANGSTON AVE SW,0.116
SYLVAN RD SW @ SYLVAN PL SW,SYLVAN RD SW @ MELROSE DR SW,0.068
SYLVAN RD SW @ LANGSTON AVE SW,SYLVAN RD SW @ ASTOR AVE SW,0.122
SYLVAN RD SW @ ASTOR AVE SW,SYLVAN RD SW @ ESTES DR,0.146
LAKEWOOD AVE @ SYLVAN RD,SPRINGDALE RD SW @ LAKEWOOD AVE,0.217
LAKEWOOD AVE @ SYLVAN RD,SYLVAN RD SW @ ESTES DR,0.164
SPRINGDALE RD SW @ LAKEWOOD AVE,SPRINGDALE RD SW @ SPRINGDALE CIR,0.051
SPRINGDALE RD SW @ SPRINGDALE CIR,SPRINGDALE RD @ SPRINGDALE PL,0.199
SPRINGDALE RD @ SPRINGDALE PL,SPRINGDALE RD SW @ YALE PL SW,0.109
SPRINGDALE RD @ SPRINGDALE PL,SPRINGDALE RD SW @ PERKERSON RD SW,0.268
SPRINGDALE RD SW @ YALE PL SW,SPRINGDALE RD @ VINSON PL,0.061
SPRINGDALE RD SW @ YALE PL SW,SPRINGDALE RD @ SPRINGDALE PL,0.109
SPRINGDALE RD @ VINSON PL,SPRINGDALE RD SW @ PEGG RD SW,0.062
SPRINGDALE RD SW @ PEGG RD SW,SPRINGDALE RD @ BROOKDALE DR,0.189
SPRINGDALE RD SW @ PEGG RD SW,SPRINGDALE RD SW @ VINSON PL SW,0.049
SPRINGDALE RD @ BROOKDALE DR,SPRINGDALE RD SW @ JEFFERSON AVE SW,0.095
SPRINGDALE RD @ BROOKDALE DR,SPRINGDALE RD SW @ PEGG RD SW,0.189
SPRINGDALE RD SW @ JEFFERSON AVE SW,SPRINGDALE RD SW @ GLENWAY DR,0.169
SPRINGDALE RD SW @ JEFFERSON AVE SW,SPRINGDALE RD @ BROOKDALE DR,0.095
SPRINGDALE RD SW @ GLENWAY DR,SPRINGDALE RD SW @ CLEVELAND AVE,0.094
SPRINGDALE RD SW @ GLENWAY DR,SPRINGDALE RD SW @ JEFFERSON AVE SW,0.169
SPRINGDALE RD SW @ CLEVELAND AVE,CLEVELAND AVE SW @ SPRINGDALE RD SW,0.041
NORMAN BERRY DR @ CLEVELAND AVE,NORMAN BERRY DR @ 2814,0.218
NORMAN BERRY DR @ 2814,NORMAN BERRY DR @ CALHOUN AVE,0.307
NORMAN BERRY DR @ 2814,CLEVELAND AVE @ WINBURN TER,0.255
NORMAN BERRY DR @ CALHOUN AVE,MARIA HEAD TER @ NORMAN BERRY DR,0.198
MARIA HEAD TER @ NORMAN BERRY DR,MARIA HEAD TER @ CALHOUN AVE,0.124
MARIA HEAD TER @ CALHOUN AVE,CALHOUN AVE @ 1101,0.16
CALHOUN AVE @ 1101,CALHOUN AVE @ JOHN FREEMAN WAY,0.088
CALHOUN AVE @ JOHN FREEMAN WAY,CALHOUN AVE @ BAYARD ST,0.371
CALHOUN AVE @ JOHN FREEMAN WAY,NORMAN BEERY DR @ CALHOUN AVE,0.079
CALHOUN AVE @ BAYARD ST,RANDALL ST @ HOLCOMB AVE,0.111
CALHOUN AVE @ BAYARD ST,CALHOUN AVE @ NORMAN BERRY DR,0.307
RANDALL ST @ HOLCOMB AVE,RANDALL ST @ E WASHINGTON AVE,0.101
RANDALL ST @ HOLCOMB AVE,CALHOUN AVE @ BAYARD ST,0.111
RANDALL ST @ E WASHINGTON AVE,E WASHINGTON AVE @ HARRIS ST,0.12
E WASHINGTON AVE @ HARRIS ST,E WASHINGTON AVE @ RN MARTIN ST,0.137
E WASHINGTON AVE @ HARRIS ST,E WASHINGTON AVE @ RANDALL ST,0.112
E WASHINGTON AVE @ RN MARTIN ST,IRENE KIDD PKWY @ CENTRAL AVE,0.133
E WASHINGTON AVE @ RN MARTIN ST,E WASHINGTON AVE @ HARRIS ST,0.137
E WASHINGTON AVE @ RANDALL ST,RANDALL ST @ HOLCOMB AVE,0.105
CALHOUN AVE @ NORMAN BERRY DR,MARIA HEAD TER @ NORMAN BERRY DR,0.184
NORMAN BEERY DR @ CALHOUN AVE,NORMAN BERRY DR @ 2814,0.256
SPRINGDALE RD @ CLEVELAND AVE,SPRINGDALE RD SW @ GLENWAY DR,0.085
SPRINGDALE RD SW @ VINSON PL SW,SPRINGDALE RD SW @ YALE PL SW,0.073
SPRINGDALE RD SW @ PERKERSON RD SW,LAKEWOOD AVE @ SYLVAN RD,0.229
SYLVAN RD SW @ BRIDGEWATER ST SW,SYLVAN RD SW @ SYLVAN PL SW,0.149
SYLVAN RD @ GENESSEE AVE,SYLVAN RD @ DILL AVE,0.151
SYLVAN RD @ ERIN AVE,SYLVAN RD @ AVON AVE,0.198
AVON AVE SW @ MURPHY AVE SW,MURPHY AVE @ DILL AVE,0.234
MURPHY AVE @ DILL AVE,OAKLAND CITY STATION,0.185
MAIN ST @ W CLEVELAND AVE,MAIN ST @ W FORREST AVE,0.22
MAIN ST @ W FORREST AVE,CONNALLY DR @ MAIN ST,0.203
CONNALLY DR @ MAIN ST,NORMAN BERRY DR @ LESTER ST,0.271
CONNALLY DR @ MAIN ST,CONNALLY DR @ LESTER ST,0.242
NORMAN BERRY DR @ LESTER ST,NORMAN BERRY DR @ SEMMES ST,0.12
NORMAN BERRY DR @ LESTER ST,W FORREST AVE @ CHENEY ST,0.175
NORMAN BERRY DR @ SEMMES ST,NORMAN BERRY DR @ LUMPKIN ST,0.081
NORMAN BERRY DR @ SEMMES ST,NORMAN BERRY DR @ LESTER ST,0.12
NORMAN BERRY DR @ LUMPKIN ST,HEADLAND DR @ HILLCREST DR,0.161
HEADLAND DR @ HILLCREST DR,HEADLAND DR @ BROAD AVE,0.179
HEADLAND DR @ HILLCREST DR,HEADLAND DR @ WARREN WAY,0.117
HEADLAND DR @ BROAD AVE,DELOWE DR @ HEADLAND DR,0.254
DELOWE DR @ HEADLAND DR,DELOWE DR @ LEITH AVE,0.258
DELOWE DR @ HEADLAND DR,DELOWE DR @ ELINWOOD DR,0.098
DELOWE DR @ HEADLAND DR,DELOWE DR @ HEADLAND DR,0.0
DELOWE DR @ HEADLAND DR,HEADLAND DR @ RIDGECREST LN,0.099
DELOWE DR @ LEITH AVE,DELOWE DR @ NEELY AVE,0.209
DELOWE DR @ NEELY AVE,DELOWE DR @ MONTROSE DR,0.113
DELOWE DR @ MONTROSE DR,DELOWE DR @ LUTHER DR,0.092
DELOWE DR @ LUTHER DR,DELOWE DR @ DORSEY AVE,0.196
DELOWE DR @ DORSEY AVE,DORSEY AVE @ 2207,0.188
DORSEY AVE @ 2207,DORSEY AVE @ LANCASTER DR,0.083
DORSEY AVE @ LANCASTER DR,LANCASTER DR @ 2839,0.109
LANCASTER DR @ 2839,LANCASTER DR @ PLANTATION DR,0.118
LANCASTER DR @ PLANTATION DR,PLANTATION DR @ DORSEY AVE,0.146
PLANTATION DR @ DORSEY AVE,MONTROSE DR @ PLANTATION DR,0.162
MONTROSE DR @ PLANTATION DR,GRAYWALL ST @ ENGLEWOOD DR,0.114
GRAYWALL ST @ ENGLEWOOD DR,GRAYWALL ST @ OLD COLONY RD,0.154
GRAYWALL ST @ OLD COLONY RD,OLD COLONY RD @ RIGGS DR,0.129
OLD COLONY RD @ RIGGS DR,OLD COLONY RD @ WESTCHESTER DR,0.099
OLD COLONY RD @ WESTCHESTER DR,OLD COLONY RD @ 2485,0.096
OLD COLONY RD @ 2485,OLD COLONY RD @ RANTIN DR,0.054
OLD COLONY RD @ RANTIN DR,OLD COLONY RD @ BRYANT DR,0.079
OLD COLONY RD @ BRYANT DR,BRYANT DR @ WOODHILL LN,0.107
BRYANT DR @ WOODHILL LN,BRYANT DR @ S BRYAN CIR,0.073
BRYANT DR @ S BRYAN CIR,BRYANT DR @ N BRYAN CIR,0.075
BRYANT DR @ N BRYAN CIR,BRYANT DR @ HEADLAND DR,0.126
BRYANT DR @ HEADLAND DR,HEADLAND DR @ 2472,0.158
HEADLAND DR @ 2472,HEADLAND DR @ GRAYWALL ST,0.226
HEADLAND DR @ GRAYWALL ST,HEADLAND DR @ PLANTATION DR,0.177
HEADLAND DR @ PLANTATION DR,HEADLAND DR @ FARLEY ST,0.086
HEADLAND DR @ PLANTATION DR,HEADLAND DR @ HEADLAND TER,0.225
HEADLAND DR @ FARLEY ST,HEADLAND DR @ DELOWE DR,0.158
HEADLAND DR @ FARLEY ST,HEADLAND DR @ PLANTATION DR,0.086
HEADLAND DR @ FARLEY ST,DELOWE DR @ HEADLAND DR,0.204
HEADLAND DR @ DELOWE DR,DELOWE DR @ HEADLAND DR,0.082
HEADLAND DR @ DELOWE DR,HEADLAND DR @ KIMMRIDGE DR,0.228
DELOWE DR @ ELINWOOD DR,DELOWE DR @ CONNALLY DR,0.222
DELOWE DR @ ELINWOOD DR,DELOWE DR @ HEADLAND DR,0.098
DELOWE DR @ CONNALLY DR,DELOWE DR @ DEWBERRY LN,0.254
DELOWE DR @ CONNALLY DR,DELOWE DR @ ELINWOOD DR,0.222
DELOWE DR @ DEWBERRY LN,DELOWE DR SW @ ALISON CT,0.198
DELOWE DR @ DEWBERRY LN,DELOWE STANTON ACCESS RD @ 1900,0.286
DELOWE DR SW @ ALISON CT,DELOWE DR SW @ DELOWE PL SW,0.182
DELOWE DR SW @ DELOWE PL SW,DELOWE DR SW @ CAMPBELLTON RD SW,0.168
DELOWE DR SW @ CAMPBELLTON RD SW,CENTRA VILLA DR SW @ CAMPBELLTON RD SW,0.115
DELOWE DR SW @ CAMPBELLTON RD SW,CAMPBELLTON RD SW @ MYRTLE DR SW,0.128
CENTRA VILLA DR SW @ CAMPBELLTON RD SW,CENTRA VILLA DR SW @ HONEYSUCKLE SW,0.259
CENTRA VILLA DR SW @ CAMPBELLTON RD SW,DELOWE DR @ CAMPBELLTON RD,0.181
CENTRA VILLA DR SW @ HONEYSUCKLE SW,CENTRA VILLA DR SW @ E CEDAR LN SW,0.106
CENTRA VILLA DR SW @ E CEDAR LN SW,VENETIAN DR SW @ PINEHURST DR SW,0.201
VENETIAN DR SW @ PINEHURST DR SW,VENETIAN DR SW @ CAHABA DR SW,0.136
VENETIAN DR SW @ PINEHURST DR SW,VENETIAN DR SW @ CENTRA VILLA DR SW,0.078
VENETIAN DR SW @ CAHABA DR SW,VENETIAN DR SW @ ALDER  SW,0.074
VENETIAN DR SW @ CAHABA DR SW,VENETIAN DR SW @ PINEHURST DR SW,0.136
VENETIAN DR SW @ ALDER  SW,VENETIAN DR SW @ WILLOWBROOK DR SW,0.091
VENETIAN DR SW @ WILLOWBROOK DR SW,WESTRIDGE RD SW @ BAYBERRY DR SW,0.1
WESTRIDGE RD SW @ BAYBERRY DR SW,WESTRIDGE RD SW @ CUMMINGS DR SW,0.097
WESTRIDGE RD SW @ BAYBERRY DR SW,WESTRIDGE RD SW @ VENETIAN DR SW,0.093
WESTRIDGE RD SW @ CUMMINGS DR SW,SANDTOWN RD SW @ WESTRIDGE RD,0.046
SANDTOWN RD SW @ WESTRIDGE RD,SANDTOWN RD SW @ MORAY ST SW,0.136
SANDTOWN RD SW @ MORAY ST SW,SANDTOWN RD SW @ WICHITA DR SW,0.132
SANDTOWN RD SW @ WICHITA DR SW,SANDTOWN RD SW @ WICHITA DR SW,0.0
SANDTOWN RD SW @ WICHITA DR SW,SANDTOWN RD SW @ ANIWAKA AVE SW,0.046
SANDTOWN RD SW @ WICHITA DR SW,SANDTOWN RD SW @ WICHITA DR,0.081
SANDTOWN RD SW @ ANIWAKA AVE SW,SANDTOWN RD SW @ VENETIAN DR SW,0.074
SANDTOWN RD SW @ ANIWAKA AVE SW,SANDTOWN RD SW @ WICHITA DR SW,0.046
SANDTOWN RD SW @ VENETIAN DR SW,VENETIAN DR SW @ WILLOW TRL SW,0.042
SANDTOWN RD SW @ VENETIAN DR SW,SANDTOWN RD SW @ ANIWAKA AVE SW,0.074
VENETIAN DR SW @ WILLOW TRL SW,VENETIAN DR SW @ LOCKWOOD DR SW,0.053
VENETIAN DR SW @ WILLOW TRL SW,SANDTOWN RD SW @ VENETIAN DR SW,0.042
VENETIAN DR SW @ LOCKWOOD DR SW,WESTMONT RD SW @ VENETIAN DR SW,0.046
WESTMONT RD SW @ VENETIAN DR SW,WESTMONT RD SW @ 1420,0.133
WESTMONT RD SW @ VENETIAN DR SW,VENETIAN DR SW @ WILLOW TRL SW,0.099
WESTMONT RD SW @ 1420,WESTMONT RD SW @ TRACY ST,0.124
WESTMONT RD SW @ TRACY ST,WESTMONT RD SW @ 1310,0.135
WESTMONT RD SW @ 1310,WESTMONT RD SW @ AVON AVE SW,0.147
WESTMONT RD SW @ AVON AVE SW,AVON AVE SW @ GRAYMONT DR SW,0.061
AVON AVE SW @ GRAYMONT DR SW,AVON AVE @ ELIZABETH AVE,0.054
AVON AVE SW @ GRAYMONT DR SW,AVON AVE SW @ WESTMONT RD SW,0.063
AVON AVE @ ELIZABETH AVE,AVON AVE @ KENILWORTH DR,0.079
AVON AVE @ KENILWORTH DR,AVON AVE SW @ LORENZO DR SW,0.096
AVON AVE SW @ LORENZO DR SW,AVON AVE SW @ EPWORTH ST SW,0.091
AVON AVE SW @ LORENZO DR SW,AVON AVE SW @ KENILWORTH DR SW,0.096
AVON AVE SW @ EPWORTH ST SW,WYLAND DR SW @ EDGEFIELD DR SW,0.045
WYLAND DR SW @ EDGEFIELD DR SW,WYLAND DR SW @ LANVALE DR SW,0.077
WYLAND DR SW @ LANVALE DR SW,WYLAND DR SW @ ALMONT DR SW,0.125
WYLAND DR SW @ LANVALE DR SW,WYLAND DR SW @ LYNFORD DR SW,0.05
WYLAND DR SW @ ALMONT DR SW,ALMONT DR SW @ EDGEFIELD DR SW,0.057
ALMONT DR SW @ EDGEFIELD DR SW,ALMONT DR SW @ INDALE PL SW,0.069
ALMONT DR SW @ EDGEFIELD DR SW,ALMONT DR SW @ WYLAND DR SW,0.054
ALMONT DR SW @ INDALE PL SW,ALMONT DR @ OAKLAND DR,0.067
ALMONT DR SW @ INDALE PL SW,ALMONT DR SW @ EDGEFIELD DR SW,0.069
ALMONT DR @ OAKLAND DR,OAKLAND DR SW @ MERRILL AVE SW,0.188
OAKLAND DR SW @ MERRILL AVE SW,MERRILL AVE SW @ HALL ST SW,0.088
MERRILL AVE SW @ HALL ST SW,MERRILL AVE SW @ LAWTON ST SW,0.129
MERRILL AVE SW @ HALL ST SW,MERRILL AVE SW @ OAKLAND DR SW,0.08
MERRILL AVE SW @ LAWTON ST SW,LAWTON ST SW @ MONTREAT AVE SW,0.063
LAWTON ST SW @ MONTREAT AVE SW,LAWTON ST SW @ RICHLAND RD SW,0.068
LAWTON ST SW @ MONTREAT AVE SW,LAWTON ST SW @ MERRILL AVE SW,0.058
LAWTON ST SW @ RICHLAND RD SW,LAWTON ST SW @ DONNELLY AVE SW,0.132
LAWTON ST SW @ RICHLAND RD SW,LAWTON ST SW @ MONTREAT AVE SW,0.068
LAWTON ST SW @ MERRILL AVE SW,MERRILL AVE SW @ HALL ST SW,0.129
MERRILL AVE SW @ OAKLAND DR SW,OAKLAND DR SW @ ALMONT DR SW,0.194
OAKLAND DR SW @ ALMONT DR SW,ALMONT DR SW @ INDALE PL SW,0.07
ALMONT DR SW @ WYLAND DR SW,WYLAND DR SW @ LANVALE DR SW,0.133
WYLAND DR SW @ LYNFORD DR SW,WYLAND DR SW @ AVON AVE SW,0.064
WYLAND DR SW @ AVON AVE SW,AVON AVE SW @ LORENZO DR SW,0.098
AVON AVE SW @ KENILWORTH DR SW,AVON AVE SW @ ELIZABETH AVE SW,0.079
AVON AVE SW @ ELIZABETH AVE SW,AVON AVE SW @ GRAYMONT DR SW,0.054
AVON AVE SW @ WESTMONT RD SW,WESTMONT RD SW @ 1285,0.149
WESTMONT RD SW @ 1285,WESTMONT RD SW @ TRACY ST SW,0.127
WESTMONT RD SW @ TRACY ST SW,WESTMONT RD SW @ 1411,0.132
WESTMONT RD SW @ 1411,WESTMONT RD SW @ VENETIAN DR SW,0.137
SANDTOWN RD SW @ WICHITA DR,SANDTOWN RD SW @ LOCKHAVEN CIR SW,0.059
SANDTOWN RD SW @ LOCKHAVEN CIR SW,SANDTOWN RD SW @ LOCKHAVEN CIR,0.081
SANDTOWN RD SW @ LOCKHAVEN CIR,WESTRIDGE RD @ SANDTOWN RD,0.104
WESTRIDGE RD @ SANDTOWN RD,WESTRIDGE RD SW @ BAYBERRY DR SW,0.127
WESTRIDGE RD SW @ VENETIAN DR SW,VENETIAN DR SW @ ALDER LN SW,0.106
VENETIAN DR SW @ ALDER LN SW,VENETIAN DR SW @ CAHABA DR SW,0.06
VENETIAN DR SW @ CENTRA VILLA DR SW,CENTRA VILLA DR @ W CEDAR LN,0.112
CENTRA VILLA DR @ W CEDAR LN,CENTRA VILLA DR @ HONEYSUCKLE LN,0.142
CENTRA VILLA DR @ HONEYSUCKLE LN,CENTRA VILLA DR SW @ CAMPBELLTON RD SW,0.279
DELOWE DR @ CAMPBELLTON RD,DELOWE DR @ ALISON CT,0.297
DELOWE DR @ ALISON CT,DELOWE DR @ W WOODBERRY AVE,0.202
DELOWE DR @ W WOODBERRY AVE,DELOWE DR @ CONNALLY DR,0.218
HEADLAND DR @ KIMMRIDGE DR,HEADLAND DR @ HILLCREST DR,0.212
HEADLAND DR @ WARREN WAY,NORMAN BERRY DR @ SEMMES ST,0.142
W FORREST AVE @ CHENEY ST,W FORREST AVE @ CHURCH ST,0.1
W FORREST AVE @ CHURCH ST,EAST POINT ST @ WARE AVE,0.086
EAST POINT ST @ WARE AVE,W CLEVELAND AVE @ MAIN ST,0.174
W CLEVELAND AVE @ MAIN ST,EAST POINT STATION,0.197
COLLEGE PARK STATION - NORTH LOOP,ROOSEVELT HWY @ 4003,0.436
COLLEGE PARK STATION - NORTH LOOP,MAIN ST @ JOHN WESLEY AVE,0.076
ROOSEVELT HWY @ 4003,ROOSEVELT HWY @ GATEWAY BLVD,0.298
ROOSEVELT HWY @ GATEWAY BLVD,CONVENTION CENTER CONCOURSE @ 2020,0.153
ROOSEVELT HWY @ GATEWAY BLVD,ROOSEVELT HWY @ CONLEY ST,0.219
ROOSEVELT HWY @ GATEWAY BLVD,ROOSEVELT HWY @ HOSPITALITY WAY,0.262
CONVENTION CENTER CONCOURSE @ 2020,CONVENTION CENTER CONCOURSE @ AIRPORT DR,0.432
CONVENTION CENTER CONCOURSE @ AIRPORT DR,CAMP CREEK PKWY @ HERSCHEL RD,0.573
CAMP CREEK PKWY @ HERSCHEL RD,CAMP CREEK PKWY @ POTOMAC DR,0.525
CAMP CREEK PKWY @ HERSCHEL RD,CAMP CREEK PKWY @ AIRPORT DR,0.51
CAMP CREEK PKWY @ POTOMAC DR,WASHINGTON RD @ LAKEMONT DR,0.498
CAMP CREEK PKWY @ POTOMAC DR,CAMP CREEK PKWY @ HERSCHEL RD,0.525
WASHINGTON RD @ LAKEMONT DR,DESERT DR @ 3112,0.124
WASHINGTON RD @ LAKEMONT DR,CAMP CREEK PKWY @ 2900,0.268
WASHINGTON RD @ LAKEMONT DR,WASHINGTON RD @ LAUREL RIDGE DR,0.202
WASHINGTON RD @ LAKEMONT DR,WASHINGTON RD @ SOUTHLAND CT,0.284
DESERT DR @ 3112,DESERT DR @ 3140,0.084
DESERT DR @ 3112,WASHINGTON RD @ LAKEMONT DR,0.124
DESERT DR @ 3140,DESERT DR @ KENELWORTH DR,0.139
DESERT DR @ KENELWORTH DR,N DESERT DR @ CAMP CREEK PKWY,0.105
DESERT DR @ KENELWORTH DR,DESERT DR @ 3148,0.124
N DESERT DR @ CAMP CREEK PKWY,N DESERT DR @ 3600,0.177
N DESERT DR @ 3600,REDWINE RD @ N DESERT DR,0.333
REDWINE RD @ N DESERT DR,REDWINE RD @ N COMMERCE DR,0.058
REDWINE RD @ N DESERT DR,REDWINE RD @ N DESERT DR,0.0
REDWINE RD @ N DESERT DR,N DESERT DR @ 3540,0.316
REDWINE RD @ N COMMERCE DR,REDWINE RD @ CREST RIDGE DR,0.103
REDWINE RD @ CREST RIDGE DR,REDWINE RD SW @ N COMMERCE DR,0.128
REDWINE RD @ CREST RIDGE DR,REDWINE RD @ N DESERT DR,0.162
MARKETPLACE BLVD @ SHELBY LN,SHELBY LN @ N COMMERCE DR,0.107
SHELBY LN @ N COMMERCE DR,N COMMERCE DR @ MARKETPLACE BLVD,0.156
PRINCETON LAKES PKWY @ REDWINE RD,PRINCETON LAKES PKWY @ CAR MIA DR,0.145
WELCOME ALL RD CONN @ WELCOME ALL RD,WELCOME ALL RD @ SOUTHMEADOW PKWY,0.542
WELCOME ALL RD @ SOUTHMEADOW PKWY,WELCOME ALL RD SW @ 4125,0.308
WELCOME ALL RD @ SOUTHMEADOW PKWY,WELCOME ALL RD CONN @ CAMP CREEK PKWY,0.545
WELCOME ALL RD SW @ 4125,WELCOME ALL RD @ 4195,0.288
WELCOME ALL RD SW @ 4125,WELCOME ALL RD @ SOUTHMEADOW PKWY,0.308
WELCOME ALL RD @ 4195,WELCOME ALL RD @ 4345,0.331
WELCOME ALL RD @ 4195,WELCOME ALL RD SW @ 4125,0.288
WELCOME ALL RD @ 4345,WELCOME ALL RD @ 4365,0.147
WELCOME ALL RD @ 4365,WELCOME ALL RD @ JAILETTE RD,0.222
WELCOME ALL RD @ 4365,WELCOME ALL RD @ 4195,0.468
WELCOME ALL RD @ JAILETTE RD,WELCOME ALL RD @ WILL LEE RD,0.249
WELCOME ALL RD @ WILL LEE RD,WELCOME ALL RD @ KENWOOD TRL,0.216
WELCOME ALL RD @ WILL LEE RD,WELCOME ALL RD @ SCARBOROUGH RD,0.229
WELCOME ALL RD @ KENWOOD TRL,WELCOME ALL RD @ KENSINGTON COVE,0.176
WELCOME ALL RD @ KENWOOD TRL,WELCOME ALL RD @ WILL LEE RD,0.216
WELCOME ALL RD @ KENSINGTON COVE,WELCOME ALL RD @ SUNRISE TRL,0.378
WELCOME ALL RD @ KENSINGTON COVE,WELCOME ALL RD @ KENWOOD TRL,0.176
WELCOME ALL RD @ SUNRISE TRL,WELCOME ALL RD @ 5145,0.305
WELCOME ALL RD @ SUNRISE TRL,WELCOME ALL RD @ KENSINGTON COVE,0.378
WELCOME ALL RD @ 5145,WELCOME ALL RD @ 5225,0.279
WELCOME ALL RD @ 5145,WELCOME ALL RD @ SUNRISE TRL,0.305
WELCOME ALL RD @ 5225,ROOSEVELT HWY @ FELDWOOD RD,0.247
WELCOME ALL RD @ 5225,WELCOME ALL RD @ 5145,0.279
ROOSEVELT HWY @ FELDWOOD RD,ROOSEVELT HWY @ DELANO RD,0.196
ROOSEVELT HWY @ FELDWOOD RD,ROOSEVELT HWY @ FELDWOOD RD,0.0
ROOSEVELT HWY @ FELDWOOD RD,ROOSEVELT HWY @ WELCOME ALL RD SW,0.201
ROOSEVELT HWY @ DELANO RD,S FULTON PKWY @ MAJESTIC PL,0.995
ROOSEVELT HWY @ DELANO RD,ROOSEVELT HWY @ DELANO RD,0.0
ROOSEVELT HWY @ DELANO RD,ROOSEVELT HWY @ BEN HILL RD,0.851
ROOSEVELT HWY @ DELANO RD,ROOSEVELT HWY @ FELDWOOD RD,0.196
S FULTON PKWY @ MAJESTIC PL,S FULTON PKWY @ MASON RD,0.621
S FULTON PKWY @ MAJESTIC PL,ROOSEVELT HWY @ FELDWOOD RD,0.892
S FULTON PKWY @ MASON RD,S FULTON PKWY @ STONEWALL TELL RD,0.962
S FULTON PKWY @ MASON RD,S FULTON PKWY @ MAJESTIC PL,0.621
S FULTON PKWY @ STONEWALL TELL RD,DERRICK INDUSTRIAL PKWY @  DERRICK INDUSTRIAL DR,1.147
S FULTON PKWY @ STONEWALL TELL RD,S FULTON PKWY @ MASON RD,0.962
DERRICK INDUSTRIAL PKWY @  DERRICK INDUSTRIAL DR,DERRICK INDUSTRIAL PKWY @ 4505,0.264
DERRICK INDUSTRIAL PKWY @ 4505,AMAZON BUS LOOP,0.487
AMAZON BUS LOOP,SOUTH FULTON PKWY @ DERRICK RD,0.252
SOUTH FULTON PKWY @ DERRICK RD,S FULTON PKWY @ STONEWALL TELL RD,1.384
ROOSEVELT HWY @ WELCOME ALL RD SW,WELCOME ALL RD @ 5225,0.083
ROOSEVELT HWY @ WELCOME ALL RD SW,ROOSEVELT HWY @ YANKEE DR,0.284
WELCOME ALL RD @ SCARBOROUGH RD,WELCOME ALL RD @ 4365,0.219
WELCOME ALL RD CONN @ CAMP CREEK PKWY,PRINCETON LAKES PKWY @ CAMP CREEK PKWY,0.507
N DESERT DR @ 3540,DESERT DR @ CAMP CREEK PKWY,0.195
DESERT DR @ CAMP CREEK PKWY,DESERT DR @ KENELWORTH DR,0.089
DESERT DR @ 3148,DESERT DR @ 3112,0.108
CAMP CREEK PKWY @ 2900,CAMP CREEK PKWY @ POTOMAC DR,0.238
CAMP CREEK PKWY @ AIRPORT DR,CONVENTION CENTER CONCOURSE @ 2091,0.517
CONVENTION CENTER CONCOURSE @ 2091,ROOSEVELT HWY @ CONLEY ST,0.313
ROOSEVELT HWY @ CONLEY ST,COLLEGE PARK STATION - NORTH LOOP,0.517
ROOSEVELT HWY @ CONLEY ST,COLLEGE PARK STATION - SOUTH LOOP,0.472
BARGE RD PARK & RIDE,CAMPBELLTON RD SW @ BARGE RD SW,0.08
BARGE RD PARK & RIDE,BARGE RD SW @ CAMPBELLTON RD SW,0.109
CAMPBELLTON RD SW @ BARGE RD SW,BARGE RD SW @ CAMPBELLTON RD SW,0.032
BARGE RD SW @ CAMPBELLTON RD SW,BARGE RD SW @ MELLWOOD PL SW,0.272
BARGE RD SW @ CAMPBELLTON RD SW,BARGE RD SW @ PACIFIC DR SW,0.162
BARGE RD SW @ CAMPBELLTON RD SW,BARGE RD SW @ CAMPBELLTON RD SW,0.0
BARGE RD SW @ CAMPBELLTON RD SW,BARGE RD PARK & RIDE,0.109
BARGE RD SW @ MELLWOOD PL SW,BARGE RD SW @ BUNKER HILL DR SW,0.152
BARGE RD SW @ MELLWOOD PL SW,BARGE RD PARK & RIDE,0.19
BARGE RD SW @ MELLWOOD PL SW,BARGE RD SW @ 2440,0.111
BARGE RD SW @ BUNKER HILL DR SW,GREENBRIAR PKWY SW @ BARGE RD SW,0.102
BARGE RD SW @ BUNKER HILL DR SW,BARGE RD SW @ MELLWOOD PL SW,0.152
GREENBRIAR PKWY SW @ BARGE RD SW,GREENBRIAR PKWY SW @ 3480,0.187
GREENBRIAR PKWY SW @ BARGE RD SW,BARGE RD SW @ BUNKER HILL DR SW,0.102
GREENBRIAR PKWY SW @ 3480,GREENBRIAR PKWY SW @ 3378,0.138
GREENBRIAR PKWY SW @ 3480,GREENBRIAR PKWY SW @ BARGE RD SW,0.187
GREENBRIAR PKWY SW @ 3378,GREENBRIAR PKWY SW @ 3350,0.13
GREENBRIAR PKWY SW @ 3350,GREENBRIAR PKWY SW @ 3268,0.166
GREENBRIAR PKWY SW @ 3350,GREENBRIAR PKWY SW @ 3381,0.13
GREENBRIAR PKWY SW @ 3268,GREENBRIAR PKWY SW @ 3170,0.157
GREENBRIAR PKWY SW @ 3268,GREENBRIAR PKWY SW @ 3350,0.166
GREENBRIAR PKWY SW @ 3170,GREENBRIAR PKWY SW @ CONTINENTAL COLONY PKWY SW,0.116
GREENBRIAR PKWY SW @ 3170,GREENBRIAR PKWY SW @ 3268,0.157
GREENBRIAR PKWY SW @ CONTINENTAL COLONY PKWY SW,GREENBRIAR PKWY @ THE FONTAINEBLEAU SW,0.155
GREENBRIAR PKWY SW @ CONTINENTAL COLONY PKWY SW,GREENBRIAR PKWY SW @ 3170,0.116
CAMPBELLTON RD @ GREENBRIAR PKWY,CAMPBELLTON RD SW @ STAR MIST DR  SW,0.126
CAMPBELLTON RD SW @ STAR MIST DR  SW,CAMPBELLTON RD SW @ CHILDRESS DR SW,0.126
CAMPBELLTON RD SW @ CHILDRESS DR SW,CAMPBELLTON RD SW @ MAXWELL DR SW,0.278
CAMPBELLTON RD SW @ CHILDRESS DR SW,CAMPBELLTON RD SW @ STAR MIST DR,0.127
CAMPBELLTON RD SW @ MAXWELL DR SW,CAMPBELLTON RD SW @ 2797,0.279
CAMPBELLTON RD SW @ MAXWELL DR SW,CAMPBELLTON RD SW @ CHILDRESS DR SW,0.278
CAMPBELLTON RD SW @ 2797,CAMPBELLTON RD SW @ HARBIN RD SW,0.109
CAMPBELLTON RD SW @ HARBIN RD SW,CAMPBELLTON RD SW @ DODSON DR SW,0.122
CAMPBELLTON RD SW @ DODSON DR SW,CAMPBELLTON RD SW @ DODSON DR,0.084
CAMPBELLTON RD SW @ DODSON DR,CAMPBELLTON RD SW @ SANDRINGHAM DR,0.163
CAMPBELLTON RD SW @ SANDRINGHAM DR,CAMPBELLTON RD SW @ WELLS DR SW,0.159
CAMPBELLTON RD SW @ WELLS DR SW,CAMPBELLTON RD SW @ BENT CREEK WAY SW,0.185
CAMPBELLTON RD SW @ WELLS DR SW,CAMPBELLTON RD SW @ SANDRINGHAM DR SW,0.177
CAMPBELLTON RD SW @ BENT CREEK WAY SW,CAMPBELLTON RD @ WILLIS MILL RD,0.097
CAMPBELLTON RD @ WILLIS MILL RD,CAMPBELLTON RD SW @ 2280,0.119
CAMPBELLTON RD SW @ 2280,CAMPBELLTON RD @ 2170,0.213
CAMPBELLTON RD @ 2170,CAMPBELLTON RD @ DELOWE DR,0.109
CAMPBELLTON RD @ DELOWE DR,CAMPBELLTON RD SW @ MYRTLE DR SW,0.143
CAMPBELLTON RD SW @ MYRTLE DR SW,CAMPBELLTON RD @ HONEYSUCKLE LN,0.139
CAMPBELLTON RD SW @ MYRTLE DR SW,MYRTLE DR @ PLAZA LN,0.118
CAMPBELLTON RD @ HONEYSUCKLE LN,CAMPBELLTON RD SW @ FORT VALLEY DR SW,0.145
CAMPBELLTON RD @ HONEYSUCKLE LN,CAMPBELLTON RD @ CENTRA VILLA DR,0.148
CAMPBELLTON RD SW @ FORT VALLEY DR SW,CAMPBELLTON RD SW @ 1870,0.162
CAMPBELLTON RD SW @ 1870,CAMPBELLTON RD SW @ WILLOWBROOK DR,0.101
CAMPBELLTON RD SW @ WILLOWBROOK DR,CAMPBELLTON RD SW @ STANTON RD SW,0.133
CAMPBELLTON RD SW @ STANTON RD SW,CAMPBELLTON RD SW @ RIDGEWOOD LN SW,0.142
CAMPBELLTON RD SW @ STANTON RD SW,CAMPBELLTON RD SW @ WILLOWBROOK DR SW,0.126
CAMPBELLTON RD SW @ RIDGEWOOD LN SW,CAMPBELLTON RD SW @ ALMA ST SW,0.152
CAMPBELLTON RD SW @ RIDGEWOOD LN SW,CAMPBELLTON RD SW @ STANTON RD SW,0.142
CAMPBELLTON RD SW @ RIDGEWOOD LN SW,STANTON RD @ CAMPBELLTON RD,0.079
CAMPBELLTON RD SW @ ALMA ST SW,CAMPBELLTON RD SW @ 1469,0.219
CAMPBELLTON RD SW @ ALMA ST SW,CAMPBELLTON RD SW @ RIDGEWOOD LN SW,0.152
CAMPBELLTON RD SW @ 1469,CAMPBELLTON RD SW @ VENETIAN DR SW,0.116
CAMPBELLTON RD SW @ VENETIAN DR SW,CAMPBELLTON RD SW @ LORENZO DR SW,0.133
CAMPBELLTON RD SW @ VENETIAN DR SW,CAMPBELLTON RD SW @ 1473,0.159
CAMPBELLTON RD SW @ LORENZO DR SW,CAMPBELLTON RD SW @ RYAN ST SW,0.116
CAMPBELLTON RD SW @ LORENZO DR SW,CAMPBELLTON RD SW @ VENETIAN DR SW,0.133
CAMPBELLTON RD SW @ RYAN ST SW,CAMPBELLTON RD SW @ OAKLAND DR SW,0.198
CAMPBELLTON RD SW @ OAKLAND DR SW,OAKLAND CITY STATION,0.075
CAMPBELLTON RD SW @ OAKLAND DR SW,CAMPBELLTON RD SW @ EPWORTH ST SW,0.193
CAMPBELLTON RD SW @ EPWORTH ST SW,CAMPBELLTON RD SW @ LORENZO DR SW,0.126
CAMPBELLTON RD SW @ 1473,CAMPBELLTON RD SW @ ALMA ST SW,0.179
CAMPBELLTON RD SW @ WILLOWBROOK DR SW,CAMPBELLTON RD SW @ 1843,0.162
CAMPBELLTON RD SW @ 1843,CAMPBELLTON RD SW @ TIMOTHY DR SW,0.146
CAMPBELLTON RD SW @ TIMOTHY DR SW,CAMPBELLTON RD @ HONEYSUCKLE LN,0.107
CAMPBELLTON RD @ CENTRA VILLA DR,CAMPBELLTON RD SW @ DELOWE DR SW,0.165
CAMPBELLTON RD SW @ DELOWE DR SW,CAMPBELLTON RD SW @ 2191,0.077
CAMPBELLTON RD SW @ 2191,CAMPBELLTON RD SW @ 2231,0.141
CAMPBELLTON RD SW @ 2231,CAMPBELLTON RD SW @ WILLIS MILL RD SW,0.203
CAMPBELLTON RD SW @ WILLIS MILL RD SW,CAMPBELLTON RD @ BENT CREEK WAY,0.088
CAMPBELLTON RD @ BENT CREEK WAY,CAMPBELLTON RD SW @ WELLS DR SW,0.181
CAMPBELLTON RD SW @ SANDRINGHAM DR SW,CAMPBELLTON RD SW @ 2605,0.07
CAMPBELLTON RD SW @ 2605,CAMPBELLTON RD SW @ DODSON RD,0.14
CAMPBELLTON RD SW @ DODSON RD,CAMPBELLTON RD SW @ 2775,0.096
CAMPBELLTON RD SW @ 2775,CAMPBELLTON RD SW @ HARBIN RD,0.181
CAMPBELLTON RD SW @ HARBIN RD,CAMPBELLTON RD SW @ MAXWELL DR SW,0.26
CAMPBELLTON RD SW @ STAR MIST DR,GREENBRIAR PKWY SW @ CAMPBELLTON RD SW,0.189
GREENBRIAR PKWY SW @ HEADLAND DR SW,GREENBRIAR PKWY @ THE FONTAINEBLEAU,0.119
GREENBRIAR PKWY SW @ 3381,GREENBRIAR PKWY SW @ 3480,0.138
WASHINGTON RD @ EAST POINT ST,WASHINGTON RD @ CHURCH ST,0.127
WASHINGTON RD @ CHURCH ST,WASHINGTON RD @ CHENEY ST,0.133
WASHINGTON RD @ CHENEY ST,WASHINGTON RD @ JONES ST,0.106
WASHINGTON RD @ JONES ST,WASHINGTON RD @ PEARL ST,0.067
WASHINGTON RD @ PEARL ST,WASHINGTON RD @ EIGHTH ST,0.102
WASHINGTON RD @ PEARL ST,WASHINGTON RD @ SEMMES ST,0.136
WASHINGTON RD @ EIGHTH ST,WASHINGTON RD @ CLOVERHURST DR,0.268
WASHINGTON RD @ CLOVERHURST DR,WASHINGTON RD @ DELOWE DR,0.148
WASHINGTON RD @ CLOVERHURST DR,WASHINGTON AVE @ EIGHTH ST,0.238
WASHINGTON RD @ DELOWE DR,WASHINGTON RD @ KENTUCKY CT,0.155
WASHINGTON RD @ DELOWE DR,WASHINGTON RD @ CLOVERHURST DR,0.148
WASHINGTON RD @ KENTUCKY CT,WASHINGTON RD @ 3095,0.076
WASHINGTON RD @ 3095,WASHINGTON RD @ JACKSON DR,0.183
WASHINGTON RD @ JACKSON DR,WASHINGTON RD @ STONE RD,0.152
WASHINGTON RD @ JACKSON DR,WASHINGTON RD @ HARRIS DR,0.176
WASHINGTON RD @ STONE RD,STONE RD @ PENNY LN,0.191
WASHINGTON RD @ STONE RD,WASHINGTON RD @ JACKSON DR,0.152
WASHINGTON RD @ STONE RD,WASHINGTON RD @ ABBEY RD,0.209
STONE RD @ PENNY LN,STONE RD @ 2414,0.046
STONE RD @ PENNY LN,WASHINGTON RD @ STONE RD,0.191
STONE RD @ 2414,STONE RD @ PEBBLE DR,0.092
STONE RD @ PEBBLE DR,STONE RD @ DODSON DR CONNECTOR,0.116
STONE RD @ PEBBLE DR,STONE RD @ PENNY LN,0.137
STONE RD @ DODSON DR CONNECTOR,STONE RD @ DODSON DR,0.142
STONE RD @ DODSON DR,MT OLIVE RD @ STONE RD,0.144
STONE RD @ DODSON DR,STONE RD @ DODSON DR CONN,0.131
MT OLIVE RD @ STONE RD,MT OLIVE RD @ RUGBY AVE,0.125
MT OLIVE RD @ STONE RD,STONE RD @ DODSON DR,0.144
MT OLIVE RD @ RUGBY AVE,MT OLIVE RD @ DRESDEN TRL,0.159
MT OLIVE RD @ DRESDEN TRL,MT OLIVE RD @ WASHINGTON RD,0.136
MT OLIVE RD @ DRESDEN TRL,MT OLIVE RD @ W RUGBY AVE,0.142
MT OLIVE RD @ WASHINGTON RD,WASHINGTON RD @ REDWINE RD,0.192
WASHINGTON RD @ REDWINE RD,WASHINGTON RD @ W POTOMAC DR,0.155
WASHINGTON RD @ REDWINE RD,WASHINGTON RD @ MT OLIVE RD,0.195
WASHINGTON RD @ W POTOMAC DR,WASHINGTON RD @ ARLINGTON RD,0.155
WASHINGTON RD @ W POTOMAC DR,WASHINGTON RD @ REDWINE RD,0.155
WASHINGTON RD @ ARLINGTON RD,WASHINGTON RD @ VICTORIA DR,0.149
WASHINGTON RD @ ARLINGTON RD,WASHINGTON RD @ W POTOMAC DR,0.155
WASHINGTON RD @ VICTORIA DR,WASHINGTON RD @ LAKEMONT DR,0.275
WASHINGTON RD @ LAUREL RIDGE DR,WASHINGTON RD @ CANDLEWOOD DR,0.316
WASHINGTON RD @ LAUREL RIDGE DR,WASHINGTON RD @ LAKEMONT DR,0.202
WASHINGTON RD @ CANDLEWOOD DR,WASHINGTON RD @ CHESTNUT DR,0.167
WASHINGTON RD @ CHESTNUT DR,WASHINGTON RD @ CARMEL DR,0.182
WASHINGTON RD @ CHESTNUT DR,WASHINGTON RD @ JANICE DR,0.209
WASHINGTON RD @ CARMEL DR,WASHINGTON RD @ N COMMERCE DR,0.43
WASHINGTON RD @ CARMEL DR,WASHINGTON RD @ CHESTNUT DR,0.182
WASHINGTON RD @ N COMMERCE DR,N COMMERCE DR @ WASHINGTON RD,0.086
WASHINGTON RD @ N COMMERCE DR,WASHINGTON RD @ CARMEL DR,0.43
WASHINGTON RD @ N COMMERCE DR,WASHINGTON RD @ 4555,0.149
N COMMERCE DR @ WASHINGTON RD,N COMMERCE DR @ 4909,0.324
N COMMERCE DR @ WASHINGTON RD,WASHINGTON RD @ N COMMERCE DR,0.086
N COMMERCE DR @ 4909,N COMMERCE DR @ 4800,0.206
N COMMERCE DR @ 4909,N COMMERCE DR @ WASHINGTON RD,0.324
N COMMERCE DR @ 4800,N COMMERCE DR @ 4200,0.322
N COMMERCE DR @ 4800,N COMMERCE DR @ 4909,0.206
N COMMERCE DR @ 4200,N COMMERCE DR @ 4100,0.346
N COMMERCE DR @ 4100,N COMMERCE DR @ 3900,0.16
N COMMERCE DR @ 4100,N COMMERCE DR @ LOGISTICS WAY,0.266
N COMMERCE DR @ 3900,N COMMERCE DR @ CENTRE PKWY,0.248
N COMMERCE DR @ CENTRE PKWY,N COMMERCE DR @ CAMP CREEK POINT,0.133
N COMMERCE DR @ CAMP CREEK POINT,N COMMERCE DR @ SHELBY LN,0.143
N COMMERCE DR @ SHELBY LN,N COMMERCE DR @ MARKETPLACE BLVD,0.176
CENTRE PKWY @ 1800,CENTRE PKWY @ 3000,0.124
CENTRE PKWY @ N COMMERCE DR,N COMMERCE DR @ 3909,0.236
N COMMERCE DR @ 3909,N COMMERCE DR @ 4100,0.183
N COMMERCE DR @ LOGISTICS WAY,N COMMERCE DR @ 4800,0.395
WASHINGTON RD @ JANICE DR,WASHINGTON RD @ LAUREL RIDGE DR,0.268
WASHINGTON RD @ SOUTHLAND CT,WASHINGTON RD @ ARLINGTON RD,0.135
WASHINGTON RD @ MT OLIVE RD,MT OLIVE RD @ DRESDEN TRL,0.149
WASHINGTON RD @ MT OLIVE RD,WASHINGTON RD @ CHARLES DR,0.11
MT OLIVE RD @ W RUGBY AVE,MT OLIVE RD @ STONE RD,0.142
STONE RD @ DODSON DR CONN,STONE RD @ PEBBLE DR,0.126
WASHINGTON RD @ HARRIS DR,WASHINGTON RD @ DOBBS WAY,0.133
WASHINGTON RD @ DOBBS WAY,WASHINGTON RD @ DELOWE DR,0.102
WASHINGTON AVE @ EIGHTH ST,WASHINGTON RD @ PEARL ST,0.131
WASHINGTON RD @ SEMMES ST,WASHINGTON RD @ PARK ST,0.091
WASHINGTON RD @ PARK ST,WASHINGTON AVE @ EAST POINT ST,0.134
WASHINGTON AVE @ EAST POINT ST,EAST POINT STATION,0.201
MANSELL PARK & RIDE - IN LOT,MANSELL RD @ DAVIS DR,0.177
MANSELL PARK & RIDE - IN LOT,NORTH POINT PKWY @ MANSELL RD,0.379
MANSELL RD @ DAVIS DR,MANSELL RD @ WESTSIDE WAY,0.205
MANSELL RD @ WESTSIDE WAY,MANSELL RD @ KINGSWOOD PL,0.122
MANSELL RD @ KINGSWOOD PL,MANSELL RD @ COLONIAL CTR PKWY,0.386
MANSELL RD @ KINGSWOOD PL,MANSELL RD @ DUKE DR,0.162
MANSELL RD @ COLONIAL CTR PKWY,MANSELL RD @ WARSAW RD,0.099
MANSELL RD @ WARSAW RD,MANSELL RD @ 980,0.183
MANSELL RD @ WARSAW RD,MANSELL RD @ OLD ROSWELL RD,0.125
MANSELL RD @ 980,MANSELL RD @ EAGLES CREST VILLAGE LN,0.363
MANSELL RD @ EAGLES CREST VILLAGE LN,ALPHARETTA ST @ 10730,0.217
MANSELL RD @ EAGLES CREST VILLAGE LN,MANSELL RD @ 901,0.296
ALPHARETTA ST @ 10730,ALPHARETTA HWY @ COMMERCE PKWY,0.127
ALPHARETTA HWY @ COMMERCE PKWY,ALPHARETTA ST @ HOUZE RD,0.095
ALPHARETTA HWY @ COMMERCE PKWY,HOLCOMB BRIDGE RD @ ALPHARETTA ST,0.335
ALPHARETTA ST @ HOUZE RD,ALPHARETTA ST @ ALPINE DR,0.329
ALPHARETTA ST @ ALPINE DR,ALPHARETTA ST @ 1240,0.278
ALPHARETTA ST @ 1240,ALPHARETTA ST @ STRICKLAND RD,0.143
ALPHARETTA ST @ STRICKLAND RD,ALPHARETTA ST @ WOODSTOCK ST,0.176
ALPHARETTA ST @ WOODSTOCK ST,ALPHARETTA ST @ CHERRY ST,0.149
ALPHARETTA ST @ WOODSTOCK ST,ALPHARETTA ST @ THOMAS DR,0.113
ALPHARETTA ST @ CHERRY ST,ALPHARETTA ST @ GREEN ST,0.199
ALPHARETTA ST @ GREEN ST,ALPHARETTA ST @ ELIZABETH WAY,0.112
ALPHARETTA ST @ GREEN ST,ALPHARETTA ST @ WOODSTOCK ST,0.346
ALPHARETTA ST @ ELIZABETH WAY,ATLANTA ST @ OAK ST,0.319
ALPHARETTA ST @ ELIZABETH WAY,ALPHARETTA ST @ GREEN ST,0.112
ATLANTA ST @ OAK ST,ATLANTA ST @ OXBO RD,0.181
ATLANTA ST @ OAK ST,ATLANTA ST @ HILL ST,0.1
ATLANTA ST @ OXBO RD,S ATLANTA ST @ MARIETTA HWY,0.256
ATLANTA ST @ OXBO RD,ATLANTA ST @ OAK ST,0.181
S ATLANTA ST @ MARIETTA HWY,ATLANTA ST @ CHATTAHOOCHEE ST,0.148
ATLANTA ST @ CHATTAHOOCHEE ST,ATLANTA ST @ 426,0.166
ATLANTA ST @ 426,ATLANTA ST @ JONES DR,0.109
ATLANTA ST @ JONES DR,ATLANTA ST @ WARM SPRINGS CIR,0.147
ATLANTA ST @ JONES DR,ATLANTA ST @ KING ST,0.307
ATLANTA ST @ WARM SPRINGS CIR,ATLANTA ST @ CHATTAHOOCHEE CIR,0.286
ATLANTA ST @ WARM SPRINGS CIR,ATLANTA ST @ JONES DR,0.147
ATLANTA ST @ CHATTAHOOCHEE CIR,ATLANTA ST @ AZALEA DR,0.134
ATLANTA ST @ CHATTAHOOCHEE CIR,ATLANTA ST @ WARM SPRINGS CIR,0.286
ATLANTA ST @ AZALEA DR,ROSWELL RD @ ROBERTS DR,0.212
ROSWELL RD @ ROBERTS DR,ROSWELL RD @ RIVER PKWY,0.109
ROSWELL RD @ ROBERTS DR,ATLANTA ST @ RIVERSIDE RD,0.198
ROSWELL RD @ RIVER PKWY,ROSWELL RD @ DUNWOODY PL,0.115
ROSWELL RD @ RIVER PKWY,ROSWELL RD @ ROBERTS DR,0.109
ROSWELL RD @ DUNWOODY PL,DUNWOODY PL @ ROSWELL RD,0.297
DUNWOODY PL @ ROSWELL RD,DUNWOODY PL @ HOPE RD,0.219
DUNWOODY PL @ ROSWELL RD,ROSWELL RD @ 8775,0.21
DUNWOODY PL @ ROSWELL RD,ROSWELL RD @ 8740,0.118
DUNWOODY PL @ HOPE RD,DUNWOODY PL @ 8800,0.16
DUNWOODY PL @ 8800,DUNWOODY PL @ ROBERTS DR,0.139
DUNWOODY PL @ ROBERTS DR,DUNWOODY PL @ 8250,0.084
DUNWOODY PL @ ROBERTS DR,DUNWOODY PL @ 8700,0.141
DUNWOODY PL @ 8250,DUNWOODY PL @ HIGHTOWER TRL,0.228
DUNWOODY PL @ HIGHTOWER TRL,DUNWOODY PL @ NORTHRIDGE RD,0.249
DUNWOODY PL @ HIGHTOWER TRL,DUNWOODY PL @ ROBERTS DR,0.298
DUNWOODY PL @ NORTHRIDGE RD,NORTH SPRINGS STATION,2.74
NORTH SPRINGS STATION,DUNWOODY PL @ NORTHRIDGE PKWY,2.899
NORTH SPRINGS STATION,MANSELL PARK & RIDE - IN LOT,6.979
NORTH SPRINGS STATION,WINDWARD PKWY @ NORTH POINT PKWY,11.494
NORTH SPRINGS STATION,WINDWARD PKWY @ 5530,11.136
NORTH SPRINGS STATION,HOLCOMB BRIDGE RD @ OLD DOGWOOD RD,5.615
NORTH SPRINGS STATION,MARKET WAY @ HOLCOMB BRIDGE RD,5.605
NORTH SPRINGS STATION,SANDY SPRINGS STATION,0.977
NORTH SPRINGS STATION,EAST POINT STATION,19.149
NORTH SPRINGS STATION,BROOKHAVEN-OGLETHORPE STATION,5.959
NORTH SPRINGS STATION,ARTS CENTER STATION,10.891
NORTH SPRINGS STATION,MIDTOWN STATION,11.446
NORTH SPRINGS STATION,DUNWOODY STATION,1.806
NORTH SPRINGS STATION,LINDBERGH CENTER STATION,8.424
NORTH SPRINGS STATION,AIRPORT STATION,21.66
NORTH SPRINGS STATION,COLLEGE PARK STATION,21.024
NORTH SPRINGS STATION,GARNETT STATION,13.738
NORTH SPRINGS STATION,FIVE POINTS STATION,13.346
NORTH SPRINGS STATION,PEACHTREE CENTER STATION,13.029
NORTH SPRINGS STATION,CHAMBLEE STATION,4.926
NORTH SPRINGS STATION,OAKLAND CITY STATION,16.213
NORTH SPRINGS STATION,WEST END STATION,14.801
NORTH SPRINGS STATION,BUCKHEAD STATION,6.729
NORTH SPRINGS STATION,NORTH AVENUE STATION,12.09
NORTH SPRINGS STATION,DORAVILLE STATION,5.294
NORTH SPRINGS STATION,MEDICAL CENTER STATION,2.401
NORTH SPRINGS STATION,CIVIC CENTER STATION,12.477
NORTH SPRINGS STATION,LENOX STATION,6.889
NORTH SPRINGS STATION,LAKEWOOD-FT MCPHERSON STATION,17.396
DUNWOODY PL @ NORTHRIDGE PKWY,DUNWOODY PL @ HIGHTOWER TRL,0.1
DUNWOODY PL @ 8700,DUNWOODY PL @ N RIVER DR,0.179
DUNWOODY PL @ N RIVER DR,DUNWOODY PL @ ROSWELL RD,0.197
ROSWELL RD @ 8775,ROSWELL RD @ 9040,0.118
ROSWELL RD @ 9040,ROSWELL RD @ RIVER PKWY,0.085
ATLANTA ST @ RIVERSIDE RD,ATLANTA ST @ CHATTAHOOCHEE CIR,0.153
ATLANTA ST @ KING ST,ATLANTA ST @ MILL ST,0.115
ATLANTA ST @ MILL ST,ATLANTA ST @ SLOAN ST,0.088
ATLANTA ST @ SLOAN ST,ATLANTA ST @ OXBO RD,0.159
ATLANTA ST @ HILL ST,ALPHARETTA ST @ ELIZABETH WAY,0.219
ALPHARETTA ST @ THOMAS DR,ALPHARETTA ST @ THOMAS DR,0.0
ALPHARETTA ST @ THOMAS DR,ALPHARETTA ST @ 1207,0.186
ALPHARETTA ST @ 1207,ALPHARETTA ST @ MANSELL CIR,0.325
ALPHARETTA ST @ MANSELL CIR,ALPHARETTA ST @ CLARA DR,0.079
ALPHARETTA ST @ CLARA DR,ALPHARETTA ST @ COMMERCE PKWY,0.312
ALPHARETTA ST @ COMMERCE PKWY,ALPHARETTA ST @ 10761,0.144
ALPHARETTA ST @ 10761,ALPHARETTA ST @ MANSELL RD,0.078
ALPHARETTA ST @ MANSELL RD,MANSELL RD @ EAGLES CREST VILLAGE LN,0.166
ALPHARETTA ST @ MANSELL RD,ALPHARETTA HWY @ 10885,0.173
MANSELL RD @ 901,MANSELL RD @ WARSAW RD,0.248
MANSELL RD @ OLD ROSWELL RD,MANSELL RD @ OLD ROSWELL RD,0.0
MANSELL RD @ OLD ROSWELL RD,MANSELL RD @ KINGSWOOD PL,0.358
MANSELL RD @ DUKE DR,MANSELL PARK & RIDE - IN LOT,0.324
MALL AT STONECREST,STONECREST SQ @ 7846,0.155
STONECREST SQ @ 7846,MALL PKWY @ KLONDIKE RD,0.429
STONECREST SQ @ 7846,MALL PKWY @ STONECREST TRC,0.342
MALL PKWY @ KLONDIKE RD,MALL PKWY @ EVANS MILL RD,0.531
MALL PKWY @ KLONDIKE RD,MALL AT STONECREST,0.504
MALL PKWY @ EVANS MILL RD,OLD HILLANDALE DR @ LITHONIA INDUSTRIAL,0.837
MALL PKWY @ EVANS MILL RD,MALL PKWY @ KLONDIKE RD,0.531
MALL PKWY @ EVANS MILL RD,EVANS MILL RD @ HILLANDALE DR,0.215
OLD HILLANDALE DR @ LITHONIA INDUSTRIAL,HILLANDALE DR @ HILLANDALE PARK DR,0.303
HILLANDALE DR @ HILLANDALE PARK DR,HILLANDALE DR @ 6170,0.183
HILLANDALE DR @ HILLANDALE PARK DR,HILLANDALE DR @ LITHONIA INDUSTRIAL,0.302
HILLANDALE DR @ HILLANDALE PARK DR,CHUPP RD @ LITHONIA INDUSTRIAL BLVD,0.34
HILLANDALE DR @ 6170,HILLANDALE DR @ 6136,0.094
HILLANDALE DR @ 6170,HILLANDALE DR @ HILLANDALE PARK DR,0.183
HILLANDALE DR @ 6136,HILLANDALE DR @ SOMERSET PKWY,0.137
HILLANDALE DR @ 6136,HILLANDALE DR @ 6170,0.094
HILLANDALE DR @ SOMERSET PKWY,FAIRINGTON RD @ CHUPP WAY,0.398
HILLANDALE DR @ SOMERSET PKWY,DEKALB MEDICAL - HILLANDALE (5900),0.298
FAIRINGTON RD @ CHUPP WAY,FAIRINGTON RD @ TIBURON DR,0.081
FAIRINGTON RD @ CHUPP WAY,HILLANDALE DR @ FAIRINGTON RD,0.273
FAIRINGTON RD @ TIBURON DR,FAIRINGTON RD @ WILLOWICK DR,0.257
FAIRINGTON RD @ TIBURON DR,FAIRINGTON RD @ CHUPP WAY,0.081
FAIRINGTON RD @ WILLOWICK DR,FAIRINGTON RD @ WALDEN BROOK DR,0.227
FAIRINGTON RD @ WILLOWICK DR,FAIRINGTON RD @ TIBURON DR,0.257
FAIRINGTON RD @ WALDEN BROOK DR,FAIRINGTON RD @ 5445,0.538
FAIRINGTON RD @ WALDEN BROOK DR,FAIRINGTON RD @ WILLOWICK DR,0.227
FAIRINGTON RD @ 5445,FAIRINGTON RD @ WALMART DR,0.143
FAIRINGTON RD @ WALMART DR,GRTA - PANOLA PARK & RIDE,0.206
FAIRINGTON RD @ WALMART DR,FAIRINGTON RD @ 5425,0.101
FAIRINGTON RD @ WALMART DR,WALMART DR @ FAIRINGTON RD,0.099
GRTA - PANOLA PARK & RIDE,MINOLA DR @ 5220,0.197
GRTA - PANOLA PARK & RIDE,MINOLA DR @ PANOLA RD,0.089
GRTA - PANOLA PARK & RIDE,PANOLA RD @ 2944,0.118
MINOLA DR @ 5220,MINOLA DR @ 5174,0.133
MINOLA DR @ 5174,MINOLA DR @ 5094,0.16
MINOLA DR @ 5094,MINOLA DR @ MILLER RD,0.174
MINOLA DR @ MILLER RD,MILLER RD @ CHATOOGA DR,0.082
MINOLA DR @ MILLER RD,MINOLA DR @ 5075,0.177
MILLER RD @ CHATOOGA DR,MILLER RD @ 2910,0.14
MILLER RD @ CHATOOGA DR,MINOLA DR @ MILLER RD,0.082
MILLER RD @ 2910,MILLER RD @ PANOLA INDUSTRIAL BLVD,0.185
MILLER RD @ PANOLA INDUSTRIAL BLVD,MILLER RD @ SNAPFINGER WOODS DR,0.24
MILLER RD @ PANOLA INDUSTRIAL BLVD,MILLER RD @ 2935,0.193
MILLER RD @ SNAPFINGER WOODS DR,SNAPFINGER WOODS DR @ MILLER RD (E),0.146
MILLER RD @ SNAPFINGER WOODS DR,MILLER RD @ PANOLA INDUSTRIAL BLVD,0.24
SNAPFINGER WOODS DR @ MILLER RD (E),SNAPFINGER WOODS DR @ MILLER RD (W),0.12
SNAPFINGER WOODS DR @ MILLER RD (W),SNAPFINGER WOODS DR @ TREECREST PKWY,0.201
SNAPFINGER WOODS DR @ TREECREST PKWY,SNAPFINGER WOODS DR @ SHELL BARK RD,0.135
SNAPFINGER WOODS DR @ TREECREST PKWY,SNAPFINGER WOODS DR @ LITHONIA WAY,0.193
SNAPFINGER WOODS DR @ SHELL BARK RD,SNAPFINGER WOODS DR @ QUAIL RUN,0.168
SNAPFINGER WOODS DR @ QUAIL RUN,SNAPFINGER WOODS DR @ FRIENDLY HILLS DR,0.628
SNAPFINGER WOODS DR @ QUAIL RUN,SNAPFINGER WOODS DR @ SHELLBARK RD,0.182
SNAPFINGER WOODS DR @ FRIENDLY HILLS DR,SNAPFINGER WOODS DR @ GOLF VISTA CIR,0.258
SNAPFINGER WOODS DR @ GOLF VISTA CIR,SNAPFINGER WOODS DR @ E WESLEY CHAPEL WAY,0.133
SNAPFINGER WOODS DR @ GOLF VISTA CIR,SNAPFINGER WOODS DR @ FRIENDLY HEIGHTS BLVD,0.311
SNAPFINGER WOODS DR @ E WESLEY CHAPEL WAY,NEW SNAPFINGER WOODS DR @ 4325,0.294
SNAPFINGER WOODS DR @ E WESLEY CHAPEL WAY,SNAPFINGER WOODS DR @ GOLF VISTA CIR,0.133
NEW SNAPFINGER WOODS DR @ 4325,SNAPFINGER WOODS DR @ WESLEY CHAPEL,0.237
NEW SNAPFINGER WOODS DR @ 4325,SNAPFINGER WOODS DR @ E WESLEY CHAPEL WAY,0.294
NEW SNAPFINGER WOODS DR @ 4325,WESLEY CHAPEL RD @ SNAPFINGER WOODS DR,0.176
NEW SNAPFINGER WOODS DR @ 4325,E SIDE DR @ OLD WESLEY CHAPEL RD,0.488
NEW SNAPFINGER WOODS DR @ 4325,RAINBOW DR @ SNAPFINGER RD,0.696
SNAPFINGER WOODS DR @ WESLEY CHAPEL,SNAPFINGER WOODS DR @ 4150,0.195
SNAPFINGER WOODS DR @ 4150,SNAPFINGER WOODS DR @ SNAPFINGER RD,0.237
SNAPFINGER WOODS DR @ SNAPFINGER RD,SNAPFINGER RD @ TIFFANY DR,0.107
SNAPFINGER RD @ TIFFANY DR,SNAPFINGER RD @ SNAPFINGER CIR,0.279
SNAPFINGER RD @ TIFFANY DR,SNAPFINGER WOODS DR @ 4185,0.329
SNAPFINGER RD @ SNAPFINGER CIR,SNAPFINGER RD @ EMERALD FALLS DR,0.163
SNAPFINGER RD @ SNAPFINGER CIR,SNAPFINGER RD @ 2131,0.173
SNAPFINGER RD @ EMERALD FALLS DR,SNAPFINGER RD @ 1948,0.085
SNAPFINGER RD @ EMERALD FALLS DR,SNAPFINGER RD @ SNAPFINGER CIR,0.163
SNAPFINGER RD @ 1948,SNAPFINGER RD @ NORTHSTRAND DR,0.226
SNAPFINGER RD @ NORTHSTRAND DR,SNAPFINGER RD @ ELKRIDGE DR,0.124
SNAPFINGER RD @ ELKRIDGE DR,SNAPFINGER RD @ GREENTREE DR,0.076
SNAPFINGER RD @ ELKRIDGE DR,SNAPFINGER RD @ TITAN RIDGE DR,0.111
SNAPFINGER RD @ GREENTREE DR,SNAPFINGER RD @ CHERRYBROOK DR,0.179
SNAPFINGER RD @ GREENTREE DR,SNAPFINGER RD @ ELKRIDGE DR,0.076
SNAPFINGER RD @ CHERRYBROOK DR,SNAPFINGER RD @ GLEN MORA DR,0.107
SNAPFINGER RD @ GLEN MORA DR,SNAPFINGER RD @ CHESTNUT HILL CIR,0.207
SNAPFINGER RD @ CHESTNUT HILL CIR,SNAPFINGER RD @ GLENMAR DR,0.163
SNAPFINGER RD @ GLENMAR DR,SNAPFINGER RD @ LA MESA LN,0.115
SNAPFINGER RD @ GLENMAR DR,SNAPFINGER RD @ CHESTNUT HILL CIR (W),0.156
SNAPFINGER RD @ LA MESA LN,SNAPFINGER RD @ DR CRAWFORD LEWIS DR,0.065
SNAPFINGER RD @ DR CRAWFORD LEWIS DR,SNAPFINGER RD @ HYLAND DR,0.113
SNAPFINGER RD @ DR CRAWFORD LEWIS DR,SNAPFINGER RD @ WILLAMETTE WAY,0.082
SNAPFINGER RD @ HYLAND DR,SNAPFINGER RD @ COLUMBIA DR,0.132
SNAPFINGER RD @ HYLAND DR,SNAPFINGER RD @ DR CRAWFORD LEWIS DR,0.113
SNAPFINGER RD @ COLUMBIA DR,COLUMBIA DR @ SPRING LAKE DR,0.104
SNAPFINGER RD @ COLUMBIA DR,SNAPFINGER RD @ HYLAND DR,0.132
COLUMBIA DR @ PEACHCREST RD,PEACHCREST RD @ MISTY VALLEY RD,0.039
COLUMBIA DR @ PEACHCREST RD,COLUMBIA DR @ PEACHCREST RD,0.0
COLUMBIA DR @ PEACHCREST RD,COLUMBIA DR @ COLUMBIA PL,0.12
COLUMBIA DR @ PEACHCREST RD,COLUMBIA DR @ 1757,0.156
PEACHCREST RD @ MISTY VALLEY RD,PEACHCREST RD @ PHILLIP CIR,0.08
PEACHCREST RD @ MISTY VALLEY RD,COLUMBIA DR @ 1757,0.182
PEACHCREST RD @ PHILLIP CIR,PEACHCREST RD @ COLUMBIA TRCE,0.071
PEACHCREST RD @ PHILLIP CIR,PEACHCREST RD @ MISTY VALLEY RD,0.08
PEACHCREST RD @ COLUMBIA TRCE,PEACHCREST RD @ WILD FLOWER CV,0.118
PEACHCREST RD @ COLUMBIA TRCE,PEACHCREST RD @ PHILLIP CIR,0.071
PEACHCREST RD @ WILD FLOWER CV,PEACHCREST RD @ LONGLEAF DR,0.112
PEACHCREST RD @ WILD FLOWER CV,PEACHCREST RD @ COLUMBIA TRCE,0.118
PEACHCREST RD @ LONGLEAF DR,PEACHCREST RD @ PINEHILL DR,0.081
PEACHCREST RD @ LONGLEAF DR,PEACHCREST RD @ WILD FLOWER CV,0.112
PEACHCREST RD @ PINEHILL DR,PEACHCREST RD @ JACKSON DR,0.096
PEACHCREST RD @ PINEHILL DR,PEACHCREST RD @ LONGLEAF DR,0.081
PEACHCREST RD @ JACKSON DR,PEACHCREST RD @ MAPLEHURST DR,0.093
PEACHCREST RD @ JACKSON DR,PEACHCREST RD @ PINEHILL DR,0.096
PEACHCREST RD @ MAPLEHURST DR,PEACHCREST RD @ MARYVALE DR,0.076
PEACHCREST RD @ MAPLEHURST DR,PEACHCREST RD @ JACKSON DR,0.093
PEACHCREST RD @ MARYVALE DR,PEACHCREST RD @ ORCHARD CIR,0.152
PEACHCREST RD @ MARYVALE DR,PEACHCREST RD @ MAPLEHURST DR,0.076
PEACHCREST RD @ ORCHARD CIR,PEACHCREST RD @ GLENN RD,0.09
PEACHCREST RD @ ORCHARD CIR,PEACHCREST RD @ MARYVALE DR,0.152
PEACHCREST RD @ GLENN RD,PEACHCREST RD @ BENNINGTON DR,0.11
PEACHCREST RD @ GLENN RD,PEACHCREST RD @ ORCHARD CIR,0.09
PEACHCREST RD @ BENNINGTON DR,MIDWAY RD @ BEECH DR,0.103
MIDWAY RD @ BEECH DR,MIDWAY RD @ WREN RD,0.082
MIDWAY RD @ BEECH DR,MIDWAY RD @ PEACHCREST RD,0.037
MIDWAY RD @ WREN RD,MIDWAY RD @ LARK LN,0.078
MIDWAY RD @ LARK LN,COVINGTON DR @ MIDWAY RD,0.082
MIDWAY RD @ LARK LN,MIDWAY RD @ CRESCENTWOOD LN,0.062
COVINGTON DR @ MIDWAY RD,COVINGTON DR @ 3246,0.098
COVINGTON DR @ 3246,COVINGTON DR @ LA COSTA DR,0.131
COVINGTON DR @ LA COSTA DR,COVINGTON DR @ MEMORIAL DR,0.094
COVINGTON DR @ MEMORIAL DR,MEMORIAL DR @ 3982,0.24
COVINGTON HWY @ MIDWAY RD,MIDWAY RD @ COVINGTON HWY,0.124
COVINGTON HWY @ MIDWAY RD,COVINGTON HWY @ 3597,0.207
MIDWAY RD @ COVINGTON HWY,MIDWAY RD @ COVINGTON DR,0.186
MIDWAY RD @ COVINGTON DR,MIDWAY RD @ LARK LN,0.074
MIDWAY RD @ CRESCENTWOOD LN,MIDWAY RD @ BEECH DR,0.097
MIDWAY RD @ PEACHCREST RD,PEACHCREST RD @ GLENN RD,0.177
COLUMBIA DR @ 1757,COLUMBIA DR @ GLENWOOD RD,0.172
SNAPFINGER RD @ WILLAMETTE WAY,SNAPFINGER RD @ GLENMAR DR,0.099
SNAPFINGER RD @ CHESTNUT HILL CIR (W),SNAPFINGER RD @ CHESTNUT HILL CIR (E),0.235
SNAPFINGER RD @ CHESTNUT HILL CIR (E),SNAPFINGER RD @ ROLLINGVIEW DR,0.077
SNAPFINGER RD @ ROLLINGVIEW DR,SNAPFINGER RD @ AUSTIN DR,0.126
SNAPFINGER RD @ AUSTIN DR,SNAPFINGER RD @ GREENTREE DR,0.066
SNAPFINGER RD @ TITAN RIDGE DR,SNAPFINGER RD @ 1939,0.227
SNAPFINGER RD @ 1939,SNAPFINGER RD @ EMERALD FALLS DR,0.099
SNAPFINGER RD @ 2131,SNAPFINGER RD @ TIFFANY DR,0.106
SNAPFINGER WOODS DR @ 4185,SNAPFINGER WOODS DR @ WESLEY CHAPEL RD,0.193
SNAPFINGER WOODS DR @ WESLEY CHAPEL RD,NEW SNAPFINGER WOODS DR @ E WESLEY CHAPEL WAY,0.109
NEW SNAPFINGER WOODS DR @ E WESLEY CHAPEL WAY,NEW SNAPFINGER WOODS DR @ 4325,0.128
NEW SNAPFINGER WOODS DR @ E WESLEY CHAPEL WAY,E WESLEY CHAPEL WAY @ 4300,0.211
SNAPFINGER WOODS DR @ FRIENDLY HEIGHTS BLVD,SNAPFINGER WOODS DR @ QUAIL RUN,0.575
SNAPFINGER WOODS DR @ SHELLBARK RD,SNAPFINGER WOODS DR @ TREECREST PKWY,0.122
SNAPFINGER WOODS DR @ LITHONIA WAY,MILLER RD @ SNAPFINGER WOODS DR,0.25
SNAPFINGER WOODS DR @ LITHONIA WAY,SNAPFINGER WOODS DR @ MILLER RD,0.197
MILLER RD @ 2935,MILLER RD @ CHATOOGA DR,0.133
MINOLA DR @ 5075,MINOLA DR @ 5195,0.151
MINOLA DR @ 5195,MINOLA DR @ 5215,0.14
MINOLA DR @ 5215,GRTA - PANOLA PARK & RIDE,0.2
MINOLA DR @ PANOLA RD,FAIRINGTON RD @ WALMART DR,0.183
FAIRINGTON RD @ 5425,FAIRINGTON RD @ FAIRINGTON PKWY,0.166
FAIRINGTON RD @ FAIRINGTON PKWY,FAIRINGTON RD @ WALDEN BROOK DR,0.409
HILLANDALE DR @ FAIRINGTON RD,HILLANDALE DR @ 6136,0.261
HILLANDALE DR @ LITHONIA INDUSTRIAL,MALL PKWY @ EVANS MILL RD,0.926
ROSWELL RD @ 8740,ROSWELL RD @ HUNTCLIFF NE,0.145
ROSWELL RD @ HUNTCLIFF NE,ROSWELL RD @ HOPE RD,0.141
ROSWELL RD @ HOPE RD,ROSWELL RD @ HIGHTOWER TRL,0.206
ROSWELL RD @ HIGHTOWER TRL,ROSWELL RD @ 8450,0.147
ROSWELL RD @ HIGHTOWER TRL,ROSWELL RD @ HUNTINGTON PLACE DR,0.322
ROSWELL RD @ 8450,ROSWELL RD @ NORTHRIDGE PKWY,0.096
ROSWELL RD @ NORTHRIDGE PKWY,ROSWELL RD @ NORTHRIDGE RD,0.227
ROSWELL RD @ NORTHRIDGE PKWY,ROSWELL RD @ HIGHTOWER TRL,0.243
ROSWELL RD @ NORTHRIDGE RD,ROSWELL RD @ 8215,0.153
ROSWELL RD @ NORTHRIDGE RD,ROSWELL RD @ NORTHRIDGE PKWY,0.227
ROSWELL RD @ 8215,ROSWELL RD @ NORTHRIDGE CROSSING DR,0.141
ROSWELL RD @ 8215,ROSWELL RD @ NORTHRIDGE RD,0.153
ROSWELL RD @ NORTHRIDGE CROSSING DR,ROSWELL RD @ ISON RD,0.139
ROSWELL RD @ NORTHRIDGE CROSSING DR,ROSWELL RD @ 8215,0.141
ROSWELL RD @ ISON RD,ROSWELL RD @ BRANTLEY RD,0.151
ROSWELL RD @ BRANTLEY RD,ROSWELL RD @ GROGANS FERRY RD,0.138
ROSWELL RD @ BRANTLEY RD,ROSWELL RD @ PITTS RD,0.121
ROSWELL RD @ GROGANS FERRY RD,ROSWELL RD @ 7878,0.135
ROSWELL RD @ 7878,ROSWELL RD @ 7840,0.143
ROSWELL RD @ 7840,ROSWELL RD @ MORGAN FALLS RD,0.119
ROSWELL RD @ 7840,ROSWELL RD @ 7865,0.151
ROSWELL RD @ MORGAN FALLS RD,ROSWELL RD @ 7730,0.217
ROSWELL RD @ MORGAN FALLS RD,ROSWELL RD @ 7840,0.119
ROSWELL RD @ 7730,ROSWELL RD @ CIMARRON PKWY,0.24
ROSWELL RD @ CIMARRON PKWY,ROSWELL RD @ TROWBRIDGE RD,0.258
ROSWELL RD @ TROWBRIDGE RD,ROSWELL RD NE @ DALRYMPLE RD NE,0.219
ROSWELL RD NE @ DALRYMPLE RD NE,ROSWELL RD NE @ 7256,0.259
ROSWELL RD NE @ DALRYMPLE RD NE,ROSWELL RD NE @ 7447,0.064
ROSWELL RD NE @ 7256,ROSWELL RD NE @ 7155,0.166
ROSWELL RD NE @ 7256,ROSWELL RD NE @ DALRYMPLE RD NE,0.259
ROSWELL RD NE @ 7155,ROSWELL RD NE @ 7100,0.146
ROSWELL RD NE @ 7155,ROSWELL RD NE @ 7256,0.166
ROSWELL RD NE @ 7100,ROSWELL RD NE @ 7070,0.105
ROSWELL RD NE @ 7070,ROSWELL RD NE @ SPALDING DR NE,0.126
ROSWELL RD NE @ 7070,ROSWELL RD NE @ 7140,0.146
ROSWELL RD NE @ SPALDING DR NE,ROSWELL RD NE @ 6940,0.089
ROSWELL RD NE @ SPALDING DR NE,ROSWELL RD NE @ 7070,0.126
ROSWELL RD NE @ 6940,ROSWELL RD NE @ 6900,0.14
ROSWELL RD NE @ 6900,ROSWELL RD NE @ ALDERWOOD PL,0.394
ROSWELL RD NE @ ALDERWOOD PL,ROSWELL RD NE @ ABERNATHY RD,0.216
ROSWELL RD NE @ ALDERWOOD PL,ROSWELL RD NE @ 6851,0.322
ROSWELL RD NE @ ABERNATHY RD,ROSWELL RD NE @ 6550,0.156
ROSWELL RD NE @ 6550,ROSWELL RD NE @ 6500,0.124
ROSWELL RD NE @ 6500,ROSWELL RD NE @ CROMWELL RD NE,0.211
ROSWELL RD NE @ CROMWELL RD NE,ROSWELL RD NE @ SANDY SPRINGS CIR NE,0.138
ROSWELL RD NE @ SANDY SPRINGS CIR NE,ROSWELL RD @ JOHNSON FERRY RD,0.118
ROSWELL RD NE @ SANDY SPRINGS CIR NE,ROSWELL RD NE @ VERNON WOODS DR NE,0.148
ROSWELL RD @ JOHNSON FERRY RD,ROSWELL RD NE @ HILDERBRAND DR NE,0.182
HAMMOND DR @ BOYLSTON DR,HAMMOND DR NE @ KAYRON DR,0.293
HAMMOND DR @ BOYLSTON DR,HAMMOND DR NE @ ROSWELL RD,0.108
HAMMOND DR NE @ KAYRON DR,HAMMOND DR @ BROOKGREEN RD,0.245
HAMMOND DR @ BROOKGREEN RD,HAMMOND DR NE @ GLENRIDGE DR NE,0.244
HAMMOND DR @ KAYRON DR,HAMMOND DR @ BOYLSTON DR,0.303
HAMMOND DR NE @ ROSWELL RD,ROSWELL RD NE @ SANDY SPRINGS PL NE,0.066
ROSWELL RD NE @ JOHNSON FERRY RD NE,ROSWELL RD NE @ SANDY SPRINGS CIR NE,0.124
ROSWELL RD NE @ VERNON WOODS DR NE,ROSWELL RD NE @ 6509,0.217
ROSWELL RD NE @ 6509,ROSWELL RD NE @ 6569,0.141
ROSWELL RD NE @ 6569,ROSWELL RD NE @ ABERNATHY RD NW,0.12
ROSWELL RD NE @ ABERNATHY RD NW,ROSWELL RD NE @ ALDERWOOD PL,0.212
ROSWELL RD NE @ 6851,ROSWELL RD NE @ 6925,0.18
ROSWELL RD NE @ 6925,ROSWELL RD NE @ SPALDING DR NE,0.128
ROSWELL RD NE @ 7140,ROSWELL RD NE @ 7155,0.098
ROSWELL RD NE @ 7447,ROSWELL RD NE @ TROWBRIDGE RD,0.174
ROSWELL RD NE @ TROWBRIDGE RD,ROSWELL RD @ 7525,0.139
ROSWELL RD @ 7525,ROSWELL RD @ 7546,0.143
ROSWELL RD @ 7546,ROSWELL RD @ 7741,0.214
ROSWELL RD @ 7741,ROSWELL RD @ MORGAN FALLS RD,0.188
ROSWELL RD @ 7865,ROSWELL RD @ HAMPTON DE,0.154
ROSWELL RD @ HAMPTON DE,ROSWELL RD @ BRANTLEY RD,0.107
ROSWELL RD @ PITTS RD,ROSWELL RD @ NORTHRIDGE CROSSING DR,0.171
ROSWELL RD @ HUNTINGTON PLACE DR,DUNWOODY PL @ ROSWELL RD,0.244
SHANNON PKWY @ LANCASTER LN,SHANNON PKWY @ RESURRECTION WAY,0.179
SHANNON PKWY @ LANCASTER LN,JONESBORO RD @ 4751,0.232
SHANNON PKWY @ RESURRECTION WAY,SHANNON PKWY @ FLAT SHOALS RD,0.766
SHANNON PKWY @ RESURRECTION WAY,RESURRECTION WAY @ LONDONDERRY WAY,0.19
SHANNON PKWY @ RESURRECTION WAY,SHANNON PKWY @ SHANNON BLVD,0.445
SHANNON PKWY @ RESURRECTION WAY,SHANNON PKWY @ LANCASTER LN,0.179
SHANNON PKWY @ FLAT SHOALS RD,RESURRECTION WAY @ LONDONDERRY WAY,0.671
SHANNON PKWY @ FLAT SHOALS RD,FLAT SHOALS RD @ ABERCORN ST,0.16
RESURRECTION WAY @ LONDONDERRY WAY,LONDONDERRY WAY @ LANCASTER LN,0.322
RESURRECTION WAY @ LONDONDERRY WAY,MALL BLVD @ OAKLEY RD,0.317
RESURRECTION WAY @ LONDONDERRY WAY,SHANNON PKWY @ RESURRECTION WAY,0.19
LONDONDERRY WAY @ LANCASTER LN,JONESBORO RD @ STUDIO WAY,0.167
JONESBORO RD @ STUDIO WAY,JONESBORO RD @ 4330,0.385
JONESBORO RD @ 4330,JONESBORO RD @ OAKLEY INDUSTRIAL BLVD,0.403
JONESBORO RD @ 4330,OAKLEY INDUSTRIAL BLVD @ JONESBORO RD,0.326
JONESBORO RD @ OAKLEY INDUSTRIAL BLVD,JONESBORO RD @ LESTER RD,0.219
JONESBORO RD @ OAKLEY INDUSTRIAL BLVD,JONESBORO RD @ 4295,0.334
JONESBORO RD @ LESTER RD,JONESBORO RD @ BUFFINGTON RD,0.156
JONESBORO RD @ BUFFINGTON RD,JONESBORO RD @ PETERS RD,0.357
JONESBORO RD @ PETERS RD,JONESBORO RD @ BETHSAIDA RD,0.332
JONESBORO RD @ PETERS RD,JONESBORO RD @ MILES TER,0.45
JONESBORO RD @ BETHSAIDA RD,JONESBORO RD @ OLD JONESBORO RD (W),0.415
JONESBORO RD @ BETHSAIDA RD,JONESBORO RD @ PETERS RD,0.332
JONESBORO RD @ OLD JONESBORO RD (W),JONESBORO RD @ OLD JONESBORO RD,9.816
OLD NATIONAL HWY @ JONESBORO RD,OLD NATIONAL HWY @ DALTON PARK,0.267
OLD NATIONAL HWY @ DALTON PARK,OLD NATIONAL HWY @ BETHSAIDA RD,0.534
OLD NATIONAL HWY @ DALTON PARK,OLD NATIONAL HWY @ WEST RD,0.149
OLD NATIONAL HWY @ BETHSAIDA RD,OLD NATIONAL HWY @ DODD RD,0.2
OLD NATIONAL HWY @ BETHSAIDA RD,OLD NATIONAL HWY @ TOPAZ RD,0.365
OLD NATIONAL HWY @ DODD RD,OLD NATIONAL HWY @ HILLSIDE RD,0.184
OLD NATIONAL HWY @ HILLSIDE RD,OLD NATIONAL HWY @ THORNTON DR,0.104
OLD NATIONAL HWY @ HILLSIDE RD,OLD NATIONAL HWY @ HALLIE MILL RD,0.173
OLD NATIONAL HWY @ THORNTON DR,OLD NATIONAL HWY @ CREEL RD,0.124
OLD NATIONAL HWY @ THORNTON DR,OLD NATIONAL HWY @ HILLSIDE RD,0.104
OLD NATIONAL HWY @ CREEL RD,OLD NATIONAL HWY @ BIGWOOD TRL,0.309
OLD NATIONAL HWY @ CREEL RD,OLD NATIONAL HWY @ THORNTON DR,0.124
OLD NATIONAL HWY @ BIGWOOD TRL,OLD NATIONAL HWY @ WOODWARD RD,0.151
OLD NATIONAL HWY @ WOODWARD RD,OLD NATIONAL HWY @ HACKAMORE DR,0.183
OLD NATIONAL HWY @ WOODWARD RD,OLD NATIONAL HWY @ CREEL RD,0.46
OLD NATIONAL HWY @ HACKAMORE DR,OLD NATIONAL HWY @ MCGHEE LNDG,0.24
OLD NATIONAL HWY @ HACKAMORE DR,OLD NATIONAL HWY @ WOODWARD RD,0.183
OLD NATIONAL HWY @ MCGHEE LNDG,OLD NATIONAL HWY @ FLAT SHOALS RD,0.314
OLD NATIONAL HWY @ FLAT SHOALS RD,OLD NATIONAL HWY @ SHERIFF RD,0.263
OLD NATIONAL HWY @ FLAT SHOALS RD,OLD NATIONAL HWY @ MCGHEE LANDING,0.375
OLD NATIONAL HWY @ SHERIFF RD,OLD NATIONAL HWY @ BURDETT RD,0.109
OLD NATIONAL HWY @ BURDETT RD,OLD NATIONAL HWY @ BURDETT RD,0.0
OLD NATIONAL HWY @ BURDETT RD,OLD NATIONAL HWY @ PLEASANT HILL RD,0.393
OLD NATIONAL HWY @ BURDETT RD,OLD NATIONAL HWY @ 5917,0.019
OLD NATIONAL HWY @ PLEASANT HILL RD,OLD NATIONAL HWY @ JEROME RD,0.234
OLD NATIONAL HWY @ PLEASANT HILL RD,OLD NATIONAL HWY @ BURDETT RD,0.393
OLD NATIONAL HWY @ PLEASANT HILL RD,PLEASANT HILL RD @ WILLOW PARK BLVD,0.191
OLD NATIONAL HWY @ JEROME RD,OLD NATIONAL HWY @ SURREY TRL,0.201
OLD NATIONAL HWY @ JEROME RD,OLD NATIONAL HWY @ 5615,0.041
OLD NATIONAL HWY @ SURREY TRL,OLD NATIONAL HWY @ BISCAYNE DR,0.181
OLD NATIONAL HWY @ SURREY TRL,OLD NATIONAL HWY @ JEROME RD,0.201
OLD NATIONAL HWY @ BISCAYNE DR,OLD NATIONAL HWY @ JOLLY RD,0.204
OLD NATIONAL HWY @ BISCAYNE DR,OLD NATIONAL HWY @ SURREY TRL,0.181
OLD NATIONAL HWY @ JOLLY RD,OLD NATIONAL HWY @ 5234,0.07
OLD NATIONAL HWY @ JOLLY RD,OLD NATIONAL HWY @ BISCAYNE DR,0.204
OLD NATIONAL HWY @ 5234,OLD NATIONAL HWY @ GODBY RD,0.222
OLD NATIONAL HWY @ GODBY RD,OLD NATIONAL HWY @ SULLIVAN RD,0.527
OLD NATIONAL HWY @ GODBY RD,OLD NATIONAL HWY @ OLD BILL COOK RD,0.158
OLD NATIONAL HWY @ SULLIVAN RD,SULLIVAN RD @ OLD NATIONAL HWY,0.097
OLD NATIONAL HWY @ SULLIVAN RD,OLD NATIONAL HWY @ GODBY RD,0.527
OLD NATIONAL HWY @ SULLIVAN RD,ROOSEVELT HWY @ HERSCHEL RD,0.38
OLD NATIONAL HWY @ SULLIVAN RD,GODBY RD @ OLD NATIONAL HWY,0.501
SULLIVAN RD @ OLD NATIONAL HWY,SULLIVAN RD @ 2411,0.204
SULLIVAN RD @ OLD NATIONAL HWY,OLD NATIONAL HWY @ SULLIVAN RD,0.097
SULLIVAN RD @ 2411,SULLIVAN RD @ EDISON DR,0.244
SULLIVAN RD @ 2411,SULLIVAN RD @ OLD NATIONAL HWY,0.204
SULLIVAN RD @ EDISON DR,SULLIVAN RD @2301,0.148
SULLIVAN RD @ EDISON DR,SULLIVAN RD @ 2411,0.244
SULLIVAN RD @2301,SULLIVAN RD @ SOUTHPORT RD,0.059
SULLIVAN RD @ SOUTHPORT RD,SULLIVAN RD @ EMBARCADERO LN,0.095
SULLIVAN RD @ SOUTHPORT RD,SULLIVAN RD @ 2301,0.077
SULLIVAN RD @ EMBARCADERO LN,BEST RD @ SULLIVAN RD,0.124
SULLIVAN RD @ EMBARCADERO LN,SULLIVAN RD @ SOUTHPORT RD,0.095
BEST RD @ SULLIVAN RD,BEST RD @ 4736,0.133
BEST RD @ SULLIVAN RD,SULLIVAN RD @ EMBARCADERO LN,0.124
BEST RD @ 4736,BEST RD @ RIVERDALE RD,0.093
BEST RD @ 4736,BEST RD @ SULLIVAN RD,0.133
BEST RD @ RIVERDALE RD,BEST RD @ 4601,0.114
BEST RD @ 4601,BEST RD @ 4555,0.131
BEST RD @ 4601,BEST RD @ T OWEN SMITH BLVD,0.118
BEST RD @ 4555,BEST RD @ 4475,0.155
BEST RD @ 4555,BEST RD @ 4601,0.131
BEST RD @ 4475,W POINT AVE @ BEST RD,0.383
BEST RD @ 4475,BEST RD @ 4555,0.155
W POINT AVE @ BEST RD,W POINT AVE @ LESLEY DR,0.12
W POINT AVE @ BEST RD,BEST RD @ 4475,0.383
W POINT AVE @ LESLEY DR,COLLEGE PARK STATION - SOUTH LOOP,0.836
W POINT AVE @ LESLEY DR,W POINT AVE @ BEST RD,0.12
COLLEGE PARK STATION - SOUTH LOOP,W POINT AVE @ LESLEY DR,0.836
COLLEGE PARK STATION - SOUTH LOOP,JONESBORO RD @ 4330,7.463
COLLEGE PARK STATION - SOUTH LOOP,ROOSEVELT HWY @ GATEWAY BLVD,0.675
COLLEGE PARK STATION - SOUTH LOOP,ROOSEVELT HWY @ 4003,0.391
COLLEGE PARK STATION - SOUTH LOOP,RIVERDALE RD @ AIRPORT BLVD,1.506
XPRESS - RIVERDALE PARK & RIDE,VALLEY HILL RD SW @ LAMAR HUTCHESON PKWY,0.173
VALLEY HILL RD SW @ LAMAR HUTCHESON PKWY,VALLEY HILL RD SW @ CAMP ST,0.244
VALLEY HILL RD SW @ LAMAR HUTCHESON PKWY,LAMAR HUTCHESON PKWY @ 6842,0.15
VALLEY HILL RD SW @ CAMP ST,SR 85 @ MAIN ST,0.258
VALLEY HILL RD SW @ CAMP ST,MAIN ST @ SR 85,0.263
SR 85 @ MAIN ST,SR 85 @ ROBERTS DR,0.345
SR 85 @ ROBERTS DR,SR 85 @ BETHSAIDA RD,0.289
SR 85 @ ROBERTS DR,SR 85 @ VALLEY HILL RD SW,0.482
SR 85 @ ROBERTS DR,LAMAR HUTCHESON PKWY @ 658,0.388
SR 85 @ BETHSAIDA RD,CHURCH ST @ BETHSAIDA RD,0.186
CHURCH ST @ BETHSAIDA RD,CHURCH ST @ TOWN CENTER DR,0.197
CHURCH ST @ BETHSAIDA RD,LAMAR HUTCHESON PKWY @ 658,0.322
CHURCH ST @ TOWN CENTER DR,CHURCH ST @ MCELROY DR,0.192
CHURCH ST @ TOWN CENTER DR,CHURCH ST @ BETHSAIDA RD,0.197
CHURCH ST @ MCELROY DR,SR 85 @ CHURCH ST,0.107
CHURCH ST @ MCELROY DR,CHURCH ST @ TOWN CENTER DR,0.192
CHURCH ST @ MCELROY DR,SR 85 @ LAMAR HUTCHESON PKWY,0.378
SR 85 @ CHURCH ST,SR 138 @ MCELROY DR,0.295
SR 85 @ CHURCH ST,SR 85 @ SR 138,0.227
SR 85 @ CHURCH ST,SR 138 @ SR 85,0.393
SR 138 @ MCELROY DR,SR 138 @ HOWELL LN,0.258
SR 138 @ HOWELL LN,SR 138 @ LAKE RIDGE PKWY,0.667
SR 138 @ HOWELL LN,SR 85 @ SR 138,0.353
SR 138 @ LAKE RIDGE PKWY,SR 138 @ CREEKSIDE LN,0.249
SR 138 @ LAKE RIDGE PKWY,SR 138 @ HOWELL LN,0.667
SR 138 @ CREEKSIDE LN,SR 138 @ W FAYETTEVILLE RD,0.748
SR 138 @ W FAYETTEVILLE RD,SR 138 @ ALBANIA DR,0.577
SR 138 @ W FAYETTEVILLE RD,SR 138 @ PETUNIA DR,0.65
SR 138 @ ALBANIA DR,OLD NATIONAL HWY @ JONESBORO RD,0.365
BEST RD @ T OWEN SMITH BLVD,BEST RD @ 4736,0.089
SULLIVAN RD @ 2301,SULLIVAN RD @ EDISON DR,0.13
OLD NATIONAL HWY @ OLD BILL COOK RD,OLD NATIONAL HWY @ JOLLY RD,0.14
OLD NATIONAL HWY @ 5615,OLD NATIONAL HWY @ PLEASANT HILL RD,0.203
OLD NATIONAL HWY @ 5917,OLD NATIONAL HWY @ WEXFORD DR,0.275
OLD NATIONAL HWY @ 5917,OLD NATIONAL HWY @ LANTERN LN,0.108
OLD NATIONAL HWY @ WEXFORD DR,OLD NATIONAL HWY @ FLAT SHOALS RD,0.096
OLD NATIONAL HWY @ WEXFORD DR,FLAT SHOALS RD @ OLD NATIONAL HWY,0.203
OLD NATIONAL HWY @ MCGHEE LANDING,OLD NATIONAL HWY @ HACKAMORE DR,0.181
OLD NATIONAL HWY @ HALLIE MILL RD,OLD NATIONAL HWY @ BETHSAIDA RD,0.212
OLD NATIONAL HWY @ TOPAZ RD,OLD NATIONAL HWY @ DALTON PARK,0.179
OLD NATIONAL HWY @ WEST RD,SR 138 @ 2220,0.292
OLD NATIONAL HWY @ WEST RD,JONESBORO RD @ OLD NATIONAL HWY,0.174
SR 138 @ 2220,SR 138 @ W FAYETTEVILLE RD,0.765
SR 138 @ PETUNIA DR,SR 138 @ LAKE RIDGE PKWY,0.347
SR 85 @ SR 138,CHURCH ST @ MCELROY DR,0.327
SR 85 @ SR 138,SR 85 @ ROUNTREE RD,0.198
SR 85 @ SR 138,SR 85 @ LAKE RIDGE PKWY,0.537
LAMAR HUTCHESON PKWY @ 658,LAMAR HUTCHESON PKWY @ ROBERTS DR,0.305
LAMAR HUTCHESON PKWY @ ROBERTS DR,XPRESS - RIVERDALE PARK & RIDE,0.385
LAMAR HUTCHESON PKWY @ ROBERTS DR,LAMAR HUTCHESON PKWY @ VALLEY HILL RD,0.37
LAMAR HUTCHESON PKWY @ ROBERTS DR,LAMAR HUTCHESON PKWY @ 618,0.279
JONESBORO RD @ OLD NATIONAL HWY,JONESBORO RD @ OLD JONESBORO RD,8.308
JONESBORO RD @ 3565,JONESBORO RD @ BETHSAIDA RD,0.228
JONESBORO RD @ MILES TER,JONESBORO RD @ OAKLEY INDUSTRIAL BLVD,0.283
JONESBORO RD @ 4295,JONESBORO RD @ LONDONDERRY WAY,0.506
JONESBORO RD @ 4295,COLLEGE PARK STATION - SOUTH LOOP,7.373
JONESBORO RD @ LONDONDERRY WAY,SHANNON PKWY @ LANCASTER LN,0.185
MAIN ST @ JOHN WESLEY AVE,MAIN ST @ HARVARD AVE,0.147
MAIN ST @ JOHN WESLEY AVE,COLLEGE PARK STATION - NORTH LOOP,0.076
MAIN ST @ HARVARD AVE,MAIN ST @ HAWTHORNE AVE,0.157
MAIN ST @ HARVARD AVE,PRINCETON AVE @ COLLEGE ST,0.15
MAIN ST @ HAWTHORNE AVE,MAIN ST @ JOHN CALVIN AVE,0.155
MAIN ST @ JOHN CALVIN AVE,MAIN ST @ HOWELL SLADE CIR,0.163
MAIN ST @ JOHN CALVIN AVE,MAIN ST @ 3647,0.158
MAIN ST @ HOWELL SLADE CIR,MAIN ST @ W RUGBY AVE,0.14
MAIN ST @ HOWELL SLADE CIR,MAIN ST @ JOHN CALVIN AVE,0.163
MAIN ST @ W RUGBY AVE,MAIN ST @ MERCER AVE,0.19
MAIN ST @ W RUGBY AVE,MAIN ST @ HOWELL SLADE CIR,0.14
MAIN ST @ MERCER AVE,MAIN ST @ VESTA AVE,0.2
MAIN ST @ MERCER AVE,MAIN ST @ W RUGBY AVE,0.19
MAIN ST @ VESTA AVE,MAIN ST @ WILLIAMS AVE,0.301
MAIN ST @ VESTA AVE,MAIN ST @ MERCER AVE,0.2
MAIN ST @ WILLIAMS AVE,MAIN ST @ TAYLOR AVE,0.126
MAIN ST @ WILLIAMS AVE,MAIN ST @ VESTA AVE,0.301
MAIN ST @ WILLIAMS AVE,WILLINGHAM DR @ E MAIN ST,0.133
MAIN ST @ TAYLOR AVE,MAIN ST @ IRENE KIDD PKWY,0.111
MAIN ST @ IRENE KIDD PKWY,EAST POINT STATION,0.124
CONNALLY DR @ LESTER ST,CONNALLY DR @ CONNALLY PL,0.138
CONNALLY DR @ LESTER ST,CONNALLY DR @ NORMAN BERRY DR,0.196
CONNALLY DR @ CONNALLY PL,STANTON RD @ CONNALLY DR,0.173
CONNALLY DR @ CONNALLY PL,CONNALLY DR @ LESTER ST,0.138
STANTON RD @ CONNALLY DR,STANTON RD @ 1847,0.315
STANTON RD @ CONNALLY DR,CONNALLY DR @ CONNALLY PL,0.173
STANTON RD @ 1847,DELOWE STANTON ACCESS RD @ STANTON RD,0.158
STANTON RD @ 1847,STANTON RD @ CONNALLY DR,0.315
DELOWE STANTON ACCESS RD @ STANTON RD,DELOWE DR @ W WOODBERRY AVE,0.476
HEADLAND DR @ RIDGECREST LN,HEADLAND DR @ FARLEY ST,0.112
HEADLAND DR @ HEADLAND TER,HEADLAND DR @ 2469,0.187
HEADLAND DR @ 2469,HEADLAND DR @ BRYANT DR,0.128
HEADLAND DR @ BRYANT DR,HEADLAND DR @ DODSON DR,0.142
HEADLAND DR @ BRYANT DR,HEADLAND DR @ 2472,0.136
HEADLAND DR @ DODSON DR,HEADLAND DR @ FOREST TRL,0.337
HEADLAND DR @ DODSON DR,HEADLAND DR @ BRYANT DR,0.142
HEADLAND DR @ FOREST TRL,HEADLAND DR @ BEN HILL RD,0.209
HEADLAND DR @ FOREST TRL,HEADLAND DR @ DODSON DR,0.337
HEADLAND DR @ BEN HILL RD,HEADLAND DR @ GREENBRIAR PL,0.142
HEADLAND DR @ BEN HILL RD,HEADLAND DR @ FOREST TRL,0.209
HEADLAND DR @ GREENBRIAR PL,HEADLAND DR SW @ GREENBRIAR PKWY SW,0.125
HEADLAND DR SW @ GREENBRIAR PKWY SW,GREENBRIAR PKWY @ THE FONTAINEBLEAU,0.147
HEADLAND DR SW @ GREENBRIAR PKWY SW,HEADLAND DR SW @ MCALPINE TER,0.101
N CAMP CREEK PKWY SW @ 3540,N CAMP CREEK PKWY SW @ STONE RD SW,0.227
HEADLAND DR SW @ MCALPINE TER,HEADLAND DR @ BEN HILL RD,0.168
DELOWE STANTON ACCESS RD @ 1900,STANTON RD @ 1847,0.294
CONNALLY DR @ NORMAN BERRY DR,EAST POINT ST @ WARE AVE,0.277
MAIN ST @ LEGION WAY,MAIN ST @ WILLIAMS AVE,0.191
MAIN ST @ 3647,MAIN ST @ JOHN WESLEY AVE,0.303
CHAPEL ST SW @ WESTVIEW DR SW,NORTHSIDE DR SW @ SPELMAN LN SW,0.161
NORTHSIDE DR SW @ SPELMAN LN SW,NORTHSIDE DR SW @ MCDANIEL ST SW,0.129
NORTHSIDE DR SW @ SPELMAN LN SW,CHAPEL ST SW @ W WHITEHALL ST SW,0.176
NORTHSIDE DR SW @ MCDANIEL ST SW,NORTHSIDE DR SW @ FAIR ST SW,0.237
NORTHSIDE DR SW @ FAIR ST SW,NORTHSIDE DR SW @ NELSON ST SW,0.131
NORTHSIDE DR SW @ NELSON ST SW,NORTHSIDE DR SW @ MITCHELL ST SW,0.215
NORTHSIDE DR SW @ MITCHELL ST SW,VINE CITY STATION (ELECTRIC AVE),0.215
NORTHSIDE DR SW @ MITCHELL ST SW,NORTHSIDE DR SW @ CHAPEL ST SW,0.203
VINE CITY STATION (ELECTRIC AVE),NORTHSIDE DR NW @ THURMOND ST NW,0.342
VINE CITY STATION (ELECTRIC AVE),NORTHSIDE DR SW @ MITCHELL ST SW,0.215
NORTHSIDE DR NW @ THURMOND ST NW,NORTHSIDE DR NW @ IVAN ALLEN JR BLVD NW,0.179
NORTHSIDE DR NW @ THURMOND ST NW,VINE CITY STATION (ELECTRIC AVE),0.342
NORTHSIDE DR NW @ IVAN ALLEN JR BLVD NW,NORTHSIDE DR NW @ CAMERON M ALEXANDER BLVD NW,0.303
NORTHSIDE DR NW @ CAMERON M ALEXANDER BLVD NW,NORTHSIDE DR NW @ NORTH AVE NW,0.081
NORTHSIDE DR NW @ CAMERON M ALEXANDER BLVD NW,NORTHSIDE DR NW @ JOSEPH E BOONE BLVD NW,0.361
NORTHSIDE DR @ DONALD L HOLLOWELL PKWY,NORTHSIDE DR NW @ MARIETTA ST NW,0.202
NORTHSIDE DR NW @ MARIETTA ST NW,NORTHSIDE DR NW @ 10TH ST NW,0.44
NORTHSIDE DR NW @ MARIETTA ST NW,NORTHSIDE DR @ 610,0.279
NORTHSIDE DR NW @ 10TH ST NW,NORTHSIDE DR @ ETHEL ST,0.17
NORTHSIDE DR NW @ 10TH ST NW,NORTHSIDE DR NW @ MARIETTA ST NW,0.44
NORTHSIDE DR @ ETHEL ST,NORTHSIDE DR NW @ 14TH ST NW,0.082
NORTHSIDE DR NW @ 14TH ST NW,NORTHSIDE DR @ 17TH ST,0.274
NORTHSIDE DR NW @ 14TH ST NW,NORTHSIDE DR NW @ 10TH ST NW,0.252
NORTHSIDE DR @ 17TH ST,17TH ST NW @ NORTHSIDE DR NW,0.121
NORTHSIDE DR NW @ 17TH ST NW,NORTHSIDE DR NW @ 14TH ST NW,0.342
NORTHSIDE DR NW @ JOSEPH E BOONE BLVD NW,NORTHSIDE DR NW @ THURMOND ST NW,0.121
NORTHSIDE DR SW @ CHAPEL ST SW,NORTHSIDE DR SW @ ATLANTA STUDENT MOVEMENT BLVD SW,0.12
NORTHSIDE DR SW @ ATLANTA STUDENT MOVEMENT BLVD SW,NORTHSIDE DR @ LARKIN ST,0.101
NORTHSIDE DR @ LARKIN ST,NORTHSIDE DR SW @ GREENSFERRY AVE SW,0.168
NORTHSIDE DR @ LARKIN ST,MCDANIEL ST SW @ NORTHSIDE DR SW,0.167
NORTHSIDE DR SW @ GREENSFERRY AVE SW,NORTHSIDE DR SW @ SPELMAN LN SW,0.119
CHAPEL ST SW @ W WHITEHALL ST SW,W WHITEHALL ST SW @ OAK ST SW,0.226
W WHITEHALL ST SW @ OAK ST SW,W WHITEHALL ST SW @ RALPH D ABERNATHY BLVD SW,0.134
W WHITEHALL ST SW @ RALPH D ABERNATHY BLVD SW,WEST END STATION,0.168
KING ARNOLD ST @ CLAIRE DR,KING ARNOLD ST @ FULTON AVE,0.196
KING ARNOLD ST @ FULTON AVE,KING ARNOLD ST @ DOGWOOD DR,0.128
KING ARNOLD ST @ DOGWOOD DR,DOGWOOD DR @ MARINA ST,0.118
DOGWOOD DR @ MARINA ST,DOGWOOD DR @ NORTH AVE,0.214
DOGWOOD DR @ MARINA ST,DOGWOOD DR @ KING ARNOLD ST,0.08
DOGWOOD DR @ NORTH AVE,DOGWOOD DR @ LAKE DR,0.122
DOGWOOD DR @ NORTH AVE,DOGWOOD DR @ MARINA ST,0.214
DOGWOOD DR @ LAKE DR,DOGWOOD DR @ OAK DR,0.069
DOGWOOD DR @ OAK DR,DOGWOOD DR @ MORELAND WAY,0.144
DOGWOOD DR @ OAK DR,DOGWOOD DR @ COLEMAN ST,0.089
DOGWOOD DR @ MORELAND WAY,METROPOLITAN PKWY SW @ MT ZION RD SW,0.175
METROPOLITAN PKWY SW @ MT ZION RD SW,METROPOLITAN PKWY SW @ GRAND AVE SW,0.103
METROPOLITAN PKWY SW @ GRAND AVE SW,METROPOLITAN PKWY SW @ STEVE DR SW,0.107
METROPOLITAN PKWY SW @ GRAND AVE SW,DOGWOOD DR @ COFIELD DR,0.152
METROPOLITAN PKWY SW @ STEVE DR SW,METROPOLITAN PKWY @ OLD JONESBORO RD,0.086
METROPOLITAN PKWY SW @ STEVE DR SW,METROPOLITAN PKWY SW @ GRAND AVE SW,0.107
METROPOLITAN PKWY @ OLD JONESBORO RD,METROPOLITAN PKWY SW @ CLEVELAND AVE S,0.308
METROPOLITAN PKWY SW @ CLEVELAND AVE S,METROPOLITAN PKWY SW @ CLEVELAND AVE S,0.0
METROPOLITAN PKWY SW @ CLEVELAND AVE S,METROPOLITAN PKWY SW @ CONNELL AVE SW,0.132
METROPOLITAN PKWY SW @ CLEVELAND AVE S,METROPOLITAN PKWY SW @ CLEVELAND AVE,0.1
METROPOLITAN PKWY SW @ CONNELL AVE SW,METROPOLITAN PKWY @ PERKERSON RD,0.119
METROPOLITAN PKWY SW @ CONNELL AVE SW,METROPOLITAN PKWY SW @ CLEVELAND AVE S,0.132
METROPOLITAN PKWY @ PERKERSON RD,METROPOLITAN PKWY SW @ PEGG RD SW,0.289
METROPOLITAN PKWY SW @ PEGG RD SW,METROPOLITAN PKWY SW @ 2370,0.069
METROPOLITAN PKWY SW @ PEGG RD SW,METROPOLITAN PKWY SW @ PERKERSON RD SW,0.247
METROPOLITAN PKWY SW @ 2370,METROPOLITAN PKWY SW @ AVERY RD SW,0.11
METROPOLITAN PKWY SW @ AVERY RD SW,METROPOLITAN PKWY SW @ LANGSTON DR SW,0.256
METROPOLITAN PKWY SW @ AVERY RD SW,METROPOLITAN PKWY SW @ PEGG RD SW,0.17
METROPOLITAN PKWY SW @ LANGSTON DR SW,METROPOLITAN PKWY SW @ LAKEWOOD AVE SW,0.129
METROPOLITAN PKWY SW @ LANGSTON DR SW,METROPOLITAN PKWY SW @ AVERY RD SW,0.256
METROPOLITAN PKWY SW @ LAKEWOOD AVE SW,METROPOLITAN PKWY @ SAINT JOHNS AVE S,0.118
METROPOLITAN PKWY SW @ LAKEWOOD AVE SW,METROPOLITAN PKWY SW @ LANGSTON DR SW,0.129
METROPOLITAN PKWY @ SAINT JOHNS AVE S,METROPOLITAN PKWY @ FAIR DR,0.287
METROPOLITAN PKWY @ SAINT JOHNS AVE S,METROPOLITAN PKWY SW @ LAKEWOOD AVE SW,0.118
METROPOLITAN PKWY @ FAIR DR,METROPOLITAN PKWY SW @ CASPLAN ST SW (S),0.269
METROPOLITAN PKWY SW @ CASPLAN ST SW (S),METROPOLITAN PKWY SW @ CLAIRE DR SW,0.212
METROPOLITAN PKWY SW @ CLAIRE DR SW,METROPOLITAN PKWY SW @ 1577,0.134
METROPOLITAN PKWY SW @ CLAIRE DR SW,METROPOLITAN PKWY SW @ CASPLAN ST SW,0.188
METROPOLITAN PKWY SW @ 1577,METROPOLITAN PKWY SW @ DECKNER AVE SW,0.142
METROPOLITAN PKWY SW @ 1577,METROPOLITAN PKWY SW @ CLAIRE DR SW,0.134
METROPOLITAN PKWY SW @ 1577,OAKLAND CITY STATION,1.13
METROPOLITAN PKWY SW @ DECKNER AVE SW,METROPOLITAN PKWY SW @ LYNNHAVEN DR SW,0.123
METROPOLITAN PKWY SW @ DECKNER AVE SW,METROPOLITAN PKWY SW @ 1577,0.142
METROPOLITAN PKWY SW @ LYNNHAVEN DR SW,METROPOLITAN PKWY SW @ MANFORD RD SW,0.182
METROPOLITAN PKWY SW @ MANFORD RD SW,METROPOLITAN PKWY SW @ UNIVERSITY AVE,0.277
METROPOLITAN PKWY SW @ UNIVERSITY AVE,METROPOLITAN PKWY SW @ MAYLAND AVE SW,0.143
METROPOLITAN PKWY SW @ UNIVERSITY AVE,METROPOLITAN PKWY SW @ ERIN AVE SW,0.191
METROPOLITAN PKWY SW @ MAYLAND AVE SW,METROPOLITAN PKWY SW @ FLETCHER ST SW,0.106
METROPOLITAN PKWY SW @ MAYLAND AVE SW,METROPOLITAN PKWY SW @ UNIVERSITY AVE,0.143
METROPOLITAN PKWY SW @ FLETCHER ST SW,METROPOLITAN PKWY SW @ BROOKLINE ST SW,0.08
METROPOLITAN PKWY SW @ FLETCHER ST SW,METROPOLITAN PKWY SW @ MAYLAND AVE SW,0.106
METROPOLITAN PKWY SW @ BROOKLINE ST SW,METROPOLITAN PKWY SW @ ARTHUR ST SW,0.048
METROPOLITAN PKWY SW @ BROOKLINE ST SW,METROPOLITAN PKWY SW @ FLETCHER ST SW,0.08
METROPOLITAN PKWY SW @ ARTHUR ST SW,METROPOLITAN PKWY SW @ MARY ST SW,0.083
METROPOLITAN PKWY SW @ MARY ST SW,METROPOLITAN PKWY SW @ LILLIAN AVE,0.12
METROPOLITAN PKWY SW @ LILLIAN AVE,METROPOLITAN PKWY SW @ SHELTON AVE SW,0.22
METROPOLITAN PKWY SW @ SHELTON AVE SW,METROPOLITAN PKWY SW @ CHRISTMAN ST SW,0.112
METROPOLITAN PKWY SW @ SHELTON AVE SW,METROPOLITAN PKWY SW @ ROCKWELL ST SW,0.192
METROPOLITAN PKWY SW @ CHRISTMAN ST SW,METROPOLITAN PKWY SW @ BRONNER BROS WAY,0.121
METROPOLITAN PKWY SW @ CHRISTMAN ST SW,METROPOLITAN PKWY SW @ SHELTON AVE SW,0.112
METROPOLITAN PKWY SW @ BRONNER BROS WAY,RALPH D ABERNATHY BLVD @ MURPHY AVE,0.225
METROPOLITAN PKWY SW @ ROCKWELL ST SW,METROPOLITAN PKWY SW @ MARY ST,0.175
METROPOLITAN PKWY SW @ MARY ST,METROPOLITAN PKWY SW @ BROOKLINE ST SW,0.105
METROPOLITAN PKWY SW @ ERIN AVE SW,METROPOLITAN PKWY SW @ GENESSEE AVE SW,0.25
METROPOLITAN PKWY SW @ GENESSEE AVE SW,METROPOLITAN PKWY SW @ DECKNER AVE SW,0.143
METROPOLITAN PKWY SW @ CASPLAN ST SW,METROPOLITAN PK @ FAIR DR,0.266
METROPOLITAN PK @ FAIR DR,METROPOLITAN PKWY SW @ GRANT ST SW,0.062
METROPOLITAN PKWY SW @ GRANT ST SW,METROPOLITAN PKWY @ SAINT JOHNS AVE S,0.253
METROPOLITAN PKWY SW @ PERKERSON RD SW,METROPOLITAN PKWY SW @ CONNELL AVE SW,0.164
METROPOLITAN PKWY SW @ CLEVELAND AVE,METROPOLITAN PKWY SW @ 2799,0.14
METROPOLITAN PKWY SW @ 2799,METROPOLITAN PKWY SW @ STEVE DR SW,0.155
DOGWOOD DR @ COFIELD DR,DOGWOOD DR @ GORDON CIR,0.117
DOGWOOD DR @ GORDON CIR,DOGWOOD DR @ OAK DR,0.153
DOGWOOD DR @ COLEMAN ST,DOGWOOD DR @ NORTH AVE,0.101
DOGWOOD DR @ KING ARNOLD ST,N CENTRAL AVE @ N FULTON AVE,0.2
N CENTRAL AVE @ N FULTON AVE,KING ARNOLD ST @ SUNSET AVE,0.542
KING ARNOLD ST @ SUNSET AVE,KING ARNOLD ST @ SHERMAN RD,0.162
KING ARNOLD ST @ SHERMAN RD,KING ARNOLD ST @ CENTRAL PARK DR,0.081
KING ARNOLD ST @ CENTRAL PARK DR,KING ARNOLD ST @ CLAIRE DR,0.104
NORTH AVE @ PIEDMONT AVE,NORTH AVE @ PENN AVE,0.185
NORTH AVE @ PIEDMONT AVE,NORTH AVE STATION,0.26
NORTH AVE @ PENN AVE,NORTH AVE @ HUNT ST,0.238
NORTH AVE @ PENN AVE,NORTH AVE @ PIEDMONT AVE,0.185
NORTH AVE @ HUNT ST,NORTH AVE NE @ PARKWAY DR NE,0.129
NORTH AVE NE @ PARKWAY DR NE,BOULEVARD NE @ PONCE DE LEON AVE NE,0.128
NORTH AVE NE @ PARKWAY DR NE,NORTH AVE NE @ HUNT ST NE,0.114
NORTH AVE NE @ PARKWAY DR NE,NORTH AVE NE @ BOULEVARD NE,0.03
BOULEVARD NE @ PONCE DE LEON AVE NE,PONCE DE LEON AVE NE @ KENNESAW AVE NE,0.116
BOULEVARD NE @ PONCE DE LEON AVE NE,MONROE DR NE @ PONCE DE LEON AVE NE,0.107
N HIGHLAND AVE NE @ PONCE DE LEON AVE NE,N HIGHLAND AVE NE @ BLUE RIDGE AVE NE,0.065
N HIGHLAND AVE NE @ BLUE RIDGE AVE NE,N HIGHLAND AVE @ NORTH AVE,0.094
N HIGHLAND AVE @ NORTH AVE,MORELAND AVE @ DRUID PL,0.257
N HIGHLAND AVE @ NORTH AVE,N HIGHLAND AVE NE @ BLUE RIDGE AVE,0.075
N HIGHLAND AVE @ NORTH AVE,N HIGHLAND AVE NE @ JOHN LEWIS FREEDOM PKWY NE,0.111
CAROLINE ST @ 1245,CAROLINE ST @ MARION PL,0.137
CAROLINE ST @ MARION PL,MARION PL NE @ LA FRANCE ST NE,0.138
MARION PL NE @ LA FRANCE ST NE,LA FRANCE ST NE @ FLORA AVE NE,0.073
LA FRANCE ST NE @ FLORA AVE NE,LA FRANCE ST NE @ WHITEFOORD AVE NE,0.094
LA FRANCE ST NE @ FLORA AVE NE,LA FRANCE ST NE @ MARION PL NE,0.07
LA FRANCE ST NE @ WHITEFOORD AVE NE,EDGEWOOD/CANDLER PARK STATION - NORTH LOOP,0.16
EDGEWOOD/CANDLER PARK STATION - NORTH LOOP,LA FRANCE ST @ WHITEFOORD AVE,0.17
LA FRANCE ST @ WHITEFOORD AVE,LA FRANCE ST NE @ FLORA AVE NE,0.071
LA FRANCE ST NE @ MARION PL NE,MARION PL NE @ CAROLINE ST NE,0.14
MARION PL NE @ CAROLINE ST NE,CAROLINE ST @ 1270,0.136
CAROLINE ST @ 1270,MORELAND AVE @ 327,0.316
N HIGHLAND AVE NE @ JOHN LEWIS FREEDOM PKWY NE,N HIGHLAND AVE @ NORTH AVE,0.111
N HIGHLAND AVE NE @ JOHN LEWIS FREEDOM PKWY NE,JOHN LEWIS FREEDOM PKWY NE @ CARTER CENTER ENTR,0.143
N HIGHLAND AVE NE @ BLUE RIDGE AVE,PONCE DE LEON AVE @ N HIGHLAND AVE,0.128
N HIGHLAND AVE NE @ BLUE RIDGE AVE,N HIGHLAND AVE @ PONCE DE LEON AVE,0.102
BOULEVARD NE @ PONCE DE LEON AVE,NORTH AVE NE @ PARKWAY DR NE,0.168
BOULEVARD NE @ PONCE DE LEON AVE,BOULEVARD NE @ NORTH AVE NE,0.161
NORTH AVE NE @ HUNT ST NE,NORTH AVE @ PENN AVE,0.252
WINTERS CHAPEL RD @ 4830,WINTERS CHAPEL RD @ WOMACK DR,0.188
WINTERS CHAPEL RD @ WOMACK DR,WINTERS CHAPEL RD @ 4739,0.11
WINTERS CHAPEL RD @ 4739,WINTERS CHAPEL RD @ PEACHTREE INDUSTRIAL BLVD,0.166
WINTERS CHAPEL RD @ PEACHTREE INDUSTRIAL BLVD,PEACHTREE INDUSTRIAL BLVD @ PEACHTREE PLACE PKWY,0.191
PEACHTREE INDUSTRIAL BLVD @ PEACHTREE PLACE PKWY,PEACHTREE INDUSTRIAL BLVD @ 6750,0.167
PEACHTREE INDUSTRIAL BLVD @ 6750,PEACHTREE INDUSTRIAL BLVD @ 6670,0.147
PEACHTREE INDUSTRIAL BLVD @ 6670,PEACHTREE INDUSTRIAL BLVD @ 6706,0.149
PEACHTREE INDUSTRIAL BLVD @ 6706,PEACHTREE INDUSTRIAL BLVD @ HOMELAND DR,0.155
PEACHTREE INDUSTRIAL BLVD @ HOMELAND DR,PEACHTREE INDUSTRIAL BLVD @ TILLY MILL RD,0.213
PEACHTREE INDUSTRIAL BLVD @ TILLY MILL RD,TILLY MILL RD @ PEACHTREE INDUSTRIAL BLVD,0.085
TILLY MILL RD @ PEACHTREE INDUSTRIAL BLVD,TILLY MILL RD @ STONINGTON RD,0.12
TILLY MILL RD @ PEACHTREE INDUSTRIAL BLVD,PEACHTREE INDUSTRIAL BLVD @ PEACHTREE SQ,0.308
TILLY MILL RD @ STONINGTON RD,TILLY MILL RD @ BINGHAMTON DR,0.126
TILLY MILL RD @ BINGHAMTON DR,TILLY MILL RD @ LAURELWOOD RD,0.074
TILLY MILL RD @ LAURELWOOD RD,TILLY MILL RD @ BRIERS NORTH DR,0.259
TILLY MILL RD @ BRIERS NORTH DR,TILLY MILL RD @ COLDSTREAM DR,0.343
TILLY MILL RD @ COLDSTREAM DR,PEELER RD @ N PEACHTREE RD,0.343
PEELER RD @ N PEACHTREE RD,PEELER RD @ CHERRING DR,0.239
PEELER RD @ CHERRING DR,PEELER RD @ ADAMS RD,0.434
PEELER RD @ CHERRING DR,PEELER RD @ CHERRING LN,0.164
PEELER RD @ ADAMS RD,PEELER RD @ OLDE VILLAGE LN,0.107
PEELER RD @ OLDE VILLAGE LN,PEELER RD @ VILLAGE MILL RD,0.205
PEELER RD @ OLDE VILLAGE LN,PEELER RD @ EQUESTRIAN WAY,0.084
PEELER RD @ VILLAGE MILL RD,PEELER RD @ INDEPENDENCE SQ,0.15
PEELER RD @ VILLAGE MILL RD,PEELER RD @ OLDE VILLAGE LN,0.205
PEELER RD @ INDEPENDENCE SQ,PEELER RD @ SHALLOWFORD RD,0.109
PEELER RD @ INDEPENDENCE SQ,PEELER RD @ VILLAGE MILL RD,0.15
PEELER RD @ SHALLOWFORD RD,CHAMBLEE DUNWOODY RD @ N SHALLOWFORD RD,0.157
CHAMBLEE DUNWOODY RD @ N SHALLOWFORD RD,DUNWOODY PARK DR @ DUNWOODY PARK N,0.266
CHAMBLEE DUNWOODY RD @ N SHALLOWFORD RD,PEELER RD @ INDEPENDENCE SQ,0.249
DUNWOODY PARK DR @ DUNWOODY PARK N,DUNWOODY PARK @ DUNWOODY PARK SOUTH,0.149
DUNWOODY PARK @ DUNWOODY PARK SOUTH,DUNWOODY PARK @ N SHALLOWFORD RD,0.148
DUNWOODY PARK @ DUNWOODY PARK SOUTH,DUNWOODY PARK @ CHAMBLEE DUNWOODY RD,0.196
DUNWOODY PARK @ N SHALLOWFORD RD,N SHALLOWFORD RD @ PERNOSHALL CT,0.118
DUNWOODY PARK @ N SHALLOWFORD RD,DUNWOODY PARK @ DUNWOODY PARK SOUTH,0.148
N SHALLOWFORD RD @ PERNOSHALL CT,N SHALLOWFORD RD @ PEACHFORD RD,0.086
N SHALLOWFORD RD @ PERNOSHALL CT,DUNWOODY PARK @ N SHALLOWFORD RD,0.118
N SHALLOWFORD RD @ PEACHFORD RD,SHALLOWFORD RD @ PEACHFORD RD,0.138
N SHALLOWFORD RD @ PEACHFORD RD,N SHALLOWFORD RD @ 4500,0.015
SHALLOWFORD RD @ PEACHFORD RD,SHALLOWFORD RD @ COTILLION DR,0.145
SHALLOWFORD RD @ COTILLION DR,SHALLOWFORD RD @ SAVOY DR,0.162
SHALLOWFORD RD @ SAVOY DR,N SHALLOWFORD RD @ COMMODORE DR,0.108
N SHALLOWFORD RD @ COMMODORE DR,N SHALLOWFORD RD @ ADMIRAL WAY,0.17
N SHALLOWFORD RD @ COMMODORE DR,N SHALLOWFORD RD @ SAVOY DR,0.155
N SHALLOWFORD RD @ ADMIRAL WAY,N SHALLOWFORD RD @ ELLWYN DR,0.366
N SHALLOWFORD RD @ ELLWYN DR,N PEACHTREE RD @ PLANTATION LN,0.141
N SHALLOWFORD RD @ ELLWYN DR,N SHALLOWFORD RD @ LONGVIEW DR,0.417
N PEACHTREE RD @ PLANTATION LN,N PEACHTREE RD @ 3920,0.122
N PEACHTREE RD @ 3920,N PEACHTREE RD @ PEACHTREE INDUSTRIAL BLVD,0.147
N PEACHTREE RD @ PEACHTREE INDUSTRIAL BLVD,PEACHTREE INDUSTRIAL BLVD @ GREEN INDUSTRIAL WAY,0.198
N PEACHTREE RD @ PEACHTREE INDUSTRIAL BLVD,N PEACHTREE RD @ 3930,0.14
N PEACHTREE RD @ PEACHTREE INDUSTRIAL BLVD,N PEACHTREE RD @ PEACHTREE INDUSTRIAL BLVD,0.0
N PEACHTREE RD @ PEACHTREE INDUSTRIAL BLVD,N PEACHTREE RD @ TERRELL DR,0.322
PIERCE DR @ PEACHTREE INDUSTRIAL BLVD,PIERCE DR @ PEACHTREE RD,0.3
PIERCE DR @ PEACHTREE RD,CHAMBLEE STATION - WEST LOOP,0.219
CHAMBLEE STATION - WEST LOOP,PIERCE DR NE @ PEACHTREE IND BLVD,0.373
CHAMBLEE STATION - WEST LOOP,PEACHTREE RD @ AMERICAN INDUSTRIAL W,0.361
CHAMBLEE STATION - WEST LOOP,CHAMBLEE TUCKER @ PEACHTREE RD,0.222
PIERCE DR NE @ PEACHTREE IND BLVD,PEACHTREE INDUSTRIAL BLVD @ CHAMBLEE DUNWOODY RD,0.12
N PEACHTREE RD @ 3930,N PEACHTREE RD @ N SHALLOWFORD RD,0.179
N PEACHTREE RD @ N SHALLOWFORD RD,N SHALLOWFORD RD @ ELLWYN DR,0.092
N PEACHTREE RD @ N SHALLOWFORD RD,N PEACHTREE RD @ SPRING WALK CT,0.188
N SHALLOWFORD RD @ LONGVIEW DR,N SHALLOWFORD RD @ COMMODORE DR,0.119
N SHALLOWFORD RD @ SAVOY DR,N SHALLOWFORD RD @ COTILLION DR,0.106
N SHALLOWFORD RD @ COTILLION DR,N SHALLOWFORD RD @ PEACHFORD RD,0.289
N SHALLOWFORD RD @ 4500,N SHALLOWFORD RD @ PERNOSHALL CT,0.076
DUNWOODY PARK @ CHAMBLEE DUNWOODY RD,CHAMBLEE DUNWOODY RD @ N SHALLOWFORD RD,0.259
PEELER RD @ EQUESTRIAN WAY,PEELER RD @ CHERRING DR,0.455
PEELER RD @ CHERRING LN,N PEACHTREE RD @ TILLY MILL RD,0.116
N PEACHTREE RD @ TILLY MILL RD,PEELER RD @ GLENBONNIE DR,0.403
PEELER RD @ GLENBONNIE DR,PEELER RD @ EDISON RD,0.081
PEELER RD @ EDISON RD,PEELER RD @ HAPPY HOLLOW RD,0.2
PEELER RD @ HAPPY HOLLOW RD,PEELER RD @ LAKESIDE DR,0.265
PEELER RD @ LAKESIDE DR,PEELER RD @ FOUR OAKS CT,0.224
PEELER RD @ FOUR OAKS CT,WINTERS CHAPEL RD @ PEELER RD,0.224
WINTERS CHAPEL RD @ PEELER RD,WINTERS CHAPEL RD @ 4920,0.143
WINTERS CHAPEL RD @ 4920,WINTERS CHAPEL RD @ 4830,0.128
NEW PEACHTREE RD @ 6145,NEW PEACHTREE RD @ LONGMIRE WAY,0.193
NEW PEACHTREE RD @ LONGMIRE WAY,NEW PEACHTREE RD @ MCELROY RD,0.429
NEW PEACHTREE RD @ LONGMIRE WAY,NEW PEACHTREE RD @ 6190,0.183
NEW PEACHTREE RD @ MCELROY RD,WINTERS CHAPEL RD @ OAKCLIFF RD,0.561
NEW PEACHTREE RD @ MCELROY RD,NEW PEACHTREE RD @ LONGMIRE WAY,0.429
WINTERS CHAPEL RD @ OAKCLIFF RD,WOODWIN RD @ WINTERS CHAPEL RD,0.285
WOODWIN RD @ WINTERS CHAPEL RD,WOODWIN RD @ TILLY MILL RD,0.564
WOODWIN RD @ TILLY MILL RD,TILLY MILL RD @ PEACHTREE INDUSTRIAL BLVD,0.433
PEACHTREE INDUSTRIAL BLVD @ PEACHTREE SQ,PEACHTREE INDUSTRIAL BLVD @ PEACHTREE SQ,0.0
PEACHTREE INDUSTRIAL BLVD @ PEACHTREE SQ,PEACHTREE INDUSTRIAL BLVD @ RENAISSANCE BLVD,0.377
PEACHTREE INDUSTRIAL BLVD @ RENAISSANCE BLVD,WINTERS CHAPEL RD @ AMWILER RD NW,0.355
WINTERS CHAPEL RD @ AMWILER RD NW,WINTERS CHAPEL RD @ CLARKE DR,0.16
WINTERS CHAPEL RD @ CLARKE DR,WINTERS CHAPEL RD @ RENAISSANCE BLVD,0.163
WINTERS CHAPEL RD @ RENAISSANCE BLVD,WINTERS CHAPEL RD @ HOMELAND DR,0.11
WINTERS CHAPEL RD @ HOMELAND DR,WINTERS CHAPEL RD @ CHICOPEE RD,0.284
WINTERS CHAPEL RD @ CHICOPEE RD,NEW PEACHTREE RD @ OAKCLIFF RD,0.675
NEW PEACHTREE RD @ OAKCLIFF RD,NEW PEACHTREE RD @ MCELROY RD,0.099
NEW PEACHTREE RD @ 6190,DORAVILLE STATION,0.341
INDIAN CREEK STATION - OUTSIDE BUS LOOP,COVINGTON HWY @ MARGARETTE DR,1.25
COVINGTON HWY @ MARGARETTE DR,COVINGTON HWY @ 4319,0.15
COVINGTON HWY @ MARGARETTE DR,INDIAN CREEK STATION - OUTSIDE BUS LOOP,1.25
COVINGTON HWY @ MARGARETTE DR,COVINGTON HWY @ REDWING CIR,0.529
COVINGTON HWY @ S INDIAN CREEK DR,COVINGTON HWY @ 4523,0.171
COVINGTON HWY @ S INDIAN CREEK DR,COVINGTON HWY @ 4414,0.086
COVINGTON HWY @ 4523,COVINGTON HWY @ BELVEDERE SQ,0.128
COVINGTON HWY @ BELVEDERE SQ,COVINGTON HWY @ WELBRON DR,0.248
COVINGTON HWY @ WELBRON DR,COVINGTON HWY @ GLENWOOD RD,0.311
COVINGTON HWY @ WELBRON DR,COVINGTON HWY @ MERCER RD,0.214
COVINGTON HWY @ GLENWOOD RD,GLENWOOD RD @ LEDO AVE,0.296
COVINGTON HWY @ GLENWOOD RD,COVINGTON HWY @ 4770,0.119
COVINGTON HWY @ GLENWOOD RD,COVINGTON HWY @ HANES DR,0.134
GLENWOOD RD @ LEDO AVE,GLENWOOD RD @ LEE ST,0.07
GLENWOOD RD @ LEE ST,GLENWOOD RD @ ATHERTON DR,0.058
GLENWOOD RD @ ATHERTON DR,GLENWOOD RD @ MEADOWGLADES DR,0.231
GLENWOOD RD @ ATHERTON DR,GLENWOOD RD @ LINDSEY DR,0.076
GLENWOOD RD @ MEADOWGLADES DR,GLENWOOD RD @ GLEN ACRES CT,0.081
GLENWOOD RD @ GLEN ACRES CT,GLENWOOD RD @ AUSTIN DR,0.264
GLENWOOD RD @ AUSTIN DR,GLENWOOD RD @ IRIS LN,0.156
GLENWOOD RD @ AUSTIN DR,GLENWOOD RD @ GLENFAIR RD,0.265
GLENWOOD RD @ COLUMBIA DR,GLENWOOD RD @ S COLUMBIA PL,0.153
GLENWOOD RD @ COLUMBIA DR,GLENWOOD RD @ 4115,0.103
GLENWOOD RD @ S COLUMBIA PL,GLENWOOD RD @ GLENVALE PL,0.148
GLENWOOD RD @ S COLUMBIA PL,GLENWOOD RD @ COLUMBIA DR,0.153
GLENWOOD RD @ GLENVALE PL,GLENWOOD RD @ DERRILL DR,0.111
GLENWOOD RD @ GLENVALE PL,GLENWOOD RD @ COLUMBIA PL,0.089
GLENWOOD RD @ DERRILL DR,GLENWOOD RD @ PARKHILL DR,0.137
GLENWOOD RD @ PARKHILL DR,GLENWOOD RD @ GLENDALE DR,0.116
GLENWOOD RD @ GLENDALE DR,GLENWOOD RD @ SANTA CRUZ DR,0.227
GLENWOOD RD @ GLENDALE DR,GLENWOOD RD @ FARRIS DR,0.095
GLENWOOD RD @ SANTA CRUZ DR,GLENWOOD RD @ MEADOW LN,0.17
GLENWOOD RD @ MEADOW LN,GLENWOOD RD @ WELIKA DR,0.2
GLENWOOD RD @ MEADOW LN,GLENWOOD RD @ HILLSDALE DR,0.162
GLENWOOD RD @ WELIKA DR,GLENWOOD RD @ THOMAS ST,0.162
GLENWOOD RD @ WELIKA DR,GLENWOOD RD @ MEADOW LN,0.2
GLENWOOD RD @ THOMAS ST,GLENWOOD RD @ LINE ST,0.243
GLENWOOD RD @ THOMAS ST,GLENWOOD RD @ WELIKA DR,0.162
GLENWOOD RD @ LINE ST,GLENWOOD RD @ OLD HICKORY ST,0.144
GLENWOOD RD @ LINE ST,GLENWOOD RD @ THOMAS ST,0.243
GLENWOOD RD @ OLD HICKORY ST,GLENWOOD RD @ CANDLER RD,0.265
GLENWOOD RD @ OLD HICKORY ST,GLENWOOD RD @ LINE ST,0.144
GLENWOOD RD @ CANDLER RD,GLENWOOD RD @ MORGAN PL SE,0.055
GLENWOOD RD @ CANDLER RD,GLENWOOD RD @ OLD HICKORY ST,0.265
GLENWOOD RD @ MORGAN PL SE,GLENWOOD AVE SE @ HOOPER ST SE,0.159
GLENWOOD RD @ MORGAN PL SE,GLENWOOD RD @ CANDLER RD,0.055
GLENWOOD AVE SE @ HOOPER ST SE,GLENWOOD AVE SE @ ASHBURTON AVE,0.102
GLENWOOD AVE SE @ HOOPER ST SE,GLENWOOD RD @ MORGAN PL SE,0.159
GLENWOOD AVE SE @ ASHBURTON AVE,GLENWOOD AVE SE @ ALLENDALE DR SE,0.107
GLENWOOD AVE SE @ ASHBURTON AVE,GLENWOOD AVE SE @ HOOPER ST SE,0.102
GLENWOOD AVE SE @ ALLENDALE DR SE,GLENWOOD AVE SE @ QUILLIAN AVE,0.146
GLENWOOD AVE SE @ ALLENDALE DR SE,GLENWOOD AVE SE @ ASHBURTON AVE,0.107
GLENWOOD AVE SE @ QUILLIAN AVE,GLENWOOD AVE SE @ PARKER AVE,0.152
GLENWOOD AVE SE @ QUILLIAN AVE,GLENWOOD AVE SE @ ALLENDALE DR SE,0.146
GLENWOOD AVE SE @ PARKER AVE,GLENWOOD AVE SE @ CARTER AVE SE,0.298
GLENWOOD AVE SE @ PARKER AVE,GLENWOOD AVE SE @ QUILLIAN AVE,0.152
GLENWOOD AVE SE @ CARTER AVE SE,GLENWOOD AVE SE @ SUMMIT DR,0.072
GLENWOOD AVE SE @ CARTER AVE SE,GLENWOOD AVE SE @ PARKER AVE,0.298
GLENWOOD AVE SE @ SUMMIT DR,GLENWOOD AVE SE @ 2ND AVE SE,0.171
GLENWOOD AVE SE @ SUMMIT DR,GLENWOOD AVE SE @ CARTER AVE SE,0.072
GLENWOOD AVE SE @ LOMITA RD SE,GLENWOOD AVE @ TERRY MILL RD,0.078
GLENWOOD AVE @ TERRY MILL RD,GLENWOOD AVE SE @ HOWARD ST SE,0.25
GLENWOOD AVE SE @ HOWARD ST SE,GLENWOOD AVE SE @ WINTHROP DR SE,0.214
GLENWOOD AVE SE @ HOWARD ST SE,GLENWOOD AVE @ 1925,0.163
GLENWOOD AVE SE @ WINTHROP DR SE,GLENWOOD AVE SE @ CLIFTON ST SE,0.143
GLENWOOD AVE SE @ WINTHROP DR SE,GLENWOOD AVE SE @ HOWARD ST SE,0.214
GLENWOOD AVE SE @ CLIFTON ST SE,GLENWOOD AVE SE @ MAYNARD TER SE,0.127
GLENWOOD AVE SE @ CLIFTON ST SE,GLENWOOD AVE SE @ WINTHROP DR SE,0.143
GLENWOOD AVE SE @ MAYNARD TER SE,GLENWOOD AVE @ MCWILLIAMS AVE,0.071
GLENWOOD AVE SE @ MAYNARD TER SE,GLENWOOD AVE SE @ CLIFTON ST SE,0.127
GLENWOOD AVE @ MCWILLIAMS AVE,GLENWOOD AVE @ BLAKE AVE,0.13
GLENWOOD AVE @ MCWILLIAMS AVE,GLENWOOD AVE SE @ MAYNARD TER SE,0.071
GLENWOOD AVE @ BLAKE AVE,GLENWOOD AVE SE @ EASTSIDE AVE SE,0.09
GLENWOOD AVE SE @ EASTSIDE AVE SE,GLENWOOD AVE @ PATTERSON AVE,0.188
GLENWOOD AVE SE @ EASTSIDE AVE SE,GLENWOOD AVE @ PASLEY AVE SE,0.126
GLENWOOD AVE @ PATTERSON AVE,GLENWOOD AVE SE @ FLAT SHOALS AVE SE,0.126
GLENWOOD AVE SE @ HEMLOCK CIR SE,GLENWOOD AVE SE @ GLENWOOD PL SE,0.203
GLENWOOD AVE SE @ HEMLOCK CIR SE,GLENWOOD AVE SE @ BROWNWOOD AVE SE,0.182
GLENWOOD AVE SE @ GLENWOOD PL SE,GLENWOOD AVE SE @ BILL KENNEDY WAY SE,0.133
GLENWOOD AVE SE @ GLENWOOD PL SE,GLENWOOD AVE SE @ HEMLOCK CIR SE,0.203
GLENWOOD AVE SE @ BILL KENNEDY WAY SE,BILL KENNEDY WAY SE @ FAITH AVE SE,0.164
GLENWOOD AVE SE @ BILL KENNEDY WAY SE,GLENWOOD AVE SE @ GLENWOOD PL SE,0.133
BILL KENNEDY WAY SE @ FAITH AVE SE,BILL KENNEDY WAY SE @ MEMORIAL DR,0.275
BILL KENNEDY WAY SE @ FAITH AVE SE,GLENWOOD AVE SE @ BILL KENNEDY WAY SE,0.164
BILL KENNEDY WAY SE @ MEMORIAL DR,MEMORIAL DR SE @ PEARL ST SE,0.213
GLENWOOD AVE SE @ PATTERSON AVE SE,GLENWOOD AVE SE @ EASTSIDE AVE SE,0.219
GLENWOOD AVE @ PASLEY AVE SE,GLENWOOD AVE @ MCWILLIAMS AVE,0.094
GLENWOOD AVE @ 1925,GLENWOOD AVE SE @ TERRY MILL RD SE,0.081
GLENWOOD AVE SE @ TERRY MILL RD SE,GLENWOOD AVE SE @ LOMITA RD,0.08
GLENWOOD AVE SE @ LOMITA RD,GLENWOOD AVE SE @ BERNICE ST SE,0.161
GLENWOOD AVE SE @ BERNICE ST SE,GLENWOOD AVE SE @ EVA DAVIS WAY,0.237
GLENWOOD RD @ HILLSDALE DR,GLENWOOD RD @ GLENDALE DR,0.236
GLENWOOD RD @ FARRIS DR,GLENWOOD RD @ SHAMROCK DR,0.174
GLENWOOD RD @ SHAMROCK DR,GLENWOOD RD @ GLENVALE PL,0.096
GLENWOOD RD @ COLUMBIA PL,GLENWOOD RD @ S COLUMBIA PL,0.06
GLENWOOD RD @ GLENFAIR RD,GLENWOOD RD @ ARTHURS CT,0.113
GLENWOOD RD @ ARTHURS CT,GLENWOOD RD @ ATHERTON DR,0.199
GLENWOOD RD @ LINDSEY DR,GLENWOOD AVE @ ELAINE DR,0.113
GLENWOOD AVE @ ELAINE DR,GLENWOOD RD @ SELWYN DR,0.125
GLENWOOD RD @ SELWYN DR,COVINGTON HWY @ 4770,0.115
COVINGTON HWY @ 4770,COVINGTON HWY @ LAMAR ST,0.117
COVINGTON HWY @ LAMAR ST,COVINGTON HWY @ WELBRON DR,0.078
COVINGTON HWY @ MERCER RD,COVINGTON HWY @ 4537,0.145
COVINGTON HWY @ 4537,COVINGTON HWY @ S INDIAN CREEK DR,0.193
PEACHTREE ST NE @ 15TH ST NE,PEACHTREE ST NE @ 16TH ST NE,0.052
PEACHTREE ST NE @ 17TH ST NE,PEACHTREE ST NE @ W PEACHTREE ST NW,0.165
PEACHTREE ST NE @ 17TH ST NE,PEACHTREE ST NE @ 16TH ST NE,0.168
PEACHTREE ST NE @ W PEACHTREE ST NW,PEACHTREE ST NW @ PEACHTREE CIR NE,0.076
PEACHTREE ST NW @ PEACHTREE CIR NE,PEACHTREE ST NE @ SPRING ST NW,0.142
PEACHTREE ST NE @ SPRING ST NW,PEACHTREE ST NE @ DEERING RD,0.263
PEACHTREE ST NE @ DEERING RD,PEACHTREE ST NE @ 25TH ST NW,0.103
PEACHTREE ST NE @ 25TH ST NW,PEACHTREE ST NE @ HUNTINGTON RD NE,0.06
PEACHTREE ST NE @ 25TH ST NW,PEACHTREE ST @ PEACHTREE CONN,0.241
PEACHTREE ST NE @ HUNTINGTON RD NE,PEACHTREE RD @ PALISADES RD,0.175
PEACHTREE RD @ PALISADES RD,PEACHTREE RD NW @ COLLIER RD NW,0.136
PEACHTREE RD NW @ COLLIER RD NW,PEACHTREE RD NW @ BRIGHTON RD NE,0.149
PEACHTREE RD NW @ BRIGHTON RD NE,PEACHTREE RD NW @ BROOKWOOD VALLEY CIR NE,0.088
PEACHTREE RD NW @ BROOKWOOD VALLEY CIR NE,PEACHTREE RD NW @ PEACHTREE PARK DR N,0.154
PEACHTREE RD NW @ PEACHTREE PARK DR N,PEACHTREE RD NW @ BISCAYNE DR NW,0.167
PEACHTREE RD NW @ BISCAYNE DR NW,PEACHTREE RD @ PEACHTREE MEMORIAL DR,0.181
PEACHTREE RD @ PEACHTREE MEMORIAL DR,PEACHTREE RD NW @ PEACHTREE HILLS AVE,0.106
PEACHTREE RD @ PEACHTREE MEMORIAL DR,PEACHTREE RD @ PEACHTREE MEMORIAL DR,0.0
PEACHTREE RD @ PEACHTREE MEMORIAL DR,PEACHTREE RD NW @ COLONIAL HOMES DR NW,0.228
PEACHTREE RD NW @ PEACHTREE HILLS AVE,PEACHTREE RD NE @ PEACHTREE BATTLE AVE,0.126
PEACHTREE RD NW @ PEACHTREE HILLS AVE,PEACHTREE RD @ PEACHTREE MEMORIAL DR,0.106
PEACHTREE RD NE @ PEACHTREE BATTLE AVE,PEACHTREE RD NW @ LINDBERGH DR NE,0.222
PEACHTREE RD NW @ LINDBERGH DR NE,PEACHTREE RD NW @ LAKEVIEW AVE NE,0.193
PEACHTREE RD NW @ LAKEVIEW AVE NE,PEACHTREE RD NW @ E WESLEY RD NE,0.21
PEACHTREE RD NW @ E WESLEY RD NE,PEACHTREE RD NW @ 2765,0.157
PEACHTREE RD NW @ 2765,PEACHTREE RD NW @ RUMSON RD NE,0.066
PEACHTREE RD NW @ RUMSON RD NE,PEACHTREE RD NW @ SHERIDAN DR NE,0.153
PEACHTREE RD NW @ SHERIDAN DR NE,PEACHTREE RD NW @ DELMONT DR,0.063
PEACHTREE RD NW @ DELMONT DR,PEACHTREE RD NW @ PEACHTREE AVE NE,0.083
PEACHTREE RD NW @ PEACHTREE AVE NE,PEACHTREE RD @ PHARR RD NE,0.162
PEACHTREE RD @ PHARR RD NE,PEACHTREE RD @ E PACES FERRY RD NE,0.181
PEACHTREE RD @ E PACES FERRY RD NE,PEACHTREE RD @ BOLLING WAY NE,0.092
PEACHTREE RD @ BOLLING WAY NE,PEACHTREE RD @ GRANDVIEW AVE,0.176
PEACHTREE RD @ GRANDVIEW AVE,PEACHTREE RD NE @ E SHADOWLAWN AVE,0.1
PEACHTREE RD NE @ E SHADOWLAWN AVE,PEACHTREE RD NE @ MAPLE DR NE,0.113
PEACHTREE RD NE @ MAPLE DR NE,PEACHTREE RD @ PIEDMONT RD,0.081
PEACHTREE RD NE @ MAPLE DR NE,PEACHTREE RD NW @ W SHADOWLAWN AVE,0.095
PEACHTREE RD @ PIEDMONT RD,PEACHTREE RD @ HIGHLAND DR,0.197
PEACHTREE RD @ HIGHLAND DR,BUCKHEAD STATION - NORTHBOUND,0.177
PEACHTREE RD @ HIGHLAND DR,PEACHTREE RD NE @ MAPLE DR NE,0.277
BUCKHEAD STATION - NORTHBOUND,PEACHTREE RD NE @ STRATFORD RD NE,0.086
PEACHTREE RD NE @ STRATFORD RD NE,PEACHTREE RD NE @ LENOX PKWY,0.158
PEACHTREE RD NE @ STRATFORD RD NE,BUCKHEAD STATION - SOUTHBOUND,0.052
PEACHTREE RD NE @ LENOX PKWY,PEACHTREE RD NE @ LENOX RD NE,0.134
PEACHTREE RD NE @ LENOX RD NE,PEACHTREE RD NE @ OAK VALLEY RD NE,0.1
PEACHTREE RD NE @ OAK VALLEY RD NE,PEACHTREE RD @ ROXBORO RD NE,0.28
PEACHTREE RD @ ROXBORO RD NE,PEACHTREE RD @ 3669,0.1
PEACHTREE RD @ 3669,PEACHTREE RD NE @ CANTRELL RD NE,0.114
PEACHTREE RD NE @ CANTRELL RD NE,PEACHTREE RD NE @ KINGSBORO RD NE,0.134
PEACHTREE RD NE @ KINGSBORO RD NE,PEACHTREE RD NE @ CLUB DR NE,0.146
PEACHTREE RD NE @ CLUB DR NE,PEACHTREE RD @ CLUB DR,0.018
PEACHTREE RD @ CLUB DR,PEACHTREE RD NE @ BROOKHAVEN DR NE,0.24
PEACHTREE RD @ CLUB DR,PEACHTREE RD @ VERMONT RD,0.174
PEACHTREE RD NE @ BROOKHAVEN DR NE,PEACHTREE RD NE @ COLONIAL DR NE,0.101
PEACHTREE RD NE @ COLONIAL DR NE,BROOKHAVEN/OGLETHORPE STATION,0.32
PEACHTREE RD @ N DRUID HILLS RD,PEACHTREE RD @ COLONIAL DR,0.164
PEACHTREE RD @ COLONIAL DR,PEACHTREE RD @ BELLAIRE DR,0.184
PEACHTREE RD @ BELLAIRE DR,PEACHTREE RD @ CLUB DR,0.143
PEACHTREE RD @ VERMONT RD,PEACHTREE RD @ NARMORE DR,0.141
PEACHTREE RD @ NARMORE DR,PEACHTREE RD @ 3660,0.126
PEACHTREE RD @ 3660,PEACHTREE RD @ PEACHTREE DUNWOODY RD,0.083
PEACHTREE RD @ PEACHTREE DUNWOODY RD,PEACHTREE RD @ WIEUCA RD,0.176
PEACHTREE RD @ WIEUCA RD,PEACHTREE RD NE @ LENOX RD,0.208
PEACHTREE RD NE @ LENOX RD,PEACHTREE RD NE @ 3414,0.119
PEACHTREE RD NE @ 3414,PEACHTREE RD NE @ STRATFORD RD NE,0.166
BUCKHEAD STATION - SOUTHBOUND,PEACHTREE RD @ HIGHLAND DR,0.215
PEACHTREE RD NW @ W SHADOWLAWN AVE,PEACHTREE RD NW @ 3180,0.098
PEACHTREE RD NW @ 3180,PEACHTREE RD @ MATHIESON DR NE,0.109
PEACHTREE RD @ MATHIESON DR NE,PEACHTREE RD NE @ E PACES FERRY RD,0.135
PEACHTREE RD NE @ E PACES FERRY RD,PEACHTREE RD @ BUCKHEAD AVE NE,0.117
PEACHTREE RD @ BUCKHEAD AVE NE,PEACHTREE RD NW @ PHARR RD NW,0.1
PEACHTREE RD NW @ PHARR RD NW,PEACHTREE RD NW @ PEACHTREE AVE,0.225
PEACHTREE RD NW @ PEACHTREE AVE,PEACHTREE RD NW @ SHERIDAN,0.075
PEACHTREE RD NW @ SHERIDAN,PEACHTREE RD NW @ 2820,0.094
PEACHTREE RD NW @ 2820,PEACHTREE RD NW @ RUMSON RD,0.067
PEACHTREE RD NW @ RUMSON RD,PEACHTREE RD NW @ ANDREWS DR NW,0.167
PEACHTREE RD NW @ ANDREWS DR NW,PEACHTREE RD NW @ WESLEY RD NW,0.089
PEACHTREE RD NW @ WESLEY RD NW,PEACHTREE RD @ 2626,0.158
PEACHTREE RD @ 2626,PEACHTREE RD @ LINDBERGH DR,0.183
PEACHTREE RD @ LINDBERGH DR,PEACHTREE RD NW @ TERRACE DR NE,0.143
PEACHTREE RD NW @ TERRACE DR NE,PEACHTREE RD @ PEACHTREE BATTLE AVE,0.111
PEACHTREE RD @ PEACHTREE BATTLE AVE,PEACHTREE RD NW @ PEACHTREE HILLS AVE,0.151
PEACHTREE RD NW @ COLONIAL HOMES DR NW,PEACHTREE RD NW @ BENNETT ST NW,0.092
PEACHTREE RD NW @ BENNETT ST NW,PEACHTREE RD NW @ PEACHTREE VALLEY RD,0.225
PEACHTREE RD NW @ PEACHTREE VALLEY RD,PEACHTREE RD NW @ BRIGHTON RD,0.104
PEACHTREE RD NW @ BRIGHTON RD,PEACHTREE RD NE @ PALISADES RD NE,0.212
PEACHTREE RD NE @ PALISADES RD NE,PEACHTREE ST NE @ 26TH ST NW,0.15
PEACHTREE ST NE @ 26TH ST NW,PEACHTREE ST NE @ 25TH ST NW,0.105
PEACHTREE ST @ PEACHTREE CONN,PEACHTREE ST NE @ PEACHTREE CIR NE,0.233
PEACHTREE ST NE @ PEACHTREE CIR NE,PEACHTREE ST NE @ PEACHTREE ST NW,0.08
PEACHTREE ST NE @ PEACHTREE ST NW,PEACHTREE ST NE @ 17TH ST NE,0.192
MALL PKWY @ STONECREST TRC,MALL PKWY @ STONECREST PROM,0.229
MALL PKWY @ STONECREST TRC,MALL AT STONECREST,0.228
MALL PKWY @ STONECREST PROM,MALL PKWY @ 8109,0.288
MALL PKWY @ STONECREST PROM,MALL PKWY @ STONECREST TRC,0.229
MALL PKWY @ 8109,MALL PKWY @ TURNER HILL RD,0.267
MALL PKWY @ 8109,TURNER HILL RD @ MALL PKWY,0.212
MALL PKWY @ TURNER HILL RD,MALL PKWY @ STONECREST BLVD,0.117
MALL PKWY @ TURNER HILL RD,MALL PKWY @ STONECREST PROM,0.555
MALL PKWY @ STONECREST BLVD,MALL PKWY @ 8455,0.241
MALL PKWY @ 8455,STONECREST PKWY E @ TURNER HILL RD,0.29
STONECREST PKWY E @ TURNER HILL RD,COVINGTON HWY @ TURNER HILL RD,0.38
COVINGTON HWY @ TURNER HILL RD,COVINGTON HWY @ SWIFT ST,0.269
COVINGTON HWY @ TURNER HILL RD,STONECREST PKWY @ TURNER HILL RD,0.396
COVINGTON HWY @ TURNER HILL RD,TURNER HILL RD @ STONECREST CONCOURSE,0.541
COVINGTON HWY @ SWIFT ST,COVINGTON HWY @ CAGLE ST,0.596
COVINGTON HWY @ CAGLE ST,COVINGTON HWY @ AMANDA DR,0.348
COVINGTON HWY @ CAGLE ST,COVINGTON HWY @ 8034,0.597
COVINGTON HWY @ AMANDA DR,COVINGTON HWY @ EVANS MILL RD,0.233
COVINGTON HWY @ EVANS MILL RD,CHUPP RD @ COVINGTON HWY,0.08
COVINGTON HWY @ EVANS MILL RD,COVINGTON HWY @ LAYTON DR,0.289
CHUPP RD @ COVINGTON HWY,CHUPP RD @ HUBER ST,0.154
CHUPP RD @ COVINGTON HWY,COVINGTON HWY @ DAVIDSON DR,0.199
CHUPP RD @ HUBER ST,CHUPP RD @ EVANS MILL DR,0.237
CHUPP RD @ HUBER ST,CHUPP RD @ COVINGTON HWY,0.154
CHUPP RD @ EVANS MILL DR,CHUPP RD @ MACEDONIA DR,0.237
CHUPP RD @ EVANS MILL DR,CHUPP RD @ 6698,0.166
CHUPP RD @ MACEDONIA DR,CHUPP RD @ LITHONIA INDUSTRIAL BLVD,0.224
CHUPP RD @ MACEDONIA DR,CHUPP RD @ EVANS MILL DR,0.237
CHUPP RD @ LITHONIA INDUSTRIAL BLVD,HILLANDALE DR @ HILLANDALE PARK DR,0.34
CHUPP RD @ LITHONIA INDUSTRIAL BLVD,CHUPP RD @ MACEDONIA DR,0.224
DEKALB MEDICAL - HILLANDALE (5900),EMORY HILLANDALE HOSPITAL (5910),0.038
EMORY HILLANDALE HOSPITAL (5910),HILLANDALE DR @ 5850,0.179
EMORY HILLANDALE HOSPITAL (5910),HILLANDALE DR @ FAIRINGTON RD,0.209
HILLANDALE DR @ 5850,HILLANDALE DR @ KEYSTONE GATES DR,0.196
HILLANDALE DR @ 5850,DEKALB MEDICAL - HILLANDALE (5900),0.199
HILLANDALE DR @ KEYSTONE GATES DR,HILLANDALE DR @ CONCEPTS 21 DR,0.302
HILLANDALE DR @ CONCEPTS 21 DR,HILLANDALE DR @ JW WILLIAMS SR LN,0.435
HILLANDALE DR @ JW WILLIAMS SR LN,HILLANDALE DR @ PANOLA RD,0.121
HILLANDALE DR @ JW WILLIAMS SR LN,HILLANDALE DR @ 5786,0.729
HILLANDALE DR @ JW WILLIAMS SR LN,ALICE WILLIAMS TOWERS,0.245
HILLANDALE DR @ PANOLA RD,SNAPFINGER WOODS DR @ PANOLA RD,0.187
HILLANDALE DR @ PANOLA RD,HILLANDALE DR @ JW WILLIAMS SR LN,0.121
HILLANDALE DR @ PANOLA RD,ALICE WILLIAMS TOWERS,0.278
SNAPFINGER WOODS DR @ PANOLA RD,SNAPFINGER WOODS DR @ 5330,0.175
SNAPFINGER WOODS DR @ PANOLA RD,SNAPFINGER WOODS DR @ PANOLA RD,0.0
SNAPFINGER WOODS DR @ PANOLA RD,HILLANDALE DR @ PANOLA RD,0.187
SNAPFINGER WOODS DR @ 5330,SNAPFINGER WOODS DR @ PARK CENTRAL BLVD,0.109
SNAPFINGER WOODS DR @ PARK CENTRAL BLVD,SNAPFINGER WOODS DR @ LANTRAC CT,0.139
SNAPFINGER WOODS DR @ LANTRAC CT,SNAPFINGER WOODS DR @ 5068,0.223
SNAPFINGER WOODS DR @ 5068,SNAPFINGER WOODS DR @ MILLER RD (E),0.165
WESLEY CHAPEL RD @ SNAPFINGER WOODS DR,WESLEY CHAPEL RD @ S HAIRSTON RD,0.194
WESLEY CHAPEL RD @ S HAIRSTON RD,WESLEY CHAPEL RD @ RIVERWOOD CIR,0.226
WESLEY CHAPEL RD @ S HAIRSTON RD,NEW SNAPFINGER WOODS DR @ E WESLEY CHAPEL WAY,0.297
WESLEY CHAPEL RD @ RIVERWOOD CIR,WESLEY CHAPEL RD @ WESLEY MEADOWDS DR,0.205
WESLEY CHAPEL RD @ WESLEY MEADOWDS DR,WESLEY CHAPEL RD @ WESJAY LN,0.133
WESLEY CHAPEL RD @ WESJAY LN,WESLEY CHAPEL RD @ JOHN WESLEY DR,0.153
WESLEY CHAPEL RD @ JOHN WESLEY DR,WESLEY CHAPEL RD @ GREGORY RD,0.133
WESLEY CHAPEL RD @ GREGORY RD,WESLEY CHAPEL RD @ BRENDA DR,0.11
WESLEY CHAPEL RD @ BRENDA DR,COVINGTON HWY @ WESLEY CHAPEL RD,0.095
COVINGTON HWY @ WESLEY CHAPEL RD,COVINGTON HWY @ 5107,0.411
COVINGTON HWY @ WESLEY CHAPEL RD,COVINGTON HWY @ GLENWOOD RD,0.261
COVINGTON HWY @ 5107,COVINGTON HWY @ 5103,0.231
COVINGTON HWY @ 5103,COVINGTON HWY @ LENOX AVE,0.231
COVINGTON HWY @ LENOX AVE,S HAIRSTON RD @ COVINGTON HWY,0.227
COVINGTON HWY @ LENOX AVE,COVINGTON HWY @ 5181,0.317
COVINGTON HWY @ LENOX AVE,COVINGTON HWY @ S HAIRSTON RD,0.302
S HAIRSTON RD @ COVINGTON HWY,S HAIRSTON RD @ WOODWAY DR,0.434
S HAIRSTON RD @ COVINGTON HWY,COVINGTON HWY @ LENOX AVE,0.227
S HAIRSTON RD @ WOODWAY DR,S HAIRSTON RD @ BIG VALLEY RD,0.225
S HAIRSTON RD @ BIG VALLEY RD,S HAIRSTON RD @ MANLY CT,0.316
S HAIRSTON RD @ BIG VALLEY RD,S HAIRSTON RD @ BISHOP MING BLVD,0.222
S HAIRSTON RD @ MANLY CT,S HAIRSTON RD @ BIRCH RIDGE TRL,0.203
S HAIRSTON RD @ MANLY CT,S HAIRSTON RD @ BIG VALLEY RD,0.316
S HAIRSTON RD @ BIRCH RIDGE TRL,S HAIRSTON RD @ FIELDGREEN DR,0.096
S HAIRSTON RD @ BIRCH RIDGE TRL,S HAIRSTON RD @ MANLY CT,0.203
S HAIRSTON RD @ FIELDGREEN DR,S HAIRSTON RD @ TREEHILLS PKWY,0.221
S HAIRSTON RD @ FIELDGREEN DR,S HAIRSTON RD @ BIRCH RIDGE TRL,0.096
S HAIRSTON RD @ TREEHILLS PKWY,S HAIRSTON RD @ ADCOX RD,0.279
S HAIRSTON RD @ ADCOX RD,S HAIRSTON RD @ 1235,0.188
S HAIRSTON RD @ ADCOX RD,S HAIRSTON RD @ 1365,0.146
S HAIRSTON RD @ 1235,REDAN RD @ S HAIRSTON RD,0.171
S HAIRSTON RD @ 1235,S HAIRSTON RD @ ADCOX RD,0.188
REDAN RD @ S HAIRSTON RD,REDAN RD @ AUTUMN CREST DR,0.295
REDAN RD @ S HAIRSTON RD,S HAIRSTON RD @ 1235,0.171
REDAN RD @ S HAIRSTON RD,REDAN RD @ S HAIRSTON RD,0.0
REDAN RD @ S HAIRSTON RD,REDAN RD @ ADCOX RD,0.036
REDAN RD @ S HAIRSTON RD,S HAIRSTON RD @ PINNACLE DR,0.147
REDAN RD @ AUTUMN CREST DR,REDAN RD @ ELLIS RD,0.271
REDAN RD @ ELLIS RD,REDAN RD @ TO LANI FARM RD,0.1
REDAN RD @ TO LANI FARM RD,REDAN RD @ ALLGOOD RD,0.182
REDAN RD @ TO LANI FARM RD,REDAN RD @ TO LANI DR,0.206
REDAN RD @ ALLGOOD RD,REDAN RD @ SHARONTON WAY,0.087
REDAN RD @ ALLGOOD RD,REDAN RD @ TO LANI FARM RD,0.182
REDAN RD @ SHARONTON WAY,REDAN RD @ VALERIE WOODS DR,0.098
REDAN RD @ SHARONTON WAY,REDAN RD @ ALLGOOD RD,0.087
REDAN RD @ VALERIE WOODS DR,REDAN RD @ AVONRIDGE DR,0.252
REDAN RD @ VALERIE WOODS DR,REDAN RD @ SHARONTON WAY,0.098
REDAN RD @ AVONRIDGE DR,REDAN RD @ 4168,0.165
REDAN RD @ AVONRIDGE DR,REDAN RD @ VALERIE WOODS DR,0.252
REDAN RD @ 4168,REDAN RD @ S INDIAN CREEK DR,0.191
REDAN RD @ S INDIAN CREEK DR,REDAN RD @ SAGEHILL DR,0.266
REDAN RD @ S INDIAN CREEK DR,REDAN RD @ 4209,0.203
REDAN RD @ SAGEHILL DR,INDIAN CREEK STATION - INSIDE BUS LOOP,0.441
REDAN RD @ SAGEHILL DR,REDAN RD @ S INDIAN CREEK DR,0.266
REDAN RD @ 4209,REDAN RD @ AVONRIDGE DR,0.152
REDAN RD @ TO LANI DR,REDAN RD @ SHEPPARD PL,0.177
REDAN RD @ SHEPPARD PL,REDAN RD @ S HAIRSTON RD,0.281
S HAIRSTON RD @ 1365,S HAIRSTON RD @ MERCER RD,0.101
S HAIRSTON RD @ MERCER RD,S HAIRSTON RD @ FIELDGREEN DR,0.255
S HAIRSTON RD @ BISHOP MING BLVD,S HAIRSTON RD @ COVINGTON HWY,0.432
COVINGTON HWY @ 5181,COVINGTON HWY @ 5130,0.135
COVINGTON HWY @ 5130,COVINGTON HWY @ GLENHAVEN CIR,0.301
COVINGTON HWY @ GLENHAVEN CIR,WESLEY CHAPEL RD @ COVINGTON HWY,0.161
COVINGTON HWY @ GLENHAVEN CIR,COVINGTON HWY @ WESLEY CHAPEL RD,0.117
WESLEY CHAPEL RD @ COVINGTON HWY,WESLEY CHAPEL RD @ LINDSEY DR,0.142
WESLEY CHAPEL RD @ LINDSEY DR,WESLEY CHAPEL RD @ MAPLEWOOD DR,0.164
WESLEY CHAPEL RD @ MAPLEWOOD DR,WESLEY CHAPEL RD @ NEWGATE DR,0.164
WESLEY CHAPEL RD @ NEWGATE DR,WESLEY CHAPEL RD @ CANBY LN,0.161
WESLEY CHAPEL RD @ CANBY LN,WESLEY CHAPEL RD @ WESLEY HALL DR,0.174
WESLEY CHAPEL RD @ WESLEY HALL DR,WESLEY CHAPEL RD @ WINGFOOT PL,0.161
WESLEY CHAPEL RD @ WINGFOOT PL,WESLEY CHAPEL RD @ S HAIRSTON RD,0.061
SNAPFINGER WOODS DR @ MILLER RD,SNAPFINGER WOODS DR @ MILLER RD,0.0
SNAPFINGER WOODS DR @ MILLER RD,SNAPFINGER WOODS DR @ EASTERLY PL,0.327
SNAPFINGER WOODS DR @ EASTERLY PL,SNAPFINGER WOODS DR @ PARK CENTRAL B,0.104
SNAPFINGER WOODS DR @ PARK CENTRAL B,SNAPFINGER WOODS DR @ PANOLA RD,0.305
HILLANDALE DR @ 5786,HILLANDALE DR @ 5850,0.201
CHUPP RD @ 6698,CHUPP RD @ HUBER ST,0.072
COVINGTON HWY @ DAVIDSON DR,COVINGTON HWY @ KLONDIKE RD,0.264
COVINGTON HWY @ KLONDIKE RD,COVINGTON HWY @ CAGLE ST,0.191
COVINGTON HWY @ 8034,COVINGTON HWY @ TURNER HILL RD,0.27
STONECREST PKWY @ TURNER HILL RD,MALL PKWY @ 8424,0.28
MALL PKWY @ 8424,MALL PKWY @ TURNER HILL RD,0.284
ALICE WILLIAMS TOWERS,HILLANDALE DR @ PANOLA RD,0.278
ALICE WILLIAMS TOWERS,HILLANDALE DR @ JW WILLIAMS SR LN,0.245
CLIFTON SPRINGS RD @ COLONIAL PKWY,COLUMBIA DR @ FLAT SHOALS PKWY,0.628
CLIFTON SPRINGS RD @ COLONIAL PKWY,CLIFTON SPRINGS HEALTH CENTER,0.432
COLUMBIA DR @ FLAT SHOALS PKWY,COLUMBIA DR @ NECTARINE CIR,0.136
COLUMBIA DR @ FLAT SHOALS PKWY,CLIFTON SPRINGS RD @ FLAT SHOALS PKWY,0.131
COLUMBIA DR @ NECTARINE CIR,COLUMBIA DR @ OLIVE TREE CT,0.095
COLUMBIA DR @ OLIVE TREE CT,COLUMBIA DR @ SPRINGSIDE XING,0.186
COLUMBIA DR @ SPRINGSIDE XING,COLUMBIA DR @ SPRINGSIDE RUN,0.19
COLUMBIA DR @ SPRINGSIDE XING,COLUMBIA DR @ PEPPERTREE CIR,0.282
COLUMBIA DR @ SPRINGSIDE RUN,COLUMBIA DR @ COLUMBIA PKWY,0.15
COLUMBIA DR @ SPRINGSIDE RUN,COLUMBIA DR @ SPRINGSIDE XING,0.19
COLUMBIA DR @ COLUMBIA PKWY,COLUMBIA DR @ NEWBERRY DOWNS LN,0.105
COLUMBIA DR @ COLUMBIA PKWY,COLUMBIA DR @ SPRINGSIDE RUN,0.15
COLUMBIA DR @ NEWBERRY DOWNS LN,COLUMBIA DR @ TRALYN CT,0.245
COLUMBIA DR @ NEWBERRY DOWNS LN,COLUMBIA DR @ COLUMBIA PKWY,0.105
COLUMBIA DR @ TRALYN CT,COLUMBIA DR @ STARDUST CIR,0.315
COLUMBIA DR @ STARDUST CIR,COLUMBIA DR @ STARDUST CIR,0.0
COLUMBIA DR @ STARDUST CIR,COLUMBIA DR @ RAINBOW DR,0.197
COLUMBIA DR @ STARDUST CIR,COLUMBIA DR @ EXCHANGE TRL,0.293
COLUMBIA DR @ RAINBOW DR,COLUMBIA DR @ COLUMBIA CROSSING DR,0.231
COLUMBIA DR @ RAINBOW DR,COLUMBIA DR @ STARDUST CIR,0.197
COLUMBIA DR @ COLUMBIA CROSSING DR,COLUMBIA DR @ COLUMBIA WOODS DR,0.291
COLUMBIA DR @ COLUMBIA CROSSING DR,COLUMBIA DR @ ABBEYWOOD DR,0.076
COLUMBIA DR @ COLUMBIA WOODS DR,COLUMBIA DR @ COLUMBIA CT,0.232
COLUMBIA DR @ COLUMBIA WOODS DR,COLUMBIA DR @ COLUMBIA CROSSING DR,0.291
COLUMBIA DR @ COLUMBIA CT,COLUMBIA DR @ WOODS DR,0.107
COLUMBIA DR @ WOODS DR,COLUMBIA DR @ OREGON TRL,0.163
COLUMBIA DR @ WOODS DR,COLUMBIA DR @ CASA LINDA DR,0.089
COLUMBIA DR @ OREGON TRL,COLUMBIA DR @ IRISH LN,0.099
COLUMBIA DR @ OREGON TRL,COLUMBIA DR @ WOODS DR,0.163
COLUMBIA DR @ IRISH LN,COLUMBIA DR @ IRISH LN,0.0
COLUMBIA DR @ IRISH LN,COLUMBIA DR @ HYLAND DR,0.212
COLUMBIA DR @ IRISH LN,COLUMBIA DR @ OREGON TRL,0.099
COLUMBIA DR @ HYLAND DR,COLUMBIA DR @ HOMERA PL,0.056
COLUMBIA DR @ HYLAND DR,COLUMBIA DR @ 2067,0.066
COLUMBIA DR @ HOMERA PL,COLUMBIA DR @ WICKHAM DR,0.064
COLUMBIA DR @ COLUMBIA PL,COLUMBIA DR @ MCKENZIE DR,0.126
COLUMBIA DR @ MCKENZIE DR,COLUMBIA DR @ COLUMBIA CIR,0.046
COLUMBIA DR @ MCKENZIE DR,COLUMBIA DR @ S COLUMBIA PL,0.162
COLUMBIA DR @ COLUMBIA CIR,COLUMBIA DR @ SANTA MONICA DR,0.163
COLUMBIA DR @ SANTA MONICA DR,COLUMBIA DR @ BOBOLINK DR,0.209
COLUMBIA DR @ SANTA MONICA DR,COLUMBIA DR @ DERRILL DR,0.126
COLUMBIA DR @ BOBOLINK DR,COLUMBIA DR @ CANARY CT,0.08
COLUMBIA DR @ BOBOLINK DR,COLUMBIA DR @ SANTA MONICA DR,0.209
COLUMBIA DR @ CANARY CT,COLUMBIA DR @ ROBIN RD,0.111
COLUMBIA DR @ CANARY CT,COLUMBIA DR @ BOBOLINK DR,0.08
COLUMBIA DR @ ROBIN RD,COLUMBIA DR @ HAMILTON RD,0.176
COLUMBIA DR @ HAMILTON RD,COLUMBIA DR @ COLUMBIA VILLAGE CTR,0.138
COLUMBIA DR @ HAMILTON RD,COLUMBIA DR @ BELVEDERE LN,0.141
COLUMBIA DR @ COLUMBIA VILLAGE CTR,COLUMBIA DR @ MEMORIAL DR,0.087
COLUMBIA DR @ COLUMBIA VILLAGE CTR,COLUMBIA DR @ HAMILTON RD,0.138
COLUMBIA DR @ MEMORIAL DR,COLUMBIA DR @ MIDWAY RD,0.139
COLUMBIA DR @ MEMORIAL DR,COLUMBIA DR @ COLUMBIA VILLAGE CTR,0.087
COLUMBIA DR @ MIDWAY RD,COLUMBIA DR @ FORREST BLVD,0.166
COLUMBIA DR @ FORREST BLVD,COLUMBIA DR @ RUSSELL DR,0.229
COLUMBIA DR @ RUSSELL DR,COLUMBIA DR @ CONWAY RD,0.197
COLUMBIA DR @ CONWAY RD,COLUMBIA DR @ KIRK RD,0.197
COLUMBIA DR @ KIRK RD,COLUMBIA DR @ INMAN DR,0.135
COLUMBIA DR @ INMAN DR,COLUMBIA DR @ MISSIONARY DR,0.155
COLUMBIA DR @ MISSIONARY DR,COLUMBIA DR @ DERRYDOWN WAY,0.138
COLUMBIA DR @ DERRYDOWN WAY,COLUMBIA DR @ TALLEY ST,0.128
COLUMBIA DR @ TALLEY ST,COMMERCE DR @ E COLLEGE AVE,0.214
COMMERCE DR @ E COLLEGE AVE,E COLLEGE AVE @ NEW ST,0.19
COMMERCE DR @ E COLLEGE AVE,S COLUMBIA DR @ TALLEY ST,0.191
E COLLEGE AVE @ NEW ST,AVONDALE STATION - E COLLEGE AVE (SOUTH),0.177
AVONDALE STATION - E COLLEGE AVE (SOUTH),AVONDALE STATION - NORTH LOOP,0.083
S COLUMBIA DR @ TALLEY ST,S COLUMBIA DR @ DERRYDOWN WAY,0.132
S COLUMBIA DR @ DERRYDOWN WAY,S COLUMBIA DR @ MISSIONARY DR,0.166
S COLUMBIA DR @ MISSIONARY DR,S COLUMBIA DR @ INMAN DR,0.194
S COLUMBIA DR @ INMAN DR,S COLUMBIA DR @ KIRK RD,0.117
S COLUMBIA DR @ KIRK RD,S COLUMBIA DR @ CONWAY RD,0.129
S COLUMBIA DR @ CONWAY RD,S COLUMBIA DR @ THOMAS RD,0.079
S COLUMBIA DR @ THOMAS RD,S COLUMBIA DR @ CARTER RD,0.121
S COLUMBIA DR @ CARTER RD,S COLUMBIA DR @ FORREST BLVD,0.262
S COLUMBIA DR @ FORREST BLVD,S COLUMBIA DR @ CLARENDON AVE,0.088
S COLUMBIA DR @ CLARENDON AVE,S COLUMBIA DR @ MIDWAY RD,0.109
S COLUMBIA DR @ MIDWAY RD,COLUMBIA DR @ MEMORIAL DR,0.118
COLUMBIA DR @ BELVEDERE LN,COLUMBIA DR @ CANARY CT,0.146
COLUMBIA DR @ DERRILL DR,COLUMBIA DR @ MCKENZIE DR,0.081
COLUMBIA DR @ S COLUMBIA PL,COLUMBIA DR @ PEACHCREST RD,0.083
COLUMBIA DR @ 2067,COLUMBIA DR @ IRISH LN,0.147
COLUMBIA DR @ CASA LINDA DR,COLUMBIA DR @ COLUMBIA WOODS DR,0.249
COLUMBIA DR @ ABBEYWOOD DR,COLUMBIA DR @ RAINBOW DR,0.156
COLUMBIA DR @ EXCHANGE TRL,COLUMBIA DR @ NEWBERRY DOWNS LN,0.27
COLUMBIA DR @ PEPPERTREE CIR,COLUMBIA DR @ PEPPERTREE CIR,0.0
COLUMBIA DR @ PEPPERTREE CIR,COLUMBIA DR @ FLAT SHOALS PKWY,0.118
CLIFTON SPRINGS RD @ FLAT SHOALS PKWY,CLIFTON SPRINGS RD @ 3240,0.118
CLIFTON SPRINGS RD @ 3240,CLIFTON SPRINGS RD @ N LANIER PKWY,0.282
CLIFTON SPRINGS RD @ N LANIER PKWY,CLIFTON SPRINGS RD @ PANTHERSVILLE RD,0.28
CLIFTON SPRINGS HEALTH CENTER,COLUMBIA DR @ FLAT SHOALS PKWY,0.197
TURNER HILL RD @ MALL PKWY,TURNER HILL RD @ STONECREST CONCOURSE,0.144
TURNER HILL RD @ STONECREST CONCOURSE,TURNER HILL RD @ STONECREST PKWY E,0.095
TURNER HILL RD @ STONECREST CONCOURSE,MALL PKWY @ STONECREST PROM,0.494
TURNER HILL RD @ STONECREST PKWY E,COVINGTON HWY @ TURNER HILL RD,0.446
COVINGTON HWY @ LAYTON DR,COVINGTON HWY @ 7290,0.355
COVINGTON HWY @ LAYTON DR,COVINGTON HWY @ CHUPP RD,0.162
COVINGTON HWY @ 7290,COVINGTON HWY @ LITHONIA INDUSTRIAL BLVD,0.207
COVINGTON HWY @ LITHONIA INDUSTRIAL BLVD,COVINGTON HWY @ WELLINGTON CHASE CT,0.149
COVINGTON HWY @ LITHONIA INDUSTRIAL BLVD,COVINGTON HWY @ 7295,0.23
COVINGTON HWY @ WELLINGTON CHASE CT,COVINGTON HWY @ PHILLIPS RD,0.167
COVINGTON HWY @ PHILLIPS RD,COVINGTON HWY @ CRAGSTONE CT,0.223
COVINGTON HWY @ PHILLIPS RD,COVINGTON HWY @ LITHONIA WEST DR,0.118
COVINGTON HWY @ CRAGSTONE CT,COVINGTON HWY @ WELLINGTON CIR,0.16
COVINGTON HWY @ CRAGSTONE CT,COVINGTON HWY @ PHILLIPS RD,0.223
COVINGTON HWY @ WELLINGTON CIR,COVINGTON HWY @ 6835,0.185
COVINGTON HWY @ 6835,COVINGTON HWY @ WOODCREST WALK,0.14
COVINGTON HWY @ WOODCREST WALK,COVINGTON HWY @ DEKALB MEDICAL PKWY,0.178
COVINGTON HWY @ WOODCREST WALK,COVINGTON HWY @ HILLVALE RD (E),0.377
COVINGTON HWY @ DEKALB MEDICAL PKWY,COVINGTON HWY @ HILLVALE RD (W),0.318
COVINGTON HWY @ DEKALB MEDICAL PKWY,COVINGTON HWY @ WOODCREST WALK,0.178
COVINGTON HWY @ HILLVALE RD (W),COVINGTON HWY @ WELLBORN RD,0.255
COVINGTON HWY @ HILLVALE RD (W),COVINGTON HWY @ DEKALB MEDICAL PKWY,0.318
COVINGTON HWY @ WELLBORN RD,COVINGTON HWY @ STRATHMOOR MANOR DR,0.179
COVINGTON HWY @ STRATHMOOR MANOR DR,COVINGTON HWY @ GLEN BRIAR WAY,0.331
COVINGTON HWY @ STRATHMOOR MANOR DR,COVINGTON HWY @ COVE LAKE RD,0.207
COVINGTON HWY @ GLEN BRIAR WAY,COVINGTON HWY @ PANOLA RD,0.139
COVINGTON HWY @ GLEN BRIAR WAY,COVINGTON HWY @ STRATHMOOR MANOR DR,0.331
COVINGTON HWY @ PANOLA RD,COVINGTON HWY @ PANOLA RD,0.0
COVINGTON HWY @ PANOLA RD,COVINGTON HWY @ 6038,0.293
COVINGTON HWY @ PANOLA RD,COVINGTON HWY @ GLEN BRIAR WAY,0.139
COVINGTON HWY @ 6038,COVINGTON HWY @ PARK CENTRAL BLVD,0.162
COVINGTON HWY @ PARK CENTRAL BLVD,COVINGTON HWY @ SCARBROUGH DR,0.16
COVINGTON HWY @ PARK CENTRAL BLVD,COVINGTON HWY @ 6049,0.163
COVINGTON HWY @ SCARBROUGH DR,COVINGTON HWY @ THICKET WAY,0.163
COVINGTON HWY @ SCARBROUGH DR,COVINGTON HWY @ PARK CENTRAL BLVD,0.16
COVINGTON HWY @ THICKET WAY,COVINGTON HWY @ MILLER RD,0.234
COVINGTON HWY @ MILLER RD,COVINGTON HWY @ YOUNG RD,0.288
COVINGTON HWY @ MILLER RD,COVINGTON HWY @ 5816,0.244
COVINGTON HWY @ YOUNG RD,COVINGTON HWY @ HIDDEN CHASE,0.109
COVINGTON HWY @ HIDDEN CHASE,COVINGTON HWY @ S HAIRSTON RD,0.323
COVINGTON HWY @ S HAIRSTON RD,COVINGTON HWY @ LENOX AVE,0.302
COVINGTON HWY @ S HAIRSTON RD,COVINGTON HWY @ HIDDEN CREEK DR,0.375
COVINGTON HWY @ REDWING CIR,COVINGTON HWY @ PAUL EDWIN DR,0.106
COVINGTON HWY @ REDWING CIR,COVINGTON HWY @ MARGARETTE DR,0.529
COVINGTON HWY @ PAUL EDWIN DR,COVINGTON HWY @ REDAN RD,0.179
COVINGTON HWY @ REDAN RD,COVINGTON HWY @ CANAL ST,0.129
COVINGTON HWY @ REDAN RD,COVINGTON HWY @ 3952,0.077
COVINGTON HWY @ CANAL ST,COVINGTON HWY @ DOVE VALLEY RD,0.08
COVINGTON HWY @ CANAL ST,COVINGTON HWY @ REDAN RD,0.129
COVINGTON HWY @ DOVE VALLEY RD,COVINGTON HWY @ PORTER RD,0.085
COVINGTON HWY @ PORTER RD,COVINGTON HWY @ BEECH DR,0.174
COVINGTON HWY @ BEECH DR,COVINGTON HWY @ E CLUBHOUSE CIR,0.253
COVINGTON HWY @ BEECH DR,COVINGTON HWY @ RICHARD RD,0.134
COVINGTON HWY @ E CLUBHOUSE CIR,COVINGTON HWY @ MEMORIAL DR,0.223
COVINGTON HWY @ MEMORIAL DR,COVINGTON HWY @ 3408,0.194
COVINGTON HWY @ 3408,KENSINGTON STATION,0.195
COVINGTON HWY @ 3597,COVINGTON HWY @ BEECH DR,0.218
COVINGTON HWY @ RICHARD RD,COVINGTON HWY @ RICHARD RD,0.0
COVINGTON HWY @ RICHARD RD,COVINGTON HWY @ WESTON DR,0.083
COVINGTON HWY @ WESTON DR,COVINGTON HWY @ CANAL ST,0.12
COVINGTON HWY @ 3952,COVINGTON HWY @ REDWING CIR,0.208
COVINGTON HWY @ HANES DR,COVINGTON HWY @ WESLEY CHAPEL RD,0.131
COVINGTON HWY @ HIDDEN CREEK DR,COVINGTON HWY @ MILLER RD,0.347
COVINGTON HWY @ 5816,COVINGTON HWY @ SCARBROUGH DR,0.159
COVINGTON HWY @ 6049,COVINGTON HWY @ PANOLA RD,0.294
COVINGTON HWY @ COVE LAKE RD,COVINGTON HWY @ HILLVALE RD (W),0.227
COVINGTON HWY @ HILLVALE RD (E),COVINGTON HWY @ CRAGSTONE CT,0.108
COVINGTON HWY @ LITHONIA WEST DR,COVINGTON HWY @ LITHONIA INDUSTRIAL BLVD,0.188
COVINGTON HWY @ 7295,COVINGTON HWY @ LAYTON DR,0.335
COVINGTON HWY @ CHUPP RD,COVINGTON HWY @ DAVIDSON DR,0.256
EVANS MILL RD @ HILLANDALE DR,EVANS MILL RD @ 2746,0.161
EVANS MILL RD @ 2746,EVANS MILL RD @ DAVIDSON DR,0.229
EVANS MILL RD @ DAVIDSON DR,MAIN ST @ REAGIN ST,0.066
EVANS MILL RD @ DAVIDSON DR,EVANS MILL RD @ DAVIDSON DR,0.0
EVANS MILL RD @ DAVIDSON DR,MALL PKWY @ EVANS MILL RD,0.604
MAIN ST @ REAGIN ST,MAIN ST @ KLONDIKE RD,0.134
MAIN ST @ REAGIN ST,EVANS MILL RD @ COVINGTON HWY,0.178
MAIN ST @ KLONDIKE RD,MAX CLELAND BLVD @ BOND ST,0.146
MAIN ST @ KLONDIKE RD,MAIN ST @ REAGIN ST,0.134
MAX CLELAND BLVD @ BOND ST,STONE MOUNTAIN ST @ COLLEGE AVE,0.199
STONE MOUNTAIN ST @ COLLEGE AVE,STONE MOUNTAIN ST @ IDA ST,0.136
STONE MOUNTAIN ST @ COLLEGE AVE,SWIFT ST @ MAIN ST,0.119
STONE MOUNTAIN ST @ IDA ST,STONE MOUNTAIN ST @ TRIBBLE ST,0.187
STONE MOUNTAIN ST @ IDA ST,STONE MOUNTAIN ST @ COLLEGE AVE,0.136
STONE MOUNTAIN ST @ TRIBBLE ST,S STONE MOUNTAIN LITHONIA RD @ 2843,0.28
STONE MOUNTAIN ST @ TRIBBLE ST,STONE MOUNTAIN ST @ IDA ST,0.187
S STONE MOUNTAIN LITHONIA RD @ 2843,S STONE MOUNTAIN LITHONIA RD @ MARBUT RD,0.348
S STONE MOUNTAIN LITHONIA RD @ 2843,STONE MOUNTAIN ST @ TRIBBLE ST,0.28
S STONE MOUNTAIN LITHONIA RD @ MARBUT RD,S STONE MOUNTAIN LITHONIA RD @ CHAPMAN RD,0.357
S STONE MOUNTAIN LITHONIA RD @ MARBUT RD,S STONE MOUNTAIN LITHONIA RD @ 2843,0.348
S STONE MOUNTAIN LITHONIA RD @ CHAPMAN RD,S STONE MOUNTAIN LITHONIA RD @ LITHONIA INDUSTRIAL BLVD,0.19
S STONE MOUNTAIN LITHONIA RD @ CHAPMAN RD,S STONE MOUNTAIN LITHONIA RD @ MARBUT RD,0.357
S STONE MOUNTAIN LITHONIA RD @ LITHONIA INDUSTRIAL BLVD,S STONE MOUNTAIN LITHONIA RD @ 2399,0.439
S STONE MOUNTAIN LITHONIA RD @ LITHONIA INDUSTRIAL BLVD,S STONE MOUNTAIN LITHONIA RD @ CHAPMAN RD,0.19
S STONE MOUNTAIN LITHONIA RD @ 2399,S STONE MOUNTAIN LITHONIA RD @ 2270,0.208
S STONE MOUNTAIN LITHONIA RD @ 2399,S STONE MOUNTAIN LITHONIA RD @ LITHONIA INDUSTRIAL BLVD,0.439
S STONE MOUNTAIN LITHONIA RD @ 2270,S STONE MOUNTAIN LITHONIA RD @ 2222,0.165
S STONE MOUNTAIN LITHONIA RD @ 2270,EAST DEKALB HEALTH CENTER,0.055
S STONE MOUNTAIN LITHONIA RD @ 2222,S STONE MOUNTAIN LITHONIA RD @ REDAN EAST,0.226
S STONE MOUNTAIN LITHONIA RD @ 2222,S STONE MOUNTAIN LITHONIA RD @ 2277,0.165
S STONE MOUNTAIN LITHONIA RD @ REDAN EAST,S STONE MOUNTAIN LITHONIA RD @ S DESHON RD,0.224
S STONE MOUNTAIN LITHONIA RD @ REDAN EAST,S STONE MOUNTAIN LITHONIA RD @ 2222,0.226
S STONE MOUNTAIN LITHONIA RD @ S DESHON RD,S STONE MOUNTAIN LITHONIA RD @ RICE RD,0.284
S STONE MOUNTAIN LITHONIA RD @ S DESHON RD,S STONE MOUNTAIN LITHONIA RD @ REDAN EAST,0.224
S STONE MOUNTAIN LITHONIA RD @ RICE RD,S STONE MOUNTAIN LITHONIA RD @ SHADOW ROCK DR,0.15
S STONE MOUNTAIN LITHONIA RD @ RICE RD,S STONE MOUNTAIN LITHONIA RD @ S DESHON RD,0.284
S STONE MOUNTAIN LITHONIA RD @ SHADOW ROCK DR,S STONE MOUNTAIN LITHONIA RD @ WELLBORN RD,0.103
S STONE MOUNTAIN LITHONIA RD @ WELLBORN RD,REDAN RD @ DUREN FARMS DR,0.267
S STONE MOUNTAIN LITHONIA RD @ WELLBORN RD,S STONE MOUNTAIN LITHONIA RD @ SHADOW ROC,0.115
REDAN RD @ DUREN FARMS DR,REDAN RD @ YOUNG RD,0.211
REDAN RD @ YOUNG RD,REDAN RD @ BENTLEY WOODS LN,0.272
REDAN RD @ YOUNG RD,REDAN RD @ DURAN FARMS DR,0.163
REDAN RD @ BENTLEY WOODS LN,REDAN RD @ BENTLEY WOODS TRL,0.123
REDAN RD @ BENTLEY WOODS TRL,REDAN RD @ REDAN CIR,0.125
REDAN RD @ BENTLEY WOODS TRL,REDAN RD @ BENTLEY WOODS LANE,0.114
REDAN RD @ REDAN CIR,REDAN RD @ 5806,0.111
REDAN RD @ REDAN CIR,REDAN RD @ REDAN WAY,1.609
REDAN RD @ REDAN CIR,REDAN RD @ BENTLEY WOODS TRL,0.125
REDAN RD @ 5806,REDAN RD @ SORENSON DR,0.239
REDAN RD @ 5806,REDAN RD @ REDAN CIR,0.111
REDAN RD @ SORENSON DR,REDAN RD @ PANOLA RD,0.17
REDAN RD @ PANOLA RD,REDAN RD @ 5565,0.147
REDAN RD @ PANOLA RD,REDAN RD @ REDAN CIR,0.52
REDAN RD @ 5565,REDAN RD @ DUSTIN CT,0.091
REDAN RD @ DUSTIN CT,REDAN RD @ REDAN STATION,0.203
REDAN RD @ REDAN STATION,REDAN RD @ PERRY WAY,0.113
REDAN RD @ PERRY WAY,REDAN RD @ REDAN TRL,0.205
REDAN RD @ PERRY WAY,REDAN RD @ REDAN STA,0.111
REDAN RD @ REDAN TRL,REDAN RD @ MARTIN RD,0.109
REDAN RD @ MARTIN RD,REDAN RD @ REDAN WAY,0.296
REDAN RD @ MARTIN RD,REDAN RD @ FIELDGREEN DR,0.118
REDAN RD @ REDAN WAY,REDAN RD @ N REDAN CIR,0.297
REDAN RD @ REDAN WAY,REDAN RD @ MARTIN RD,0.296
REDAN RD @ N REDAN CIR,REDAN RD @ MAINSTREET VALLEY DR,0.119
REDAN RD @ MAINSTREET VALLEY DR,REDAN RD @ ADCOX RD,0.281
REDAN RD @ MAINSTREET VALLEY DR,REDAN RD @ REDAN CIR,2.007
REDAN RD @ ADCOX RD,REDAN RD @ S HAIRSTON RD,0.036
REDAN RD @ ADCOX RD,REDAN RD @ 4911,0.202
REDAN RD @ 4911,REDAN RD @ MAINSTREET VALLEY DR,0.083
REDAN RD @ FIELDGREEN DR,REDAN RD @ MUIRFIELD DR,0.073
REDAN RD @ MUIRFIELD DR,REDAN RD @ PERRY WAY,0.125
REDAN RD @ REDAN STA,REDAN RD @ KEMPER PL,0.206
REDAN RD @ KEMPER PL,REDAN RD @ PANOLA RD,0.227
REDAN RD @ BENTLEY WOODS LANE,REDAN RD @ YOUNG RD,0.28
REDAN RD @ DURAN FARMS DR,S STONE MOUNTAIN LITHONIA RD @ WELLBORN RD,0.317
S STONE MOUNTAIN LITHONIA RD @ SHADOW ROC,S STONE MOUNTAIN LITHONIA RD @ RICE RD,0.133
S STONE MOUNTAIN LITHONIA RD @ 2277,S STONE MOUNTAIN LITHONIA RD @ 2399,0.205
SWIFT ST @ MAIN ST,MAIN ST @ WIGGINS ST,0.105
MAIN ST @ WIGGINS ST,MAIN ST @ KLONDIKE RD,0.233
EVANS MILL RD @ COVINGTON HWY,EVANS MILL RD @ DAVIDSON DR,0.114
EAST DEKALB HEALTH CENTER,S STONE MOUNTAIN LITHONIA RD @ 2222,0.173
WINN WAY @ PINEHURST ST,WINN WAY @ COALTER WAY,0.189
WINN WAY @ PINEHURST ST,N ARCADIA AVE @ WINN WAY,0.061
WINN WAY @ COALTER WAY,WINN WAY @ 341,0.134
WINN WAY @ COALTER WAY,WINN WAY @ PINEHURST ST,0.189
WINN WAY @ 341,WINN WAY @ 445,0.108
WINN WAY @ 445,WINN WAY @ 455,0.076
WINN WAY @ 455,WINN WAY @ IRVIN WAY,0.093
WINN WAY @ IRVIN WAY,WINN WAY @ BILL THRASHER DR,0.081
WINN WAY @ IRVIN WAY,WINN WAY @ 460,0.09
WINN WAY @ BILL THRASHER DR,WINN WAY @ RUFUS EVANS DR,0.139
WINN WAY @ BILL THRASHER DR,WINN WAY @ IRVIN WAY,0.081
WINN WAY @ RUFUS EVANS DR,WINN WAY @ N DECATUR RD,0.044
WINN WAY @ RUFUS EVANS DR,WINN WAY @ BILL THRASHER DR,0.139
WINN WAY @ N DECATUR RD,N DECATUR RD @ 2787,0.127
N DECATUR RD @ 2787,N DECATUR RD @ DEKALB INDUSTRIAL WAY,0.213
N DECATUR RD @ 2787,DEKALB INDUSTRIAL WAY @ N DECATUR RD,0.167
N DECATUR RD @ DEKALB INDUSTRIAL WAY,N DECATUR RD @ DEKALB INDUSTRIAL WAY,0.0
N DECATUR RD @ DEKALB INDUSTRIAL WAY,N DECATUR RD @ JORDAN LN,0.22
N DECATUR RD @ DEKALB INDUSTRIAL WAY,N DECATUR RD @ 2806,0.156
N DECATUR RD @ JORDAN LN,N DECATUR RD @ KENTUCKY ST,0.117
N DECATUR RD @ JORDAN LN,N DECATUR RD @ 2920,0.124
N DECATUR RD @ KENTUCKY ST,N DECATUR RD @ FRANCES ST,0.111
N DECATUR RD @ KENTUCKY ST,N DECATUR RD @ JORDAN LN,0.117
N DECATUR RD @ FRANCES ST,N DECATUR RD @ E PONCE DE LEON AVE,0.165
N DECATUR RD @ FRANCES ST,N DECATUR RD @ KENTUCKY ST,0.111
N DECATUR RD @ E PONCE DE LEON AVE,N DECATUR RD @ CHURCH ST,1.214
N DECATUR RD @ E PONCE DE LEON AVE,N DECATUR RD @ FRANCES ST,0.165
N DECATUR RD @ CREEKVIEW CT,N DECATUR RD @ NORTHERN AVE,0.168
N DECATUR RD @ NORTHERN AVE,N DECATUR RD @ NORTHERN AVE,0.0
N DECATUR RD @ NORTHERN AVE,N DECATUR RD @ 3711,0.226
N DECATUR RD @ NORTHERN AVE,N DECATUR RD @ LANTERN WOOD DR,0.125
N DECATUR RD @ 3711,N DECATUR RD @ 3770,0.197
N DECATUR RD @ 3711,N DECATUR RD @ NORTHERN AVE,0.226
N DECATUR RD @ 3770,N DECATUR RD @ 3799,0.08
N DECATUR RD @ 3770,N DECATUR RD @ 3711,0.197
N DECATUR RD @ 3799,N DECATUR RD @ N INDIAN CREEK DR,0.128
N DECATUR RD @ N INDIAN CREEK DR,ROCKBRIDGE RD @ S INDIAN CREEK DR,0.284
N DECATUR RD @ N INDIAN CREEK DR,N DECATUR RD @ 3770,0.208
ROCKBRIDGE RD @ S INDIAN CREEK DR,ROCKBRIDGE RD @ SAFARI CIR,0.314
ROCKBRIDGE RD @ S INDIAN CREEK DR,ROCKBRIDGE RD @ N INDIAN CREEK DR,0.291
ROCKBRIDGE RD @ SAFARI CIR,ROCKBRIDGE RD @ SUSAN CREEK DR,0.08
ROCKBRIDGE RD @ SAFARI CIR,ROCKBRIDGE RD @ ROCKBRIDGE TRL,0.201
ROCKBRIDGE RD @ SUSAN CREEK DR,ROCKBRIDGE RD @ KENRIDGE CIR,0.198
ROCKBRIDGE RD @ KENRIDGE CIR,ROCKBRIDGE RD @ RAYS RD,0.245
ROCKBRIDGE RD @ KENRIDGE CIR,ROCKBRIDGE RD @ S SUSAN CREEK DR,0.185
ROCKBRIDGE RD @ RAYS RD,ROCKBRIDGE RD @ HAMBRICK RD,0.347
ROCKBRIDGE RD @ RAYS RD,ROCKBRIDGE RD @ KENRIDGE CIR,0.245
ROCKBRIDGE RD @ HAMBRICK RD,ROCKBRIDGE RD @ ALLGOOD CIR,0.11
ROCKBRIDGE RD @ HAMBRICK RD,ROCKBRIDGE RD @ RAYS RD,0.347
ROCKBRIDGE RD @ ALLGOOD CIR,ROCKBRIDGE RD @ CLUB HOUSE DR,0.213
ROCKBRIDGE RD @ CLUB HOUSE DR,ROCKBRIDGE RD @ ROWLAND RD,0.216
ROCKBRIDGE RD @ CLUB HOUSE DR,ROCKBRIDGE RD @ ALLGOOD RD,0.132
ROCKBRIDGE RD @ ROWLAND RD,ROCKBRIDGE RD @ THOMAS JEFFERSON DR,0.097
ROCKBRIDGE RD @ THOMAS JEFFERSON DR,ROCKBRIDGE RD @ HALWICK WAY,0.143
ROCKBRIDGE RD @ THOMAS JEFFERSON DR,ROCKBRIDGE RD @ POPLAR RD,0.135
ROCKBRIDGE RD @ HALWICK WAY,ROCKBRIDGE RD @ S HAIRSTON RD,0.111
ROCKBRIDGE RD @ HALWICK WAY,ROCKBRIDGE RD @ THOMAS JEFFERSON DR,0.143
ROCKBRIDGE RD @ S HAIRSTON RD,ROCKBRIDGE RD @ MAPLECLIFF DR,0.254
ROCKBRIDGE RD @ MAPLECLIFF DR,ROCKBRIDGE RD @ BARBASHELA DR,0.336
ROCKBRIDGE RD @ BARBASHELA DR,ROCKBRIDGE RD @ EDDINGTON WAY,0.307
ROCKBRIDGE RD @ EDDINGTON WAY,ROCKBRIDGE RD @ SAN MARCOS WAY,0.128
ROCKBRIDGE RD @ SAN MARCOS WAY,ROCKBRIDGE RD @ ROCKBOROUGH DR,0.1
ROCKBRIDGE RD @ SAN MARCOS WAY,ROCKBRIDGE RD @ WINLEY DR,0.092
ROCKBRIDGE RD @ ROCKBOROUGH DR,ROCKBRIDGE RD @ MARTIN RD,0.144
ROCKBRIDGE RD @ ROCKBOROUGH DR,ROCKBRIDGE RD @ SAN MARCOS WAY,0.1
ROCKBRIDGE RD @ MARTIN RD,ROCKBRIDGE RD @ RIDGE AVE,0.185
ROCKBRIDGE RD @ RIDGE AVE,ROCKBRIDGE RD @ OROARKE DR,0.197
ROCKBRIDGE RD @ RIDGE AVE,ROCKBRIDGE RD @ ROCKBOROUGH TER,0.102
ROCKBRIDGE RD @ OROARKE DR,ROCKBRIDGE RD @ ORCHARD DR,0.201
ROCKBRIDGE RD @ ORCHARD DR,S STONE MOUNTAIN LITHONIA RD @ ROCKBRIDGE RD,0.257
ROCKBRIDGE RD @ ORCHARD DR,ROCKBRIDGE RD @ ROCK MEADOW DR,0.146
S STONE MOUNTAIN LITHONIA RD @ ROCKBRIDGE RD,S STONE MOUNTAIN LITHONIA RD @ 490,0.19
S STONE MOUNTAIN LITHONIA RD @ 490,S STONE MOUNTAIN LITHONIA RD @ WELLS CIR,0.119
S STONE MOUNTAIN LITHONIA RD @ 490,S STONE MOUNTAIN LITHONIA RD @ 465,0.133
S STONE MOUNTAIN LITHONIA RD @ WELLS CIR,S STONE MOUNTAIN LITHONIA RD @ WALKER RD,0.263
S STONE MOUNTAIN LITHONIA RD @ WALKER RD,S STONE MOUNTAIN LITHONIA RD @ SOUTHLAND DR,0.135
S STONE MOUNTAIN LITHONIA RD @ SOUTHLAND DR,S STONE MTN LITHONIA RD @ SHADOW ROCK DR,0.255
S STONE MOUNTAIN LITHONIA RD @ SOUTHLAND DR,S STONE MOUNTAIN LITHONIA RD @ MANASS,0.147
S STONE MTN LITHONIA RD @ SHADOW ROCK DR,S STONE MOUNTAIN LITHONIA RD @ PATTILLO WAY,0.255
S STONE MOUNTAIN LITHONIA RD @ PATTILLO WAY,S STONE MOUNTAIN LITHONIA RD @ 1054,0.267
S STONE MOUNTAIN LITHONIA RD @ 1054,PANOLA RD @ FOREST EAST LN,0.233
S STONE MOUNTAIN LITHONIA RD @ 1054,S STONE MOUNTAIN LITHONIA RD @ PATTIL,0.239
PANOLA RD @ FOREST EAST LN,PANOLA RD @ REDAN RD,0.322
PANOLA RD @ FOREST EAST LN,S STONE MOUNTAIN LITHONIA RD @ 1054,0.233
PANOLA RD @ REDAN RD,PANOLA RD @ 1305,0.114
PANOLA RD @ REDAN RD,PANOLA RD @ FOREST EAST LN,0.322
PANOLA RD @ 1305,PANOLA RD @ WINDFERN CT,0.125
PANOLA RD @ WINDFERN CT,PANOLA RD @ BIFFLE RD,0.368
PANOLA RD @ BIFFLE RD,PANOLA RD @ BIFFLE DOWNS RD,0.13
PANOLA RD @ BIFFLE RD,PANOLA RD @ ROCKMOOR DR,0.295
PANOLA RD @ BIFFLE DOWNS RD,PANOLA RD @ 1737,0.427
PANOLA RD @ 1737,PANOLA RD @ YOUNG RD,0.156
PANOLA RD @ 1737,PANOLA RD @ CIRCLESTONE DR,0.459
PANOLA RD @ YOUNG RD,PANOLA RD @ MARBUT RD,0.234
PANOLA RD @ YOUNG RD,PANOLA RD @ 1737,0.156
PANOLA RD @ MARBUT RD,PANOLA RD @ PANOLA WAY LN,0.281
PANOLA RD @ MARBUT RD,PANOLA RD @ YOUNG RD,0.234
PANOLA RD @ PANOLA WAY LN,PANOLA RD @ MALLARD TRL,0.315
PANOLA RD @ MALLARD TRL,PANOLA RD @ 2221,0.071
PANOLA RD @ MALLARD TRL,PANOLA RD @ PANOLA DOWNS RD,0.309
PANOLA RD @ 2221,PANOLA RD @ COVINGTON HWY,0.111
PANOLA RD @ COVINGTON HWY,PANOLA RD @ BENTON DR,0.297
PANOLA RD @ COVINGTON HWY,PANOLA RD @ MALLARD TRL,0.178
PANOLA RD @ BENTON DR,PANOLA RD @ DIVIDEND DR,0.214
PANOLA RD @ BENTON DR,PANOLA RD @ COVINGTON HWY,0.297
PANOLA RD @ DIVIDEND DR,PANOLA RD @ 2523,0.099
PANOLA RD @ DIVIDEND DR,PANOLA RD @ BENTON DR,0.214
PANOLA RD @ DIVIDEND DR,LOU WALKER SENIOR CENTER,0.159
PANOLA RD @ 2523,PANOLA RD @ SHIREWICK DR,0.244
PANOLA RD @ SHIREWICK DR,PANOLA RD @ SNAPFINGER WOODS DR,0.158
PANOLA RD @ SHIREWICK DR,PANOLA RD @ 2538,0.184
PANOLA RD @ SNAPFINGER WOODS DR,PANOLA RD @ PANOLA INDUSTRIAL BLVD,0.166
PANOLA RD @ SNAPFINGER WOODS DR,PANOLA RD @ SHIREWICK DR,0.158
PANOLA RD @ PANOLA INDUSTRIAL BLVD,PANOLA RD @ SNAPFINGER PARK DR,0.129
PANOLA RD @ SNAPFINGER PARK DR,GRTA - PANOLA PARK & RIDE,0.284
WALMART DR @ FAIRINGTON RD,W FAIRINGTON PKWY @ BUCKINGHAM WAY,0.179
W FAIRINGTON PKWY @ BUCKINGHAM WAY,FAIRINGTON PKWY @ RUE FONTAINE,0.178
W FAIRINGTON PKWY @ BUCKINGHAM WAY,W FAIRINGTON PKWY @ TURNBERRY PL,0.165
FAIRINGTON PKWY @ RUE FONTAINE,FAIRINGTON PKWY @ PHILIP BRADLEY DR,0.218
FAIRINGTON PKWY @ RUE FONTAINE,W FAIRINGTON PKWY @ BUCKINGHAM WAY,0.178
FAIRINGTON PKWY @ PHILIP BRADLEY DR,FAIRINGTON PKWY @ TREEVIEW DR,0.258
FAIRINGTON PKWY @ TREEVIEW DR,FAIRINGTON PKWY @ FAIRINGTON CLUB DRIVE,0.184
FAIRINGTON PKWY @ FAIRINGTON CLUB DRIVE,FAIRINGTON PKWY @ FAIRINGTON RIDGE CIR,0.117
FAIRINGTON PKWY @ FAIRINGTON RIDGE CIR,FAIRINGTON PKWY @ NORFAIR LOOP,0.073
FAIRINGTON PKWY @ NORFAIR LOOP,FAIRINGTON PKWY @ MEADOWOOD CIR,0.249
FAIRINGTON PKWY @ MEADOWOOD CIR,FAIRINGTON PKWY @ RUE FONTAINE,0.233
W FAIRINGTON PKWY @ TURNBERRY PL,W FAIRINGTON PKWY @ PANOLA RD,0.276
W FAIRINGTON PKWY @ PANOLA RD,GRTA - PANOLA PARK & RIDE,0.338
PANOLA RD @ 2944,PANOLA RD @ HILLANDALE PARK CT,0.221
PANOLA RD @ HILLANDALE PARK CT,PANOLA RD @ HILLANDALE DR,0.175
PANOLA RD @ HILLANDALE DR,PANOLA RD @ SNAPFINGER WOODS DR,0.132
PANOLA RD @ 2538,PANOLA RD @ DIVIDEND DR,0.164
PANOLA RD @ 2538,LOU WALKER SENIOR CENTER,0.066
PANOLA RD @ PANOLA DOWNS RD,PANOLA RD @ MARBUT RD,0.288
PANOLA RD @ CIRCLESTONE DR,PANOLA RD @ BIFFLE RD,0.098
PANOLA RD @ ROCKMOOR DR,PANOLA RD @ JOECLAY DR,0.088
PANOLA RD @ JOECLAY DR,PANOLA RD @ REDAN RD,0.224
S STONE MOUNTAIN LITHONIA RD @ PATTIL,S STONE MTN LITHONIA RD @ SHADOW RK,0.312
S STONE MTN LITHONIA RD @ SHADOW RK,S STONE MOUNTAIN LITHONIA RD @ SOUTHLAND DR,0.225
S STONE MOUNTAIN LITHONIA RD @ MANASS,S STONE MNT LITHONIA RD @ WELLS CIR,0.237
S STONE MNT LITHONIA RD @ WELLS CIR,S STONE MOUNTAIN LITHONIA RD @ 490,0.133
S STONE MOUNTAIN LITHONIA RD @ 465,ROCKBRIDGE RD @ ORCHARD DR,0.313
ROCKBRIDGE RD @ ROCK MEADOW DR,ROCKBRIDGE RD @ RIDGE AVE,0.252
ROCKBRIDGE RD @ ROCKBOROUGH TER,ROCKBRIDGE RD @ ROCKBOROUGH DR,0.228
ROCKBRIDGE RD @ WINLEY DR,ROCKBRIDGE RD @ SHEPPARD RD,0.287
ROCKBRIDGE RD @ SHEPPARD RD,ROCKBRIDGE RD @ HICKORY HILLS DR,0.376
ROCKBRIDGE RD @ HICKORY HILLS DR,ROCKBRIDGE RD @ N HAIRSTON RD,0.255
ROCKBRIDGE RD @ N HAIRSTON RD,ROCKBRIDGE RD @ N HAIRSTON RD,0.0
ROCKBRIDGE RD @ N HAIRSTON RD,ROCKBRIDGE RD @ HALWICK WAY,0.126
ROCKBRIDGE RD @ POPLAR RD,ROCKBRIDGE RD @ CLUB HOUSE DR,0.178
ROCKBRIDGE RD @ ALLGOOD RD,ROCKBRIDGE RD @ HAMBRICK RD,0.192
ROCKBRIDGE RD @ S SUSAN CREEK DR,ROCKBRIDGE RD @ SAFARI CIR,0.089
ROCKBRIDGE RD @ ROCKBRIDGE TRL,ROCKBRIDGE RD @ S INDIAN CREEK DR,0.114
ROCKBRIDGE RD @ N INDIAN CREEK DR,N DECATUR RD @ N INDIAN CREEK DR,0.049
ROCKBRIDGE RD @ N INDIAN CREEK DR,N INDIAN CREEK DR @ ROCKBRIDGE RD,0.044
N DECATUR RD @ LANTERN WOOD DR,N DECATUR RD @ GLENDALE RD,0.201
N DECATUR RD @ 2920,N DECATUR RD @ DEKALB INDUSTRIAL WAY,0.097
N DECATUR RD @ 2806,WINN WAY @ RUFUS EVANS DR,0.209
N DECATUR RD @ 2806,N DECATUR RD @ WINN WAY,0.157
WINN WAY @ 460,WINN WAY @ 440,0.076
WINN WAY @ 440,WINN WAY @ 320,0.121
WINN WAY @ 320,WINN WAY @ COALTER WAY,0.124
LOU WALKER SENIOR CENTER,PANOLA RD @ 2523,0.085
LOU WALKER SENIOR CENTER,PANOLA RD @ DIVIDEND DR,0.159
GOLDSMITH PARK & RIDE,E PONCE DE LEON AVE @ TUGGLE DR,0.538
GOLDSMITH PARK & RIDE,E PONCE DE LEON AVE @ RICHARDSON ST,0.345
GOLDSMITH PARK & RIDE,MEMORIAL DR @ N HAIRSTON RD,0.889
GOLDSMITH PARK & RIDE,E PONCE DE LEON AVE @ JULIETTE RD,0.381
E PONCE DE LEON AVE @ TUGGLE DR,E PONCE DE LEON AVE @ JAMES B RIVERS MEMORIAL DR,0.124
E PONCE DE LEON AVE @ TUGGLE DR,GOLDSMITH PARK & RIDE,0.538
E PONCE DE LEON AVE @ JAMES B RIVERS MEMORIAL DR,MAIN ST @ W MOUNTAIN ST,0.263
MAIN ST @ W MOUNTAIN ST,W MOUNTAIN ST @ RIDGE AVE,0.094
W MOUNTAIN ST @ RIDGE AVE,W MOUNTAIN ST @ VFW DR,0.175
W MOUNTAIN ST @ RIDGE AVE,MAIN ST @ E MOUNTAIN ST,0.101
W MOUNTAIN ST @ VFW DR,W MOUNTAIN ST @ SEXTON DR,0.177
W MOUNTAIN ST @ VFW DR,W MOUNTAIN ST @ RIDGE AVE,0.175
W MOUNTAIN ST @ SEXTON DR,W MOUNTAIN ST @ 5100,0.133
W MOUNTAIN ST @ SEXTON DR,W MOUNTAIN ST @ VFW DR,0.177
W MOUNTAIN ST @ 5100,W MOUNTAIN ST @ MEADOW ROCK DR,0.169
W MOUNTAIN ST @ MEADOW ROCK DR,MEMORIAL DR @ MOUNTAIN VIEW DR,0.228
W MOUNTAIN ST @ MEADOW ROCK DR,W MOUNTAIN ST @ PINE ROC WAY,0.107
MEMORIAL DR @ MOUNTAIN VIEW DR,MEMORIAL DR @ 6130,0.164
MEMORIAL DR @ MOUNTAIN VIEW DR,W MOUNTAIN ST @ MEADOW ROCK DR,0.228
MEMORIAL DR @ 6130,N HAIRSTON RD @ KENILWORTH CIR,0.392
N HAIRSTON RD @ KENILWORTH CIR,N HAIRSTON RD @ HAIRSTON XING RD,0.256
N HAIRSTON RD @ KENILWORTH CIR,MEMORIAL DR @ N HAIRSTON RD,0.104
N HAIRSTON RD @ HAIRSTON XING RD,N HAIRSTON RD @ KENILWORTH DR,0.204
N HAIRSTON RD @ HAIRSTON XING RD,N HAIRSTON RD @ KENILWORTH CIR,0.256
N HAIRSTON RD @ KENILWORTH DR,N HAIRSTON RD @ KEIGHLEY DR,0.183
N HAIRSTON RD @ KENILWORTH DR,N HAIRSTON RD @ HAIRSTON XING RD,0.204
N HAIRSTON RD @ KEIGHLEY DR,N HAIRSTON RD @ 452,0.188
N HAIRSTON RD @ KEIGHLEY DR,N HAIRSTON RD @ KENILWORTH DR,0.183
N HAIRSTON RD @ 452,S HAIRSTON RD @ ROCKBRIDGE RD,0.164
S HAIRSTON RD @ ROCKBRIDGE RD,S HAIRSTON RD @ FAIRFOREST DR,0.193
S HAIRSTON RD @ ROCKBRIDGE RD,N HAIRSTON RD @ KEIGHLEY DR,0.351
S HAIRSTON RD @ FAIRFOREST DR,S HAIRSTON RD @ 615,0.239
S HAIRSTON RD @ FAIRFOREST DR,S HAIRSTON RD @ ROCKBRIDGE RD,0.193
S HAIRSTON RD @ 615,S HAIRSTON RD @ MARTIN CROSSING RD,0.235
S HAIRSTON RD @ MARTIN CROSSING RD,S HAIRSTON RD @ ELAM RD,0.34
S HAIRSTON RD @ ELAM RD,S HAIRSTON RD @ MAINSTREET PARK DR,0.191
S HAIRSTON RD @ MAINSTREET PARK DR,S HAIRSTON RD @ BRASAC DR,0.187
S HAIRSTON RD @ MAINSTREET PARK DR,S HAIRSTON RD @ HAIRSTON PL,0.198
S HAIRSTON RD @ BRASAC DR,S HAIRSTON RD @ PINNACLE DR,0.264
S HAIRSTON RD @ PINNACLE DR,REDAN RD @ S HAIRSTON RD,0.147
S HAIRSTON RD @ PINNACLE DR,S HAIRSTON RD @ LAKE POINT DR,0.2
ELDER RD @ REDAN RD,HOLCOMBE RD @ REDAN RD,0.285
HOLCOMBE RD @ REDAN RD,KENSINGTON RD @ HOLCOMBE RD,0.139
HOLCOMBE RD @ REDAN RD,INDIAN CREEK STATION - INSIDE BUS LOOP,0.435
KENSINGTON RD @ HOLCOMBE RD,KENSINGTON RD @ 3836,0.148
KENSINGTON RD @ 3836,KENSINGTON RD @ KENSINGTON CT,0.07
KENSINGTON RD @ KENSINGTON CT,KENSINGTON RD @ CAMP RD,0.313
KENSINGTON RD @ KENSINGTON CT,KENSINGTON RD @ 3841,0.051
KENSINGTON RD @ CAMP RD,KENSINGTON RD @ CAMP RD,0.0
KENSINGTON RD @ CAMP RD,KENSINGTON RD @ 3560,0.203
KENSINGTON RD @ 3560,KENSINGTON RD @ MEMORIAL DR,0.277
KENSINGTON RD @ 3560,KENSINGTON RD @ PORTER RD,0.112
KENSINGTON RD @ MEMORIAL DR,KENSINGTON STATION,0.231
KENSINGTON RD @ MEMORIAL DR,KENSINGTON RD @ 3560,0.277
KENSINGTON RD @ PORTER RD,KENSINGTON RD @ 3675,0.191
KENSINGTON RD @ 3675,KENSINGTON RD @ DURHAM PARK RD,0.076
KENSINGTON RD @ DURHAM PARK RD,KENSINGTON RD @ KENSINGTON CT,0.141
KENSINGTON RD @ 3841,KENSINGTON RD @ KENSINGWOOD TRCE,0.131
KENSINGTON RD @ KENSINGWOOD TRCE,HOLCOMBE RD @ REDAN RD,0.169
S HAIRSTON RD @ LAKE POINT DR,S HAIRSTON RD @ MAINSTREET PARK DR,0.253
S HAIRSTON RD @ HAIRSTON PL,S HAIRSTON RD @ MARTINS CROSSING RD,0.307
S HAIRSTON RD @ MARTINS CROSSING RD,S HAIRSTON RD @ 592,0.275
S HAIRSTON RD @ 592,S HAIRSTON RD @ FAIRFOREST DR,0.227
MEMORIAL DR @ N HAIRSTON RD,MEMORIAL DR @ 6097,0.25
MEMORIAL DR @ N HAIRSTON RD,MEMORIAL DR @ LAUREN PKWY,0.149
MEMORIAL DR @ N HAIRSTON RD,MEMORIAL DR @ HAMBRICK RD,0.635
MEMORIAL DR @ N HAIRSTON RD,GOLDSMITH PARK & RIDE,0.889
MEMORIAL DR @ 6097,MEMORIAL DR @ MOUNTAIN VIEW DR,0.26
W MOUNTAIN ST @ PINE ROC WAY,W MOUNTAIN ST @ SEXTON DR,0.193
MAIN ST @ E MOUNTAIN ST,MAIN ST @ JAMES B RIVERS MEMORIAL,0.206
MAIN ST @ JAMES B RIVERS MEMORIAL,E PONCE DE LEON AVE @ TUGGLE DR,0.189
E PONCE DE LEON AVE @ RICHARDSON ST,E PONCE DE LEON AVE @ 5830,0.221
E PONCE DE LEON AVE @ 5830,E PONCE DE LEON AVE @ ROCK MTN BLVD,0.152
E PONCE DE LEON AVE @ ROCK MTN BLVD,E PONCE DE LEON AVE @ BEVERAGE DR,0.17
E PONCE DE LEON AVE @ BEVERAGE DR,E PONCE DE LEON AVE @ 5650,0.226
E PONCE DE LEON AVE @ BEVERAGE DR,E PONCE DE LEON AVE @ ROCK MOUNTAIN BLVD,0.141
E PONCE DE LEON AVE @ 5650,E PONCE DE LEON AVE @ STONE RIDGE DR,0.105
E PONCE DE LEON AVE @ 5650,E PONCE DE LEON AVE @ BEVERAGE DR,0.226
E PONCE DE LEON AVE @ STONE RIDGE DR,E PONCE DE LEON AVE @ LITTON DR,0.195
E PONCE DE LEON AVE @ STONE RIDGE DR,E PONCE DE LEON AVE @ 5650,0.105
E PONCE DE LEON AVE @ LITTON DR,E PONCE DE LEON AVE @ MOUNTAIN INDUSTRIAL BLVD,0.092
E PONCE DE LEON AVE @ LITTON DR,E PONCE DE LEON AVE @ STONE RIDGE DR,0.195
E PONCE DE LEON AVE @ MOUNTAIN INDUSTRIAL BLVD,E PONCE DE LEON AVE @ KELTON DR,0.222
E PONCE DE LEON AVE @ KELTON DR,E PONCE DE LEON AVE @ ROADHAVEN DR,0.299
E PONCE DE LEON AVE @ KELTON DR,E PONCE DE LEON AVE @ N HAIRSTON RD,0.148
E PONCE DE LEON AVE @ ROADHAVEN DR,E PONCE DE LEON AVE @ 5130,0.342
E PONCE DE LEON AVE @ ROADHAVEN DR,E PONCE DE LEON AVE @ KELTON DR,0.299
E PONCE DE LEON AVE @ 5130,E PONCE DE LEON AVE @ HAMBRICK RD,0.215
E PONCE DE LEON AVE @ 5130,E PONCE DE LEON AVE @ ROADHAVEN DR,0.342
E PONCE DE LEON AVE @ HAMBRICK RD,E PONCE DE LEON AVE @ ORCHARD PARK DR,0.128
E PONCE DE LEON AVE @ HAMBRICK RD,E PONCE DE LEON AVE @ 5130,0.215
E PONCE DE LEON AVE @ ORCHARD PARK DR,E PONCE DE LEON AVE @ RAYS RD,0.229
E PONCE DE LEON AVE @ ORCHARD PARK DR,E PONCE DE LEON AVE @ HAMBRICK RD,0.128
E PONCE DE LEON AVE @ RAYS RD,E PONCE DE LEON AVE @ IDLEWOOD RD,0.312
E PONCE DE LEON AVE @ RAYS RD,E PONCE DE LEON AVE @ ORCHARD PARK DR,0.229
E PONCE DE LEON AVE @ IDLEWOOD RD,E PONCE DE LEON AVE @ 4700,0.116
E PONCE DE LEON AVE @ IDLEWOOD RD,E PONCE DE LEON AVE @ RAYS RD,0.312
E PONCE DE LEON AVE @ 4700,E PONCE DE LEON AVE @ COUNTRY ADDRESS,0.108
E PONCE DE LEON AVE @ 4700,E PONCE DE LEON AVE @ IDLEWOOD RD,0.116
E PONCE DE LEON AVE @ COUNTRY ADDRESS,E PONCE DE LEON AVE @ 4600,0.165
E PONCE DE LEON AVE @ COUNTRY ADDRESS,E PONCE DE LEON AVE @ 4700,0.108
E PONCE DE LEON AVE @ 4600,E PONCE DE LEON AVE @ BROCKETT RD,0.177
E PONCE DE LEON AVE @ BROCKETT RD,E PONCE DE LEON AVE @ WETHERBURN DR,0.119
E PONCE DE LEON AVE @ BROCKETT RD,E PONCE DE LEON AVE @ BROCKETT RD,0.0
E PONCE DE LEON AVE @ BROCKETT RD,E PONCE DE LEON AVE @ COUNTRY ADDRESS,0.339
E PONCE DE LEON AVE @ WETHERBURN DR,E PONCE DE LEON AVE @ COBBLE MILL,0.119
E PONCE DE LEON AVE @ COBBLE MILL,E PONCE DE LEON AVE @ 4352,0.122
E PONCE DE LEON AVE @ 4352,E PONCE DE LEON AVE @ W SMITH ST,0.159
E PONCE DE LEON AVE @ 4352,E PONCE DE LEON AVE @ COBBLE MILL LN,0.118
E PONCE DE LEON AVE @ W SMITH ST,E PONCE DE LEON AVE @ MONTREAL RD,0.196
E PONCE DE LEON AVE @ MONTREAL RD,E PONCE DE LEON AVE @ N INDIAN CREEK DR,0.257
E PONCE DE LEON AVE @ MONTREAL RD,E PONCE DE LEON AVE @ SMITH ST,0.174
E PONCE DE LEON AVE @ N INDIAN CREEK DR,E PONCE DE LEON AVE @ JOLLY AVE,0.14
E PONCE DE LEON AVE @ N INDIAN CREEK DR,E PONCE DE LEON AVE @ MARKET ST,0.165
E PONCE DE LEON AVE @ JOLLY AVE,E PONCE DE LEON AVE @ PECAN ST,0.215
E PONCE DE LEON AVE @ JOLLY AVE,E PONCE DE LEON AVE @ N INDIAN CREEK DR,0.14
E PONCE DE LEON AVE @ PECAN ST,E PONCE DE LEON AVE @ MELL AVE,0.099
E PONCE DE LEON AVE @ PECAN ST,E PONCE DE LEON AVE @ JOLLY AVE,0.215
E PONCE DE LEON AVE @ MELL AVE,E PONCE DE LEON AVE @ CREEKDALE DR,0.201
E PONCE DE LEON AVE @ MELL AVE,E PONCE DE LEON AVE @ PECAN ST,0.099
E PONCE DE LEON AVE @ CREEKDALE DR,E PONCE DE LEON AVE @ MILAM CIR,0.117
E PONCE DE LEON AVE @ CREEKDALE DR,E PONCE DE LEON AVE @ MELL AVE,0.201
E PONCE DE LEON AVE @ MILAM CIR,E PONCE DE LEON AVE @ VERDI WAY,0.13
E PONCE DE LEON AVE @ MILAM CIR,E PONCE DE LEON AVE @ CREEKDALE DR,0.117
E PONCE DE LEON AVE @ VERDI WAY,E PONCE DE LEON AVE @ GLENDALE RD,0.117
E PONCE DE LEON AVE @ VERDI WAY,E PONCE DE LEON AVE @ MILAM CIR,0.13
E PONCE DE LEON AVE @ GLENDALE RD,E PONCE DE LEON AVE @ MURPHEY ST,0.27
E PONCE DE LEON AVE @ MURPHEY ST,E PONCE DE LEON AVE @ MILTON ST,0.115
E PONCE DE LEON AVE @ MILTON ST,E PONCE DE LEON AVE @ VALLEY BROOK RD,0.098
E PONCE DE LEON AVE @ MILTON ST,E PONCE DE LEON AVE @ NEEDHAM DR,0.164
E PONCE DE LEON AVE @ VALLEY BROOK RD,E PONCE DE LEON AVE @ N DECATUR RD,0.191
E PONCE DE LEON AVE @ VALLEY BROOK RD,E PONCE DE LEON AVE @ MILTON ST,0.098
E PONCE DE LEON AVE @ N DECATUR RD,E PONCE DE LEON AVE @ EXCHANGE AVE,0.143
E PONCE DE LEON AVE @ N DECATUR RD,E PONCE DE LEON AVE @ VALLEY BROOK RD,0.191
E PONCE DE LEON AVE @ EXCHANGE AVE,E PONCE DE LEON AVE @ PALOMA DR,0.267
E PONCE DE LEON AVE @ EXCHANGE AVE,E PONCE DE LEON AVE @ N DECATUR RD,0.143
E PONCE DE LEON AVE @ PALOMA DR,E PONCE DE LEON AVE @ PATTERSON AVE,0.093
E PONCE DE LEON AVE @ PATTERSON AVE,E PONCE DE LEON AVE @ LAREDO DR,0.208
E PONCE DE LEON AVE @ PATTERSON AVE,E PONCE DE LEON AVE @ EXCHANGE AVE,0.347
E PONCE DE LEON AVE @ LAREDO DR,E PONCE DE LEON AVE @ 2995,0.146
E PONCE DE LEON AVE @ LAREDO DR,E PONCE DE LEON AVE @ PATTERSON AVE,0.208
E PONCE DE LEON AVE @ 2995,E PONCE DE LEON AVE @ 2942,0.136
E PONCE DE LEON AVE @ 2995,E PONCE DE LEON AVE @ LAREDO DR,0.146
E PONCE DE LEON AVE @ 2942,E PONCE DE LEON AVE @ DEKALB INDUSTRIAL WAY,0.117
E PONCE DE LEON AVE @ DEKALB INDUSTRIAL WAY,E PONCE DE LEON AVE @ 2818,0.169
E PONCE DE LEON AVE @ DEKALB INDUSTRIAL WAY,E PONCE DE LEON AVE @ 2947,0.124
E PONCE DE LEON AVE @ 2818,E PONCE DE LEON AVE @ N ARCADIA AVE,0.222
E PONCE DE LEON AVE @ N ARCADIA AVE,AVONDALE STATION - NORTH LOOP,0.212
E PONCE DE LEON AVE @ GROVE PL,E PONCE DE LEON AVE @ 2775,0.236
E PONCE DE LEON AVE @ 2775,E PONCE DE LEON AVE @ DEKALB INDUSTRIAL WAY,0.206
E PONCE DE LEON AVE @ 2947,E PONCE DE LEON AVE @ 2995,0.129
E PONCE DE LEON AVE @ NEEDHAM DR,E PONCE DE LEON AVE @ MCLENDON DR,0.147
E PONCE DE LEON AVE @ MCLENDON DR,E PONCE DE LEON AVE @ VERDI WAY,0.192
E PONCE DE LEON AVE @ MARKET ST,E PONCE DE LEON AVE @ MONTREAL RD,0.092
E PONCE DE LEON AVE @ SMITH ST,E PONCE DE LEON AVE @ 4352,0.181
E PONCE DE LEON AVE @ COBBLE MILL LN,E PONCE DE LEON AVE @ CHURCH ST,0.138
E PONCE DE LEON AVE @ CHURCH ST,E PONCE DE LEON AVE @ BROCKETT RD,0.102
E PONCE DE LEON AVE @ N HAIRSTON RD,E PONCE DE LEON AVE @ LITTON DR,0.166
E PONCE DE LEON AVE @ ROCK MOUNTAIN BLVD,E PONCE DE LEON AVE @ JULIETTE RD,0.266
E PONCE DE LEON AVE @ JULIETTE RD,GOLDSMITH PARK & RIDE,0.381
E PONCE DE LEON AVE @ JULIETTE RD,JULIETTE RD @ STONE MILL WAY,0.137
N ROYAL ATLANTA DR @ COMMERCE PL,N ROYAL ATLANTA DR @ N ROYAL PL,0.119
N ROYAL ATLANTA DR @ N ROYAL PL,MOUNTAIN INDUSTRIAL BLVD @ N ROYAL ATLANTA DR,0.177
MOUNTAIN INDUSTRIAL BLVD @ HUGH HOWELL RD,MOUNTAIN INDUSTRIAL BLVD @ GRANITE DR,0.239
MOUNTAIN INDUSTRIAL BLVD @ HUGH HOWELL RD,MOUNTAIN INDUSTRIAL BLVD @ TUCKESTONE PKWY,0.587
MOUNTAIN INDUSTRIAL BLVD @ GRANITE DR,MOUNTAIN INDUSTRIAL BLVD @ HAMMERMILL RD (N),0.335
MOUNTAIN INDUSTRIAL BLVD @ GRANITE DR,MOUNTAIN INDUSTRIAL BLVD @ 2145,0.123
MOUNTAIN INDUSTRIAL BLVD @ HAMMERMILL RD (N),MOUNTAIN INDUSTRIAL BLVD @ HAMMERMILL RD (S),0.251
MOUNTAIN INDUSTRIAL BLVD @ HAMMERMILL RD (S),MOUNTAIN IND BLVD @ GREER CIR,0.386
MOUNTAIN INDUSTRIAL BLVD @ HAMMERMILL RD (S),MOUNTAIN INDUSTRIAL BLVD @ ROGER MARTEN WAY,0.276
MOUNTAIN IND BLVD @ GREER CIR,MOUNTAIN IND BLVD @ LEWIS RD,0.205
MOUNTAIN IND BLVD @ LEWIS RD,MOUNTAIN INDUSTRIAL BLVD @ E PONCE DE LEON AVE,0.176
MOUNTAIN INDUSTRIAL BLVD @ E PONCE DE LEON AVE,N HAIRSTON RD @ STONEGATE IND BLVD,0.305
MOUNTAIN INDUSTRIAL BLVD @ E PONCE DE LEON AVE,MOUNTAIN INDUSTRIAL BLVD @ LEWIS RD,0.139
N HAIRSTON RD @ STONEGATE IND BLVD,N HAIRSTON RD @ SUMMIT LAKE DR,0.11
N HAIRSTON RD @ STONEGATE IND BLVD,MOUNTAIN INDUSTRIAL BLVD @ E PONCE DE LEON AVE,0.305
N HAIRSTON RD @ SUMMIT LAKE DR,N HAIRSTON RD @ WEATHERLY DR,0.121
N HAIRSTON RD @ SUMMIT LAKE DR,N HAIRSTON RD @ STONEGATE IND BLVD,0.11
N HAIRSTON RD @ WEATHERLY DR,N HAIRSTON RD @ CHATFIELD DR N,0.091
N HAIRSTON RD @ WEATHERLY DR,N HAIRSTON RD @ SUMMIT LAKE DR,0.121
N HAIRSTON RD @ CHATFIELD DR N,N HAIRSTON RD @ CHATFIELD DR S,0.183
N HAIRSTON RD @ CHATFIELD DR S,N HAIRSTON RD @ CENTRAL DR,0.214
N HAIRSTON RD @ CENTRAL DR,N HAIRSTON RD @ MARINERS CT,0.214
N HAIRSTON RD @ CENTRAL DR,N HAIRSTON RD @ SUMMERVIEW DR,0.093
N HAIRSTON RD @ MARINERS CT,N HAIRSTON RD @ FELLSRIDGE CT,0.108
N HAIRSTON RD @ FELLSRIDGE CT,N HAIRSTON RD @ FELLSRIDGE DR,0.121
N HAIRSTON RD @ FELLSRIDGE CT,N HAIRSTON RD @ OLD HIGHGATE ENTRY,0.181
N HAIRSTON RD @ FELLSRIDGE DR,MEMORIAL DR @ N HAIRSTON RD,0.262
N HAIRSTON RD @ FELLSRIDGE DR,N HAIRSTON RD @ FELLSRIDGE CT,0.121
MEMORIAL DR @ LAUREN PKWY,MEMORIAL DR @ HEARTHSTONE DR,0.352
MEMORIAL DR @ LAUREN PKWY,N HAIRSTON RD @ ANDERSON RD,0.281
MEMORIAL DR @ LAUREN PKWY,MEMORIAL DR @ N HAIRSTON RD,0.149
MEMORIAL DR @ HEARTHSTONE DR,MEMORIAL DR @ HAMBRICK RD,0.176
MEMORIAL DR @ HAMBRICK RD,MEMORIAL DR @ 5582,0.228
MEMORIAL DR @ HAMBRICK RD,MEMORIAL DR @ 5723,0.078
MEMORIAL DR @ HAMBRICK RD,MEMORIAL DR @ 5158 (MEMORIAL BEND SC),1.101
MEMORIAL DR @ HAMBRICK RD,MEMORIAL DR @ LAUREN PKWY,0.527
MEMORIAL DR @ 5582,MEMORIAL DR @ VILLAGE SQUARE DR,0.14
MEMORIAL DR @ VILLAGE SQUARE DR,MEMORIAL DR @ 5400,0.322
MEMORIAL DR @ VILLAGE SQUARE DR,MEMORIAL DR @ 5615,0.158
MEMORIAL DR @ 5400,MEMORIAL DR @ RAYS RD,0.191
MEMORIAL DR @ RAYS RD,MEMORIAL DR @ 5158 (MEMORIAL BEND SC),0.238
MEMORIAL DR @ RAYS RD,MEMORIAL DR @ 5405,0.181
MEMORIAL DR @ 5158 (MEMORIAL BEND SC),MEMORIAL DR @ MEMORIAL COLLEGE AVE,0.165
MEMORIAL DR @ 5158 (MEMORIAL BEND SC),MEMORIAL DR @ 4988 (GPTC - NORTH ENTRANCE),0.515
MEMORIAL DR @ MEMORIAL COLLEGE AVE,MEMORIAL DR @ 4988 (GPTC - NORTH ENTRANCE),0.35
MEMORIAL DR @ 4988 (GPTC - NORTH ENTRANCE),MEMORIAL DR @ SPRING CHASE CIR,0.096
MEMORIAL DR @ 4988 (GPTC - NORTH ENTRANCE),MEMORIAL DR @ GEORGIA PIEDMONT TECH COLLEGE DR,0.278
MEMORIAL DR @ SPRING CHASE CIR,MEMORIAL DR @ GEORGIA PIEDMONT TECH COLLEGE DR,0.183
MEMORIAL DR @ SPRING CHASE CIR,MEMORIAL DR @ 5019 (GPTC - NORTH ENTRANCE),0.17
MEMORIAL DR @ GEORGIA PIEDMONT TECH COLLEGE DR,MEMORIAL DR @ ROCKBRIDGE RD,0.248
MEMORIAL DR @ GEORGIA PIEDMONT TECH COLLEGE DR,MEMORIAL DR @ SPRING CHASE CIR,0.183
MEMORIAL DR @ GEORGIA PIEDMONT TECH COLLEGE DR,MEMORIAL DR @ NORTHERN AVE,1.036
MEMORIAL DR @ GEORGIA PIEDMONT TECH COLLEGE DR,MEMORIAL DR @ 5019 (GPTC - NORTH ENTRANCE),0.353
MEMORIAL DR @ ROCKBRIDGE RD,MEMORIAL DR @ N INDIAN CREEK DR,0.155
MEMORIAL DR @ ROCKBRIDGE RD,MEMORIAL DR @ GEORGIA PIEDMONT TECH COLLEGE DR,0.248
MEMORIAL DR @ N INDIAN CREEK DR,MEMORIAL DR @ GEORGE LUTHER DR,0.249
MEMORIAL DR @ GEORGE LUTHER DR,MEMORIAL DR @ NORTHERN AVE,0.4
MEMORIAL DR @ GEORGE LUTHER DR,MEMORIAL DR @ LADONNA DR,0.209
MEMORIAL DR @ NORTHERN AVE,MEMORIAL DR @ MOUNTAIN DR,0.3
MEMORIAL DR @ NORTHERN AVE,KENSINGTON STATION,0.546
MEMORIAL DR @ MOUNTAIN DR,MEMORIAL DR @ KENSINGTON RD,0.14
MEMORIAL DR @ MOUNTAIN DR,MEMORIAL DR @ CAMP RD,0.279
MEMORIAL DR @ MOUNTAIN DR,NORTHERN AVE @ MEMORIAL DR,0.365
MEMORIAL DR @ KENSINGTON RD,KENSINGTON STATION,0.162
MEMORIAL DR @ KENSINGTON RD,MEMORIAL DR @ MOUNTAIN DR,0.14
GRANITE DR @ PATILLO FIELD,GRANITE DR @ MOUNTAINDUSTRIAL BLVD,0.214
GRANITE DR @ MOUNTAINDUSTRIAL BLVD,MOUNTAIN INDUSTRIAL BLVD @ 2145,0.123
MOUNTAIN INDUSTRIAL BLVD @ 2145,HUGH HOWELL RD @ MOUNTAIN IND BLVD,0.146
MOUNTAIN INDUSTRIAL BLVD @ 2145,MOUNTAIN INDUSTRIAL BLVD @ HUGH HOWELL RD,0.116
HUGH HOWELL RD @ MOUNTAIN IND BLVD,HUGH HOWELL RD @ TUCKER IND RD,0.098
HUGH HOWELL RD @ TUCKER IND RD,HUGH HOWELL RD @ FULLER WAY,0.202
HUGH HOWELL RD @ FULLER WAY,HUGH HOWELL RD @ LAWRENCEVILLE HWY,0.181
HUGH HOWELL RD @ LAWRENCEVILLE HWY,IDLEWOOD RD @ LAWRENCEVILLE HWY,0.275
HUGH HOWELL RD @ LAWRENCEVILLE HWY,HUGH HOWELL RD @ COWAN RD,0.131
IDLEWOOD RD @ LAWRENCEVILLE HWY,IDLEWOOD RD @ 2115,0.313
IDLEWOOD RD @ LAWRENCEVILLE HWY,LAWRENCEVILLE HWY @ 4TH ST,0.083
IDLEWOOD RD @ 2115,IDLEWOOD RD @ FELLOWSHIP RD,0.224
IDLEWOOD RD @ 2115,IDLEWOOD RD @ LAWRENCEVILLE HWY,0.313
IDLEWOOD RD @ FELLOWSHIP RD,IDLEWOOD RD @ ELMDALE DR,0.127
IDLEWOOD RD @ ELMDALE DR,IDLEWOOD RD @ BROWNING CHASE DR,0.199
IDLEWOOD RD @ BROWNING CHASE DR,IDLEWOOD RD @ DUESENBERG DR,0.158
IDLEWOOD RD @ BROWNING CHASE DR,IDLEWOOD RD @ ELMDALE RD,0.21
IDLEWOOD RD @ DUESENBERG DR,SARR PKWY @ IDLEWOOD RD,0.119
SARR PKWY @ IDLEWOOD RD,SARR PKWY @ 4401,0.197
SARR PKWY @ IDLEWOOD RD,IDLEWOOD RD @ IDLEWOOD LN,0.138
SARR PKWY @ 4401,SARR PKWY @ GREER CIR,0.12
SARR PKWY @ 4401,SARR PKWY @ IDLEWOOD RD,0.197
SARR PKWY @ GREER CIR,GREER CIR @ 4478,0.194
SARR PKWY @ GREER CIR,SARR PKWY @ 4401,0.12
GREER CIR @ 4478,GREER CIR @ ROADHAVEN DR,0.146
GREER CIR @ 4478,SARR PKWY @ GREER CIR,0.194
GREER CIR @ ROADHAVEN DR,MOUNTAIN IND BLVD @ GREER CIR,0.296
GREER CIR @ ROADHAVEN DR,GREER CIR @ 4478,0.146
MEMORIAL DR @ CAMP RD,MEMORIAL DR @ GEORGE LUTHER DR,0.42
MEMORIAL DR @ CAMP RD,MEMORIAL DR @ GEORGIA PIEDMONT TECH COLLEGE DR,1.06
MEMORIAL DR @ LADONNA DR,MEMORIAL DR @ ROCKBRIDGE RD,0.193
MEMORIAL DR @ 5019 (GPTC - NORTH ENTRANCE),MEMORIAL DR @ DOYAL MILLS CT,0.219
MEMORIAL DR @ 5019 (GPTC - NORTH ENTRANCE),MEMORIAL DR @ 5211 (STONEMONT VILLAGE SC),0.481
MEMORIAL DR @ DOYAL MILLS CT,MEMORIAL DR @ 5211 (STONEMONT VILLAGE SC),0.262
MEMORIAL DR @ 5211 (STONEMONT VILLAGE SC),MEMORIAL DR @ RAYS RD,0.188
MEMORIAL DR @ 5211 (STONEMONT VILLAGE SC),MEMORIAL DR @ HAMBRICK RD,1.05
MEMORIAL DR @ 5405,MEMORIAL DR @ VILLAGE SQUARE DR,0.33
MEMORIAL DR @ 5615,MEMORIAL DR @ HAMBRICK RD,0.207
MEMORIAL DR @ 5723,MEMORIAL DR @ SUMMIT CREEK DR,0.119
MEMORIAL DR @ SUMMIT CREEK DR,MEMORIAL DR @ LAUREN PKWY,0.333
N HAIRSTON RD @ ANDERSON RD,N HAIRSTON RD @ FELLSRIDGE DR,0.129
N HAIRSTON RD @ OLD HIGHGATE ENTRY,N HAIRSTON RD @ CENTRAL DR,0.14
N HAIRSTON RD @ SUMMERVIEW DR,N HAIRSTON RD @ CHATFIELD DR,0.099
N HAIRSTON RD @ CHATFIELD DR,N HAIRSTON RD @ WEATHERLY DR,0.293
MOUNTAIN INDUSTRIAL BLVD @ LEWIS RD,MOUNTAIN INDUSTRIAL BLVD @ GREER CIR,0.322
MOUNTAIN INDUSTRIAL BLVD @ LEWIS RD,GREER CIR @ MOUNTAIN INDUSTRIAL BLVD,0.289
MOUNTAIN INDUSTRIAL BLVD @ GREER CIR,MOUNTAIN INDUSTRIAL BLVD @ HAMMERMILL RD (S),0.309
MOUNTAIN INDUSTRIAL BLVD @ ROGER MARTEN WAY,MOUNTAIN INDUSTRIAL BLVD @ 2037,0.144
MOUNTAIN INDUSTRIAL BLVD @ 2037,MOUNTAIN INDUSTRIAL BLVD @ GRANITE DR,0.167
MOUNTAIN INDUSTRIAL BLVD @ TUCKESTONE PKWY,MOUNTAIN INDUSTRIAL BLVD @ 2605,0.261
MOUNTAIN INDUSTRIAL BLVD @ 2605,MOUNTAIN INDUSTRIAL BLVD @ S ROYAL ATLANTA DR,0.13
MOUNTAIN INDUSTRIAL BLVD @ S ROYAL ATLANTA DR,S ROYAL ATLANTA DR @ 4950,0.206
S ROYAL ATLANTA DR @ 4950,S ROYAL ATLANTA DR @ 5007,0.236
S ROYAL ATLANTA DR @ 5007,S ROYAL ATLANTA DR @ 5087,0.207
S ROYAL ATLANTA DR @ 5087,N ROYAL ATLANTA DR @ S ROYAL ATLANTA DR,0.176
N ROYAL ATLANTA DR @ S ROYAL ATLANTA DR,N ROYAL ATLANTA DR @ 5060,0.159
N ROYAL ATLANTA DR @ 5060,N ROYAL ATLANTA DR @ COMMERCE PL,0.206
GREER CIR @ MOUNTAIN INDUSTRIAL BLVD,GREER CIR @ ROADHAVEN DR,0.238
IDLEWOOD RD @ IDLEWOOD LN,IDLEWOOD RD @ BROWNING CHASE DR,0.14
IDLEWOOD RD @ ELMDALE RD,IDLEWOOD RD @ GLYNBROOK DR,0.147
IDLEWOOD RD @ GLYNBROOK DR,IDLEWOOD RD @ 2115,0.193
LAWRENCEVILLE HWY @ 4TH ST,HUGH HOWELL RD @ LAWRENCEVILLE HWY,0.198
HUGH HOWELL RD @ COWAN RD,HUGH HOWELL RD @ TUCKER INDUSTRIAL RD,0.244
HUGH HOWELL RD @ TUCKER INDUSTRIAL RD,HUGH HOWELL RD @ 4647,0.262
HUGH HOWELL RD @ 4647,FLINTSTONE DR @ HUGH HOWELL RD,0.246
FLINTSTONE DR @ HUGH HOWELL RD,FLINTSTONE DR @ 2146,0.16
FLINTSTONE DR @ 2146,GRANITE DR @ PATILLO FIELD,0.169
NORTH DEKALB MALL,N DRUID HILLS RD @ LAWRENCEVILLE HWY,0.225
N DECATUR RD @ WINN WAY,RUFUS EVANS DR @ SYCAMORE DR,0.313
N DECATUR RD @ WINN WAY,N DECATUR RD @ 2787,0.094
RUFUS EVANS DR @ SYCAMORE DR,EMORY DECATUR HOSPITAL,0.147
RUFUS EVANS DR @ SYCAMORE DR,CHURCH ST @ N DECATUR RD,0.105
EMORY DECATUR HOSPITAL,CHURCH ST @ SYCAMORE DR,0.229
EMORY DECATUR HOSPITAL,RUFUS EVANS DR @ SYCAMORE DR,0.147
SYCAMORE DR @ RUFUS EVANS DR,EMORY DECATUR HOSPITAL,0.152
CHURCH ST @ N DECATUR RD,N DECATUR RD @ WASH LIVELY CIR,0.103
N DECATUR RD @ WASH LIVELY CIR,N DECATUR RD @ WINN WAY,0.171
LAVISTA RD @ LEHAVEN DR,LAVISTA RD @ MAIN ST,0.13
LAVISTA RD @ MAIN ST,CHAMBLEE TUCKER RD @ LAVISTA RD,0.154
CHAMBLEE TUCKER RD @ LAVISTA RD,CHAMBLEE TUCKER RD @ MORGAN RD,0.071
CHAMBLEE TUCKER RD @ MORGAN RD,CHAMBLEE TUCKER RD @ BALL PARK DR,0.059
CHAMBLEE TUCKER RD @ MORGAN RD,FELLOWSHIP RD @ 2ND ST,0.183
CHAMBLEE TUCKER RD @ BALL PARK DR,CHAMBLEE TUCKER RD @ HANNAH RD,0.227
CHAMBLEE TUCKER RD @ HANNAH RD,CHAMBLEE TUCKER RD @ PARK DR,0.213
CHAMBLEE TUCKER RD @ PARK DR,CHAMBLEE TUCKER RD @ CASTLE PINES CT,0.16
CHAMBLEE TUCKER RD @ CASTLE PINES CT,CHAMBLEE TUCKER RD @ LIVSEY RD,0.194
CHAMBLEE TUCKER RD @ CASTLE PINES CT,CHAMBLEE TUCKER RD @ BRITTS GATE LN,0.111
CHAMBLEE TUCKER RD @ LIVSEY RD,CHAMBLEE TUCKER RD @ WEBB RD,0.278
CHAMBLEE TUCKER RD @ LIVSEY RD,CHAMBLEE TUCKER RD @ CASTLE PINES CT,0.194
CHAMBLEE TUCKER RD @ WEBB RD,CHAMBLEE TUCKER RD @ FONTANA CT,0.092
CHAMBLEE TUCKER RD @ WEBB RD,CHAMBLEE TUCKER RD @ LIVSEY RD,0.278
CHAMBLEE TUCKER RD @ FONTANA CT,CHAMBLEE TUCKER RD @ MENLO DR,0.084
CHAMBLEE TUCKER RD @ FONTANA CT,CHAMBLEE TUCKER RD @ WEBB RD,0.092
CHAMBLEE TUCKER RD @ MENLO DR,CHAMBLEE TUCKER RD @ GLADNEY DR,0.224
CHAMBLEE TUCKER RD @ MENLO DR,CHAMBLEE TUCKER RD @ FONTANA CT,0.084
CHAMBLEE TUCKER RD @ GLADNEY DR,CHAMBLEE TUCKER RD @ TUCKER NORCROSS RD,0.173
CHAMBLEE TUCKER RD @ GLADNEY DR,CHAMBLEE TUCKER RD @ MENLO DR,0.224
CHAMBLEE TUCKER RD @ TUCKER NORCROSS RD,TUCKER NORCROSS RD @ BRITT RD,0.116
TUCKER NORCROSS RD @ BRITT RD,PLEASANTDALE RD @ TUCKER NORCROSS RD,0.12
TUCKER NORCROSS RD @ BRITT RD,CHAMBLEE TUCKER RD @ TUCKER NORCROS,0.165
PLEASANTDALE RD @ TUCKER NORCROSS RD,PLEASANTDALE RD @ PLEASANT SHADE DR,0.326
PLEASANTDALE RD @ TUCKER NORCROSS RD,TUCKER NORCROSS RD @ BRITT RD,0.12
PLEASANTDALE RD @ PLEASANT SHADE DR,PLEASANTDALE RD @ SPRING HARBOUR DR,0.169
PLEASANTDALE RD @ PLEASANT SHADE DR,PLEASANTDALE RD @ SHADOW WALK,0.22
PLEASANTDALE RD @ SPRING HARBOUR DR,PLEASANTDALE RD @ PLEASANTDALE PKWY,0.098
PLEASANTDALE RD @ PLEASANTDALE PKWY,PLEASANTDALE RD @ WASHINGTON WAY,0.129
PLEASANTDALE RD @ PLEASANTDALE PKWY,PLEASANTDALE RD @ SPRING HARBOR LN,0.117
PLEASANTDALE RD @ WASHINGTON WAY,PLEASANTDALE RD @ VALLEY BLUFF WAY,0.143
PLEASANTDALE RD @ VALLEY BLUFF WAY,PLEASANTDALE RD @ 3637,0.162
PLEASANTDALE RD @ VALLEY BLUFF WAY,PLEASANTDALE RD @ VALLEY BLUFF WAY,0.0
PLEASANTDALE RD @ VALLEY BLUFF WAY,PLEASANTDALE RD @ PLEASANTDALE PKWY,0.261
PLEASANTDALE RD @ 3637,PLEASANTDALE RD @ 3722,0.11
PLEASANTDALE RD @ 3722,PLEASANTDALE RD @ 3772,0.148
PLEASANTDALE RD @ 3722,PLEASANTDALE RD @ 3680,0.149
PLEASANTDALE RD @ 3772,PLEASANTDALE RD @ 3845,0.192
PLEASANTDALE RD @ 3772,PLEASANTDALE RD @ 3754,0.063
PLEASANTDALE RD @ 3845,PLEASANTDALE RD @ 4021,0.107
PLEASANTDALE RD @ 4021,PLEASANTDALE RD @ 4025,0.149
PLEASANTDALE RD @ 4025,PLEASANTDALE RD @ 4111,0.279
PLEASANTDALE RD @ 4025,DAWSON BLVD NW @ RUTHERFORD GLEN CIR,0.354
PLEASANTDALE RD @ 4111,OAKCLIFF RD @ PLEASANTDALE RD,0.175
OAKCLIFF RD @ PLEASANTDALE RD,OAKCLIFF RD @ OAKCLIFF INDUSTRIAL CT,0.075
OAKCLIFF RD @ PLEASANTDALE RD,PLEASANTDALE RD @ 4126,0.158
OAKCLIFF RD @ OAKCLIFF INDUSTRIAL CT,OAKCLIFF RD @ NORTHCREST RD,0.235
OAKCLIFF RD @ OAKCLIFF INDUSTRIAL CT,OAKCLIFF RD @ PLEASANTDALE RD,0.075
OAKCLIFF RD @ NORTHCREST RD,OAKCLIFF RD @ OAKCLIFF INDUSTRIAL ST,0.165
OAKCLIFF RD @ NORTHCREST RD,OAKCLIFF RD @ OAKCLIFF INDUSTRIAL CT,0.235
OAKCLIFF RD @ OAKCLIFF INDUSTRIAL ST,OAKCLIFF RD @ 3420,0.11
OAKCLIFF RD @ OAKCLIFF INDUSTRIAL ST,OAKCLIFF RD @ NORTHCREST RD,0.165
OAKCLIFF RD @ 3420,OAKCLIFF RD @ PIN OAK CIR,0.531
OAKCLIFF RD @ PIN OAK CIR,OAKCLIFF RD @ WINDSOR OAK DR,0.037
OAKCLIFF RD @ PIN OAK CIR,OAKCLIFF RD @ PIN OAK CIR,0.0
OAKCLIFF RD @ PIN OAK CIR,OAKCLIFF RD @ 3417,0.481
OAKCLIFF RD @ WINDSOR OAK DR,OAKCLIFF RD @ BUFORD HWY,0.149
OAKCLIFF RD @ BUFORD HWY,BUFORD HWY @ MCELROY RD,0.273
BUFORD HWY @ MCELROY RD,BUFORD HWY @ 5700,0.201
BUFORD HWY @ MCELROY RD,BUFORD HWY @ MCELROY RD,0.0
BUFORD HWY @ MCELROY RD,BUFORD HWY @ OAKCLIFF RD,0.203
BUFORD HWY @ 5700,BUFORD HWY @ LONGMIRE,0.172
BUFORD HWY @ LONGMIRE,BUFORD HWY NE @ JESSE NORMAN WAY,0.389
DAWSON BLVD NW @ RUTHERFORD GLEN CIR,BUTTON GWINNETT DR @ 4550,0.083
BUTTON GWINNETT DR @ 4550,PLEASANTDALE RD @ 4111,0.269
BUTTON GWINNETT DR @ 4550,PLEASANTDALE RD @ 4000,0.385
BUFORD HWY NE @ CHESTNUT DR,BUFORD HWY NE @ LONGMIRE WAY,0.427
BUFORD HWY NE @ LONGMIRE WAY,BUFORD HWY @ MCELROY RD,0.392
BUFORD HWY @ OAKCLIFF RD,OAKCLIFF RD @ 3061,0.094
OAKCLIFF RD @ 3061,OAKCLIFF RD @ PIN OAK CIR,0.198
OAKCLIFF RD @ 3417,OAKCLIFF RD @ OAKCLIFF INDUSTRIAL ST,0.16
PLEASANTDALE RD @ 4126,PLEASANTDALE RD @ 4000,0.257
PLEASANTDALE RD @ 4126,DAWSON BLVD NW @ RUTHERFORD GLEN CIR,0.31
PLEASANTDALE RD @ 4000,PLEASANTDALE RD @ 3930,0.314
PLEASANTDALE RD @ 3930,PLEASANTDALE RD @ 3930,0.0
PLEASANTDALE RD @ 3930,PLEASANTDALE RD @ 3810,0.074
PLEASANTDALE RD @ 3810,PLEASANTDALE RD @ 3772,0.098
PLEASANTDALE RD @ 3754,PLEASANTDALE RD @ 3722,0.084
PLEASANTDALE RD @ 3680,PLEASANTDALE RD @ VALLEY BLUFF WAY,0.126
PLEASANTDALE RD @ SPRING HARBOR LN,PLEASANTDALE RD @ PLEASANT SHADE DR,0.154
PLEASANTDALE RD @ SHADOW WALK,PLEASANTDALE RD @ TUCKER NORCROSS RD,0.107
CHAMBLEE TUCKER RD @ TUCKER NORCROS,CHAMBLEE TUCKER RD @ GLADNEY DR,0.124
CHAMBLEE TUCKER RD @ BRITTS GATE LN,CHAMBLEE TUCKER RD @ BROWN RD,0.253
CHAMBLEE TUCKER RD @ BROWN RD,CHAMBLEE TUCKER RD @ MORGAN RD,0.298
FELLOWSHIP RD @ 2ND ST,LAWRENCEVILLE HWY @ TOWNSHIP LN,0.292
NORTHERN AVE @ MEMORIAL DR,NORTHERN AVE @ 260 (BLDG 10),0.176
NORTHERN AVE @ 260 (BLDG 10),NORTHERN AVE @ 281,0.167
NORTHERN AVE @ 281,NORTHERN AVE @ ROCKBRIDGE RD,0.107
NORTHERN AVE @ ROCKBRIDGE RD,ROCKBRIDGE RD @ WILLOW RIDGE WAY,0.078
ROCKBRIDGE RD @ WILLOW RIDGE WAY,ROCKBRIDGE RD @ 3672,0.376
ROCKBRIDGE RD @ WILLOW RIDGE WAY,NORTHERN AVE @ 280,0.108
ROCKBRIDGE RD @ 3672,ROCKBRIDGE RD @ N INDIAN CREEK DR,0.284
N INDIAN CREEK DR @ ROCKBRIDGE RD,N INDIAN CREEK DR @ DIAL DR,0.077
N INDIAN CREEK DR @ ROCKBRIDGE RD,ROCKBRIDGE RD @ 3656,0.342
N INDIAN CREEK DR @ DIAL DR,N INDIAN CREEK DR @ 449,0.124
N INDIAN CREEK DR @ DIAL DR,N INDIAN CREEK DR @ ROCKBRIDGE RD,0.077
N INDIAN CREEK DR @ 449,N INDIAN CREEK DR @ MILLIGAN DR,0.146
N INDIAN CREEK DR @ MILLIGAN DR,N INDIAN CREEK DR @ 555,0.092
N INDIAN CREEK DR @ MILLIGAN DR,N INDIAN CREEK DR @ 450,0.154
N INDIAN CREEK DR @ 555,N INDIAN CREEK DR @ INDIAN CREEK LN,0.16
N INDIAN CREEK DR @ 555,N INDIAN CREEK DR @ MILLIGAN DR,0.092
N INDIAN CREEK DR @ INDIAN CREEK LN,N INDIAN CREEK DR @ MEMORIAL COLLEGE AVE,0.136
N INDIAN CREEK DR @ INDIAN CREEK LN,N INDIAN CREEK DR @ 555,0.16
N INDIAN CREEK DR @ MEMORIAL COLLEGE AVE,N INDIAN CREEK DR @ 751,0.153
N INDIAN CREEK DR @ MEMORIAL COLLEGE AVE,N INDIAN CREEK DR @ INDIAN CREEK LN,0.136
N INDIAN CREEK DR @ 751,N INDIAN CREEK DR @ 819,0.125
N INDIAN CREEK DR @ 819,N INDIAN CREEK DR @ JAMISON PL,0.183
N INDIAN CREEK DR @ JAMISON PL,N INDIAN CREEK DR @ DEBELLE ST,0.12
N INDIAN CREEK DR @ JAMISON PL,N INDIAN CREEK DR @ 816,0.128
N INDIAN CREEK DR @ DEBELLE ST,N INDIAN CREEK DR @ ROGERS ST,0.069
N INDIAN CREEK DR @ DEBELLE ST,N INDIAN CREEK DR @ JAMISON PL,0.12
N INDIAN CREEK DR @ ROGERS ST,N INDIAN CREEK DR @ CHURCH ST,0.136
N INDIAN CREEK DR @ ROGERS ST,N INDIAN CREEK DR @ DEBELLE ST,0.069
N INDIAN CREEK DR @ CHURCH ST,N INDIAN CREEK DR @ HILL ST,0.18
N INDIAN CREEK DR @ HILL ST,N INDIAN CREEK DR @ MARKET ST,0.126
N INDIAN CREEK DR @ HILL ST,N INDIAN CREEK DR @ E PONCE DE LEON AVE,0.137
N INDIAN CREEK DR @ MARKET ST,MONTREAL RD @ MONTREAL CREEK CT,0.208
N INDIAN CREEK DR @ MARKET ST,N INDIAN CREEK DR @ HILL ST,0.126
MONTREAL RD @ MONTREAL CREEK CT,MONTREAL RD @ NOBLE VINES DR,0.166
MONTREAL RD @ NOBLE VINES DR,MONTREAL RD @ CLARKSTON INDUSTRIAL BLVD,0.175
MONTREAL RD @ NOBLE VINES DR,MONTREAL RD @ SAMS RD,0.22
MONTREAL RD @ CLARKSTON INDUSTRIAL BLVD,MONTREAL RD @ JUNEAU CT,0.141
MONTREAL RD @ CLARKSTON INDUSTRIAL BLVD,MONTREAL RD @ NOBLE VINES DR,0.175
MONTREAL RD @ JUNEAU CT,MONTREAL RD @ 1215,0.112
MONTREAL RD @ JUNEAU CT,MONTREAL RD @ CLARKSTON INDUSTRIAL BLVD,0.141
MONTREAL RD @ 1215,MONTREAL RD @ ALCAN WAY,0.169
MONTREAL RD @ ALCAN WAY,MONTREAL RD @ CANADIAN WAY,0.117
MONTREAL RD @ ALCAN WAY,MONTREAL RD @ 1200,0.146
MONTREAL RD @ CANADIAN WAY,MONTREAL RD @ 1475,0.247
MONTREAL RD @ CANADIAN WAY,MONTREAL RD @ ALCAN WAY,0.117
MONTREAL RD @ 1475,LAWRENCEVILLE HWY @ MONTREAL RD W,0.417
MONTREAL RD @ 1475,LAWRENCEVILLE HWY @ LEE WAY,0.135
MONTREAL RD @ MONTREAL CIR S,MONTREAL RD @ WINDFIELD CIR,0.138
MONTREAL RD @ MONTREAL CIR S,LAWRENCEVILLE HWY @ MONTREAL RD W,0.074
MONTREAL RD @ WINDFIELD CIR,MONTREAL RD @ KENNERSLY CLOSE,0.2
MONTREAL RD @ WINDFIELD CIR,MONTREAL RD @ MONTREAL CIR S,0.138
MONTREAL RD @ KENNERSLY CLOSE,MONTREAL RD @ SIMPSON DR,0.226
MONTREAL RD @ KENNERSLY CLOSE,MONTREAL RD @ WINDFIELD CIR,0.2
MONTREAL RD @ SIMPSON DR,MONTREAL RD @ MONTREAL CIR N,0.079
MONTREAL RD @ SIMPSON DR,MONTREAL RD @ KENNERSLY CLOSE,0.226
MONTREAL RD @ MONTREAL CIR N,MONTREAL RD @ 1860,0.128
MONTREAL RD @ 1860,MONTREAL RD @ MONTREAL INDUSTRIAL WAY,0.19
MONTREAL RD @ MONTREAL INDUSTRIAL WAY,MONTREAL RD @ LAVISTA RD,0.217
MONTREAL RD @ MONTREAL INDUSTRIAL WAY,MONTREAL RD @ 1846,0.21
MONTREAL RD @ LAVISTA RD,HENDERSON MILL RD NE @ LAVISTA RD,0.239
MONTREAL RD @ LAVISTA RD,MONTREAL RD @ MONTREAL INDUSTRIAL WAY,0.217
HENDERSON MILL RD NE @ LAVISTA RD,BRIARCLIFF RD NE @ RANDOLPH RD NE,0.301
BRIARCLIFF RD NE @ RANDOLPH RD NE,FIELDING DR NE @ HENDERSON MILL RD,0.07
BRIARCLIFF RD NE @ RANDOLPH RD NE,BRIARCLIFF RD @ BRIARCLIFF WAY,0.38
NORTHLAKE PKWY @ LAWRENCEVILLE HWY,NORTHLAKE PKWY @ LAKESIDE PKWY,0.181
NORTHLAKE PKWY @ LAWRENCEVILLE HWY,LAWRENCEVILLE HWY @ NORTHLAKE PKWY,0.088
NORTHLAKE PKWY @ LAKESIDE PKWY,NORTHLAKE PKWY @ E EXCHANGE PL,0.341
NORTHLAKE PKWY @ E EXCHANGE PL,NORTHLAKE PKWY @ LAVISTA RD,0.223
NORTHLAKE PKWY @ LAVISTA RD,NORTHLAKE PKWY @ NORTHLAKE CENTER DR,0.248
NORTHLAKE PKWY @ NORTHLAKE CENTER DR,NORTHLAKE PKWY @ PARKLAKE DR,0.253
NORTHLAKE PKWY @ NORTHLAKE CENTER DR,NORTHLAKE PKWY @ 2190,0.164
NORTHLAKE PKWY @ PARKLAKE DR,NORTHLAKE PKWY @ 3350,0.125
NORTHLAKE PKWY @ PARKLAKE DR,NORTHLAKE PKWY @ 3421,0.107
NORTHLAKE PKWY @ PARKLAKE DR,PARKLAKE DR NE @ 2200,0.059
NORTHLAKE PKWY @ 3350,NORTHLAKE PKWY @ NORTHLAKE CT,0.141
NORTHLAKE PKWY @ NORTHLAKE CT,NORTHLAKE PKWY @ HENDERSON MILL RD,0.16
NORTHLAKE PKWY @ HENDERSON MILL RD,HENDERSON MILL RD @ FIELDING DR,0.149
NORTHLAKE PKWY @ HENDERSON MILL RD,NORTHLAKE PKWY @ NORTHLAKE CT NE,0.136
NORTHLAKE PKWY @ HENDERSON MILL RD,HENDERSON MILL RD NE @ MILL RIDGE TRL,0.185
HENDERSON MILL RD @ FIELDING DR,BRIARCLIFF RD NE @ RANDOLPH RD NE,0.082
FIELDING DR NE @ HENDERSON MILL RD,HENDERSON MILL RD @ LAVISTA RD,0.358
FIELDING DR NE @ HENDERSON MILL RD,HENDERSON MILL RD @ NORTHLAKE PKWY,0.093
HENDERSON MILL RD @ LAVISTA RD,MONTREAL RD @ LAVISTA RD,0.227
MONTREAL RD @ 1846,MONTREAL RD @ SIMPSON DR,0.186
MONTREAL RD @ 1468,MONTREAL RD @ CANADIAN WAY,0.182
MONTREAL RD @ 1200,MONTREAL RD @ JUNEAU CT,0.138
MONTREAL RD @ SAMS RD,N INDIAN CREEK DR @ MARKET ST,0.153
N INDIAN CREEK DR @ E PONCE DE LEON AVE,N INDIAN CREEK DR @ ROWLAND ST,0.071
N INDIAN CREEK DR @ ROWLAND ST,N INDIAN CREEK DR @ ROGERS ST,0.124
N INDIAN CREEK DR @ 816,N INDIAN CREEK DR @ 752,0.177
N INDIAN CREEK DR @ 752,N INDIAN CREEK DR @ MEMORIAL COLLEGE AVE,0.154
N INDIAN CREEK DR @ 450,N INDIAN CREEK DR @ DIAL DR,0.114
ROCKBRIDGE RD @ 3656,ROCKBRIDGE RD @ WILLOW RIDGE WAY,0.346
NORTHERN AVE @ 280,NORTHERN AVE @ 260 (BLDG 20),0.057
NORTHERN AVE @ 260 (BLDG 20),NORTHERN AVE @ 260 (BLDG 10)),0.112
NORTHERN AVE @ 260 (BLDG 10)),MEMORIAL DR @ NORTHERN AVE,0.248
HENDERSON MILL RD @ NORTHLAKE PKWY,NORTHLAKE PKWY @ HENDERSON MILL RD,0.135
NORTHLAKE PKWY @ NORTHLAKE CT NE,NORTHLAKE PKWY NE @ 3330,0.129
NORTHLAKE PKWY NE @ 3330,NORTHLAKE PKWY @ PARKLAKE DR,0.166
NORTHLAKE PKWY @ 3421,NORTHLAKE PKWY @ NORTHLAKE CENTER DR,0.147
NORTHLAKE PKWY @ 2190,NORTHLAKE PKWY @ 2180,0.042
NORTHLAKE PKWY @ 2180,NORTHLAKE PKWY @ CRESCENT CENTRE BLVD,0.336
NORTHLAKE PKWY @ CRESCENT CENTRE BLVD,NORTHLAKE PKWY @ ROBINHILL DR,0.263
NORTHLAKE PKWY @ ROBINHILL DR,NORTHLAKE PKWY @ LAWRENCEVILLE HWY,0.193
CHAMBLEE TUCKER RD @ FLIGHTWAY DR,CHAMBLEE TUCKER RD @ W HOSPITAL AVE,0.122
CHAMBLEE TUCKER RD @ W HOSPITAL AVE,CHAMBLEE TUCKER RD @ 2331,0.071
CHAMBLEE TUCKER RD @ W HOSPITAL AVE,CHAMBLEE TUCKER RD @ CATALINA DR,0.128
CHAMBLEE TUCKER RD @ 2331,CHAMBLEE TUCKER RD @ CUMBERLAND DR,0.177
CHAMBLEE TUCKER RD @ CUMBERLAND DR,CHAMBLEE TUCKER RD @ SHALLOWFORD RD,0.354
CHAMBLEE TUCKER RD @ CUMBERLAND DR,CHAMBLEE TUCKER RD @ W HOSPITAL AVE,0.248
CHAMBLEE TUCKER RD @ PRESIDENTIAL PKWY,CHAMBLEE TUCKER RD @ MERCER UNIVERSI,0.141
CHAMBLEE TUCKER RD @ MERCER UNIVERSI,CHAMBLEE TUCKER RD @ MERCER UNIVERSI,0.0
CHAMBLEE TUCKER RD @ MERCER UNIVERSI,CHAMBLEE TUCKER RD @ STANTONDALE DR,0.121
CHAMBLEE TUCKER RD @ MERCER UNIVERSI,CHAMBLEE TUCKER RD @ PRESIDENTIAL PK,0.121
CHAMBLEE TUCKER RD @ STANTONDALE DR,CHAMBLEE TUCKER RD @ STANTONDALE DR,0.0
CHAMBLEE TUCKER RD @ STANTONDALE DR,CHAMBLEE TUCKER RD @ ALTON RD,0.284
CHAMBLEE TUCKER RD @ STANTONDALE DR,CHAMBLEE TUCKER RD @ MERCER UNIVERSI,0.121
CHAMBLEE TUCKER RD @ ALTON RD,CHAMBLEE TUCKER RD @ EMBRY CIR,0.236
CHAMBLEE TUCKER RD @ EMBRY CIR,CHAMBLEE TUCKER RD @ BUCKEYE RD,0.146
CHAMBLEE TUCKER RD @ EMBRY CIR,CHAMBLEE TUCKER RD @ N EMBRY CIR,0.091
CHAMBLEE TUCKER RD @ BUCKEYE RD,CHAMBLEE TUCKER RD @ 3365,0.144
CHAMBLEE TUCKER RD @ BUCKEYE RD,CHAMBLEE TUCKER RD @ EMBRY CIR,0.146
CHAMBLEE TUCKER RD @ 3365,CHAMBLEE TUCKER RD @ STONECREST CT,0.321
CHAMBLEE TUCKER RD @ STONECREST CT,CHAMBLEE TUCKER RD @ NORTHCREST RD,0.111
CHAMBLEE TUCKER RD @ STONECREST CT,CHAMBLEE TUCKER RD @ 3350,0.381
CHAMBLEE TUCKER RD @ NORTHCREST RD,CHAMBLEE TUCKER RD @ HENDERSON MILL,0.176
CHAMBLEE TUCKER RD @ NORTHCREST RD,CHAMBLEE TUCKER RD @ STONECREST CT,0.111
CHAMBLEE TUCKER RD @ HENDERSON MILL,HENDERSON MILL RD @ CHAMBLEE TUCKER,0.103
CHAMBLEE TUCKER RD @ HENDERSON MILL,CHAMBLEE TUCKER RD @ NORTHCREST RD,0.176
HENDERSON MILL RD @ CHAMBLEE TUCKER,HENDERSON MILL RD @ ASHWOOD LN,0.211
HENDERSON MILL RD @ ASHWOOD LN,HENDERSON MILL @ 3208,0.081
HENDERSON MILL RD @ ASHWOOD LN,HENDERSON MILL RD @ CHAMBLEE TUCKER RD,0.205
HENDERSON MILL @ 3208,HENDERSON MILL RD @ SHABROMAT WAY,0.145
HENDERSON MILL RD @ SHABROMAT WAY,HENDERSON MILL RD @ MERCER UNIVERSIT,0.2
HENDERSON MILL RD @ SHABROMAT WAY,HENDERSON MILL RD @ ASHWOOD LN,0.226
HENDERSON MILL RD @ MERCER UNIVERSIT,HENDERSON MILL RD @ EVANS RD,0.293
HENDERSON MILL RD @ MERCER UNIVERSIT,MERCER UNIVERSITY DR @ DUNNINGTON CIR,0.039
HENDERSON MILL RD @ EVANS RD,HENDERSON MILL RD @ HENDERSON RD,0.265
HENDERSON MILL RD @ EVANS RD,HENDERSON MILL RD @ MERCER UNIVERSITY DR,0.277
HENDERSON MILL RD @ HENDERSON RD,HENDERSON MILL RD @ BOLERO DR,0.129
HENDERSON MILL RD @ HENDERSON RD,HENDERSON MILL RD @ EVANS RD,0.265
HENDERSON MILL RD @ BOLERO DR,HENDERSON MILL RD @ HENDERSON CREEK,0.196
HENDERSON MILL RD @ BOLERO DR,HENDERSON MILL RD @ HENDERSON RD,0.129
HENDERSON MILL RD @ HENDERSON CREEK,HENDERSON MILL RD @ GLENROSE DR,0.057
HENDERSON MILL RD @ HENDERSON CREEK,HENDERSON MILL RD @ BOLERO DR,0.196
HENDERSON MILL RD @ GLENROSE DR,HENDERSON MILL RD @ MIDVALE RD,0.088
HENDERSON MILL RD @ GLENROSE DR,HENDERSON MILL RD @ HENDERSON CREEK,0.057
HENDERSON MILL RD @ MIDVALE RD,HENDERSON MILL RD @ LESLIE DR,0.328
HENDERSON MILL RD @ MIDVALE RD,HENDERSON MILL RD @ GLENROSE DR,0.088
HENDERSON MILL RD @ LESLIE DR,HENDERSON MILL RD @ LESLIE DR,0.0
HENDERSON MILL RD @ LESLIE DR,HENDERSON MILL RD @ KINGS ARMS DR,0.141
HENDERSON MILL RD @ LESLIE DR,HENDERSON MILL RD NE @ MIDVALE RD,0.185
HENDERSON MILL RD @ KINGS ARMS DR,HENDERSON MILL RD @ BRIARCLIFF WAY,0.131
HENDERSON MILL RD @ KINGS ARMS DR,HENDERSON MILL RD @ LESLIE DR,0.141
HENDERSON MILL RD @ BRIARCLIFF WAY,NORTHLAKE PKWY @ HENDERSON MILL RD,0.249
PARKLAKE DR NE @ 2200,PARKLAKE DR @ LAVISTA RD,0.263
PARKLAKE DR @ LAVISTA RD,RANCHWOOD DR @ WEEMS RD,0.11
PARKLAKE DR NE @ 2175,NORTHLAKE PKWY @ PARKLAKE DR,0.193
HENDERSON MILL RD NE @ MILL RIDGE TRL,HENDERSON MILL RD @ AMBLEWOOD CT,0.134
HENDERSON MILL RD @ AMBLEWOOD CT,HENDERSON MILL RD @ KINGS ARMS DR,0.092
HENDERSON MILL RD NE @ MIDVALE RD,HENDERSON MILL RD @ MIDVALE RD,0.143
HENDERSON MILL RD @ MERCER UNIVERSITY DR,HENDERSON MILL RD @ SHABROMAT WAY,0.21
HENDERSON MILL RD @ MERCER UNIVERSITY DR,MERCER UNIVERSITY DR @ DUNNINGTON CIR,0.045
HENDERSON MILL RD @ CHAMBLEE TUCKER RD,CHAMBLEE TUCKER RD @ HENDERSON MILL,0.113
CHAMBLEE TUCKER RD @ 3350,CHAMBLEE TUCKER RD @ BUCKEYE RD,0.088
CHAMBLEE TUCKER RD @ N EMBRY CIR,CHAMBLEE TUCKER RD @ BARKSIDE CT,0.201
CHAMBLEE TUCKER RD @ BARKSIDE CT,CHAMBLEE TUCKER RD @ STANTONDALE DR,0.231
CHAMBLEE TUCKER RD @ PRESIDENTIAL PK,CHAMBLEE TUCKER RD @ DEKALB TECHNOLOGY PKWY,0.276
CHAMBLEE TUCKER RD @ BUFORD HWY,CHAMBLEE TUCKER RD @ CARROLL CIR,0.115
CHAMBLEE TUCKER RD @ CARROLL CIR,CHAMBLEE TUCKER RD @ CUMBERLAND DR,0.084
CHAMBLEE TUCKER RD @ CATALINA DR,CHAMBLEE TUCKER RD @ HOOD AVE,0.151
CHAMBLEE TUCKER RD @ HOOD AVE,CHAMBLEE TUCKER RD @ WATKINS AVE,0.164
CHAMBLEE TUCKER RD @ WATKINS AVE,CHAMBLEE TUCKER RD @ NEW PEACHTREE RD,0.158
CHAMBLEE TUCKER RD @ NEW PEACHTREE RD,CHAMBLEE STATION - EAST LOOP,0.138
MERCER UNIVERSITY DR @ DUNNINGTON CIR,FLOWERS RD S @ MERCER UNIVERSITY DR,0.152
FLOWERS RD S @ MERCER UNIVERSITY DR,FLOWERS RD S @ 3155,0.234
FLOWERS RD S @ 3155,FLOWERS RD S @ UNIVERSITY CIR E,0.133
FLOWERS RD S @ UNIVERSITY CIR E,FLOWERS RD S @ 2971,0.373
FLOWERS RD S @ UNIVERSITY CIR E,FLOWERS RD S @ UNIVERSITY CIR W,0.225
FLOWERS RD S @ 2971,FLOWERS RD S @ BRANDYWINE RD,0.241
FLOWERS RD S @ 2971,FLOWERS RD S @ HOLLINSWOOD DR,0.134
FLOWERS RD S @ BRANDYWINE RD,BRANDYWINE RD @ 2920,0.16
BRANDYWINE RD @ 2920,HOLLINGSWOOD DR @ FLOWERS RD,0.197
HOLLINGSWOOD DR @ FLOWERS RD,FLOWERS RD S @ HOLLINSWOOD DR,0.077
HOLLINGSWOOD DR @ FLOWERS RD,FLOWERS RD S @ UNIVERSITY CIR,0.233
FLOWERS RD S @ HOLLINSWOOD DR,FLOWERS RD S @ UNIVERSITY CIR,0.289
FLOWERS RD S @ HOLLINSWOOD DR,FLOWERS RD S @ BRANDYWINE RD,0.108
FLOWERS RD S @ UNIVERSITY CIR,FLOWERS RD S @ UNIVERSITY CIR,0.0
FLOWERS RD S @ UNIVERSITY CIR,FLOWERS RD @ 3330,0.389
FLOWERS RD @ 3330,FLOWERS RD @ MERCER UNIVERSITY DR,0.204
FLOWERS RD @ MERCER UNIVERSITY DR,MERCER UNIVERSITY DR @ HENDERSON MILL RD,0.147
MERCER UNIVERSITY DR @ HENDERSON MILL RD,HENDERSON MILL RD @ EVANS RD,0.298
MERCER UNIVERSITY DR @ HENDERSON MILL RD,HENDERSON MILL RD @ SHABROMAT WAY,0.228
FLOWERS RD S @ UNIVERSITY CIR W,FLOWERS RD S @ 2971,0.153
MT VERNON RD @ JETT FERRY RD,MT VERNON RD @ TILLY MILL RD,0.261
MT VERNON RD @ TILLY MILL RD,TILLY MILL RD @ SANDELL DR,0.186
MT VERNON RD @ TILLY MILL RD,MT VERNON RD @ MEADOW LAKE DR,0.418
TILLY MILL RD @ SANDELL DR,TILLY MILL RD @ HOLLAND CT,0.243
TILLY MILL RD @ SANDELL DR,TILLY MILL RD @ MT VERNON RD,0.144
TILLY MILL RD @ HOLLAND CT,TILLY MILL RD @ STEPHENS WALK,0.211
TILLY MILL RD @ HOLLAND CT,TILLY MILL RD @ SANDELL DR,0.243
TILLY MILL RD @ STEPHENS WALK,TILLY MILL RD @ DARTFORD DR,0.139
TILLY MILL RD @ STEPHENS WALK,TILLY MILL RD @ HOLLAND CT,0.211
TILLY MILL RD @ DARTFORD DR,TILLY MILL RD @ TILLINGHAM CT,0.209
TILLY MILL RD @ DARTFORD DR,TILLY MILL RD @ STEPHENS WALK,0.139
TILLY MILL RD @ TILLINGHAM CT,TILLY MILL RD @ CHERRING DR,0.3
TILLY MILL RD @ CHERRING DR,TILLY MILL RD @ N PEACHTREE RD,0.235
TILLY MILL RD @ CHERRING DR,TILLY MILL RD @ WOMACK RD,0.354
TILLY MILL RD @ N PEACHTREE RD,N PEACHTREE RD @ BARCLAY DR,0.2
TILLY MILL RD @ N PEACHTREE RD,TILLY MILL RD @ CHERRING DR,0.235
N PEACHTREE RD @ BARCLAY DR,N PEACHTREE RD @ KINGS POINT DR,0.168
N PEACHTREE RD @ BARCLAY DR,N PEACHTREE RD @ PEELER RD,0.121
N PEACHTREE RD @ KINGS POINT DR,N PEACHTREE RD @ PEACHFORD RD,0.167
N PEACHTREE RD @ KINGS POINT DR,N PEACHTREE RD @ BARCLAY DR,0.168
N PEACHTREE RD @ PEACHFORD RD,N PEACHTREE RD @ BROOKHURST DR,0.191
N PEACHTREE RD @ PEACHFORD RD,N PEACHTREE RD @ KINGS POINT DR,0.167
N PEACHTREE RD @ BROOKHURST DR,N PEACHTREE RD @ FOREST TRL,0.153
N PEACHTREE RD @ BROOKHURST DR,N PEACHTREE RD @ PEACHFORD RD,0.191
N PEACHTREE RD @ FOREST TRL,N PEACHTREE RD @ DUNWOODY XING,0.142
N PEACHTREE RD @ DUNWOODY XING,N PEACHTREE RD @ SAVOY DR,0.234
N PEACHTREE RD @ DUNWOODY XING,N PEACHTREE RD @ KINGS POINT CIR,0.099
N PEACHTREE RD @ SAVOY DR,N PEACHTREE RD @ PERIMETER PARK DR,0.138
N PEACHTREE RD @ SAVOY DR,N PEACHTREE RD @ DUNWOODY XING,0.234
N PEACHTREE RD @ PERIMETER PARK DR,N PEACHTREE RD @ GENTRYS WALK,0.066
N PEACHTREE RD @ PERIMETER PARK DR,N PEACHTREE RD @ SAVOY DR,0.138
N PEACHTREE RD @ GENTRYS WALK,N PEACHTREE RD @ N HILL PKWY,0.198
N PEACHTREE RD @ N HILL PKWY,N PEACHTREE RD @ SPRING WALK CT,0.074
N PEACHTREE RD @ N HILL PKWY,N PEACHTREE RD @ PERIMETER PARK DR,0.241
N PEACHTREE RD @ SPRING WALK CT,N PEACHTREE RD @ PLANTATION LN,0.237
N PEACHTREE RD @ SPRING WALK CT,N PEACHTREE RD @ N HILL PKWY,0.074
N PEACHTREE RD @ TERRELL DR,N PEACHTREE RD @ TALLEY DR,0.19
N PEACHTREE RD @ TERRELL DR,N PEACHTREE RD @ PEACHTREE INDUSTRIAL,0.206
N PEACHTREE RD @ TALLEY DR,N PEACHTREE RD @ PEACHTREE RD,0.156
N PEACHTREE RD @ PEACHTREE RD,PEACHTREE RD @ INGERSOLL RAND DR,0.118
N PEACHTREE RD @ PEACHTREE RD,N PEACHTREE RD @ CLEMSON DR,0.168
PEACHTREE RD @ INGERSOLL RAND DR,PEACHTREE RD @ BROAD ST,0.109
PEACHTREE RD @ INGERSOLL RAND DR,N PEACHTREE RD @ PEACHTREE RD,0.118
PEACHTREE RD @ BROAD ST,PEACHTREE RD @ BROAD ST,0.0
PEACHTREE RD @ BROAD ST,PEACHTREE RD @ CHAMBLEE DUNWOODY WAY,0.302
PEACHTREE RD @ BROAD ST,PEACHTREE RD @ INGERSOLL RAND DR,0.109
PEACHTREE RD @ CHAMBLEE DUNWOODY WAY,CHAMBLEE STATION - WEST LOOP,0.326
PEACHTREE RD @ AMERICAN INDUSTRIAL W,PEACHTREE RD @ BROAD ST,0.267
N PEACHTREE RD @ CLEMSON DR,N PEACHTREE RD @ TERRELL DR,0.18
N PEACHTREE RD @ PEACHTREE INDUSTRIAL,N PEACHTREE RD @ PEACHTREE INDUSTRIAL BLVD,0.117
N PEACHTREE RD @ KINGS POINT CIR,N PEACHTREE RD @ BROOKHURST DR,0.191
N PEACHTREE RD @ PEELER RD,TILLY MILL RD @ N PEACHTREE RD,0.082
TILLY MILL RD @ WOMACK RD,TILLY MILL RD @ DARTFORD DR,0.162
TILLY MILL RD @ MT VERNON RD,MT VERNON RD @ CEDAR CHASE,0.132
MT VERNON RD @ CEDAR CHASE,JETT FERRY RD @ MT VERNON RD,0.154
JETT FERRY RD @ MT VERNON RD,JETT FERRY RD @ DUNWOODY CLUB DR,0.121
JETT FERRY RD @ DUNWOODY CLUB DR,DUNWOODY CLUB DR @ MT VERNON RD,0.139
DUNWOODY CLUB DR @ MT VERNON RD,MT VERNON RD @ JETT FERRY RD,0.133
LAVISTA RD @ RANCHWOOD DR,BRIARCLIFF RD NE @ HENDERSON MILL RD,0.22
BRIARCLIFF RD NE @ HENDERSON MILL RD,BRIARCLIFF RD NE @ RANDOLPH RD NE,0.225
BRIARCLIFF RD @ BRIARCLIFF WAY,BRIARCLIFF RD @ CRAVEY DR,0.172
BRIARCLIFF RD @ BRIARCLIFF WAY,BRIARCLIFF RD @ HENDERSON MILL RD,0.466
BRIARCLIFF RD @ CRAVEY DR,BRIARCLIFF RD @ BRIARCREST TRL,0.185
BRIARCLIFF RD @ CRAVEY DR,BRIARCLIFF RD @ BRIARCLIFF WAY,0.172
BRIARCLIFF RD @ BRIARCREST TRL,BRIARCLIFF RD @ HAWTHORNE DR,0.189
BRIARCLIFF RD @ BRIARCREST TRL,BRIARCLIFF RD @ CRAVEY DR,0.185
BRIARCLIFF RD @ HAWTHORNE DR,BRIARCLIFF RD @ BROOKDALE DR,0.315
BRIARCLIFF RD @ HAWTHORNE DR,BRIARCLIFF RD @ BRIARCREST TRL,0.189
BRIARCLIFF RD @ BROOKDALE DR,SHALLOWFORD RD NE @ MELINDA DR NE,0.29
BRIARCLIFF RD @ BROOKDALE DR,BRIARCLIFF RD @ HAWTHORNE DR,0.315
SHALLOWFORD RD NE @ MELINDA DR NE,SHALLOWFORD RD NE @ FLAIR KNOLL DR NE,0.204
SHALLOWFORD RD NE @ FLAIR KNOLL DR NE,SHALLOWFORD RD NE @ LAKE FLAIR CIR NE,0.24
SHALLOWFORD RD NE @ FLAIR KNOLL DR NE,BRIARCLIFF RD @ SHALLOWFORD RD,0.261
SHALLOWFORD RD NE @ LAKE FLAIR CIR NE,SHALLOWFORD RD NE @ BRIARLAKE CT NE,0.13
SHALLOWFORD RD NE @ BRIARLAKE CT NE,SHALLOWFORD RD NE @ FRONTIER TRL,0.266
SHALLOWFORD RD NE @ BRIARLAKE CT NE,SHALLOWFORD RD NE @ LAKE FLAIR CIR NE (N),0.118
SHALLOWFORD RD NE @ FRONTIER TRL,SHALLOWFORD RD NE @ 2739,0.114
SHALLOWFORD RD NE @ FRONTIER TRL,SHALLOWFORD RD NE @ BRIARLAKE CT NE,0.266
SHALLOWFORD RD NE @ 2739,SHALLOWFORD RD NE @ DRESDEN DR NE,0.145
SHALLOWFORD RD NE @ DRESDEN DR NE,SHALLOWFORD RD NE @ 2865,0.127
SHALLOWFORD RD NE @ DRESDEN DR NE,SHALLOWFORD RD NE @ 2728,0.154
SHALLOWFORD RD NE @ 2865,SHALLOWFORD RD NE @ WOODSIDE WAY,0.166
SHALLOWFORD RD NE @ WOODSIDE WAY,SHALLOWFORD RD NE @ WHISPERING HILLS DR,0.185
SHALLOWFORD RD NE @ WOODSIDE WAY,SHALLOWFORD RD NE @ 2868,0.163
SHALLOWFORD RD NE @ WHISPERING HILLS DR,SHALLOWFORD RD NE @ SHALLOWFORD PL,0.21
SHALLOWFORD RD NE @ SHALLOWFORD PL,SHALLOWFORD RD NE @ BEVERLY HILLS DR,0.081
SHALLOWFORD RD NE @ SHALLOWFORD PL,SHALLOWFORD RD NE @ SHALLOWFORD TER,0.18
SHALLOWFORD RD NE @ BEVERLY HILLS DR,SHALLOWFORD RD NE @ ORTEGA WAY,0.109
SHALLOWFORD RD NE @ BEVERLY HILLS DR,SHALLOWFORD RD NE @ SHALLOWFORD PL,0.081
SHALLOWFORD RD NE @ ORTEGA WAY,SHALLOWFORD RD NE @ LAVENTURE DR,0.146
SHALLOWFORD RD NE @ ORTEGA WAY,SHALLOWFORD RD NE @ BEVERLY HILLS DR,0.109
SHALLOWFORD RD NE @ LAVENTURE DR,SHALLOWFORD RD NE @ ADDISON DR,0.19
SHALLOWFORD RD @ BUFORD HWY,SHALLOWFORD RD @ 3552,0.142
SHALLOWFORD RD @ BUFORD HWY,SHALLOWFORD RD NE @ CHAMBLEE TUCKER RD,0.308
SHALLOWFORD RD @ 3552,SHALLOWFORD RD @ NEW PEACHTREE,0.423
SHALLOWFORD RD @ NEW PEACHTREE,NEW PEACHTREE RD @ 5935,0.182
NEW PEACHTREE RD @ 5935,DORAVILLE STATION,0.158
NEW PEACHTREE RD @ 5918,SHALLOWFORD RD @ NEW PEACHTREE RD,0.144
SHALLOWFORD RD @ NEW PEACHTREE RD,SHALLOWFORD RD @ 3548,0.39
SHALLOWFORD RD @ 3548,SHALLOWFORD RD @ BUFORD HWY,0.17
SHALLOWFORD RD NE @ CHAMBLEE TUCKER RD,SHALLOWFORD RD NE @ LA VENTURE DR,0.169
SHALLOWFORD RD NE @ LA VENTURE DR,SHALLOWFORD RD NE @ ORTEGA WAY,0.169
SHALLOWFORD RD NE @ SHALLOWFORD TER,SHALLOWFORD RD NE @ WOODSIDE WAY,0.215
SHALLOWFORD RD NE @ 2868,SHALLOWFORD RD NE @ DRESDEN DR NE,0.13
SHALLOWFORD RD NE @ 2728,SHALLOWFORD RD NE @ FRONTIER TRL,0.103
SHALLOWFORD RD NE @ LAKE FLAIR CIR NE (N),SHALLOWFORD RD NE @ FLAIR KNOLL DR NE,0.253
BRIARCLIFF RD @ SHALLOWFORD RD,BRIARCLIFF RD @ BROOKDALE DR,0.223
BRIARCLIFF RD @ HENDERSON MILL RD,BRIARCLIFF RD @ LAVISTA RD,0.257
BRIARCLIFF RD @ LAVISTA RD,RANCHWOOD DR @ WEEMS RD,0.184
WINDWARD PARK & RIDE,MORRIS RD @ 12395,0.308
MORRIS RD @ 12395,NORTH POINT PKWY @ 960,0.246
MORRIS RD @ 12395,NORTH POINT PKWY @ 900,0.137
NORTH POINT PKWY @ 960,NORTH POINT PKWY @ WEBB BRIDGE RD,0.123
NORTH POINT PKWY @ 960,NORTH POINT PKWY @ 900,0.197
NORTH POINT PKWY @ WEBB BRIDGE RD,NORTH POINT PKWY @ 3180,0.157
NORTH POINT PKWY @ 3180,NORTH POINT PKWY @ CYPRESS CT,0.191
NORTH POINT PKWY @ 3180,NORTH POINT PKWY @ 960,0.271
NORTH POINT PKWY @ CYPRESS CT,NORTH POINT PKWY @ PRESTON RIDGE RD,0.065
NORTH POINT PKWY @ CYPRESS CT,NORTH POINT PKWY @ 3180,0.191
NORTH POINT PKWY @ PRESTON RIDGE RD,NORTH POINT PKWY @ OLD MILTON PKWY,0.319
NORTH POINT PKWY @ PRESTON RIDGE RD,NORTH POINT PKWY @ CYPRESS CT,0.065
NORTH POINT PKWY @ OLD MILTON PKWY,NORTH POINT PKWY @ 4125,0.158
NORTH POINT PKWY @ OLD MILTON PKWY,NORTH POINT PKWY @ EXECUTIVE DRIVE,0.138
NORTH POINT PKWY @ 4125,NORTH POINT PKWY @ GREAT OAKS WAY,0.33
NORTH POINT PKWY @ GREAT OAKS WAY,NORTH POINT PKWY @ ROYAL DR,0.27
NORTH POINT PKWY @ GREAT OAKS WAY,NORTH POINT PKWY @ 4000,0.298
NORTH POINT PKWY @ ROYAL DR,NORTH POINT PKWY @ GREAT OAKS WAY (S),0.18
NORTH POINT PKWY @ ROYAL DR,NORTH POINT PKWY @ GREAT OAKS WAY,0.27
NORTH POINT PKWY @ GREAT OAKS WAY (S),NORTH POINT PKWY @ 5055,0.492
NORTH POINT PKWY @ 5055,NORTH POINT PKWY @ ROCK MILL RD,0.235
NORTH POINT PKWY @ ROCK MILL RD,NORTH POINT PKWY @ NORTH POINT DR,0.12
NORTH POINT PKWY @ ROCK MILL RD,NORTH POINT PKWY @ KIMBALL BRIDGE RD,0.358
NORTH POINT PKWY @ NORTH POINT DR,NORTH POINT PKWY @ GEORGIA LANE,0.15
NORTH POINT PKWY @ GEORGIA LANE,NORTH POINT PKWY @ NORTH POINT CT,0.33
NORTH POINT PKWY @ NORTH POINT CT,NORTH POINT PKWY @ 6250,0.124
NORTH POINT PKWY @ NORTH POINT CT,NORTH POINT PKWY @ GEORGIA LN,0.278
NORTH POINT PKWY @ NORTH POINT CT,HAYNES BRIDGE RD @ NORTH POINT DR,0.211
NORTH POINT PKWY @ 6250,NORTH POINT PWKY @ 6499,0.238
NORTH POINT PWKY @ 6499,NORTH POINT PKWY @ ENCORE PKWY,0.345
NORTH POINT PKWY @ ENCORE PKWY,NORTH POINT PKWY @ 7231,0.144
NORTH POINT PKWY @ ENCORE PKWY,NORTH POINT PKWY @ 6440,0.363
NORTH POINT PKWY @ 7231,NORTH POINT PKWY @ 7301,0.117
NORTH POINT PKWY @ 7301,NORTH POINT PKWY @ 7731,0.202
NORTH POINT PKWY @ 7731,NORTH POINT PKWY @ MANSELL RD,0.102
NORTH POINT PKWY @ MANSELL RD,MANSELL PARK & RIDE - ON RAMP,0.416
NORTH POINT PKWY @ MANSELL RD,NORTH POINT PKWY @ 7300,0.32
MANSELL PARK & RIDE - ON RAMP,NORTH SPRINGS STATION,6.905
MANSELL PARK & RIDE - ON RAMP,HOLCOMB BRIDGE RD @ MARKET BLVD,1.263
NORTH POINT PKWY @ 7300,NORTH POINT PKWY @ 7300,0.0
NORTH POINT PKWY @ 7300,NORTH POINT PKWY @ ENCORE PKWY,0.23
NORTH POINT PKWY @ 6440,NORTH POINT PKWY @ 6360,0.206
NORTH POINT PKWY @ 6360,NORTH POINT PKWY @ NORTH POINT CT,0.143
NORTH POINT PKWY @ GEORGIA LN,NORTH POINT PKWY @ MILL CREEK AVE,0.151
NORTH POINT PKWY @ MILL CREEK AVE,NORTH POINT PKWY @ ROCK MILL RD,0.178
NORTH POINT PKWY @ KIMBALL BRIDGE RD,NORTH POINT PKWY @ ROYAL BLVD S,0.148
NORTH POINT PKWY @ ROYAL BLVD S,NORTH POINT PKWY @ GREAT OAKS WAY,0.645
NORTH POINT PKWY @ 4000,NORTH POINT PKWY @ OLD MILTON PKWY,0.198
NORTH POINT PKWY @ EXECUTIVE DRIVE,NORTH POINT PKWY @ PRESTON RIDGE RD,0.184
NORTH POINT PKWY @ 900,NORTH POINT PKWY @ 500,0.334
NORTH POINT PKWY @ 500,DRYDEN RD @ NORTH POINT PKWY,0.109
NORTH POINT PKWY @ 500,WINDWARD PKWY @ NORTH POINT PKWY,0.243
DRYDEN RD @ NORTH POINT PKWY,WINDWARD PARK & RIDE,0.201
WINDWARD PKWY @ NORTH POINT PKWY,WINDWARD PKWY @ 5530,0.562
WINDWARD PKWY @ NORTH POINT PKWY,DRYDEN RD @ NORTH POINT PKWY,0.136
WINDWARD PKWY @ NORTH POINT PKWY,NORTH SPRINGS STATION,11.494
WINDWARD PKWY @ NORTH POINT PKWY,WINDWARD PKWY @ EDISON DR,0.222
WINDWARD PKWY @ 5530,WINDWARD PKWY @ DEERFIELD PKWY,0.25
WINDWARD PKWY @ 5530,DEERFIELD PKWY @ MORRIS RD,0.261
WINDWARD PKWY @ DEERFIELD PKWY,WINDWARD PKWY @ INNOVATION WAY,0.198
WINDWARD PKWY @ INNOVATION WAY,WINDWARD PKWY @ JORDAN CT,0.289
WINDWARD PKWY @ INNOVATION WAY,WINDWARD PKWY @ WESTSIDE PKWY,0.278
WINDWARD PKWY @ JORDAN CT,N MAIN ST @ WINDWARD PKWY W,0.21
N MAIN ST @ WINDWARD PKWY W,N MAIN ST @ COGBURN RD,0.29
N MAIN ST @ COGBURN RD,N MAIN ST @ 684,0.247
N MAIN ST @ 684,N MAIN ST @ VAUGHAN DR,0.282
N MAIN ST @ VAUGHAN DR,N MAIN ST @ CANTON ST,0.173
N MAIN ST @ VAUGHAN DR,N MAIN ST @ WATER OAK PL,0.271
N MAIN ST @ CANTON ST,N MAIN ST @ PINE GROVE DR,0.435
N MAIN ST @ PINE GROVE DR,N MAIN ST @ CUMMING ST,0.289
N MAIN ST @ PINE GROVE DR,N MAIN ST @ 301,0.097
N MAIN ST @ CUMMING ST,ACADEMY ST @ MARKET ST,0.202
N MAIN ST @ CUMMING ST,N MAIN ST @ MAYFIELD RD,0.144
ACADEMY ST @ MARKET ST,ACADEMY ST @ HAYNES BRIDGE RD,0.077
ACADEMY ST @ HAYNES BRIDGE RD,HAYNES BRIDGE RD @ CAMPION PATH,0.139
HAYNES BRIDGE RD @ CAMPION PATH,HAYNES BRIDGE RD @ OLD MILTON PKWY,0.293
HAYNES BRIDGE RD @ OLD MILTON PKWY,HAYNES BRIDGE RD @ 11770,0.056
HAYNES BRIDGE RD @ OLD MILTON PKWY,HAYNES BRIDGE RD @ THOMPSON ST,0.153
HAYNES BRIDGE RD @ 11770,HAYNES BRIDGE RD @ DEVORE RD,0.195
HAYNES BRIDGE RD @ DEVORE RD,HAYNES BRIDGE RD @ WOODHAVEN WAY,0.201
HAYNES BRIDGE RD @ DEVORE RD,HAYNES BRIDGE RD @ OLD MILTON PKWY,0.24
HAYNES BRIDGE RD @ WOODHAVEN WAY,HAYNES BRIDGE RD @ RAINWATER BLVD,0.145
HAYNES BRIDGE RD @ RAINWATER BLVD,HAYNES BRIDGE RD @ 11405,0.187
HAYNES BRIDGE RD @ 11405,HAYNES BRIDGE RD @ LAKEVIEW PKWY,0.098
HAYNES BRIDGE RD @ LAKEVIEW PKWY,HAYNES BRIDGE RD @ ROCK MILL RD,0.428
HAYNES BRIDGE RD @ ROCK MILL RD,HAYNES BRIDGE RD @ NORTH POINT DR,0.139
HAYNES BRIDGE RD @ ROCK MILL RD,HAYNES BRIDGE RD @ 11385,0.319
HAYNES BRIDGE RD @ NORTH POINT DR,NORTH POINT PKWY @ NORTH POINT CT,0.211
HAYNES BRIDGE RD @ NORTH POINT DR,HAYNES BRIDGE RD @ ROCK MILL RD,0.139
DEERFIELD PKWY @ MORRIS RD,DEERFIELD PKWY @ TWO VERIZON PL,0.229
DEERFIELD PKWY @ MORRIS RD,WINDWARD PKWY @ WESTSIDE PKWY,0.167
DEERFIELD PKWY @ MORRIS RD,MORRIS RD @ ONE VERIZON PL,0.106
DEERFIELD PKWY @ TWO VERIZON PL,DEERFIELD PKWY @ THREE VERIZON PL,0.235
DEERFIELD PKWY @ TWO VERIZON PL,DEERFIELD PKWY @ MORRIS RD,0.229
DEERFIELD PKWY @ THREE VERIZON PL,DEERFIELD PKWY @ WEBB RD,0.235
DEERFIELD PKWY @ THREE VERIZON PL,DEERFIELD PKWY @ TWO VERIZON PL,0.235
DEERFIELD PKWY @ WEBB RD,DEERFIELD PKWY @ N PARK LN,0.239
DEERFIELD PKWY @ WEBB RD,DEERFIELD PKWY @ THREE VERIZON PL,0.235
DEERFIELD PKWY @ N PARK LN,DEERFIELD PKWY @ AVENSONG XING,0.361
DEERFIELD PKWY @ AVENSONG XING,ALPHARETTA HWY @ DEERFIELD PKWY,0.217
DEERFIELD PKWY @ AVENSONG XING,DEERFIELD PKWY @ WHITSHIRE WAY,0.336
ALPHARETTA HWY @ DEERFIELD PKWY,SR 9 @ WEBB RD,0.511
SR 9 @ WEBB RD,N MAIN ST @ WINDWARD PKWY W,0.55
SR 9 @ WEBB RD,ALPHARETTA PKWY @ DEERFIELD PKWY,0.509
HAYNES BRIDGE RD @ 11385,HAYNES BRIDGE RD @ NORTHWINDS PKWY,0.132
HAYNES BRIDGE RD @ NORTHWINDS PKWY,HAYNES BRIDGE RD @ WESTSIDE PKWY,0.197
HAYNES BRIDGE RD @ WESTSIDE PKWY,HAYNES BRIDGE RD @ RAINWATER DR,0.23
HAYNES BRIDGE RD @ RAINWATER DR,HAYNES BRIDGE RD @ DEVORE RD,0.189
HAYNES BRIDGE RD @ THOMPSON ST,HAYNES BRIDGE RD @ TIFFANY SQ,0.178
HAYNES BRIDGE RD @ TIFFANY SQ,N MAIN ST @ ACADEMY ST,0.241
N MAIN ST @ ACADEMY ST,N MAIN ST @ CUMMING ST,0.147
N MAIN ST @ MAYFIELD RD,N MAIN ST @ PINE GROVE DR,0.148
N MAIN ST @ 301,N MAIN ST @ 379,0.136
N MAIN ST @ 379,N MAIN ST @ WINTHROPE PARK DR,0.257
N MAIN ST @ WINTHROPE PARK DR,N MAIN ST @ VAUGHAN DR,0.105
N MAIN ST @ WATER OAK PL,N MAIN ST @ HENDERSON PKWY,0.192
N MAIN ST @ HENDERSON PKWY,SR 9 @ WINDWARD PKWY,0.453
N MAIN ST @ HENDERSON PKWY,WINDWARD PKWY @ N MAIN ST,0.411
SR 9 @ WINDWARD PKWY,SR 9 @ WEBB RD,0.452
ALPHARETTA PKWY @ DEERFIELD PKWY,DEERFIELD PKWY @ AVENSONG XING,0.214
DEERFIELD PKWY @ WHITSHIRE WAY,DEERFIELD PKWY @ WEBB RD,0.259
WINDWARD PKWY @ WESTSIDE PKWY,WINDWARD PKWY @ NORTH POINT PKWY,0.729
WINDWARD PKWY @ WESTSIDE PKWY,WINDWARD PKWY @ 5555,0.208
WINDWARD PKWY @ N MAIN ST,WINDWARD PKWY @ WESTFIELD DR,0.279
WINDWARD PKWY @ WESTFIELD DR,WINDWARD PKWY @ INNOVATION WAY,0.146
SPALDING DR @ 7300,RIVER EXCHANGE DR @ 3175,0.129
RIVER EXCHANGE DR @ 3175,RIVER EXCHANGE DR @ HOLCOMB BRIDGE RD,0.192
RIVER EXCHANGE DR @ HOLCOMB BRIDGE RD,HOLCOMB BRIDGE RD @ BARNWELL RD,1.168
HOLCOMB BRIDGE RD @ BARNWELL RD,HOLCOMB BRIDGE RD @ NESBIT FERRY RD,0.246
HOLCOMB BRIDGE RD @ NESBIT FERRY RD,HOLCOMB BRIDGE RD @ STEEPLE CHASE DR (SOUTH),0.31
HOLCOMB BRIDGE RD @ STEEPLE CHASE DR (SOUTH),HOLCOMB BRIDGE RD @ 2701,0.324
HOLCOMB BRIDGE RD @ STEEPLE CHASE DR (SOUTH),HOLCOMB BRIDGE RD @ S HOLCOMB BRIDGE WAY (NORTH),0.298
HOLCOMB BRIDGE RD @ 2701,HOLCOMB BRIDGE RD @ CHAMPIONS GREEN PKWY,0.417
HOLCOMB BRIDGE RD @ CHAMPIONS GREEN PKWY,HOLCOMB BRIDGE RD @ FOUTS RD,0.533
HOLCOMB BRIDGE RD @ CHAMPIONS GREEN PKWY,HOLCOMB BRIDGE RD @ 2720,0.444
HOLCOMB BRIDGE RD @ FOUTS RD,HOLCOMB BRIDGE RD @ EVES RD,0.324
HOLCOMB BRIDGE RD @ FOUTS RD,HOLCOMB BRIDGE RD @ CHAMPIONS GREEN PKWY,0.533
HOLCOMB BRIDGE RD @ EVES RD,HOLCOMB BRIDGE RD @ TERRAMOUNT DR,0.891
HOLCOMB BRIDGE RD @ TERRAMOUNT DR,HOLCOMB BRIDGE RD @ HOLCOMB WOODS PKWY,0.284
HOLCOMB BRIDGE RD @ HOLCOMB WOODS PKWY,HOLCOMB BRIDGE RD @ OLD ALABAMA RD,0.332
HOLCOMB BRIDGE RD @ HOLCOMB WOODS PKWY,HOLCOMB BRIDGE RD @ MARTINS LANDING DR,0.272
HOLCOMB BRIDGE RD @ OLD ALABAMA RD,HOLCOMB BRIDGE RD @ MARKET BLVD,0.168
HOLCOMB BRIDGE RD @ OLD ALABAMA RD,HOLCOMB BRIDGE RD @ HOLCOMB WOODS PKWY,0.332
HOLCOMB BRIDGE RD @ MARKET BLVD,MANSELL PARK & RIDE - ON RAMP,1.263
HOLCOMB BRIDGE RD @ MARKET BLVD,HOLCOMB BRIDGE RD @ OLD ALABAMA RD,0.168
HOLCOMB BRIDGE RD @ MARTINS LANDING DR,HOLCOMB BRIGE RD @ EVES RD,0.922
HOLCOMB BRIGE RD @ EVES RD,HOLCOMB BRIDGE RD @ FOUTS RD,0.315
HOLCOMB BRIDGE RD @ 2720,HOLCOMB BRIDGE RD @ STEEPLE CHASE DR (SOUTH),0.303
HOLCOMB BRIDGE RD @ S HOLCOMB BRIDGE WAY (NORTH),HOLCOMB BRIDGE RD @ SPALDING DR,1.587
HOLCOMB BRIDGE RD @ SPALDING DR,SPALDING DR @ 7736,0.111
SPALDING DR @ 7736,SPALDING DR @ 7300,0.099
WINDWARD PKWY @ EDISON DR,WINDWARD PKWY @ MARCONI DR,0.127
WINDWARD PKWY @ EDISON DR,DRYDEN RD @ NORTH POINT PKWY,0.318
WINDWARD PKWY @ MARCONI DR,WINDWARD PKWY @ WINDWARD PLZ,0.469
WINDWARD PKWY @ MARCONI DR,WINDWARD PKWY @ EDISON DR,0.127
WINDWARD PKWY @ WINDWARD PLZ,WINDWARD PLZ @ 3025,0.147
WINDWARD PLZ @ 3025,WINDWARD PLAZA @ 4025,0.07
WINDWARD PLAZA @ 4025,WINDWARD CONCOURSE @ 1100,0.167
WINDWARD CONCOURSE @ 1100,WINDWARD CONCOURSE @ ALDERMAN DR,0.29
WINDWARD CONCOURSE @ 1100,WINDWARD PLZ @ 4025,0.172
WINDWARD CONCOURSE @ ALDERMAN DR,MCGINNIS FERRY RD @ WINDWARD CONCOURSE,0.145
WINDWARD CONCOURSE @ ALDERMAN DR,WINDWARD CONCOURSE @ 1100,0.29
MCGINNIS FERRY RD @ WINDWARD CONCOURSE,MCGINNIS FERRY RD @ TIDWELL DR,0.349
MCGINNIS FERRY RD @ TIDWELL DR,MCGINNIS FERRY RD @ DEERFIELD POINT D,0.095
MCGINNIS FERRY RD @ TIDWELL DR,WINDWARD CONCOURSE @ MCGINNIS FERRY R,0.389
MCGINNIS FERRY RD @ DEERFIELD POINT D,MCGINNIS FERRY RD @ BETHANY BND,0.353
MCGINNIS FERRY RD @ BETHANY BND,MORRIS RD @ 13300,0.106
MORRIS RD @ 13300,MORRIS RD @ NEW FAWN LN,0.272
MORRIS RD @ NEW FAWN LN,MORRIS RD @ WEBB RD,0.158
MORRIS RD @ WEBB RD,MORRIS RD @ WEBB RD,0.0
MORRIS RD @ WEBB RD,MORRIS RD @ 13010,0.281
MORRIS RD @ WEBB RD,MORRIS RD @ DEER TRL,0.203
MORRIS RD @ 13010,MORRIS RD @ ONE VERIZON PL,0.382
MORRIS RD @ ONE VERIZON PL,WINDWARD PKWY @ WESTSIDE PKWY,0.238
MORRIS RD @ ONE VERIZON PL,MORRIS RD @ 13560,0.423
WINDWARD PKWY @ 5555,NORTH SPRINGS STATION,11.137
MORRIS RD @ 13560,MORRIS RD @ WEBB RD,0.247
MORRIS RD @ DEER TRL,MORRIS RD @ 13125,0.17
MORRIS RD @ 13125,MORRIS RD @ BETHANY RD,0.194
MORRIS RD @ BETHANY RD,MCGINNIS FERRY RD @ DEERFIELD POINT DR,0.283
MCGINNIS FERRY RD @ DEERFIELD POINT DR,MCGINNIS FERRY RD @ TIDWELL DR,0.126
WINDWARD CONCOURSE @ MCGINNIS FERRY R,WINDWARD CONCOURSE @ ALDERMAN DR,0.108
WINDWARD PLZ @ 4025,WINDWARD PKWY @ ALDERMAN DR,0.224
WINDWARD PKWY @ ALDERMAN DR,WINDWARD PKWY @ MARCONI DR,0.425
SANDY SPRINGS STATION,MT VERNON HWY NE @ CRESTLINE PKWY NE,0.333
SANDY SPRINGS STATION,NORTH SPRINGS STATION,0.977
SANDY SPRINGS STATION,DUNWOODY STATION,0.831
SANDY SPRINGS STATION,EAST POINT STATION,18.37
SANDY SPRINGS STATION,BROOKHAVEN-OGLETHORPE STATION,5.007
SANDY SPRINGS STATION,ARTS CENTER STATION,10.065
SANDY SPRINGS STATION,MIDTOWN STATION,10.613
SANDY SPRINGS STATION,LINDBERGH CENTER STATION,7.562
SANDY SPRINGS STATION,AIRPORT STATION,20.872
SANDY SPRINGS STATION,COLLEGE PARK STATION,20.245
SANDY SPRINGS STATION,GARNETT STATION,12.911
SANDY SPRINGS STATION,FIVE POINTS STATION,12.512
SANDY SPRINGS STATION,PEACHTREE CENTER STATION,12.188
SANDY SPRINGS STATION,CHAMBLEE STATION,3.989
SANDY SPRINGS STATION,OAKLAND CITY STATION,15.433
SANDY SPRINGS STATION,WEST END STATION,14.005
SANDY SPRINGS STATION,BUCKHEAD STATION,5.874
SANDY SPRINGS STATION,NORTH AVENUE STATION,11.254
SANDY SPRINGS STATION,DORAVILLE STATION,4.524
SANDY SPRINGS STATION,MEDICAL CENTER STATION,1.468
SANDY SPRINGS STATION,CIVIC CENTER STATION,11.64
SANDY SPRINGS STATION,LENOX STATION,5.995
SANDY SPRINGS STATION,LAKEWOOD-FT MCPHERSON STATION,16.61
MT VERNON HWY NE @ CRESTLINE PKWY NE,MT VERNON HWY NE @ BARFIELD RD NE,0.279
MT VERNON HWY NE @ CRESTLINE PKWY NE,SANDY SPRINGS STATION,0.333
MT VERNON HWY NE @ BARFIELD RD NE,MT VERNON HWY NE @ GLENRIDGE DR NE,0.406
MT VERNON HWY NE @ BARFIELD RD NE,MT VERNON HWY NE @ CRESTLINE PKWY NE,0.279
MT VERNON HWY NE @ GLENRIDGE DR NE,MT VERNON HWY NE @ VERNON WOODS DR NE,0.164
MT VERNON HWY NE @ GLENRIDGE DR NE,MT VERNON HWY NE @ BARFIELD RD NE,0.406
MT VERNON HWY NE @ VERNON WOODS DR NE,MT VERNON HWY NE @ BLUE STONE RD NE,0.665
MT VERNON HWY NE @ VERNON WOODS DR NE,MT VERNON HWY NE @ GLENRIDGE DR NE,0.164
MT VERNON HWY NE @ BLUE STONE RD NE,MT VERNON HWY @ LAKE FORREST DR,0.285
MT VERNON HWY @ LAKE FORREST DR,MT VERNON HWY NW @ HAMMOND DR NW,0.355
MT VERNON HWY @ LAKE FORREST DR,MT VERNON HWY NE @ BLUE STONE RD,0.256
MT VERNON HWY NW @ HAMMOND DR NW,MT VERNON HWY @ HEARDS FERRY RD NW,0.374
MT VERNON HWY NW @ HAMMOND DR NW,MT VERNON HWY @ LAKE FORREST DR,0.355
MT VERNON HWY @ HEARDS FERRY RD NW,MT VERNON HWY NW @ POWERS FERRY RD NW,1.032
MT VERNON HWY @ HEARDS FERRY RD NW,MT VERNON HWY NW @ HAMMOND DR NW,0.374
MT VERNON HWY NW @ POWERS FERRY RD NW,POWERS FERRY RD @ RAIDER DR,0.452
POWERS FERRY RD @ RAIDER DR,POWERS FERRY RD @ DUPREE DR,0.665
POWERS FERRY RD @ RAIDER DR,POWERS FERRY RD NW @ MT VERNON HWY NW,0.393
POWERS FERRY RD @ DUPREE DR,POWERS FERRY RD @ BRICKSTONE DR,0.246
POWERS FERRY RD @ BRICKSTONE DR,POWERS FERRY RD NW @ NEW NORTHSIDE DR NW,0.198
POWERS FERRY RD NW @ NEW NORTHSIDE DR NW,INTERSTATE NORTH PKWY @ 5665,0.288
POWERS FERRY RD NW @ NEW NORTHSIDE DR NW,POWERS FERRY RD NW @ BRICKSTONE DR NW,0.202
INTERSTATE NORTH PKWY @ 5665,INTERSTATE NORTH PKWY @ 5500,0.156
INTERSTATE NORTH PKWY @ 5500,RIVEREDGE PKWY NW @ 1600,0.25
RIVEREDGE PKWY NW @ 1600,RIVEREDGE PKWY NW @ 2100,0.122
RIVEREDGE PKWY NW @ 2100,NORTHSIDE DR @ INTERSTATE NORTH PKWY,0.34
NORTHSIDE DR @ INTERSTATE NORTH PKWY,POWERS FERRY RD NW @ NEW NORTHSIDE DR NW,0.288
POWERS FERRY RD NW @ BRICKSTONE DR NW,POWERS FERRY RD NW @ DUPREE DR NW,0.302
POWERS FERRY RD NW @ DUPREE DR NW,POWERS FERRY RD @ RAIDER DR,0.606
POWERS FERRY RD NW @ MT VERNON HWY NW,MT VERNON HWY NW @ GLEN ERROL RD NW,0.453
MT VERNON HWY NW @ GLEN ERROL RD NW,MT VERNON HWY @ HEARDS FERRY RD NW,0.603
MT VERNON HWY NE @ BLUE STONE RD,MT VERNON HWY NE @ ROSWELL RD NE,0.156
MT VERNON HWY NE @ ROSWELL RD NE,JOHNSON FERRY RD @ HARLESTON RD,0.251
CHAMBLEE DUNWOODY RD @ DUNWOODY VILLAGE PKWY,CHAMBLEE DUNWOODY RD @ NANDINA LN,0.122
CHAMBLEE DUNWOODY RD @ NANDINA LN,CHAMBLEE DUNWOODY RD @ MT VERNON RD,0.115
CHAMBLEE DUNWOODY RD @ NANDINA LN,MT VERNON RD @ VERNON RIDGE DR,0.526
CHAMBLEE DUNWOODY RD @ MT VERNON RD,ASHFORD DUNWOODY RD @ ASHFORD CTR N,0.385
ASHFORD DUNWOODY RD @ ASHFORD CTR N,ASHFORD DUNWOODY RD @ ASHFORD CENTER PKWY,0.186
ASHFORD DUNWOODY RD @ ASHFORD CTR N,ASHFORD DUNWOODY RD @ MT VERNON RD,0.082
ASHFORD DUNWOODY RD @ ASHFORD CENTER PKWY,ASHFORD DUNWOODY RD @ ASHFORD GABLES,0.158
ASHFORD DUNWOODY RD @ ASHFORD GABLES,ASHFORD DUNWOODY RD @ ASHWOOD PKWY,0.194
ASHFORD DUNWOODY RD @ ASHWOOD PKWY,ASHFORD DUNWOODY RD @ MEADOW LANE RD,0.127
ASHFORD DUNWOODY RD @ MEADOW LANE RD,PERIMETER CTR PL NE @ MEADOW LANE RD,0.124
ASHFORD DUNWOODY RD @ MEADOW LANE RD,ASHFORD DUNWOODY RD @ ASHFORD PKWY,0.145
PERIMETER CTR PL NE @ MEADOW LANE RD,PERIMETER CTR PL @ PERIMETER CTR WEST,0.167
PERIMETER CTR PL NE @ MEADOW LANE RD,ASHFORD DUNWOODY RD @ MEADOW LANE RD,0.124
PERIMETER CTR PL @ PERIMETER CTR WEST,PERIMETER CTR W @ 90,0.198
PERIMETER CTR W @ 90,PERIMETER CTR E @ ASHFORD DUNWOODY,0.148
PERIMETER CTR E @ ASHFORD DUNWOODY,PERIMETER CTR E @ 14,0.235
PERIMETER CTR E @ ASHFORD DUNWOODY,ASHFORD DUNWOODY RD @ RAVINIA DR,0.299
PERIMETER CTR E @ 14,PERIMETER CTR E @ 24,0.114
PERIMETER CTR E @ 24,PERIMETER CTR E @ 53,0.287
PERIMETER CTR E @ 24,PERIMETER CENTER E @ 8,0.166
PERIMETER CTR E @ 53,PERIMETER CTR E @ 72,0.223
PERIMETER CTR E @ 72,PERIMETER CTR E @ ASHFORD DUNWOODY,0.202
ASHFORD DUNWOODY RD @ RAVINIA DR,ASHFORD DUNWOODY RD @ HAMMOND DR,0.105
ASHFORD DUNWOODY RD @ HAMMOND DR,DUNWOODY STATION,0.313
ASHFORD DUNWOODY RD NE @ RAVINIA DR,PERIMETER CTR E @ ASHFORD DUNWOODY RD,0.188
PERIMETER CTR E @ ASHFORD DUNWOODY RD,PERIMETER CTR E @ 74,0.186
PERIMETER CTR E @ ASHFORD DUNWOODY RD,PERIMETER CTR W @ 111,0.23
PERIMETER CTR E @ 74,PERIMETER CTR E @ 64,0.206
PERIMETER CTR E @ 64,PERIMETER CTR E @ LINCOLN PKWY E,0.117
PERIMETER CTR E @ LINCOLN PKWY E,PERIMETER CTR E @ 50,0.158
PERIMETER CTR E @ 50,PERIMETER CTR E @ 24,0.098
PERIMETER CENTER E @ 8,PERIMETER CTR E @ ASHFORD DUNWOODY RD,0.313
PERIMETER CTR W @ 111,PERIMETER CTR W @ PERIMETER CTR PL,0.109
PERIMETER CTR W @ PERIMETER CTR PL,PERIMETER CTR PL @ PERIMETER CTR W,0.04
PERIMETER CTR PL @ PERIMETER CTR W,PERIMETER CTR PL @ MEADOW LANE RD,0.178
PERIMETER CTR PL @ MEADOW LANE RD,PERIMETER CTR PL NE @ MEADOW LANE RD,0.109
ASHFORD DUNWOODY RD @ ASHFORD PKWY,ASHFORD DUNWOODY RD @ VALLEY VIEW RD,0.141
ASHFORD DUNWOODY RD @ VALLEY VIEW RD,ASHFORD DUNWOODY RD @ ASHFORD CENTER,0.25
ASHFORD DUNWOODY RD @ ASHFORD CENTER,ASHFORD DUNWOODY RD @ ASHFORD CTR N,0.127
ASHFORD DUNWOODY RD @ MT VERNON RD,MT VERNON RD @ CHAMBLEE DUNWOODY RD,0.294
MT VERNON RD @ CHAMBLEE DUNWOODY RD,DUNWOODY VILLAGE PKWY @ MT VERNON RD,0.2
DUNWOODY VILLAGE PKWY @ MT VERNON RD,DUNWOODY VILLAGE PKWY @ 1424,0.135
DUNWOODY VILLAGE PKWY @ 1424,CHAMBLEE DUNWOODY RD @ DUNWOODY VILLAGE PKWY,0.21
MT VERNON RD @ MEADOW LAKE DR,MT VERNON RD @ STRATHAM DR,0.175
MT VERNON RD @ MEADOW LAKE DR,MT VERNON RD @ CEDAR CHASE,0.516
MT VERNON RD @ STRATHAM DR,MT VERNON RD @ MANHASSET DR,0.282
MT VERNON RD @ STRATHAM DR,MT VERNON RD @ MEADOW LAKE DR,0.175
MT VERNON RD @ MANHASSET DR,MT VERNON RD @ VERNON RIDGE DR,0.442
MT VERNON RD @ VERNON RIDGE DR,DUNWOODY VILLAGE PKWY @ MT VERNON RD,0.303
MT VERNON RD @ VERNON RIDGE DR,MT VERNON RD @ VERMACK RD,0.415
MT VERNON RD @ VERMACK RD,MT VERNON RD @ STRATHAM DR,0.308
JAMES JACKSON PKWY @ JAMES JACKSON CT,JAMES JACKSON PKWY NW @ CREEKSIDE DR NW,0.495
JAMES JACKSON PKWY NW @ CREEKSIDE DR NW,JAMES JACKSON PKWY @ NORTHWEST DR,0.268
JAMES JACKSON PKWY @ NORTHWEST DR,JAMES JACKSON PKWY NW @ NORTHWEST DR NW,0.093
JAMES JACKSON PKWY NW @ NORTHWEST DR NW,JAMES JACKSON PKWY @ HIGHTOWER RD,0.719
JAMES JACKSON PKWY @ 954,NORTHWEST DR NW @ 1190,0.511
NORTHWEST DR NW @ 1190,NORTHWEST DR NW @ 1285,0.131
NORTHWEST DR NW @ 1285,NORTHWEST DR @ 1304,0.111
NORTHWEST DR @ 1304,NORTHWEST DR NW @ 1341,0.133
NORTHWEST DR NW @ 1341,NORTHWEST DR NW @ MANGO CIR,0.113
NORTHWEST DR NW @ MANGO CIR,NORTHWEST DR @ 1415,0.115
NORTHWEST DR @ 1415,NORTHWEST DR @ 1514,0.15
NORTHWEST DR @ 1514,NORTHWEST DR @ BOLTON RD,0.334
NORTHWEST DR @ BOLTON RD,BOLTON RD NW @ PARROTT AVE,0.057
BOLTON RD NW @ PARROTT AVE,BOLTON RD @ REY ST,0.067
BOLTON RD @ REY ST,BOLTON RD NW @ SAM ST,0.083
BOLTON RD NW @ SAM ST,BROWNTOWN RD @ REY ST,0.135
SWALLOW CIR @ FINCH DR,SWALLOW CIR @ JAY PL,0.169
SWALLOW CIR @ FINCH DR,SWALLOW CIR SE @ HARPER RD SE,0.151
SWALLOW CIR @ JAY PL,SWALLOW CIR @ FINCH DR,0.169
SWALLOW CIR SE @ HARPER RD SE,HARPER RD SE @ SWALLOW CIR SE,0.055
HARPER RD SE @ SWALLOW CIR SE,HARPER RD SE @ 209,0.196
HARPER RD SE @ SWALLOW CIR SE,SWALLOW CIR SE @ 2298,0.082
HARPER RD SE @ 209,HARPER RD @ MEADOR AVE,0.113
HARPER RD @ MEADOR AVE,HARPER RD SE @ 359,0.17
HARPER RD SE @ 359,HARPER RD @ BROWNS MILL RD,0.204
HARPER RD @ BROWNS MILL RD,BROWNS MILL RD SE @ 2045,0.103
LAKEWOOD AVE SE @ LIVERMORE ST SE,LAKEWOOD AVE SE @ RICHMOND AVE SE,0.154
LAKEWOOD AVE SE @ LIVERMORE ST SE,JONESBORO RD SE @ WHATLEY ST SE,0.071
LAKEWOOD AVE SE @ LIVERMORE ST SE,LAKEWOOD AVE @ ADAIR AVE,0.095
LAKEWOOD AVE SE @ RICHMOND AVE SE,LAKEWOOD AVE SE @ ANNE ST SE,0.215
LAKEWOOD AVE SE @ ANNE ST SE,LAKEWOOD AVE SE @ MILLER REED AVE SE,0.095
LAKEWOOD AVE SE @ ANNE ST SE,LAKEWOOD AVE SE @ DOROTHY ST SE,0.156
LAKEWOOD AVE SE @ MILLER REED AVE SE,LAKEWOOD AVE SE @ HARRIETT ST SE,0.081
LAKEWOOD AVE SE @ MILLER REED AVE SE,LAKEWOOD AVE SE @ ANNE ST SE,0.095
LAKEWOOD AVE SE @ HARRIETT ST SE,LAKEWOOD AVE SE @ MCDONOUGH BLVD SE,0.098
LAKEWOOD AVE SE @ HARRIETT ST SE,LAKEWOOD AVE SE @ MILLER REED AVE SE,0.081
LAKEWOOD AVE SE @ MCDONOUGH BLVD SE,LAKEWOOD AVE SE @ MILTON AVE SE,0.315
LAKEWOOD AVE SE @ MILTON AVE SE,MILTON AVE SE @ 79,0.177
MILTON AVE SE @ 79,WEYMAN AVE @ HANK AARON DR,0.24
MILTON AVE SE @ 79,MILTON AVE SE @ LAKEWOOD AVE SE,0.152
UNIVERSITY AVE @ BOOKER AVE,UNIVERSITY AVE @ GARIBALDI ST,0.104
UNIVERSITY AVE @ BOOKER AVE,PRYOR RD @ UNIVERSITY AVE,0.249
UNIVERSITY AVE @ GARIBALDI ST,UNIVERSITY AVE @ MCDANIEL ST,0.115
UNIVERSITY AVE @ GARIBALDI ST,UNIVERSITY AVE @ BOOKER AVE,0.104
UNIVERSITY AVE @ MCDANIEL ST,MCDANIEL ST @ ROY ST,0.134
MCDANIEL ST @ ROY ST,MCDANIEL ST @ FLETCHER ST,0.111
MCDANIEL ST @ FLETCHER ST,MCDANIEL ST SW @ ARTHUR ST SW,0.147
MCDANIEL ST @ FLETCHER ST,MCDANIEL ST SW @ ROY ST SW,0.102
MCDANIEL ST SW @ ARTHUR ST SW,MCDANIEL ST SW @ MARY ST SW,0.095
MCDANIEL ST SW @ ARTHUR ST SW,MCDANIEL ST @ FLETCHER ST,0.147
MCDANIEL ST SW @ MARY ST SW,MCDANIEL ST SW @ GARDNER ST SW,0.08
MCDANIEL ST SW @ MARY ST SW,MCDANIEL ST SW @ ARTHUR ST SW,0.095
MCDANIEL ST SW @ GARDNER ST SW,MCDANIEL ST SW @ ROCKWELL ST SW,0.114
MCDANIEL ST SW @ GARDNER ST SW,MCDANIEL ST SW @ MARY ST SW,0.08
MCDANIEL ST SW @ ROCKWELL ST SW,MCDANIEL ST @ STEPHENS ST,0.144
MCDANIEL ST SW @ ROCKWELL ST SW,MCDANIEL ST SW @ GARDNER ST SW,0.114
MCDANIEL ST @ STEPHENS ST,STEPHENS ST SW @ COLEMAN ST SW,0.129
STEPHENS ST SW @ COLEMAN ST SW,STEPHENS ST SW @ HUMPHRIES ST SW,0.081
STEPHENS ST SW @ COLEMAN ST SW,MCDANIEL ST SW @ STEPHENS ST SW,0.124
STEPHENS ST SW @ HUMPHRIES ST SW,HUMPHRIES ST @ RALPH D ABERNATHY BLVD,0.133
HUMPHRIES ST @ RALPH D ABERNATHY BLVD,RALPH D ABERNATHY BLVD @ MURPHY AVE,0.423
POLAR ROCK TER SW @ POLAR ROCK RD SW,POLAR ROCK RD SW @ BICKNELL DR SW,0.152
POLAR ROCK RD SW @ BICKNELL DR SW,POLAR ROCK RD SW @ PRYOR RD SW,0.119
POLAR ROCK RD SW @ BICKNELL DR SW,POLAR ROCK RD @ POLAR ROCK AVE,0.081
POLAR ROCK RD SW @ PRYOR RD SW,PRYOR RD SW @ HILLTOP DR SW,0.155
PRYOR RD SW @ HILLTOP DR SW,PRYOR RD SW @ LAKEWOOD WAY SW,0.074
PRYOR RD SW @ HILLTOP DR SW,POLAR ROCK RD SW @ BAGWELL DR SW,0.229
PRYOR RD SW @ LAKEWOOD WAY SW,LAKEWOOD WAY SW @ 215,0.102
LAKEWOOD AVE SW @ MACON DR SW,LAKEWOOD AVE SW @ 2000,0.185
LAKEWOOD AVE SW @ 2000,LAKEWOOD AVE SW @ LAKEWOOD TERR SE,0.132
LAKEWOOD AVE SW @ LAKEWOOD TERR SE,LAKEWOOD AVE @ SHADYDALE AVE,0.09
LAKEWOOD AVE @ SHADYDALE AVE,LAKEWOOD AVE SW @ TERRACE WAY SE,0.078
LAKEWOOD AVE @ SHADYDALE AVE,LAKEWOOD AVE @ OLIVE ST,0.073
LAKEWOOD AVE SW @ TERRACE WAY SE,LAKEWOOD AVE SE @ CONRAD AVE SE,0.1
LAKEWOOD AVE SE @ CONRAD AVE SE,LAKEWOOD AVE SE @ OWEN ST SE,0.119
LAKEWOOD AVE SE @ OWEN ST SE,LAKEWOOD AVE SE @ CLAIRE DR SE,0.067
LAKEWOOD AVE SE @ CLAIRE DR SE,LAKEWOOD AVE SE @ ADAIR AVE SE,0.052
LAKEWOOD AVE SE @ ADAIR AVE SE,LAKEWOOD AVE SE @ LIVERMORE ST SE,0.119
HUMPHRIES ST SW @ STEPHENS ST SW,STEPHENS ST SW @ COLEMAN ST SW,0.086
MCDANIEL ST SW @ STEPHENS ST SW,MCDANIEL ST SW @ ROCKWELL ST SW,0.143
MCDANIEL ST SW @ ROY ST SW,MCDANIEL ST SW @ UNIVERSITY AVE SW,0.144
MCDANIEL ST SW @ UNIVERSITY AVE SW,UNIVERSITY AVE @ GARIBALDI ST,0.141
MILTON AVE SE @ LAKEWOOD AVE SE,LAKEWOOD AVE SE @ 1265,0.171
LAKEWOOD AVE SE @ 1265,LAKEWOOD AVE SE @ HARRIETT ST SE,0.258
LAKEWOOD AVE SE @ DOROTHY ST SE,LAKEWOOD AVE SE @ LIVERMORE ST SE,0.211
HARPER RD SE @ MEADOR AVE SE,HARPER RD SE @ 204,0.086
HARPER RD SE @ 204,HARPER RD SE @ SWALLOW CIR SE,0.231
SWALLOW CIR SE @ 2298,SWALLOW CIR @ FINCH DR,0.058
LAKEWOOD AVE @ ADAIR AVE,LAKEWOOD AVE @ CLAIRE DR,0.079
LAKEWOOD AVE @ CLAIRE DR,LAKEWOOD AVE SW @ CONRAD AVE SE,0.144
LAKEWOOD AVE SW @ CONRAD AVE SE,LAKEWOOD AVE @ TERRACE WAY,0.095
LAKEWOOD AVE @ TERRACE WAY,LAKEWOOD AVE @ SHADYDALE AVE,0.105
LAKEWOOD AVE @ OLIVE ST,LAKEWOOD AVE SW @ 2081,0.146
LAKEWOOD AVE SW @ 2081,LAKEWOOD AVE SW @ LAKEWOOD WAY SW,0.198
LAKEWOOD AVE SW @ LAKEWOOD WAY SW,LAKEWOOD WAY SW @ HILLTOP DR SW,0.075
POLAR ROCK RD SW @ BAGWELL DR SW,POLAR ROCK RD SW @ BICKNELL DR SW,0.053
POLAR ROCK RD @ POLAR ROCK AVE,POLAR ROCK AVE SW @ POLAR ROCK PL,0.116
POLAR ROCK AVE SW @ POLAR ROCK PL,POLAR ROCK AVE @ POLAR ROCK PL,0.077
POLAR ROCK AVE @ POLAR ROCK PL,POLAR ROCK AVE SW @ 2311,0.095
POLAR ROCK AVE SW @ 2311,POLAR ROCK AVE SW @ POLAR ROCK DR SW,0.087
POLAR ROCK AVE SW @ POLAR ROCK DR SW,POLAR ROCK TER SW @ POLAR ROCK DR SW,0.103
POLAR ROCK TER SW @ POLAR ROCK DR SW,POLAR ROCK TER SW @ POLAR ROCK PL SW,0.114
POLAR ROCK TER SW @ POLAR ROCK PL SW,POLAR ROCK TER @ POLAR ROCK RD,0.113
POLAR ROCK TER @ POLAR ROCK RD,POLAR ROCK TER SW @ POLAR ROCK RD SW,0.101
MYRTLE DR @ 1881,MYRTLE DR @ 1890,0.06
MYRTLE DR @ 1890,ALISON CT SW @ MYRTLE DR SW,0.143
ALISON CT SW @ MYRTLE DR SW,ALISON CT @ PLAZA LN SW,0.109
ALISON CT @ PLAZA LN SW,ALISON CT @ 1935,0.094
ALISON CT @ 1935,STANTON RD @ ALISON CT,0.182
ALISON CT @ 1935,ALISON CT @ PLAZA LN,0.083
STANTON RD @ ALISON CT,STANTON RD @ SWEETBRIAR CIR,0.118
STANTON RD @ ALISON CT,STANTON RD @ ALISON CT,0.0
STANTON RD @ ALISON CT,ALISON CT @ 1935,0.182
STANTON RD @ SWEETBRIAR CIR,STANTON RD @ MCCLELLAND AVE,0.147
STANTON RD @ SWEETBRIAR CIR,STANTON RD @ ALISON CT,0.118
STANTON RD @ MCCLELLAND AVE,STANTON RD @ HAWTHORNE TRL,0.089
STANTON RD @ MCCLELLAND AVE,STANTON RD @ SWEETBRIAR CIR,0.147
STANTON RD @ HAWTHORNE TRL,STANTON RD @ MEADOW CROSSING,0.085
STANTON RD @ MEADOW CROSSING,STANTON RD @ LESLIE AVE,0.183
STANTON RD @ MEADOW CROSSING,STANTON RD @ BAYROSE CIR,0.079
STANTON RD @ LESLIE AVE,STANTON RD SW @ MARCEL AVE,0.08
STANTON RD @ LESLIE AVE,STANTON RD @ MEADOW CROSSING,0.183
STANTON RD SW @ MARCEL AVE,STANTON RD @ 1600,0.096
STANTON RD @ 1600,STANTON RD @ CAMPBELLTON RD,0.116
STANTON RD @ CAMPBELLTON RD,CAMPBELLTON RD SW @ RIDGEWOOD LN SW,0.079
STANTON RD @ CAMPBELLTON RD,STANTON RD @ 1665,0.151
STANTON RD @ 1665,STANTON RD @ MARCEL AVE,0.052
STANTON RD @ MARCEL AVE,STANTON RD @ LESLIE AVE,0.094
STANTON RD @ BAYROSE CIR,STANTON RD @ MCCLELLAND AVE,0.095
ALISON CT @ PLAZA LN,ALISON CT @ MYRTLE DR SW,0.132
ALISON CT @ MYRTLE DR SW,DELOWE DR SW @ ALISON CT,0.144
MYRTLE DR @ PLAZA LN,MYRTLE DR @ 1881,0.128
BARGE RD SW @ PACIFIC DR SW,BARGE RD SW @ DALE LN SW,0.069
BARGE RD SW @ PACIFIC DR SW,BARGE RD SW @ CAMPBELLTON RD SW,0.162
BARGE RD SW @ DALE LN SW,BARGE RD SW @ HIGHWOOD RD SW,0.095
BARGE RD SW @ HIGHWOOD RD SW,BARGE RD SW @ FAIRBURN RD SW,0.269
BARGE RD SW @ FAIRBURN RD SW,FAIRBURN RD SW @ HILL ACRES RD SW,0.08
BARGE RD SW @ FAIRBURN RD SW,BARGE RD SW @ BEN HILL CT,0.124
FAIRBURN RD SW @ HILL ACRES RD SW,FAIRBURN RD SW @ MT GILEAD RD SW,0.104
FAIRBURN RD SW @ MT GILEAD RD SW,FAIRBURN RD @ GLENVIEW CIR,0.136
FAIRBURN RD SW @ MT GILEAD RD SW,BARGE RD SW @ FAIRBURN RD SW,0.183
FAIRBURN RD @ GLENVIEW CIR,FAIRBURN RD @ INGLEDALE DR,0.114
FAIRBURN RD @ INGLEDALE DR,FAIRBURN RD SW @ HERITAGE VALLEY RD SW,0.069
FAIRBURN RD SW @ HERITAGE VALLEY RD SW,FAIRBURN RD SW @ MELVIN DR SW,0.159
FAIRBURN RD SW @ HERITAGE VALLEY RD SW,FAIRBURN RD SW @ GLENVIEW CIR SW,0.191
FAIRBURN RD SW @ MELVIN DR SW,FAIRBURN RD @ 1624,0.163
FAIRBURN RD @ 1624,FAIRBURN RD SW @ LANDAU LN SW,0.161
FAIRBURN RD SW @ LANDAU LN SW,FAIRBURN RD SW @ SUTTLES DR SW,0.13
FAIRBURN RD SW @ SUTTLES DR SW,FAIRBURN RD SW @ VILLAGE DR SW,0.126
FAIRBURN RD SW @ VILLAGE DR SW,FAIRBURN RD SW @ NEWHALEM ST SW,0.164
FAIRBURN RD SW @ NEWHALEM ST SW,FAIRBURN RD SW @ UTOY SPRINGS RD SW,0.134
FAIRBURN RD SW @ UTOY SPRINGS RD SW,FAIRBURN RD @ CASCADE RD,0.186
FAIRBURN RD @ CASCADE RD,FAIRBURN RD @ 1075,0.185
FAIRBURN RD @ 1075,FAIRBURN RD SW @ 1041,0.286
FAIRBURN RD SW @ 1041,FAIRBURN RD SW @ MAYS XING SW,0.219
FAIRBURN RD SW @ 1041,FAIRBURN RD SW @ CASCADE RD SW,0.32
FAIRBURN RD SW @ MAYS XING SW,FAIRBURN RD SW @ 680,0.229
FAIRBURN RD SW @ MAYS XING SW,FAIRBURN RD SW @ 1041,0.219
FAIRBURN RD SW @ 680,FAIRBURN RD SW @ BENJAMIN E MAYS DR SW,0.355
FAIRBURN RD SW @ BENJAMIN E MAYS DR SW,FAIRBURN RD SW @ 400,0.136
FAIRBURN RD SW @ BENJAMIN E MAYS DR SW,FAIRBURN RD @ 680,0.385
FAIRBURN RD SW @ 400,FAIRBURN RD SW @ 405,0.024
FAIRBURN RD SW @ 405,FAIRBURN RD SW @ 320,0.189
FAIRBURN RD SW @ 405,FAIRBURN RD SW @ BENJAMIN E MAYS DR SW,0.159
FAIRBURN RD SW @ 320,FAIRBURN RD SW @ BOULDER PARK DR SW,0.219
FAIRBURN RD SW @ 320,FAIRBURN RD SW @ 405,0.189
FAIRBURN RD SW @ BOULDER PARK DR SW,FAIRBURN RD SW @ WISTERIA LN SW,0.088
FAIRBURN RD SW @ BOULDER PARK DR SW,FAIRBURN RD SW @ 320,0.219
FAIRBURN RD SW @ WISTERIA LN SW,FAIRBURN RD SW @ HOWELL DR SW,0.222
FAIRBURN RD SW @ WISTERIA LN SW,FAIRBURN RD SW @ BOULDER PARK DR SW,0.088
FAIRBURN RD SW @ HOWELL DR SW,FAIRBURN RD SW @ KENNER DR SW,0.168
FAIRBURN RD SW @ HOWELL DR SW,FAIRBURN RD SW @ WISTERIA LN SW,0.222
FAIRBURN RD SW @ KENNER DR SW,FAIRBURN RD @ 38,0.131
FAIRBURN RD SW @ KENNER DR SW,FAIRBURN RD SW @ HOWELL DR SW,0.168
FAIRBURN RD @ 38,FAIRBURN RD SW @ MARTIN L KING JR DR,0.12
FAIRBURN RD SW @ MARTIN L KING JR DR,MARTIN L KING JR DR SW @ HOWELL DR SW,0.138
FAIRBURN RD SW @ MARTIN L KING JR DR,FAIRBURN RD SW @ KENNER DR SW,0.251
FAIRBURN RD @ 680,FAIRBURN RD SW @ MAYS XING SW,0.2
FAIRBURN RD SW @ CASCADE RD SW,FAIRBURN RD @ 1165,0.157
FAIRBURN RD @ 1165,FAIRBURN RD @ UTOY SPRINGS,0.179
FAIRBURN RD @ UTOY SPRINGS,FAIRBURN RD @ NEWHALEM ST,0.128
FAIRBURN RD @ NEWHALEM ST,FAIRBURN RD @ VILLAGE DR,0.158
FAIRBURN RD @ VILLAGE DR,FAIRBURN RD @ SUTTLES DR,0.169
FAIRBURN RD @ SUTTLES DR,FAIRBURN RD @ GARRISON DR,0.107
FAIRBURN RD @ GARRISON DR,FAIRBURN RD @ 1581,0.158
FAIRBURN RD @ 1581,FAIRBURN RD @ MELVIN DR SW,0.163
FAIRBURN RD @ MELVIN DR SW,FAIRBURN RD SW @ HERITAGE VALLEY RD SW,0.155
FAIRBURN RD SW @ GLENVIEW CIR SW,FAIRBURN RD SW @ MT GILEAD RD SW,0.125
BARGE RD SW @ BEN HILL CT,BARGE RD @ HIGHWOOD DR,0.142
BARGE RD @ HIGHWOOD DR,BARGE RD @ PINE KNOLL AVE,0.066
BARGE RD @ PINE KNOLL AVE,BARGE RD SW @ PACIFIC DR SW,0.108
PRINCETON AVE @ COLLEGE ST,PRINCETON DR @ PRINCETON AVE,0.137
PRINCETON AVE @ COLLEGE ST,PRINCETON AVE @ MAIN ST,0.132
PRINCETON DR @ PRINCETON AVE,PRINCETON DR @ COX CT,0.046
PRINCETON DR @ PRINCETON AVE,PRINCETON AVE @ COLLEGE ST,0.137
PRINCETON DR @ COX CT,PRINCETON DR @ ATLANTA ST,0.107
PRINCETON DR @ ATLANTA ST,ATLANTA ST @ CANNON CT,0.088
ATLANTA ST @ CANNON CT,ATLANTA ST @ VIRGINIA AVE,0.138
ATLANTA ST @ CANNON CT,ATLANTA ST @ PRINCETON DR,0.081
ATLANTA ST @ VIRGINIA AVE,VIRGINIA AVE @ CONLEY ST,0.087
VIRGINIA AVE @ CONLEY ST,VIRGINIA AVE @ VICTORIA ST,0.074
VIRGINIA AVE @ CONLEY ST,VIRGINIA AVE @ ATLANTA ST,0.074
VIRGINIA AVE @ VICTORIA ST,VIRGINIA AVE @ COLLEGE ST,0.091
VIRGINIA AVE @ COLLEGE ST,VIRGINIA AVE @ HEMPHILL ST,0.076
VIRGINIA AVE @ COLLEGE ST,VIRGINIA AVE @ CONLEY ST,0.161
VIRGINIA AVE @ HEMPHILL ST,VIRGINIA AVE @ HOWELL SLADE CIR,0.169
VIRGINIA AVE @ HEMPHILL ST,VIRGINIA AVE @ COLLEGE ST,0.076
VIRGINIA AVE @ HOWELL SLADE CIR,VIRGINIA AVE @ LEE ST,0.116
VIRGINIA AVE @ HOWELL SLADE CIR,VIRGINIA AVE @ HEMPHILL ST,0.169
VIRGINIA AVE @ LEE ST,VIRGINIA AVE @ JACKSON ST,0.062
VIRGINIA AVE @ LEE ST,VIRGINIA AVE @ NORMAN BERRY DR,0.958
VIRGINIA AVE @ LEE ST,VIRGINIA AVE @ HARRISON RD,0.573
VIRGINIA AVE @ LEE ST,VIRGINIA AVE @ HOWELL SLADE CIR,0.116
VIRGINIA AVE @ JACKSON ST,VIRGINIA AVE @ ADAMS ST,0.111
VIRGINIA AVE @ JACKSON ST,VIRGINIA AVE @ LEE ST,0.062
VIRGINIA AVE @ ADAMS ST,VIRGINIA AVE @ MYRTLE ST,0.059
VIRGINIA AVE @ ADAMS ST,VIRGINIA AVE @ JACKSON ST,0.111
VIRGINIA AVE @ MYRTLE ST,VIRGINIA AVE @ MADISON ST,0.103
VIRGINIA AVE @ MYRTLE ST,VIRGINIA AVE @ ADAMS ST,0.059
VIRGINIA AVE @ MADISON ST,VIRGINIA AVE @ HARRISON RD,0.238
VIRGINIA AVE @ MADISON ST,VIRGINIA AVE @ MYRTLE ST,0.103
VIRGINIA AVE @ HARRISON RD,VIRGINIA AVE @ LEE ST,0.573
VIRGINIA AVE @ HARRISON RD,VIRGINIA AVE @ MADISON ST,0.238
VIRGINIA AVE @ NORMAN BERRY DR,VIRGINIA AVE @ DELTA BLVD,0.306
VIRGINIA AVE @ NORMAN BERRY DR,VIRGINIA AVE @ LEE ST,0.958
VIRGINIA AVE @ DELTA BLVD,VIRGINIA AVE @ LANG AVE,0.084
VIRGINIA AVE @ LANG AVE,VIRGINIA AVE @ ELKINS ST,0.09
VIRGINIA AVE @ LANG AVE,VIRGINIA AVE @ INTERNATIONAL BLVD,0.072
VIRGINIA AVE @ ELKINS ST,VIRGINIA AVE @ OAK RIDGE AVE,0.107
VIRGINIA AVE @ ELKINS ST,VIRGINIA AVE @ LANG AVE,0.09
VIRGINIA AVE @ OAK RIDGE AVE,VIRGINIA AVE @ CLAY PL,0.083
VIRGINIA AVE @ OAK RIDGE AVE,VIRGINIA AVE @ ELKINS ST,0.107
VIRGINIA AVE @ CLAY PL,DOUG DAVIS DR @ CLAY PL,0.103
DOUG DAVIS DR @ CLAY PL,DOUG DAVIS DR @ ATLANTA AVE,0.196
DOUG DAVIS DR @ ATLANTA AVE,ATLANTA AVE @ COLLEGE ST,0.129
DOUG DAVIS DR @ ATLANTA AVE,DOUG DAVIS DR @ VIRGINIA AVE,0.262
ATLANTA AVE @ COLLEGE ST,N CENTRAL AVE @ N WHITNEY AVE,0.241
ATLANTA AVE @ COLLEGE ST,DOUG DAVIS DR @ ATLANTA AVE,0.129
N CENTRAL AVE @ N WHITNEY AVE,N CENTRAL AVE @ VIRGINIA AVE,0.11
N CENTRAL AVE @ N WHITNEY AVE,N CENTRAL AVE @ DOGWOOD DR,0.11
N CENTRAL AVE @ VIRGINIA AVE,N CENTRAL AVE @ STILLWOOD DR,0.193
N CENTRAL AVE @ VIRGINIA AVE,N CENTRAL AVE @ N WHITNEY AVE,0.11
N CENTRAL AVE @ STILLWOOD DR,N CENTRAL AVE @ SYLVAN RD,0.103
N CENTRAL AVE @ STILLWOOD DR,N CENTRAL AVE @ VIRGINIA AVE,0.193
N CENTRAL AVE @ SYLVAN RD,SYLVAN RD @ N CENTRAL AVE,0.127
SYLVAN RD @ N CENTRAL AVE,SYLVAN RD @ 3107,0.177
SYLVAN RD @ N CENTRAL AVE,SYLVAN RD @ N CENTRAL AVE,0.0
SYLVAN RD @ N CENTRAL AVE,N CENTRAL AVE @ STILLWOOD DR,0.209
SYLVAN RD @ 3107,SYLVAN RD @ BAKER DR,0.113
SYLVAN RD @ 3107,SYLVAN RD @ N CENTRAL AVE,0.177
SYLVAN RD @ BAKER DR,SYLVAN RD @ 3032,0.087
SYLVAN RD @ BAKER DR,SYLVAN RD @ 3107,0.113
SYLVAN RD @ 3032,SYLVAN RD @ POPLAR ST,0.267
SYLVAN RD @ POPLAR ST,SYLVAN RD @ CEDAR AVE,0.138
SYLVAN RD @ POPLAR ST,SYLVAN RD @ BAKER DR,0.354
SYLVAN RD @ CEDAR AVE,SYLVAN RD @ REED AVE,0.212
SYLVAN RD @ CEDAR AVE,SYLVAN RD @ POPLAR ST,0.138
SYLVAN RD @ REED AVE,SYLVAN RD @ CLEVELAND AVE,0.037
SYLVAN RD @ REED AVE,SYLVAN RD @ CEDAR AVE,0.212
SYLVAN RD @ CLEVELAND AVE,SYLVAN RD @ GLENWAY DR,0.104
SYLVAN RD @ CLEVELAND AVE,SYLVAN RD @ REED AVE,0.037
SYLVAN RD @ GLENWAY DR,SYLVAN RD @ AVEBURY DR,0.119
SYLVAN RD @ GLENWAY DR,SYLVAN RD @ CLEVELAND AVE,0.104
SYLVAN RD @ AVEBURY DR,SYLVAN RD @ JEFFERSON AVE,0.081
SYLVAN RD @ AVEBURY DR,SYLVAN RD @ GLENWAY DR,0.119
SYLVAN RD @ JEFFERSON AVE,SYLVAN RD @ PARKSIDE TER,0.198
SYLVAN RD @ JEFFERSON AVE,SYLVAN RD @ AVEBURY DR,0.081
SYLVAN RD @ PARKSIDE TER,SYLVAN RD @ PEGG RD,0.096
SYLVAN RD @ PARKSIDE TER,SYLVAN RD @ JEFFERSON AVE,0.198
SYLVAN RD @ PEGG RD,SYLVAN RD @ OAKLEIGH DR,0.151
SYLVAN RD @ PEGG RD,SYLVAN RD @ PARKSIDE TER,0.096
SYLVAN RD @ OAKLEIGH DR,SYLVAN RD @ MILLEDGE ST,0.159
SYLVAN RD @ OAKLEIGH DR,SYLVAN RD @ PEGG RD,0.151
SYLVAN RD @ MILLEDGE ST,SYLVAN RD @ SAMPLER WAY,0.108
SYLVAN RD @ MILLEDGE ST,SYLVAN RD @ OAKLEIGH DR,0.159
SYLVAN RD @ SAMPLER WAY,SYLVAN RD @ LAKEWOOD AVE,0.097
SYLVAN RD @ SAMPLER WAY,SYLVAN RD @ MILLEDGE ST,0.108
SYLVAN RD @ LAKEWOOD AVE,SYLVAN RD SW @ ESTES DR,0.175
LANGSTON AVE SW @ SYLVAN RD SW,LANGSTON AVE SW @ SYLVAN PL SW,0.168
LANGSTON AVE SW @ SYLVAN PL SW,LANGSTON AVE SW @ BIRCH ST SW,0.108
LANGSTON AVE SW @ BIRCH ST SW,LANGSTON AVE SW @ VICTORY DR SW,0.105
LANGSTON AVE SW @ BIRCH ST SW,LANGSTON AVE @ SYLVAN PL,0.105
LANGSTON AVE SW @ VICTORY DR SW,LANGSTON AVE SW @ HARTE DR SW,0.089
LANGSTON AVE SW @ HARTE DR SW,LANGSTON AVE SW @ KATHERWOOD DR SW,0.138
LANGSTON AVE SW @ KATHERWOOD DR SW,LANGSTON AVE SW @ HOOD DR SW,0.167
LANGSTON AVE SW @ HOOD DR SW,LANGSTON AVE SW @ DECKNER AVE SW,0.103
LANGSTON AVE SW @ DECKNER AVE SW,MURPHY AVE SW @ LANGSTON AVE SW,0.107
MURPHY AVE SW @ LANGSTON AVE SW,MURPHY AVE SW @ ARDEN AVE SW,0.16
MURPHY AVE SW @ ARDEN AVE SW,OAKLAND CITY STATION,0.091
MURPHY AVE SW @ ARDEN AVE SW,LANGSTON AVE SW @ MURPHY AVE SW,0.188
LANGSTON AVE SW @ MURPHY AVE SW,LANGSTON AVE @ DECKNER AVE,0.062
LANGSTON AVE @ DECKNER AVE,LANGSTON AVE @ HOOD DR,0.096
LANGSTON AVE @ HOOD DR,LANGSTON AVE @ KATHERWOOD DR,0.175
LANGSTON AVE @ KATHERWOOD DR,LANGSTON AVE @ HARTE DR,0.13
LANGSTON AVE @ HARTE DR,LANGSTON AVE @ VICTORY DR,0.086
LANGSTON AVE @ VICTORY DR,LANGSTON AVE SW @ BIRCH ST SW,0.138
LANGSTON AVE @ SYLVAN PL,SYLVAN RD SW @ ASTOR AVE SW,0.203
SYLVAN RD SW @ LAKEWOOD AVE SW,SYLVAN RD @ SAMPLER WAY,0.14
N CENTRAL AVE @ DOGWOOD DR,ATLANTA AVE @ COLLEGE ST,0.156
DOUG DAVIS DR @ VIRGINIA AVE,VIRGINIA AVE @ OAK RIDGE AVE,0.121
VIRGINIA AVE @ INTERNATIONAL BLVD,VIRGINIA AVE @ NORMAN BERRY DR,0.319
VIRGINIA AVE @ ATLANTA ST,ATLANTA ST @ CANNON CT,0.154
ATLANTA ST @ PRINCETON DR,PRINCETON DR @ FREEMAN CT,0.048
PRINCETON DR @ FREEMAN CT,PRINCETON DR @ PRINCETON AVE,0.131
PRINCETON AVE @ MAIN ST,MAIN ST @ JOHN WESLEY AVE,0.202
HAMILTON BLVD @ 3400,EMPIRE BLVD SW @ BROWNS MILL RD SE,0.505
EMPIRE BLVD SW @ BROWNS MILL RD SE,EMPIRE BLVD SW @ 3485,0.15
EMPIRE BLVD SW @ 3485,EMPIRE BLVD SW @ EMPIRE WAY SW,0.157
EMPIRE BLVD SW @ EMPIRE WAY SW,EMPIRE BLVD SW @ WARD DR SW,0.375
EMPIRE BLVD SW @ WARD DR SW,EMPIRE BLVD SW @ OAK DR SW,0.172
EMPIRE BLVD SW @ OAK DR SW,EMPIRE BLVD SW @ GLENROSE CIR SW,0.149
EMPIRE BLVD SW @ GLENROSE CIR SW,EMPIRE BLVD SW @ MT ZION RD SW,0.106
EMPIRE BLVD SW @ MT ZION RD SW,HAPEVILLE RD SW @ 2909,0.158
HAPEVILLE RD SW @ 2909,HAPEVILLE RD SW @ WATERS RD SW,0.142
HAPEVILLE RD SW @ WATERS RD SW,HAPEVILLE RD SW @ OLD HAPEVILLE RD SW,0.115
HAPEVILLE RD SW @ OLD HAPEVILLE RD SW,OLD HAPEVILLE RD @ CLEVELAND AVE,0.086
OLD HAPEVILLE RD @ CLEVELAND AVE,OLD HAPEVILLE RD @ CLEVELAND AVE,0.0
OLD HAPEVILLE RD @ CLEVELAND AVE,OLD HAPEVILLE RD SW @ 2672,0.164
OLD HAPEVILLE RD SW @ 2672,OLD HAPEVILLE RD SW @ JUDY  SW,0.158
OLD HAPEVILLE RD SW @ JUDY  SW,OLD HAPEVILLE RD SW @ BREVARD AVE SW,0.086
OLD HAPEVILLE RD SW @ BREVARD AVE SW,OLD HAPEVILLE RD @ 2466,0.169
OLD HAPEVILLE RD @ 2466,OLD HAPEVILLE RD @ MACON DR,0.045
OLD HAPEVILLE RD @ MACON DR,MACON DR @ 2324,0.227
MACON DR @ 2324,MACON DR @ LANG DR,0.23
MACON DR @ LANG DR,MACON DR @ 2144,0.102
MACON DR @ 2144,MACON DR @ POLAR ROCK RD,0.141
MACON DR @ POLAR ROCK RD,LAKEWOOD AVE @ LAKEWOOD WAY,0.185
MACON DR @ POLAR ROCK RD,MACON DR SW @ LANG DR,0.203
LAKEWOOD AVE @ MACON DR,MACON DR @ POLAR ROCK RD,0.155
MACON DR SW @ LANG DR,MACON DR SW @ 2315,0.251
MACON DR SW @ 2315,MACON DR SW @ OLD HAPEVILLE RD SW,0.189
MACON DR SW @ OLD HAPEVILLE RD SW,MACON DR @ MOBLEY DR,0.172
MACON DR @ MOBLEY DR,MACON DR @ LOIS LN,0.151
MACON DR @ LOIS LN,MACON DR @ CLEVELAND AVE,0.202
MACON DR @ CLEVELAND AVE,CLEVELAND AVE SE @ 84,0.17
BROWNS MILL RD SE @ SPRINGSIDE DR SE,BROWNS MILL RD SE @ MT ZION RD SE,0.214
BROWNS MILL RD SE @ MT ZION RD SE,BROWNS MILL RD @ OAK DR,0.449
BROWNS MILL RD @ OAK DR,BROWNS MILL RD SE @ MACEDONIA RD SE,0.161
BROWNS MILL RD SE @ MACEDONIA RD SE,RUBY H HARPER BLVD SE @ 3371,0.119
RUBY H HARPER BLVD SE @ 3371,RUBY H HARPER BLVD SE @ SIMCA ST SE,0.095
RUBY H HARPER BLVD SE @ SIMCA ST SE,RUBY H HARPER BLVD SE @ 3447,0.12
RUBY H HARPER BLVD SE @ 3447,RUBY H HARPER BLVD SE @ BLAIR VILLA DR,0.14
RUBY H HARPER BLVD SE @ BLAIR VILLA DR,RUBY H HARPER BLVD SE @ ATKINSON DR,0.282
RUBY H HARPER BLVD SE @ ATKINSON DR,RUBY H HARPER BLVD SE @ SOUTHSIDE IND PKWY,0.132
RUBY H HARPER BLVD SE @ SOUTHSIDE IND PKWY,SOUTHSIDE INDUSTRIAL PKWY @ WILSON RD,0.237
SOUTHSIDE INDUSTRIAL PKWY @ WILSON RD,ZIP INDUSTRIAL BLVD @ SOUTHSIDE INDU,0.265
ZIP INDUSTRIAL BLVD @ SOUTHSIDE INDU,ZIP INDUSTRIAL BLVD SE @ 3720,0.115
ZIP INDUSTRIAL BLVD SE @ 3720,ZIP INDUSTRIAL BLVD @ 3675,0.158
ZIP INDUSTRIAL BLVD @ 3675,ZIP INDUSTRIAL BLVD SE @ 3600,0.083
ZIP INDUSTRIAL BLVD SE @ 3600,ZIP INDUSTRIAL BLVD SE @ 3550,0.154
ZIP INDUSTRIAL BLVD SE @ 3550,ZIP INDUSTRIAL BLVD SE @ BROWNS MILL,0.172
ZIP INDUSTRIAL BLVD SE @ BROWNS MILL,HAMILTON BLVD @ BROWNS MILL RD,0.127
HAMILTON BLVD @ BROWNS MILL RD,HAMILTON BLVD @ 3400,0.149
MAIN ST @ TOOMBS ST,CENTER ST @ MENEFEE ST,0.101
CENTER ST @ MENEFEE ST,MAIN ST @ JACKSON AVE,0.186
MAIN ST @ JACKSON AVE,MAIN ST @ SIMS ST,0.204
MAIN ST @ JACKSON AVE,MAIN ST @ TOOMBS ST,0.282
MAIN ST @ SIMS ST,MAIN ST @ PARK ST,0.091
MAIN ST @ PARK ST,MAIN ST @ GRIFFITH DR,0.153
MAIN ST @ PARK ST,MAIN ST @ HARRIS AVE,0.126
MAIN ST @ GRIFFITH DR,ROOSEVELT HWY @ PHIPPS RD,0.198
MAIN ST @ GRIFFITH DR,MAIN ST @ PARK ST,0.153
ROOSEVELT HWY @ PHIPPS RD,ROOSEVELT HWY @ WALNUT WAY,0.116
ROOSEVELT HWY @ WALNUT WAY,ROOSEVELT HWY @ TATUM RD,1.105
ROOSEVELT HWY @ WALNUT WAY,MAIN ST @ GRIFFITH DR,0.31
ROOSEVELT HWY @ TATUM RD,ROOSEVELT HWY @ PALMETTO LOGISTICS PKWY,0.287
ROOSEVELT HWY @ PALMETTO LOGISTICS PKWY,ROOSEVELT HWY @ HOBGOOD RD,0.162
ROOSEVELT HWY @ PALMETTO LOGISTICS PKWY,ROOSEVELT HWY @ WILKERSON MILL RD,0.295
ROOSEVELT HWY @ HOBGOOD RD,ROOSEVELT HWY @ GULLATT RD,0.503
ROOSEVELT HWY @ HOBGOOD RD,ROOSEVELT HWY @ PALMETTO LOGISTICS PKWY,0.162
ROOSEVELT HWY @ GULLATT RD,ROOSEVELT HWY @ BISHOP RD,0.533
ROOSEVELT HWY @ GULLATT RD,ROOSEVELT HWY @ HOBGOOD RD,0.503
ROOSEVELT HWY @ BISHOP RD,ROOSEVELT HWY @ 6935,0.263
ROOSEVELT HWY @ BISHOP RD,ROOSEVELT HWY @ GULLATT RD,0.533
ROOSEVELT HWY @ 6935,ROOSEVELT HWY @ 6737,0.452
ROOSEVELT HWY @ 6935,ROOSEVELT HWY @ BISHOP RD,0.263
ROOSEVELT HWY @ 6737,ROOSEVELT HWY @ JOHN RIVERS RD,0.158
ROOSEVELT HWY @ JOHN RIVERS RD,ROOSEVELT HWY @ HARBOR LAKES PKWY,0.485
ROOSEVELT HWY @ JOHN RIVERS RD,ROOSEVELT HW @ 6725,0.131
ROOSEVELT HWY @ HARBOR LAKES PKWY,SW BROAD ST @ BROOKS DR,0.853
SW BROAD ST @ BROOKS DR,SW BROAD ST @ SENOIA RD,0.192
SW BROAD ST @ SENOIA RD,SW BROAD ST @ SMITH ST,0.281
SW BROAD ST @ SMITH ST,NW BROAD ST @ DODD ST,0.144
NW BROAD ST @ DODD ST,NW BROAD ST @ 152,0.144
NW BROAD ST @ 152,NW BROAD ST @ NE BROAD ST,0.242
NW BROAD ST @ NE BROAD ST,NW BROAD ST @ BEVERLY ENGRAM PKWY,0.421
NW BROAD ST @ NE BROAD ST,ESTES DR @ NW BROAD ST,0.138
NW BROAD ST @ BEVERLY ENGRAM PKWY,ROOSEVELT HWY @ BEVERLY ENGRAM PKWY,0.124
NW BROAD ST @ BEVERLY ENGRAM PKWY,W BROAD ST @ SHAW DR,0.102
NW BROAD ST @ BEVERLY ENGRAM PKWY,HWY 138 @ JONESBORO RD,0.158
ROOSEVELT HWY @ BEVERLY ENGRAM PKWY,ROOSEVELT HWY @ LOWER DIXIE LAKE RD,0.213
ROOSEVELT HWY @ LOWER DIXIE LAKE RD,ROOSEVELT HWY @ WESTBROOK PL,0.182
ROOSEVELT HWY @ LOWER DIXIE LAKE RD,NW BROAD ST @ BEVERLY ENGRAM PKWY,0.337
ROOSEVELT HWY @ WESTBROOK PL,ROOSEVELT HWY @ THOMPSON DR,0.122
ROOSEVELT HWY @ WESTBROOK PL,ROOSEVELT HWY @ LOWER DIXIE LAKE RD,0.182
ROOSEVELT HWY @ THOMPSON DR,ROOSEVELT HWY @ GRESHAM ST,0.206
ROOSEVELT HWY @ GRESHAM ST,ROOSEVELT HWY @ WATSON ST,0.249
ROOSEVELT HWY @ GRESHAM ST,ROOSEVELT HWY @ THOMPSON,0.212
ROOSEVELT HWY @ WATSON ST,ROOSEVELT HWY @ DIXIE LAKE RD,0.128
ROOSEVELT HWY @ DIXIE LAKE RD,ROOSEVELT HWY @ ALEXANDER AVE,0.272
ROOSEVELT HWY @ DIXIE LAKE RD,ROOSEVELT HWY @ BRYANT ST,0.201
ROOSEVELT HWY @ ALEXANDER AVE,ROOSEVELT HWY @ VIRGINIA AVE,0.24
ROOSEVELT HWY @ VIRGINIA AVE,ROOSEVELT HWY @ HIGHPOINT RD,0.258
ROOSEVELT HWY @ HIGHPOINT RD,STONEWALL TELL RD @ ROOSEVELT HWY,0.277
ROOSEVELT HWY @ HIGHPOINT RD,ROOSEVELT HWY @ 6157,0.467
STONEWALL TELL RD @ ROOSEVELT HWY,CAMP DR @ STONEWALL TELL RD,0.167
STONEWALL TELL RD @ ROOSEVELT HWY,ROOSEVELT HWY @ HIGHPOINT RD,0.277
CAMP DR @ STONEWALL TELL RD,ROOSEVELT HWY @ MASON RD,0.3
CAMP DR @ STONEWALL TELL RD,STONEWALL TELL RD @ ROOSEVELT HWY,0.167
ROOSEVELT HWY @ MASON RD,ROOSEVELT HWY @ HUNTER RD,0.404
ROOSEVELT HWY @ MASON RD,CAMP DR @ STONEWALL TELL RD,0.3
ROOSEVELT HWY @ HUNTER RD,ROOSEVELT HWY @ COOK RD,0.371
ROOSEVELT HWY @ HUNTER RD,ROOSEVELT HWY @ MASON RD,0.404
ROOSEVELT HWY @ COOK RD,ROOSEVELT HWY @ MALLORY RD,0.137
ROOSEVELT HWY @ COOK RD,ROOSEVELT HWY @ HUNTER RD,0.371
ROOSEVELT HWY @ MALLORY RD,ROOSEVELT HWY @ 4285,0.176
ROOSEVELT HWY @ MALLORY RD,ROOSEVELT HWY @ COOK RD,0.137
ROOSEVELT HWY @ 4285,ROOSEVELT HWY @ WELCOME ALL RD,0.266
ROOSEVELT HWY @ WELCOME ALL RD,ROOSEVELT HWY @ FELDWOOD RD,0.241
ROOSEVELT HWY @ BEN HILL RD,ROOSEVELT HWY @ BUFFINGTON RD,0.247
ROOSEVELT HWY @ BEN HILL RD,ROOSEVELT HWY @ DELANO RD,0.851
ROOSEVELT HWY @ BUFFINGTON RD,ROOSEVELT HWY @ CAMPBELL DR,0.15
ROOSEVELT HWY @ BUFFINGTON RD,ROOSEVELT HWY @ BEN HILL RD,0.247
ROOSEVELT HWY @ CAMPBELL DR,ROOSEVELT HWY @ 3199,0.238
ROOSEVELT HWY @ 3199,ROOSEVELT HWY @ WASHINGTON RD,0.137
ROOSEVELT HWY @ 3199,ROOSEVELT HWY @ MILLER RD,0.167
ROOSEVELT HWY @ 3199,WASHINGTON RD @ ROOSEVELT HWY,0.156
ROOSEVELT HWY @ WASHINGTON RD,ROOSEVELT HWY @ ROCK HILL RD,0.322
ROOSEVELT HWY @ WASHINGTON RD,ROOSEVELT HWY @ 3199,0.137
ROOSEVELT HWY @ ROCK HILL RD,ROOSEVELT HWY @ WHITE CITY RD,0.143
ROOSEVELT HWY @ WHITE CITY RD,ROOSEVELT HWY @ KENT RD,0.173
ROOSEVELT HWY @ WHITE CITY RD,ROOSEVELT HWY @ YATES RD,0.122
ROOSEVELT HWY @ KENT RD,ROOSEVELT HWY @ JANICE DR,0.107
ROOSEVELT HWY @ KENT RD,ROOSEVELT HWY @ WHITE CITY RD,0.173
ROOSEVELT HWY @ JANICE DR,ROOSEVELT HWY @ GREENSPRING RD,0.304
ROOSEVELT HWY @ JANICE DR,ROOSEVELT HWY @ KENT RD,0.107
ROOSEVELT HWY @ GREENSPRING RD,ROOSEVELT HWY @ HERSCHEL RD,0.233
ROOSEVELT HWY @ GREENSPRING RD,ROOSEVELT HWY @ JANICE DR,0.304
ROOSEVELT HWY @ HERSCHEL RD,ROOSEVELT HWY @ 2511,0.099
ROOSEVELT HWY @ HERSCHEL RD,ROOSEVELT HWY @ 2601,0.219
ROOSEVELT HWY @ HERSCHEL RD,OLD NATIONAL HWY @ SULLIVAN RD,0.38
ROOSEVELT HWY @ 2511,ROOSEVELT HWY @ GLOBAL GATEWAY CONN,0.218
ROOSEVELT HWY @ 2511,ROOSEVELT HWY @ HERSCHEL RD,0.099
ROOSEVELT HWY @ GLOBAL GATEWAY CONN,ROOSEVELT HWY @ WICKERSHAM DR,0.481
ROOSEVELT HWY @ GLOBAL GATEWAY CONN,ROOSEVELT HWY @ 2511,0.218
ROOSEVELT HWY @ WICKERSHAM DR,ROOSEVELT HWY @ LESLEY DR,0.391
ROOSEVELT HWY @ WICKERSHAM DR,ROOSEVELT HWY @ GLOBAL GATEWAY CONN,0.481
ROOSEVELT HWY @ LESLEY DR,ROOSEVELT HWY @ GATEWAY BLVD,0.216
ESTES DR @ NW BROAD ST,NW BROAD ST @ BEVERLY ENGRAM PKWY,0.287
ROOSEVELT HWY @ HOSPITALITY WAY,ROOSEVELT HWY @ WICKERSHAM DR,0.344
ROOSEVELT HWY @ 2601,ROOSEVELT HWY @ GREENSPRING RD,0.017
ROOSEVELT HWY @ YATES RD,ROOSEVELT HWY @ WASHINGTON RD,0.344
ROOSEVELT HWY @ MILLER RD,ROOSEVELT HWY @ BUFFINGTON RD,0.222
ROOSEVELT HWY @ MILLER RD,BUFFINGTON RD @ OLD FAIRBURN RD,0.177
ROOSEVELT HWY @ YANKEE DR,ROOSEVELT HWY @ MALLORY RD,0.199
ROOSEVELT HWY @ 6157,ROOSEVELT HWY @ DIXIE LAKE RD,0.297
ROOSEVELT HWY @ BRYANT ST,ROOSEVELT HWY @ GRESHAM ST,0.172
ROOSEVELT HWY @ THOMPSON,ROOSEVELT HWY @ WESTBROOK PL,0.116
W BROAD ST @ SHAW DR,W BROAD ST @ ESTES DR,0.229
W BROAD ST @ ESTES DR,W BROAD ST @ ELDER ST,0.134
W BROAD ST @ ELDER ST,W BROAD ST @ DODD ST,0.337
W BROAD ST @ DODD ST,W BROAD ST @ SMITH ST,0.233
W BROAD ST @ SMITH ST,W BROAD ST @ SENOIA RD,0.204
W BROAD ST @ SENOIA RD,W BROAD ST @ BROOKS DR,0.223
W BROAD ST @ SENOIA RD,BROOKS DR @ SW BROAD ST,0.179
W BROAD ST @ BROOKS DR,ROOSEVELT HWY @ VILLAGE CENTER BLVD,0.79
ROOSEVELT HWY @ VILLAGE CENTER BLVD,ROOSEVELT HWY @ JOHN RIVERS RD,0.513
ROOSEVELT HW @ 6725,ROOSEVELT HWY @ 6935,0.479
ROOSEVELT HWY @ WILKERSON MILL RD,ROOSEVELT HWY @ WALNUT WAY,1.1
MAIN ST @ HARRIS AVE,MAIN ST @ JACKSON AVE,0.17
SMITH ST @ SW BROAD ST,SW BROAD ST @ SMITH ST,0.055
HWY 138 @ JONESBORO RD,HWY 138 @ PARKWAY RD,0.262
HWY 138 @ PARKWAY RD,HWY 138 @ GRESHAM ST,0.397
HWY 138 @ GRESHAM ST,HWY 138 @ GOODSON CONNECTOR RD,0.45
HWY 138 @ GOODSON CONNECTOR RD,JONESBORO RD @ 4770,0.251
JONESBORO RD @ 4770,SHANNON PKWY @ LANCASTER LN,0.243
MALL BLVD @ OAKLEY RD,OAKLEY RD @ SHANNON BLVD,0.35
OAKLEY RD @ SHANNON BLVD,OAKLEY RD @ CREST WAY,0.17
OAKLEY RD @ SHANNON BLVD,OAKLEY RD @ MALL BLVD,0.327
OAKLEY RD @ CREST WAY,OAKLEY RD @ 6300,0.175
OAKLEY RD @ 6300,FLAT SHOALS RD @ OAKLEY RD,0.144
FLAT SHOALS RD @ OAKLEY RD,FLAT SHOALS RD @ 4300,0.174
FLAT SHOALS RD @ 4300,FLAT SHOALS RD @ MALLORY RD,0.214
FLAT SHOALS RD @ MALLORY RD,FLAT SHOALS RD @ SHENFIELD LN,0.299
FLAT SHOALS RD @ MALLORY RD,FLAT SHOALS RD @ 4300 (OPPOSITE),0.168
FLAT SHOALS RD @ SHENFIELD LN,FLAT SHOALS RD @ FELDWOOD RD,0.231
FLAT SHOALS RD @ SHENFIELD LN,FLAT SHOALS RD @ MALLORY RD,0.299
FLAT SHOALS RD @ FELDWOOD RD,BUFFINGTON RD @ FLAT SHOALS RD,0.34
FLAT SHOALS RD @ FELDWOOD RD,FLAT SHOALS RD @ SHENFIELD LN,0.231
FLAT SHOALS RD @ FELDWOOD RD,FELDWOOD RD @ ROYAL SOUTH PKWY,0.118
BUFFINGTON RD @ FLAT SHOALS RD,BUFFINGTON RD @ 6180,0.246
BUFFINGTON RD @ FLAT SHOALS RD,FLAT SHOALS RD @ FELDWOOD RD,0.34
BUFFINGTON RD @ 6180,BUFFINGTON RD @ BIRDSEYE TRL,0.476
BUFFINGTON RD @ 6180,BUFFINGTON RD @ FLAT SHOALS RD,0.246
BUFFINGTON RD @ BIRDSEYE TRL,BUFFINGTON RD @ OLD BILL COOK RD,0.255
BUFFINGTON RD @ BIRDSEYE TRL,BUFFINGTON RD @ 6180,0.476
BUFFINGTON RD @ OLD BILL COOK RD,BUFFINGTON RD @ SABLE CHASE LN,0.351
BUFFINGTON RD @ OLD BILL COOK RD,BUFFINGTON RD @ BIRDSEYE TRL,0.255
BUFFINGTON RD @ SABLE CHASE LN,BUFFINGTON RD @ SABLE RUN RD,0.288
BUFFINGTON RD @ SABLE CHASE LN,BUFFINGTON RD @ ROYAL SOUTH PKWY,0.068
BUFFINGTON RD @ SABLE RUN RD,BUFFINGTON RD @ ESTES DR,0.17
BUFFINGTON RD @ SABLE RUN RD,BUFFINGTON RD @ SABLE CHASE LN,0.288
BUFFINGTON RD @ ESTES DR,BUFFINGTON RD @ 5355,0.284
BUFFINGTON RD @ 5355,BUFFINGTON RD @ NATURALLY FRESH BLVD,0.264
BUFFINGTON RD @ 5355,BUFFINGTON RD @ AUGUSTA ST,0.214
BUFFINGTON RD @ NATURALLY FRESH BLVD,BUFFINGTON RD @ BUFFINGTON CENTER,0.337
BUFFINGTON RD @ NATURALLY FRESH BLVD,BUFFINGTON RD @ 5355,0.264
BUFFINGTON RD @ BUFFINGTON CENTER,BUFFINGTON RD @ OLD FAIRBURN RD,0.24
BUFFINGTON RD @ BUFFINGTON CENTER,BUFFINGTON RD @ NATURALLY FRESH BLVD,0.337
BUFFINGTON RD @ OLD FAIRBURN RD,ROOSEVELT HWY @ CAMPBELL DR,0.119
BUFFINGTON RD @ OLD FAIRBURN RD,BUFFINGTON RD @ BUFFINGTON CENTER,0.24
WASHINGTON RD @ ROOSEVELT HWY,WASHINGTON RD @ SPRING ST,0.123
WASHINGTON RD @ ROOSEVELT HWY,ROOSEVELT HWY @ 3199,0.156
WASHINGTON RD @ SPRING ST,WASHINGTON RD @ HATHCOCK RD,0.131
WASHINGTON RD @ SPRING ST,WASHINGTON RD @ ROOSEVELT HWY,0.123
WASHINGTON RD @ HATHCOCK RD,WASHINGTON RD @ 4626,0.209
WASHINGTON RD @ HATHCOCK RD,WASHINGTON RD @ SPRING ST,0.131
WASHINGTON RD @ 4626,WASHINGTON RD @ 4510,0.115
WASHINGTON RD @ 4510,WASHINGTON RD @ N COMMERCE DR,0.091
WASHINGTON RD @ CHARLES DR,WASHINGTON RD @ HERSCHEL RD,0.294
WASHINGTON RD @ CHARLES DR,WASHINGTON RD @ REDWINE RD,0.305
WASHINGTON RD @ HERSCHEL RD,WASHINGTON RD @ W RUGBY AVE,0.21
WASHINGTON RD @ W RUGBY AVE,WASHINGTON RD @ ABBEY RD,0.096
WASHINGTON RD @ W RUGBY AVE,WASHINGTON RD @ DODSON DR CONN,0.219
WASHINGTON RD @ ABBEY RD,WASHINGTON RD @ STONE RD,0.209
WASHINGTON RD @ ABBEY RD,WASHINGTON RD @ W RUGBY AVE,0.096
SHANNON PKWY @ SHANNON BLVD,SHANNON PKWY @ PORTSMOUTH DR,0.153
SHANNON PKWY @ SHANNON BLVD,SHANNON PKWY @ RESURRECTION WAY,0.445
SHANNON PKWY @ PORTSMOUTH DR,SHANNON PKWY @ FLAT SHOALS RD,0.171
SHANNON PKWY @ PORTSMOUTH DR,SHANNON PKWY @ SHANNON BLVD,0.153
FLAT SHOALS RD @ ABERCORN ST,FLAT SHOALS RD @ 4483,0.153
FLAT SHOALS RD @ 4483,FLAT SHOALS RD @ OAKLEY RD,0.209
FLAT SHOALS RD @ 4483,FLAT SHOALS RD @ BALLYE SHANNON PIKE,0.153
WASHINGTON RD @ DODSON DR CONN,WASHINGTON RD @ CHARLES DR,0.285
WASHINGTON RD @ 4555,WASHINGTON RD @ HATHCOCK RD,0.265
BUFFINGTON RD @ AUGUSTA ST,BUFFINGTON RD @ SABLE RUN RD,0.24
BUFFINGTON RD @ ROYAL SOUTH PKWY,BUFFINGTON RD @ OLD BILL COOK RD,0.283
FLAT SHOALS RD @ 4300 (OPPOSITE),FLAT SHOALS RD @ MALLORY RDG,0.134
FLAT SHOALS RD @ MALLORY RDG,OAKLEY RD @ 6295,0.191
FLAT SHOALS RD @ MALLORY RDG,FLAT SHOALS RD @ 4483,0.297
OAKLEY RD @ 6295,OAKLEY RD @ OAKLEY COMMONS BLVD,0.187
OAKLEY RD @ OAKLEY COMMONS BLVD,OAKLEY RD @ SHANNON BLVD,0.16
OAKLEY RD @ MALL BLVD,RESURRECTION WAY @ LONDONDERRY WAY,0.377
JONESBORO RD @ 4751,BEVERLY ENGRAM PKWY @ JONESBORO RD,0.15
BEVERLY ENGRAM PKWY @ JONESBORO RD,HWY 138 @ 5250,0.604
BEVERLY ENGRAM PKWY @ JONESBORO RD,NW BROAD ST @ BEVERLY ENGRAM PKWY,1.284
HWY 138 @ 5250,BEVERLY ENGRAM PKWY @ PARKWAY RD,0.342
BEVERLY ENGRAM PKWY @ PARKWAY RD,BEVERLY ENGRAM PKWY @ JONESBORO RD,0.935
BROOKS DR @ SW BROAD ST,WASHINGTON ST @ CEMETERY ST,0.149
WASHINGTON ST @ CEMETERY ST,WASHINGTON ST @ MALONE ST,0.164
WASHINGTON ST @ MALONE ST,SMITH ST @ SW BROAD ST,0.107
FLAT SHOALS RD @ BALLYE SHANNON PIKE,FLAT SHOALS RD @ DODSON RD,0.135
FLAT SHOALS RD @ DODSON RD,SHANNON PKWY @ PORTSMOUTH DR,0.198
COUNTY LINE RD SW @ CAMPBELLTON RD SW,COUNTY LINE RD SW @ NOTTING HILL DR SW,0.108
COUNTY LINE RD SW @ NOTTING HILL DR SW,COUNTY LINE RD @ RIO GRANDE RD,0.148
COUNTY LINE RD @ RIO GRANDE RD,COUNTY LINE RD SW @ CREEK VALLEY CT S,0.126
COUNTY LINE RD SW @ CREEK VALLEY CT S,COUNTY LINE RD SW @ KIMBALL RD SW,0.076
COUNTY LINE RD SW @ KIMBALL RD SW,COUNTY LINE RD SW @ ROLLING HILL RD S,0.09
COUNTY LINE RD SW @ ROLLING HILL RD S,COUNTY LINE RD SW @ SAHARA DR,0.109
COUNTY LINE RD SW @ SAHARA DR,COUNTY LINE RD SW @ FERNBANK DR SW,0.151
COUNTY LINE RD SW @ FERNBANK DR SW,COUNTY LINE RD @ IVYWOOD DR,0.179
COUNTY LINE RD @ IVYWOOD DR,COUNTY LINE RD SW @ BUTNER RD SW,0.094
COUNTY LINE RD SW @ BUTNER RD SW,BUTNER RD SW @ 2656,0.134
BUTNER RD SW @ 2656,BUTNER RD SW @ 2636,0.098
BUTNER RD SW @ 2636,BUTNER RD SW @ 2616,0.189
BUTNER RD SW @ 2616,BUTNER RD SW @ 2598,0.129
BUTNER RD SW @ 2598,BUTNER RD SW @ 2578,0.1
BUTNER RD SW @ 2578,BUTNER RD SW @ 2511,0.096
BUTNER RD SW @ 2511,BUTNER RD @ PALMETTO AVE,0.206
BUTNER RD @ PALMETTO AVE,BUTNER RD SW @ BLANTON AVE SW,0.167
BUTNER RD SW @ BLANTON AVE SW,BUTNER RD SW @ FAIRBURN AVE SW,0.099
BUTNER RD SW @ FAIRBURN AVE SW,BUTNER RD SW @ WAITS AVE SW,0.089
BUTNER RD SW @ WAITS AVE SW,BUTNER RD SW @ DANIEL RD SW,0.066
BUTNER RD SW @ DANIEL RD SW,CAMPBELLTON @ 3911,0.175
CAMPBELLTON @ 3911,CAMPBELLTON RD SW @ CAMP GROUND RD,0.107
CAMPBELLTON RD SW @ CAMP GROUND RD,CAMPBELLTON RD SW @ CAMP GROUND RD SW,0.077
CAMPBELLTON RD SW @ CAMP GROUND RD,CAMPBELLTON RD SW @ 3901,0.02
CAMPBELLTON RD SW @ CAMP GROUND RD SW,CAMPBELLTON RD SW @ FAIRBURN RD SW,0.108
CAMPBELLTON RD SW @ FAIRBURN RD SW,CAMPBELLTON RD SW @ 3700,0.104
CAMPBELLTON RD SW @ FAIRBURN RD SW,CAMPBELLTON RD SW @ CAMP GROUND RD,0.183
CAMPBELLTON RD SW @ 3700,CAMPBELLTON RD SW @ 3660,0.114
CAMPBELLTON RD SW @ 3660,CAMPBELLTON RD SW @ BARGE RD SW,0.091
BARGE RD SW @ 2440,CAMPBELLTON RD SW @ 3667,0.155
CAMPBELLTON RD SW @ 3667,CAMPBELLTON RD SW @ 3709,0.126
CAMPBELLTON RD SW @ 3709,CAMPBELLTON RD SW @ FAIRBURN RD SW,0.1
CAMPBELLTON RD SW @ 3901,CAMPBELLTON RD SW @ 3911,0.162
CAMPBELLTON RD SW @ 3911,CAMPBELLTON RD SW @ BUTNER RD SW,0.165
CAMPBELLTON RD SW @ BUTNER RD SW,CAMPBELLTON RD SW @ KIMBERLY RD,0.112
CAMPBELLTON RD SW @ KIMBERLY RD,CAMPBELLTON RD SW @ KIMBERLY RD SW,0.178
CAMPBELLTON RD SW @ KIMBERLY RD SW,CAMPBELLTON RD SW @ NISKEY LAKE RD SW,0.214
CAMPBELLTON RD SW @ NISKEY LAKE RD SW,COUNTY LINE RD SW @ CAMPBELLTON RD SW,0.43
OLD MILTON PKWY @ PARK BRIDGE PKWY,OLD MILTON PKWY @ ROCKBERRY LN,0.094
OLD MILTON PKWY @ ROCKBERRY LN,OLD MILTON PKWY @ BRIDGE POINTE DR,0.191
OLD MILTON PKWY @ BRIDGE POINTE DR,OLD MILTON PKWY @ COTTON CREEK ENTRY,0.381
OLD MILTON PKWY @ COTTON CREEK ENTRY,OLD MILTON PKWY @ 3502,0.29
OLD MILTON PKWY @ 3502,OLD MILTON PKWY @ NORTH POINT PKWY,0.298
OLD MILTON PKWY @ NORTH POINT PKWY,OLD MILTON PKWY @ MORRIS RD,0.281
OLD MILTON PKWY @ NORTH POINT PKWY,OLD MILTON PKWY @ BROOKSIDE PKWY,0.573
OLD MILTON PKWY @ MORRIS RD,OLD MILTON PKWY @ NORTHWINDS PKWY,0.537
OLD MILTON PKWY @ MORRIS RD,OLD MILTON PKWY @ NORTH POINT PKWY,0.281
OLD MILTON PKWY @ NORTHWINDS PKWY,OLD MILTON PKWY @ PARK ST,0.457
OLD MILTON PKWY @ NORTHWINDS PKWY,OLD MILTON PKWY @ MORRIS RD,0.537
OLD MILTON PKWY @ PARK ST,OLD MILTON PKWY @ 2400,0.287
OLD MILTON PKWY @ 2400,OLD MILTON PKWY @ HAYNES BRIDGE RD,0.298
OLD MILTON PKWY @ HAYNES BRIDGE RD,S MAIN ST @ JANIS LN,0.171
OLD MILTON PKWY @ HAYNES BRIDGE RD,OLD MILTON PKWY @ 2365,0.27
S MAIN ST @ JANIS LN,S MAIN ST @ MAXWELL RD,0.256
S MAIN ST @ JANIS LN,OLD MILTON PKWY @ HAYNES BRIDGE RD,0.171
S MAIN ST @ MAXWELL RD,S MAIN ST @ 421,0.233
S MAIN ST @ 421,S MAIN ST @ 571,0.258
S MAIN ST @ 571,ALPHARETTA HWY @ WILLS RD,0.077
ALPHARETTA HWY @ WILLS RD,ALPHARETTA HWY @ HANEY DR,0.281
ALPHARETTA HWY @ WILLS RD,ALPHARETTA HWY @ WILLS RD,0.0
ALPHARETTA HWY @ WILLS RD,MAIN ST @ BRADY PL,0.369
ALPHARETTA HWY @ HANEY DR,ALPHARETTA HWY @ UPPER HEMBREE RD,0.172
ALPHARETTA HWY @ HANEY DR,ALPHARETTA HWY @ WILLS RD,0.281
ALPHARETTA HWY @ UPPER HEMBREE RD,ALPHARETTA HWY @ HOSPITAL BLVD,0.278
ALPHARETTA HWY @ HOSPITAL BLVD,ALPHARETTA HWY @ HEMBREE RD,0.184
ALPHARETTA HWY @ HOSPITAL BLVD,ALPHARETTA HWY @ NORTHMEADOW PKWY,0.289
ALPHARETTA HWY @ HEMBREE RD,ALPHARETTA HWY @ ROSEMONT PKWY,0.218
ALPHARETTA HWY @ HEMBREE RD,ALPHARETTA HWY @ HOSPITAL BLVD,0.184
ALPHARETTA HWY @ ROSEMONT PKWY,ALPHARETTA HWY @ 11450,0.114
ALPHARETTA HWY @ ROSEMONT PKWY,ALPHARETTA HWY @ HEMBREE RD,0.218
ALPHARETTA HWY @ 11450,ALPHARETTA HWY @ GREENHOUSE DR,0.147
ALPHARETTA HWY @ GREENHOUSE DR,ALPHARETTA HWY @ MANSELL PL,0.158
ALPHARETTA HWY @ GREENHOUSE DR,ALPHARETTA HWY @ ROSEMONT PKWY,0.261
ALPHARETTA HWY @ MANSELL PL,ALPHARETTA HWY @ ELKINS RD,0.211
ALPHARETTA HWY @ MANSELL PL,ALPHARETTA HWY @ GREENHOUSE DR,0.158
ALPHARETTA HWY @ ELKINS RD,ALPHARETTA HWY @ SUN VALLEY DR,0.233
ALPHARETTA HWY @ ELKINS RD,ALPHARETTA HWY @ MANSELL PL,0.211
ALPHARETTA HWY @ SUN VALLEY DR,ALPHARETTA HWY @ HOUZE WAY,0.295
ALPHARETTA HWY @ SUN VALLEY DR,ALPHARETTA HWY @ ELKINS RD,0.233
ALPHARETTA HWY @ HOUZE WAY,ALPHARETTA HWY @ MANSELL RD,0.223
ALPHARETTA HWY @ HOUZE WAY,ALPHARETTA HWY @ SUN VALLEY DR,0.295
ALPHARETTA HWY @ MANSELL RD,ALPHARETTA ST @ 10730,0.14
HOLCOMB BRIDGE RD @ ALPHARETTA ST,HOLCOMB BRIDGE RD @ GRIMES BRIDGE RD,0.058
HOLCOMB BRIDGE RD @ ALPHARETTA ST,ALPHARETTA ST @ COMMERCE PKWY,0.299
HOLCOMB BRIDGE RD @ GRIMES BRIDGE RD,HOLCOMB BRIDGE RD @ GRIMES BRIDGE RD,0.0
HOLCOMB BRIDGE RD @ GRIMES BRIDGE RD,HOLCOMB BRIDGE RD @ MARKET PL,0.309
HOLCOMB BRIDGE RD @ MARKET PL,HOLCOMB BRIDGE RD @ MARKET PL,0.0
HOLCOMB BRIDGE RD @ MARKET PL,HOLCOMB BRIDGE RD @ WARSAW RD,0.259
HOLCOMB BRIDGE RD @ MARKET PL,HOLCOMB BRIDGE RD @ OLD ROSWELL RD,0.096
HOLCOMB BRIDGE RD @ WARSAW RD,HOLCOMB BRIDGE RD @ RIVERWOOD LN,0.204
HOLCOMB BRIDGE RD @ WARSAW RD,HOLCOMB BRIDGE RD @ MARKET PL,0.259
HOLCOMB BRIDGE RD @ RIVERWOOD LN,HOLCOMB BRIDGE RD @ DOGWOOD RD,0.23
HOLCOMB BRIDGE RD @ DOGWOOD RD,HOLCOMB BRIDGE RD @ OLD DOGWOOD RD,0.219
HOLCOMB BRIDGE RD @ DOGWOOD RD,HOLCOMB BRIDGE RD @ OLD HOLCOMB BRIDGE RD,0.21
HOLCOMB BRIDGE RD @ OLD DOGWOOD RD,NORTH SPRINGS STATION,5.615
HOLCOMB BRIDGE RD @ OLD DOGWOOD RD,HOLCOMB BRIDGE RD @ DOGWOOD RD,0.219
HOLCOMB BRIDGE RD @ OLD HOLCOMB BRIDGE RD,HOLCOMB BRIDGE RD @ WARSAW RD,0.224
HOLCOMB BRIDGE RD @ OLD ROSWELL RD,HOLCOMB BRIDGE RD @ OLD ROSWELL RD,0.0
HOLCOMB BRIDGE RD @ OLD ROSWELL RD,HOLCOMB BRIDGE RD @ ALPHARETTA ST,0.256
ALPHARETTA HWY @ 10885,ALPHARETTA HWY @ HOUZE WAY,0.128
ALPHARETTA HWY @ NORTHMEADOW PKWY,ALPHARETTA HWY @ HANEY DR,0.157
MAIN ST @ BRADY PL,MAIN ST @ MAXWELL RD,0.234
MAIN ST @ MAXWELL RD,S MAIN ST @ JANIS LN,0.23
OLD MILTON PKWY @ 2365,OLD MILTON PKWY @ GARDNER DR,0.334
OLD MILTON PKWY @ GARDNER DR,OLD MILTON PKWY @ NORTHWINDS PKWY,0.439
OLD MILTON PKWY @ BROOKSIDE PKWY,BROOKSIDE PKWY @ 3705,0.164
BROOKSIDE PKWY @ 3705,BROOKSIDE PKWY @ 3775,0.134
BROOKSIDE PKWY @ 3775,BROOKSIDE PKWY @ ALEXANDER DR,0.335
BROOKSIDE PKWY @ ALEXANDER DR,ALEXANDER DR @ 4325,0.132
ALEXANDER DR @ 4325,OLD MILTON PKWY @ PARK BRIDGE PKWY,0.165
MARKET WAY @ HOLCOMB BRIDGE RD,HOLCOMB BRIDGE RD @ OLD DOGWOOD RD,0.313
E SIDE DR @ OLD WESLEY CHAPEL RD,PLEASANTWOOD DR @ E SIDE DR,0.166
E SIDE DR @ OLD WESLEY CHAPEL RD,WESLEY CHAPEL RD @ E SIDE DR,0.052
PLEASANTWOOD DR @ E SIDE DR,PLEASANTWOOD DR @ SNAPFINGER RD,0.255
PLEASANTWOOD DR @ SNAPFINGER RD,SNAPFINGER RD @ WESLEY CHAPEL RD,0.111
PLEASANTWOOD DR @ SNAPFINGER RD,PLEASANTWOOD DR @ PLEASANT POINT DR,0.271
SNAPFINGER RD @ WESLEY CHAPEL RD,RAINBOW DR @ SNAPFINGER RD,0.252
SNAPFINGER RD @ WESLEY CHAPEL RD,PLEASANTWOOD DR @ SNAPFINGER RD,0.111
RAINBOW DR @ SNAPFINGER RD,RAINBOW DR @ KELLEY CHAPEL RD,0.225
RAINBOW DR @ SNAPFINGER RD,SNAPFINGER RD @ WESLEY CHAPEL RD,0.252
RAINBOW DR @ SNAPFINGER RD,WESLEY CHAPEL RD @ E SIDE DR,0.214
RAINBOW DR @ KELLEY CHAPEL RD,RAINBOW DR @ SHADOWBROOK DR,0.097
RAINBOW DR @ KELLEY CHAPEL RD,RAINBOW DR @ SNAPFINGER RD,0.225
RAINBOW DR @ SHADOWBROOK DR,RAINBOW DR @ CHERYLTON CT,0.168
RAINBOW DR @ SHADOWBROOK DR,RAINBOW DR @ KELLEY CHAPEL RD,0.097
RAINBOW DR @ CHERYLTON CT,RAINBOW DR @ RAINBOW PKWY,0.075
RAINBOW DR @ RAINBOW PKWY,RAINBOW DR @ CLOUD LN,0.15
RAINBOW DR @ RAINBOW PKWY,RAINBOW DR @ SLUMBER TRL,0.08
RAINBOW DR @ CLOUD LN,RAINBOW DR @ COCKLEBUR RD,0.14
RAINBOW DR @ CLOUD LN,RAINBOW DR @ RAINBOW PKWY,0.15
RAINBOW DR @ COCKLEBUR RD,RAINBOW DR @ WHIRLAWAY DR,0.158
RAINBOW DR @ COCKLEBUR RD,RAINBOW DR @ CLOUD LN,0.14
RAINBOW DR @ WHIRLAWAY DR,RAINBOW DR @ KINGS PARK CIR,0.159
RAINBOW DR @ WHIRLAWAY DR,RAINBOW DR @ COCKLEBUR RD,0.158
RAINBOW DR @ KINGS PARK CIR,RAINBOW DR @ RAINBOW FOREST DR,0.113
RAINBOW DR @ KINGS PARK CIR,RAINBOW DR @ KNOLLVIEW DR,0.313
RAINBOW DR @ KINGS PARK CIR,RAINBOW DR @ WHIRLAWAY DR,0.159
RAINBOW DR @ RAINBOW FOREST DR,RAINBOW DR @ KINGS PARK CIR,0.113
RAINBOW DR @ KNOLLVIEW DR,RAINBOW DR @ STARDUST TRL,0.144
RAINBOW DR @ KNOLLVIEW DR,RAINBOW DR @ RAINBOW RIDGE RD,0.074
RAINBOW DR @ STARDUST TRL,RAINBOW DR @ COMET CIR,0.145
RAINBOW DR @ STARDUST TRL,RAINBOW DR @ KNOLLVIEW DR,0.144
RAINBOW DR @ COMET CIR,RAINBOW DR @ COLUMBIA DR,0.15
RAINBOW DR @ COMET CIR,RAINBOW DR @ STARDUST TRL,0.145
RAINBOW DR @ COLUMBIA DR,RAINBOW DR @ DA VINCI BLVD,0.257
RAINBOW DR @ COLUMBIA DR,RAINBOW DR @ COMET CIR,0.15
RAINBOW DR @ DA VINCI BLVD,RAINBOW DR @ 3260,0.018
RAINBOW DR @ DA VINCI BLVD,RAINBOW DR @ COLUMBIA DR,0.257
RAINBOW DR @ 3260,RAINBOW DR @ 3181,0.181
RAINBOW DR @ 3181,RAINBOW DR @ RAINBOW CIR,0.089
RAINBOW DR @ 3181,RAINBOW DR @ DA VINCI BLVD,0.194
RAINBOW DR @ RAINBOW CIR,RAINBOW DR @ DASH LEWIS DR,0.302
RAINBOW DR @ RAINBOW CIR,RAINBOW DR @ 3181,0.089
RAINBOW DR @ DASH LEWIS DR,RAINBOW DR @ 2958,0.146
RAINBOW DR @ DASH LEWIS DR,RAINBOW DR @ RAINBOW CIR,0.302
RAINBOW DR @ 2958,RAINBOW DR @ CANDLER RD,0.11
RAINBOW DR @ 2958,RAINBOW DR @ DASH LEWIS DR,0.146
RAINBOW DR @ CANDLER RD,TED TURNER DR @ BROTHERTON ST,7.772
RAINBOW DR @ CANDLER RD,RAINBOW DR @ 2958,0.11
RAINBOW DR @ RAINBOW RIDGE RD,RAINBOW DR @ RAINBOW FOREST DR,0.128
RAINBOW DR @ SLUMBER TRL,RAINBOW DR @ SHADOWBROOK DR,0.161
PLEASANTWOOD DR @ PLEASANT POINT DR,E SIDE DR @ OLD WESLEY CHAPEL RD,0.17
WESLEY CHAPEL RD @ E SIDE DR,WESLEY CHAPEL RD @ 2552,0.286
WESLEY CHAPEL RD @ 2552,NEW SNAPFINGER WOODS DR @ E WESLEY CHAPEL WAY,0.138
E WESLEY CHAPEL WAY @ 4300,E WESLEY CHAPEL WAY @ SNAPFINGER WOODS DR,0.287
E WESLEY CHAPEL WAY @ SNAPFINGER WOODS DR,NEW SNAPFINGER WOODS DR @ 4325,0.307
FAIRBURN PARK & RIDE,OAKLEY INDUSTRIAL BLVD @ 1200,0.737
FAIRBURN PARK & RIDE,OAKLEY INDUSTRIAL BLVD @ CARNEGIE DR,0.787
OAKLEY INDUSTRIAL BLVD @ 1200,OAKLEY INDUSTRIAL BLVD @ BOHANNON RD,0.376
OAKLEY INDUSTRIAL BLVD @ BOHANNON RD,CREEKWOOD RD @ OAKLEY INDUSTRIAL BLVD,0.855
OAKLEY INDUSTRIAL BLVD @ BOHANNON RD,BOHANNON RD @ 5000,0.396
CREEKWOOD RD @ OAKLEY INDUSTRIAL BLVD,OAKLEY INDUSTRIAL BLVD @ BOHANNON RD,0.855
BOHANNON RD @ 5000,BOHANNON RD @ MCLARIN RD,0.705
BOHANNON RD @ MCLARIN RD,BOHANNON RD @ FAIRBURN INDUSTRIAL BLVD,0.254
BOHANNON RD @ FAIRBURN INDUSTRIAL BLVD,OAKLEY INDUSTRIAL BLVD @ CARNEGIE DR,1.726
BOHANNON RD @ FAIRBURN INDUSTRIAL BLVD,RENAISSANCE PKWY @ 6000,1.645
OAKLEY INDUSTRIAL BLVD @ CARNEGIE DR,OAKLEY INDUSTRIAL BLVD @ SPENCE RD,0.244
OAKLEY INDUSTRIAL BLVD @ CARNEGIE DR,OAKLEY INDUSTRIAL BLVD @ SENOIA RD,0.419
OAKLEY INDUSTRIAL BLVD @ SPENCE RD,OAKLEY INDUSTRIAL BLVD @ TERMINUS DR,0.675
OAKLEY INDUSTRIAL BLVD @ SPENCE RD,OAKLEY INDUSTRIAL BLVD @ CARNEGIE DR,0.244
OAKLEY INDUSTRIAL BLVD @ TERMINUS DR,OAKLEY INDUSTRIAL BLVD @ STALWART DR,0.689
OAKLEY INDUSTRIAL BLVD @ TERMINUS DR,OAKLEY INDUSTRIAL BLVD @ SPENCE RD,0.675
OAKLEY INDUSTRIAL BLVD @ STALWART DR,OAKLEY INDUSTRIAL BLVD @ COATES DR,0.223
OAKLEY INDUSTRIAL BLVD @ STALWART DR,OAKLEY INDUSTRIAL BLVD @ TERMINUS DR,0.689
OAKLEY INDUSTRIAL BLVD @ COATES DR,OAKLEY INDUSTRIAL BLVD @ OAKLEY RD,0.499
OAKLEY INDUSTRIAL BLVD @ COATES DR,OAKLEY INDUSTRIAL BLVD @ STALWART DR,0.223
OAKLEY INDUSTRIAL BLVD @ OAKLEY RD,OAKLEY INDUSTRIAL BLVD @ JONESBORO RD,0.667
OAKLEY INDUSTRIAL BLVD @ OAKLEY RD,OAKLEY INDUSTRIAL BLVD @ COATES DR,0.499
OAKLEY INDUSTRIAL BLVD @ JONESBORO RD,JONESBORO RD @ 4295,0.277
OAKLEY INDUSTRIAL BLVD @ JONESBORO RD,OAKLEY INDUSTRIAL BLVD @ OAKLEY RD,0.667
OAKLEY INDUSTRIAL BLVD @ SENOIA RD,RENAISSANCE PKWY @ 6000,0.377
OAKLEY INDUSTRIAL BLVD @ SENOIA RD,OAKLEY INDUSTRIAL BLVD @ 1200,0.606
RENAISSANCE PKWY @ 6000,FAIRBURN PARK & RIDE,0.292
SOUTH FULTON PARK & RIDE,ROYAL SOUTH PKWY @ 3775,0.08
ROYAL SOUTH PKWY @ 3775,ROYAL SOUTH PKWY @ FELDWOOD RD,0.106
ROYAL SOUTH PKWY @ FELDWOOD RD,FELDWOOD RD @ FLAT SHOALS RD,0.1
FELDWOOD RD @ FLAT SHOALS RD,FLAT SHOALS RD @ BUFFINGTON RD,0.55
FLAT SHOALS RD @ BUFFINGTON RD,FLAT SHOALS RD @ 3650,0.02
FLAT SHOALS RD @ BUFFINGTON RD,FLAT SHOALS RD @ BUFFINGTON RD,0.0
FLAT SHOALS RD @ BUFFINGTON RD,FLAT SHOALS RD @ FELDWOOD RD,0.508
FLAT SHOALS RD @ 3650,FLAT SHOALS RD @ CONNELL RD,0.348
FLAT SHOALS RD @ CONNELL RD,FLAT SHOALS RD @ HIDDEN BROOK TRL,0.259
FLAT SHOALS RD @ CONNELL RD,FLAT SHOALS RD @ BUFFINGTON RD,0.354
FLAT SHOALS RD @ HIDDEN BROOK TRL,FLAT SHOALS RD @ EL CAUDILLO CT,0.18
FLAT SHOALS RD @ HIDDEN BROOK TRL,FLAT SHOALS RD @ CONNELL RD,0.259
FLAT SHOALS RD @ EL CAUDILLO CT,FLAT SHOALS RD @ TAHOE DR,0.102
FLAT SHOALS RD @ EL CAUDILLO CT,FLAT SHOALS RD @ HIDDEN BROOK TRL,0.18
FLAT SHOALS RD @ TAHOE DR,FLAT SHOALS RD @ RED OAK RD,0.162
FLAT SHOALS RD @ TAHOE DR,FLAT SHOALS RD @ EL CAUDILLO CT,0.102
FLAT SHOALS RD @ RED OAK RD,FLAT SHOALS RD @ 3060,0.079
FLAT SHOALS RD @ RED OAK RD,FLAT SHOALS RD @ TAHOE DR,0.162
FLAT SHOALS RD @ 3060,FLAT SHOALS RD @ KIMBERLY MILL RD,0.16
FLAT SHOALS RD @ KIMBERLY MILL RD,KIMBERLY MILL RD @ FLAT SHOALS RD,0.072
FLAT SHOALS RD @ KIMBERLY MILL RD,FLAT SHOALS RD @ SHOALS CREEK DR,0.234
FLAT SHOALS RD @ KIMBERLY MILL RD,FLAT SHOALS RD @ RED OAK RD,0.238
KIMBERLY MILL RD @ FLAT SHOALS RD,KIMBERLY MILL RD @ 6410,0.139
KIMBERLY MILL RD @ 6410,KIMBERLY MILL RD @ VALLEY BEND RD,0.195
KIMBERLY MILL RD @ VALLEY BEND RD,KIMBERLY MILL RD @ KIMBERLY MILL LN,0.106
KIMBERLY MILL RD @ VALLEY BEND RD,KIMBERLY MILL RD @ 6400,0.182
KIMBERLY MILL RD @ KIMBERLY MILL LN,KIMBERLY MILL RD @ KEENAN RD,0.077
KIMBERLY MILL RD @ KIMBERLY MILL LN,KIMBERLY MILL RD @ VALLEY BEND RD,0.106
KIMBERLY MILL RD @ KEENAN RD,CADIZ CIR @ KIMBERLY MILL RD,0.239
KIMBERLY MILL RD @ KEENAN RD,KIMBERLY MILL RD @ KIMBERLY MILL LN,0.077
CADIZ CIR @ KIMBERLY MILL RD,CADIZ CIR @ CADIZ LN N,0.179
CADIZ CIR @ KIMBERLY MILL RD,KIMBERLY MILL RD @ ADENA LN W,0.067
CADIZ CIR @ CADIZ LN N,CADIZ CIR @ CADIZ LN S,0.139
CADIZ CIR @ CADIZ LN S,CADIZ CIR @ KIMBERLY MILL RD,0.073
KIMBERLY MILL RD @ ADENA LN W,KIMBERLY MILL RD @ PINEY FORK LN,0.075
KIMBERLY MILL RD @ PINEY FORK LN,KIMBERLY MILL RD @ KEENAN RD,0.097
KIMBERLY MILL RD @ 6400,FLAT SHOALS RD @ SHOALS CREEK DR,0.359
KIMBERLY MILL RD @ 6400,FLAT SHOALS RD @ KIMBERLY MILL RD,0.226
FLAT SHOALS RD @ SHOALS CREEK DR,FLAT SHOALS RD @ HEMPERLEY RD,0.315
FLAT SHOALS RD @ SHOALS CREEK DR,HARPER VALLEY DR @ MICHAEL DR,0.241
FLAT SHOALS RD @ SHOALS CREEK DR,FLAT SHOALS RD @ KIMBERLY MILL RD,0.234
FLAT SHOALS RD @ SHOALS CREEK DR,KIMBERLY MILL RD @ FLAT SHOALS RD,0.238
FLAT SHOALS RD @ HEMPERLEY RD,FLAT SHOALS RD @ GUILFORD LN,0.285
FLAT SHOALS RD @ HEMPERLEY RD,FLAT SHOALS RD @ SHOALS CREEK DR,0.315
FLAT SHOALS RD @ GUILFORD LN,FLAT SHOALS RD @ 2555,0.199
FLAT SHOALS RD @ GUILFORD LN,FLAT SHOALS RD @ HILLANDALE DR,0.086
FLAT SHOALS RD @ 2555,FLAT SHOALS RD @ OLD NATIONAL HWY,0.057
FLAT SHOALS RD @ 2555,FLAT SHOALS RD @ GUILFORD LN,0.199
FLAT SHOALS RD @ OLD NATIONAL HWY,OLD NATIONAL HWY @ FLAT SHOALS RD,0.151
FLAT SHOALS RD @ OLD NATIONAL HWY,FLAT SHOALS RD @ 2555,0.057
PLEASANT HILL RD @ WILLOW PARK BLVD,PLEASANT HILL RD @ SURREY TRL,0.152
PLEASANT HILL RD @ WILLOW PARK BLVD,OLD NATIONAL HWY @ PLEASANT HILL RD,0.191
PLEASANT HILL RD @ SURREY TRL,SURREY TRL @ MONTILLY CIR S,0.076
PLEASANT HILL RD @ SURREY TRL,PLEASANT HILL RD @ WILLOW PARK BLVD,0.152
SURREY TRL @ MONTILLY CIR S,SURREY TRL @ MONTILLY CIR N,0.116
SURREY TRL @ MONTILLY CIR S,PLEASANT HILL RD @ SURREY TRL,0.076
SURREY TRL @ MONTILLY CIR N,SCOFIELD RD @ SHANCEY LN,0.233
SCOFIELD RD @ SHANCEY LN,SCOFIELD RD @ BRITNEY FOREST DR,0.204
SCOFIELD RD @ BRITNEY FOREST DR,SCOFIELD RD @ BRITTANY TRL,0.083
SCOFIELD RD @ BRITNEY FOREST DR,SCOFIELD RD @ BRITLEY TER,0.116
SCOFIELD RD @ BRITTANY TRL,SCOFIELD RD @ ORLY TER,0.247
SCOFIELD RD @ BRITTANY TRL,SCOFIELD RD @ BRITNEY FOREST DR,0.083
SCOFIELD RD @ ORLY TER,SCOFIELD RD @ ROCHELLE WAY,0.109
SCOFIELD RD @ ORLY TER,SCOFIELD RD @ BRITTANY TRL,0.247
SCOFIELD RD @ ROCHELLE WAY,GODBY RD @ LIMETREE WAY,0.194
SCOFIELD RD @ ROCHELLE WAY,SCOFIELD RD @ ORLY TER,0.109
GODBY RD @ LIMETREE WAY,GODBY RD @ OLD NATIONAL PKWY,0.199
GODBY RD @ OLD NATIONAL PKWY,GODBY RD @ OLD NATIONAL HWY,0.218
GODBY RD @ OLD NATIONAL PKWY,GODBY RD @ 2300,0.208
GODBY RD @ OLD NATIONAL HWY,OLD NATIONAL HWY @ SULLIVAN RD,0.501
GODBY RD @ OLD NATIONAL HWY,GODBY RD @ OLD NATIONAL PKWY,0.218
HARPER VALLEY DR @ MICHAEL DR,OLD FARM RD @ LAJEAN DR,0.133
OLD FARM RD @ LAJEAN DR,OLD FARM RD @ GREEN TRAIL DR,0.115
OLD FARM RD @ LAJEAN DR,FLAT SHOALS RD @ SHOALS CREEK DR,0.265
OLD FARM RD @ GREEN TRAIL DR,CARRIAGE LN @ OCEAN VALLEY RD,0.169
OLD FARM RD @ GREEN TRAIL DR,OLD FARM RD @ LAJEAN DR,0.115
CARRIAGE LN @ OCEAN VALLEY RD,CARRIAGE LN @ HILLANDALE DR,0.139
CARRIAGE LN @ HILLANDALE DR,HILLANDALE DR @ OCEAN VALLEY DR,0.167
HILLANDALE DR @ OCEAN VALLEY DR,FLAT SHOALS RD @ GUILFORD LN,0.135
HILLANDALE DR @ OCEAN VALLEY DR,HILLANDALE DR @ CARRIAGE LN,0.159
GODBY RD @ 2300,SCOFIELD RD @ ROCHELLE WAY,0.182
GODBY RD @ 2300,GODBY RD @ SCOFIELD RD,0.118
SCOFIELD RD @ BRITLEY TER,SCOFIELD RD @ SURREY TRL,0.263
SCOFIELD RD @ SURREY TRL,SURREY TRL @ MONTILLY CIR S,0.198
OLD NATIONAL HWY @ LANTERN LN,OLD NATIONAL HWY @ WEXFORD DR,0.17
FLAT SHOALS RD @ HILLANDALE DR,HILLANDALE DR @ OCEAN VALLEY DR,0.099
FLAT SHOALS RD @ HILLANDALE DR,FLAT SHOALS RD @ HEMPERLEY RD,0.2
HILLANDALE DR @ CARRIAGE LN,CARRIAGE LANE @ OCEAN VALLEY DR,0.163
CARRIAGE LANE @ OCEAN VALLEY DR,OLD FARM RD @ GREEN TRAIL DR,0.174
FELDWOOD RD @ ROYAL SOUTH PKWY,SOUTH FULTON PARK & RIDE,0.212
JUSTICE CENTER BUS TRANSIT STATION,TARA BLVD @ SR 54,0.564
JUSTICE CENTER BUS TRANSIT STATION,TARA BLVD @ DEPUTY RICK DALY MEMORIAL BLVD,0.338
TARA BLVD @ SR 54,FLINT RIVER RD @ TARA BLVD,0.446
TARA BLVD @ SR 54,JUSTICE CENTER BUS TRANSIT STATION,0.564
TARA BLVD @ SR 54,TARA BLVD @ FAYETTEVILLE RD,0.364
FLINT RIVER RD @ TARA BLVD,FLINT RIVER RD @ 681,0.24
FLINT RIVER RD @ TARA BLVD,TARA BLVD @ FLINT RIVER RD,0.208
FLINT RIVER RD @ 681,FLINT RIVER RD @ KENDRICK RD,0.487
FLINT RIVER RD @ KENDRICK RD,FLINT RIVER RD @ LEXINGTON DR,0.195
FLINT RIVER RD @ KENDRICK RD,FLINT RIVER RD @ 688,0.486
FLINT RIVER RD @ LEXINGTON DR,FLINT RIVER RD @ ASHTON RD,0.256
FLINT RIVER RD @ LEXINGTON DR,FLINT RIVER RD @ KENDRICK RD,0.195
FLINT RIVER RD @ ASHTON RD,FLINT RIVER RD @ TAYLOR RD,0.212
FLINT RIVER RD @ ASHTON RD,FLINT RIVER RD @ LEXINGTON DR,0.256
FLINT RIVER RD @ TAYLOR RD,FLINT RIVER RD SW @ DORSEY RD,0.262
FLINT RIVER RD SW @ DORSEY RD,FLINT RIVER RD SW @ GLENWOODS DR,0.137
FLINT RIVER RD SW @ DORSEY RD,FLINT RIVER RD SW @ TAYLOR RD,0.244
FLINT RIVER RD SW @ GLENWOODS DR,FLINT RIVER RD SW @ GUTHRIE DR,0.348
FLINT RIVER RD SW @ GLENWOODS DR,FLINT RIVER RD SW @ DORSEY RD,0.137
FLINT RIVER RD SW @ GUTHRIE DR,FLINT RIVER RD SW @ THOMAS RD,0.208
FLINT RIVER RD SW @ GUTHRIE DR,FLINT RIVER RD SW @ GLENWOODS DR,0.348
FLINT RIVER RD SW @ THOMAS RD,POINTE SOUTH PKWY @ NICHOLSON DR,0.271
FLINT RIVER RD SW @ THOMAS RD,FLINT RIVER RD SW @ GUTHRIE DR,0.208
POINTE SOUTH PKWY @ NICHOLSON DR,POINTE SOUTH PKWY @ ANSLEY DR,0.167
POINTE SOUTH PKWY @ NICHOLSON DR,FLINT RIVER RD SW @ THOMAS RD,0.271
POINTE SOUTH PKWY @ ANSLEY DR,POINTE SOUTH PKWY @ PARK VILLA WAY,0.168
POINTE SOUTH PKWY @ ANSLEY DR,POINTE SOUTH PKWY @ NICHOLSON DR,0.167
POINTE SOUTH PKWY @ PARK VILLA WAY,POINTE SOUTH PKWY @ BRANDON HILL WAY,0.192
POINTE SOUTH PKWY @ BRANDON HILL WAY,POINTE SOUTH PKWY @ SR 85,0.18
POINTE SOUTH PKWY @ BRANDON HILL WAY,POINTE SOUTH PKWY @ ELON TRL,0.208
POINTE SOUTH PKWY @ SR 85,SR 85 @ THOMAS RD,0.278
POINTE SOUTH PKWY @ SR 85,POINTE SOUTH PKWY @ BRANDON HILL WAY,0.18
SR 85 @ THOMAS RD,SR 85 @ PINE RIDGE DR,0.398
SR 85 @ PINE RIDGE DR,SR 85 @ WEBB RD,0.218
SR 85 @ PINE RIDGE DR,SR 85 @ HELMER RD,0.329
SR 85 @ WEBB RD,SR 85 @ LAKEVIEW DR,0.194
SR 85 @ LAKEVIEW DR,SR 85 @ LAKE RIDGE PKWY,0.451
SR 85 @ LAKEVIEW DR,SR 85 @ WARREN DR,0.265
SR 85 @ LAKE RIDGE PKWY,SR 85 @ COMMERCE BLVD,0.26
SR 85 @ LAKE RIDGE PKWY,SR 85 @ LAKEVIEW DR,0.451
SR 85 @ COMMERCE BLVD,SR 85 @ SR 138,0.278
SR 85 @ ROUNTREE RD,SR 85 @ LAMAR HUTCHESON PKWY,0.49
SR 85 @ ROUNTREE RD,CHURCH ST @ BETHSAIDA RD,0.525
SR 85 @ LAMAR HUTCHESON PKWY,LAMAR HUTCHESON PKWY @ 658,0.136
LAMAR HUTCHESON PKWY @ VALLEY HILL RD,VALLEY HILL RD SW @ LAMAR HUTCHESON PKWY,0.174
LAMAR HUTCHESON PKWY @ VALLEY HILL RD,LAMAR HUTCHESON PKWY @ UPPER RIVERDALE RD SW,0.302
LAMAR HUTCHESON PKWY @ VALLEY HILL RD,VALLEY HILL RD SW @ HEATHROW DR,0.123
MAIN ST @ SR 85,CHURCH ST @ HOWARD ST,0.207
CHURCH ST @ HOWARD ST,CHURCH ST @ KING RD,0.241
CHURCH ST @ HOWARD ST,MAIN ST @ WEST ST,0.184
CHURCH ST @ KING RD,CHURCH ST @ STEEPLECHASE LN,0.338
CHURCH ST @ KING RD,CHURCH ST @ HOWARD ST,0.241
CHURCH ST @ STEEPLECHASE LN,CHURCH ST @ POPLAR SPRINGS RD,0.399
CHURCH ST @ STEEPLECHASE LN,CHURCH ST @ KING RD,0.338
CHURCH ST @ POPLAR SPRINGS RD,RIVERDALE RD @ E FAYETTEVILLE RD,0.125
RIVERDALE RD @ E FAYETTEVILLE RD,RIVERDALE RD @ 6030,0.251
RIVERDALE RD @ E FAYETTEVILLE RD,RIVERDALE RD @ POPLAR SPRINGS RD,0.222
RIVERDALE RD @ 6030,RIVERDALE RD @ WALKER RD,0.183
RIVERDALE RD @ WALKER RD,GARDEN WALK BLVD @ RIVERDALE RD,0.254
GARDEN WALK BLVD @ RIVERDALE RD,GARDEN WALK BLVD @ GARDEN WOOD DR,0.172
GARDEN WALK BLVD @ RIVERDALE RD,RIVERDALE RD @ LAKE REGENCY DR,0.184
GARDEN WALK BLVD @ GARDEN WOOD DR,GARDEN WALK BLVD @ GARDEN SPRINGS DR,0.305
GARDEN WALK BLVD @ GARDEN SPRINGS DR,GARDEN WALK BLVD @ GARDEN RIDGE DR,0.159
GARDEN WALK BLVD @ GARDEN SPRINGS DR,GARDEN WALK BLVD @ BROOKSTONE RDG,0.327
GARDEN WALK BLVD @ GARDEN RIDGE DR,GARDEN WALK BLVD @ W LEES MILL RD,0.316
GARDEN WALK BLVD @ GARDEN RIDGE DR,GARDEN WALK BLVD @ GARDEN SPRINGS DR,0.159
GARDEN WALK BLVD @ W LEES MILL RD,GARDEN WALK BLVD @ SR 85,0.153
GARDEN WALK BLVD @ SR 85,SR 85 @ EAGLES CROSSING WAY,0.192
GARDEN WALK BLVD @ SR 85,GARDEN WALK BLVD @ W LEE MILLS RD,0.14
GARDEN WALK BLVD @ SR 85,SR 85 @ BRIAR HILL LN,0.307
SR 85 @ EAGLES CROSSING WAY,SR 85 @ AIRPORT SOUTH PKWY,0.491
SR 85 @ EAGLES CROSSING WAY,GARDEN WALK BLVD @ SR 85,0.192
SR 85 @ AIRPORT SOUTH PKWY,SR 85 @ LEES MILL RD,0.326
SR 85 @ AIRPORT SOUTH PKWY,SR 85 @ EAGLES CROSSING WAY,0.491
SR 85 @ LEES MILL RD,SR 85 @ 5324,0.151
SR 85 @ LEES MILL RD,SR 85 @ AIRPORT SOUTH PKWY,0.326
SR 85 @ 5324,ATLANTA S PKWY @ SR 85,0.219
SR 85 @ 5324,SR 85 @ LEES MILL RD,0.151
ATLANTA S PKWY @ SR 85,ATLANTA S PKWY @ 600,0.297
ATLANTA S PKWY @ SR 85,SR 85 @ 5324,0.219
ATLANTA S PKWY @ 600,ATLANTA S PKWY @ 775,0.252
ATLANTA S PKWY @ 775,ATLANTA S PKWY @ FOREST PKWY,0.178
ATLANTA S PKWY @ FOREST PKWY,CLARK HOWELL HWY @ OLD CLARK HOWELL HWY,0.511
ATLANTA S PKWY @ FOREST PKWY,ATLANTA S PKWY @ 760,0.192
CLARK HOWELL HWY @ OLD CLARK HOWELL HWY,CLARK HOWELL HWY @ AZAR PL,0.24
CLARK HOWELL HWY @ OLD CLARK HOWELL HWY,ATLANTA S PKWY @ FOREST PKWY,0.511
CLARK HOWELL HWY @ AZAR PL,CLARK HOWELL HWY @ LAKE MIRROR RD,0.141
CLARK HOWELL HWY @ LAKE MIRROR RD,S CARGO DR @ AIRPORT LOOP RD,0.961
CLARK HOWELL HWY @ LAKE MIRROR RD,CLARK HOWELL HWY @ CORDELL DR,0.203
CLARK HOWELL HWY @ LAKE MIRROR RD,AIRPORT INTERNATIONAL TERMINAL - ARRIVALS,0.951
S CARGO DR @ AIRPORT LOOP RD,AIRPORT INTERNATIONAL TERMINAL - ARRIVALS,1.166
S CARGO DR @ AIRPORT LOOP RD,LAKE MIRROR RD @ NEW TRADE CENTER DR,0.844
AIRPORT INTERNATIONAL TERMINAL - ARRIVALS,MAYNARD H JACKSON JR BLVD @ S LOOP RD,0.676
MAYNARD H JACKSON JR BLVD @ S LOOP RD,LAKEWOOD/FT MCPHERSON STATION,4.353
MAYNARD H JACKSON JR BLVD @ S LOOP RD,S CARGO DR @ AIRPORT LOOP RD,1.604
MAYNARD H JACKSON JR BLVD @ S LOOP RD,LAKE MIRROR RD @ NEW TRADE CENTER DR,0.951
LAKE MIRROR RD @ NEW TRADE CENTER DR,CLARK HOWELL HWY @ LAKE MIRROR RD,0.121
CLARK HOWELL HWY @ CORDELL DR,CLARK HOWELL HWY @ OLD CLARK HOWELL HWY,0.178
ATLANTA S PKWY @ 760,ATLANTA S PKWY @ 650,0.178
ATLANTA S PKWY @ 650,ATLANTA S PKWY @ SR 85,0.332
GARDEN WALK BLVD @ W LEE MILLS RD,GARDEN WALK BLVD @ GARDEN RIDGE DR,0.326
GARDEN WALK BLVD @ BROOKSTONE RDG,RIVERDALE RD @ GARDEN WALK BLVD,0.181
GARDEN WALK BLVD @ BROOKSTONE RDG,GARDEN WALK BLVD @ RIVERDALE RD,0.151
RIVERDALE RD @ GARDEN WALK BLVD,RIVERDALE RD @ 6045,0.427
RIVERDALE RD @ 6045,RIVERDALE RD @ E FAYETTEVILLE RD,0.19
RIVERDALE RD @ POPLAR SPRINGS RD,CHURCH ST @ STEEPLECHASE LN,0.295
MAIN ST @ WEST ST,VALLEY HILL RD SW @ SR 85,0.147
VALLEY HILL RD SW @ SR 85,VALLEY HILL RD SW @ DELTA DR,0.249
VALLEY HILL RD SW @ DELTA DR,VALLEY HILL RD SW @ LAMAR HUTCHESON PKWY,0.202
LAMAR HUTCHESON PKWY @ 6842,LAMAR HUTCHESON PKWY @ ROBERTS DR,0.379
LAMAR HUTCHESON PKWY @ 618,SR 85 @ 7145,0.216
LAMAR HUTCHESON PKWY @ 618,SR 85 @ 7056,0.19
LAMAR HUTCHESON PKWY @ 618,CHURCH ST @ BETHSAIDA RD,0.346
SR 85 @ 7145,SR 85 @ CHURCH ST,0.373
SR 85 @ WARREN DR,SR 85 @ PINE RIDGE DR,0.148
SR 85 @ HELMER RD,POINTE SOUTH PKWY @ SR 85,0.348
POINTE SOUTH PKWY @ ELON TRL,POINTE SOUTH PKWY @ ANSLEY DR,0.161
FLINT RIVER RD SW @ TAYLOR RD,FLINT RIVER RD @ ASHTON RD,0.23
FLINT RIVER RD @ 688,FLINT RIVER RD @ TARA BLVD,0.241
TARA BLVD @ FLINT RIVER RD,TARA BLVD @ SR 54,0.25
TARA BLVD @ FAYETTEVILLE RD,TARA BLVD @ SMITH ST,0.361
TARA BLVD @ FAYETTEVILLE RD,SMITH ST @ FAYETTEVILLE RD,0.282
TARA BLVD @ SMITH ST,TARA BLVD @ DIXON ST,0.348
TARA BLVD @ DIXON ST,TARA BLVD @ NORTH AVE,0.386
TARA BLVD @ NORTH AVE,TARA BLVD @ SR 138,0.284
TARA BLVD @ NORTH AVE,TARA BLVD @ DIXON RD,0.442
TARA BLVD @ SR 138,TARA BLVD @ N MAIN ST SE,0.509
TARA BLVD @ SR 138,TARA BLVD @ NORTH AVE,0.284
TARA BLVD @ N MAIN ST SE,TARA BLVD @ N CARTER DR,0.488
TARA BLVD @ N CARTER DR,TARA BLVD @ BATTLE CREEK RD,0.288
TARA BLVD @ N CARTER DR,TARA BLVD @ MUSEUM CIR,0.594
TARA BLVD @ N CARTER DR,BATTLE CREEK RD @ TARA BLVD,0.251
TARA BLVD @ BATTLE CREEK RD,TARA BLVD @ PATTON RD,0.245
TARA BLVD @ BATTLE CREEK RD,TARA BLVD @ N CARTER DR,0.288
TARA BLVD @ PATTON RD,TARA BLVD @ VILLAGE LN,0.162
TARA BLVD @ VILLAGE LN,TARA BLVD @ SHERWOOD DR,0.183
TARA BLVD @ VILLAGE LN,TARA BLVD @ CAMELOT PKWY,0.186
TARA BLVD @ SHERWOOD DR,TARA BLVD @ SOUTHSIDE COMMERCIAL PKWY,0.253
TARA BLVD @ SOUTHSIDE COMMERCIAL PKWY,TARA BLVD @ FLINT TRL,0.231
TARA BLVD @ FLINT TRL,TARA BLVD @ MT ZION RD,0.169
TARA BLVD @ FLINT TRL,TARA BLVD @ ALDERWOODS DR,0.278
TARA BLVD @ MT ZION RD,TARA BLVD @ EDGEMOOR LN,0.205
TARA BLVD @ MT ZION RD,UPPER RIVERDALE RD @ LEES MILL RD,0.663
TARA BLVD @ EDGEMOOR LN,OLD DIXIE RD @ HOLIDAY BLVD,0.215
OLD DIXIE RD @ HOLIDAY BLVD,OLD DIXIE RD @ UPPER RIVERDALE RD,0.216
OLD DIXIE RD @ HOLIDAY BLVD,TARA BLVD @ ARROWHEAD BLVD,0.255
OLD DIXIE RD @ UPPER RIVERDALE RD,OLD DIXIE RD @ OLD DIXIE WAY,0.379
OLD DIXIE RD @ UPPER RIVERDALE RD,OLD DIXIE RD @ HOLIDAY BLVD,0.216
OLD DIXIE RD @ OLD DIXIE WAY,OLD DIXIE RD @ MORROW RD,0.284
OLD DIXIE RD @ OLD DIXIE WAY,OLD DIXIE RD @ UPPER RIVERDALE RD,0.379
OLD DIXIE RD @ MORROW RD,OLD DIXIE RD @ SYLVIA DR,0.244
OLD DIXIE RD @ MORROW RD,OLD DIXIE RD @ OLD DIXIE WAY,0.284
OLD DIXIE RD @ SYLVIA DR,OLD DIXIE RD @ JOHNSON RD,0.198
OLD DIXIE RD @ SYLVIA DR,OLD DIXIE RD @ MORROW RD,0.244
OLD DIXIE RD @ JOHNSON RD,OLD DIXIE RD @ WINDSOR DR,0.14
OLD DIXIE RD @ JOHNSON RD,OLD DIXIE RD @ SYLVIA DR,0.198
OLD DIXIE RD @ WINDSOR DR,OLD DIXIE RD @ BRECKEN RIDGE,0.292
OLD DIXIE RD @ BRECKEN RIDGE,OLD DIXIE RD @ PINERIDGE DR,0.178
OLD DIXIE RD @ BRECKEN RIDGE,OLD DIXIE RD @ SOUTHPARK DR,0.275
OLD DIXIE RD @ PINERIDGE DR,OLD DIXIE RD @ AGNEW DR,0.332
OLD DIXIE RD @ AGNEW DR,OLD DIXIE RD @ 1ST ST,0.28
OLD DIXIE RD @ AGNEW DR,OLD DIXIE RD @ PENNEY RD,0.279
OLD DIXIE RD @ 1ST ST,OLD DIXIE RD @ 5020,0.222
OLD DIXIE RD @ 5020,OLD DIXIE RD @ FOREST PKWY,0.014
OLD DIXIE RD @ FOREST PKWY,OLD DIXIE RD @ CENTRAL AVE,0.402
OLD DIXIE RD @ FOREST PKWY,OLD DIXIE RD @ BARNETT RD,0.217
OLD DIXIE RD @ FOREST PKWY,OLD DIXIE HWY @ OLD DIXIE RD,0.407
OLD DIXIE RD @ CENTRAL AVE,OLD DIXIE RD @ SOUTHPOINT DR,0.419
OLD DIXIE RD @ SOUTHPOINT DR,CHARLES W GRANT PKWY @ OLD DIXIE RD,0.715
OLD DIXIE RD @ SOUTHPOINT DR,OLD DIXIE RD @ OLD DIXIE HWY,0.501
CHARLES W GRANT PKWY @ OLD DIXIE RD,CHARLES W GRANT PKWY @ INTERNATIONAL PKWY,0.376
CHARLES W GRANT PKWY @ INTERNATIONAL PKWY,N INNER LOOP RD @ UNION AVE,1.173
CHARLES W GRANT PKWY @ INTERNATIONAL PKWY,OLD DIXIE RD @ CHARLES W GRANT PKWY,0.421
N INNER LOOP RD @ UNION AVE,N OUTER LOOP RD @ ATLANTA AVE,0.297
N OUTER LOOP RD @ ATLANTA AVE,N OUTER LOOP RD @ RAINEY AVE,0.357
N OUTER LOOP RD @ RAINEY AVE,N OUTER LOOP RD @ DELTA BLVD,0.251
N OUTER LOOP RD @ DELTA BLVD,N OUTER LOOP RD @ WOOLMAN PL,0.264
N OUTER LOOP RD @ WOOLMAN PL,TOFFIE TER @ VIRGINIA AVE,0.142
TOFFIE TER @ VIRGINIA AVE,BOBBY BROWN PKWY @ CAMBRIDGE AVE,0.235
BOBBY BROWN PKWY @ CAMBRIDGE AVE,NORMAN BERRY DR @ WILLIGHAM DR,0.258
BOBBY BROWN PKWY @ CAMBRIDGE AVE,BOBBY BROWN PKWY @ VIRGINIA AVE,0.219
NORMAN BERRY DR @ WILLIGHAM DR,S MARTIN ST @ NORMAN BERRY DR,0.245
S MARTIN ST @ NORMAN BERRY DR,S MARTIN ST @ 3125,0.128
S MARTIN ST @ 3125,S MARTIN ST @ BAYARD ST,0.132
S MARTIN ST @ 3125,NORMAN BERRY DR @ S MARTIN ST,0.152
S MARTIN ST @ BAYARD ST,RN MARTIN ST @ RANDALL ST,0.116
S MARTIN ST @ BAYARD ST,S MARTIN ST @ 3125,0.132
RN MARTIN ST @ RANDALL ST,RN MARTIN ST @ HOLCOMB AVE,0.188
RN MARTIN ST @ RANDALL ST,S MARTIN ST @ BAYARD ST,0.116
RN MARTIN ST @ HOLCOMB AVE,RN MARTIN ST @ HOLLAND CT,0.147
RN MARTIN ST @ HOLCOMB AVE,RN MARTIN ST @ RANDALL ST,0.188
RN MARTIN ST @ HOLLAND CT,IRENE KIDD PKWY @ CENTRAL AVE,0.133
RN MARTIN ST @ HOLLAND CT,RN MARTIN ST @ HOLCOMB AVE,0.147
NORMAN BERRY DR @ S MARTIN ST,NORMAN BERRY DR @ WILLINGHAM DR,0.235
NORMAN BERRY DR @ WILLINGHAM DR,BOBBY BROWN PKWY @ CAMBRIDGE AVE,0.236
BOBBY BROWN PKWY @ VIRGINIA AVE,INNER LOOP RD @ WOOLMAN PL,0.217
INNER LOOP RD @ WOOLMAN PL,N INNER LOOP RD @ DELTA BLVD,0.21
N INNER LOOP RD @ DELTA BLVD,PERRY J HUDSON PKWY @ RAINEY AVE,0.239
PERRY J HUDSON PKWY @ RAINEY AVE,PERRY J HUDSON PKWY @ ATLANTA AVE,0.403
PERRY J HUDSON PKWY @ ATLANTA AVE,CHARLES W GRANT PKWY @ INTERNATIONAL PKWY,1.411
OLD DIXIE RD @ CHARLES W GRANT PKWY,OLD DIXIE RD @ SOUTHPOINT DR,0.648
OLD DIXIE RD @ OLD DIXIE HWY,OLD DIXIE RD @ FOREST PKWY,0.319
OLD DIXIE RD @ OLD DIXIE HWY,FOREST PKWY @ OLD DIXIE RD,0.239
OLD DIXIE RD @ BARNETT RD,OLD DIXIE RD @ AGNEW DR,0.297
OLD DIXIE RD @ PENNEY RD,OLD DIXIE RD @ BRECKEN RIDGE,0.232
OLD DIXIE RD @ SOUTHPARK DR,OLD DIXIE RD @ JOHNSON RD,0.157
TARA BLVD @ ARROWHEAD BLVD,TARA BLVD @ PARKWOOD WAY,0.205
TARA BLVD @ PARKWOOD WAY,TARA BLVD @ FLINT TRL,0.12
TARA BLVD @ ALDERWOODS DR,TARA BLVD @ SUMMERWIND DR,0.244
TARA BLVD @ SUMMERWIND DR,TARA BLVD @ VILLAGE LN,0.145
TARA BLVD @ CAMELOT PKWY,TARA BLVD @ BATTLE CREEK RD,0.225
TARA BLVD @ MUSEUM CIR,TARA BLVD @ SR 138,0.407
TARA BLVD @ DIXON RD,TARA BLVD @ 8425,0.263
TARA BLVD @ 8425,TARA BLVD @ ROBERT E LEE PKWY,0.222
TARA BLVD @ ROBERT E LEE PKWY,TARA BLVD @ FLINT RIVER RD,0.301
WILLINGHAM DR @ E MAIN ST,WILLINGHAM DR @ PLANT ST,0.118
WILLINGHAM DR @ E MAIN ST,MAIN ST @ WILLIAMS AVE,0.133
WILLINGHAM DR @ PLANT ST,WILLINGHAM DR @ ELM ST,0.202
WILLINGHAM DR @ PLANT ST,WILLINGHAM DR @ E MAIN ST,0.118
WILLINGHAM DR @ ELM ST,WILLINGHAM DR @ HARRISON RD,0.172
WILLINGHAM DR @ HARRISON RD,WILLINGHAM DR @ PENNSYLVANIA ST,0.134
WILLINGHAM DR @ HARRISON RD,WILLINGHAM DR @ CHERRY ST,0.173
WILLINGHAM DR @ PENNSYLVANIA ST,WILLINGHAM DR @ BACHELOR AVE,0.074
WILLINGHAM DR @ PENNSYLVANIA ST,WILLINGHAM DR @ HARRISON RD,0.134
WILLINGHAM DR @ BACHELOR AVE,WILLINGHAM DR @ BOBBY BROWN PKWY,0.152
WILLINGHAM DR @ BACHELOR AVE,WILLINGHAM DR @ PENNSYLVANIA ST,0.074
WILLINGHAM DR @ BOBBY BROWN PKWY,WILLINGHAM DR @ 1053,0.246
WILLINGHAM DR @ 1053,WILLINGHAM DR @ COLVILLE AVE,0.374
WILLINGHAM DR @ 1053,WILLINGHAM DR @ NORMAN BERRY DR,0.223
WILLINGHAM DR @ COLVILLE AVE,S CENTRAL AVE @ VIRGINIA AVE,0.28
WILLINGHAM DR @ COLVILLE AVE,WILLINGHAM DR @ 1053,0.374
S CENTRAL AVE @ VIRGINIA AVE,S CENTRAL AVE @ DOGWOOD DR,0.183
S CENTRAL AVE @ VIRGINIA AVE,WILLINGHAM DR @ COLVILLE AVE,0.28
S CENTRAL AVE @ DOGWOOD DR,S CENTRAL AVE @ FULTON AVE,0.153
S CENTRAL AVE @ DOGWOOD DR,S CENTRAL AVE @ VIRGINIA AVE,0.183
S CENTRAL AVE @ FULTON AVE,PORSCHE AVE @ PERKINS ST,0.136
S CENTRAL AVE @ FULTON AVE,S CENTRAL AVE @ DOGWOOD DR,0.153
PORSCHE AVE @ PERKINS ST,PORSCHE AVE @ SOUTH ST,0.213
PORSCHE AVE @ PERKINS ST,S CENTRAL AVE @ FULTON AVE,0.136
PORSCHE AVE @ SOUTH ST,PORSCHE AVE @ PORSCHE DR,0.305
PORSCHE AVE @ SOUTH ST,PORSCHE AVE @ PERKINS ST,0.213
PORSCHE AVE @ PORSCHE DR,PORSCHE AVE @ TRADEPORT BLVD,0.379
PORSCHE AVE @ PORSCHE DR,PORSCHE AVE @ SOUTH ST,0.305
PORSCHE AVE @ TRADEPORT BLVD,OLD DIXIE HWY @ 3961,0.319
PORSCHE AVE @ TRADEPORT BLVD,PORSCHE AVE @ PORSCHE DR,0.379
OLD DIXIE HWY @ 3961,OLD DIXE HWY @ 4099,0.162
OLD DIXIE HWY @ 3961,PORSCHE AVE @ TRADEPORT BLVD,0.319
OLD DIXE HWY @ 4099,OLD DIXIE HWY @ NORTH ST,0.219
OLD DIXE HWY @ 4099,OLD DIXIE HWY @ 3961,0.162
OLD DIXIE HWY @ NORTH ST,OLD DIXIE HWY @ BROWN DR,0.256
OLD DIXIE HWY @ NORTH ST,OLD DIXE HWY @ 4099,0.219
OLD DIXIE HWY @ BROWN DR,OLD DIXIE HWY @ 4453,0.353
OLD DIXIE HWY @ BROWN DR,OLD DIXIE HWY @ NORTH ST,0.256
OLD DIXIE HWY @ 4453,OLD DIXIE HWY @ LAKE MIRROR RD,0.429
OLD DIXIE HWY @ 4453,OLD DIXIE HWY @ BROWN DR,0.353
OLD DIXIE HWY @ LAKE MIRROR RD,OLD DIXIE RD @ OLD DIXIE HWY,0.287
OLD DIXIE HWY @ LAKE MIRROR RD,OLD DIXIE HWY @ 4453,0.429
OLD DIXIE HWY @ LAKE MIRROR RD,LAKE MIRROR RD @ 62,0.203
FOREST PKWY @ OLD DIXIE RD,FOREST PKWY @ GOVERNORS DR,0.369
FOREST PKWY @ OLD DIXIE RD,OLD DIXIE RD @ FOREST PKWY,0.12
FOREST PKWY @ OLD DIXIE RD,FOREST PKWY @ 103,0.31
FOREST PKWY @ GOVERNORS DR,FOREST PKWY @ GEORGIA AVE,0.131
FOREST PKWY @ GEORGIA AVE,FOREST PKWY @ WEST ST,0.213
FOREST PKWY @ GEORGIA AVE,FOREST PKWY @ HALE RD,0.184
FOREST PKWY @ WEST ST,FOREST PKWY @ LAKE DR,0.295
FOREST PKWY @ WEST ST,FOREST PKWY @ GEORGIA AVE,0.213
FOREST PKWY @ LAKE DR,FOREST PKWY @ ASH ST,0.245
FOREST PKWY @ LAKE DR,FOREST PKWY @ WEST ST,0.295
FOREST PKWY @ 1193,JONESBORO RD @ FOREST PKWY,0.131
FOREST PKWY @ 1193,JONESBORO RD @ METCALF RD,0.099
JONESBORO RD @ FOREST PKWY,JONESBORO RD @ KENYON RD,0.523
JONESBORO RD @ KENYON RD,JONESBORO RD @ LAKELAND CIR,0.399
JONESBORO RD @ KENYON RD,FOREST PKWY @ JONESBORO RD,0.675
JONESBORO RD @ LAKELAND CIR,HARPER DR @ JONESBORO RD,0.254
JONESBORO RD @ LAKELAND CIR,JONESBORO RD @ REX RD,0.12
HARPER DR @ JONESBORO RD,HARPER DR @ N LAKE DR,0.213
HARPER DR @ N LAKE DR,N LAKE DR @ CLAYTON STATE BLVD,0.204
N LAKE DR @ CLAYTON STATE BLVD,JONESBORO RD @ WESTWOOD WAY,0.217
N LAKE DR @ CLAYTON STATE BLVD,JONESBORO RD @ HARPER DR,0.292
JONESBORO RD @ WESTWOOD WAY,JONESBORO RD @ REYNOLDS RD,0.49
JONESBORO RD @ REYNOLDS RD,JONESBORO RD @ MORROW RD,0.272
JONESBORO RD @ REYNOLDS RD,JONESBORO RD @ CLAYTON STATE BLVD,0.489
JONESBORO RD @ MORROW RD,JONESBORO RD @ JOHN ROBERT DR,0.288
JONESBORO RD @ JOHN ROBERT DR,SOUTHLAKE PKWY @ S LEE ST,0.483
JONESBORO RD @ JOHN ROBERT DR,JONESBORO RD @ MT ZION RD,0.699
JONESBORO RD @ JOHN ROBERT DR,JONESBORO RD @ LAKE HARBIN RD,0.258
SOUTHLAKE PKWY @ S LEE ST,SOUTHLAKE PKWY @ 1533,0.151
SOUTHLAKE PKWY @ S LEE ST,JONESBORO RD @ JOHN ROBERT DR,0.483
SOUTHLAKE PKWY @ S LEE ST,SOUTHLAKE MALL,0.526
SOUTHLAKE PKWY @ 1533,SOUTHLAKE PKWY @ MT ZION RD,0.269
SOUTHLAKE PKWY @ 1533,SOUTHLAKE PKWY @ S LEE ST,0.151
SOUTHLAKE PKWY @ MT ZION RD,SOUTHLAKE PKWY @ BARTON RD,0.13
SOUTHLAKE PKWY @ MT ZION RD,SOUTHLAKE PKWY @ 1533,0.269
SOUTHLAKE PKWY @ MT ZION RD,MT ZION RD @ CORPORATE CENTER DR,0.273
SOUTHLAKE PKWY @ BARTON RD,SOUTHLAKE PKWY @ INDIAN LAKE DR,0.309
SOUTHLAKE PKWY @ INDIAN LAKE DR,SOUTHLAKE PKWY @ 7139,0.208
SOUTHLAKE PKWY @ 7139,SOUTHLAKE PKWY @ APRIL LN,0.249
SOUTHLAKE PKWY @ APRIL LN,SOUTHLAKE PKWY @ BATTLE CREEK RD,0.203
SOUTHLAKE PKWY @ BATTLE CREEK RD,BATTLE CREEK RD @ OLD MORROW RD,0.387
SOUTHLAKE PKWY @ BATTLE CREEK RD,SOUTHLAKE PKWY @ MARQUIS WAY,0.135
SOUTHLAKE PKWY @ BATTLE CREEK RD,SOUTHLAKE PKWY @ 7420,0.178
BATTLE CREEK RD @ OLD MORROW RD,BATTLE CREEK RD @ BATTLECREEK VILLAGE DR,0.281
BATTLE CREEK RD @ OLD MORROW RD,SOUTHLAKE PKWY @ BATTLE CREEK RD,0.387
BATTLE CREEK RD @ BATTLECREEK VILLAGE DR,BATTLE CREEK RD @ CHASE VILLAGE DR,0.239
BATTLE CREEK RD @ CHASE VILLAGE DR,BATTLE CREEK RD @ CHASE LAKE DR,0.202
BATTLE CREEK RD @ CHASE VILLAGE DR,BATTLE CREEK RD @ CULLEN DR,0.275
BATTLE CREEK RD @ CHASE LAKE DR,CLAYTON COUNTY LIBRARY SYSTEM HQ,0.297
CLAYTON COUNTY LIBRARY SYSTEM HQ,BATTLE CREEK RD @ HOWARD CIR,0.279
CLAYTON COUNTY LIBRARY SYSTEM HQ,BATTLE CREEK RD @ TARA RD,0.278
BATTLE CREEK RD @ HOWARD CIR,TARA BLVD @ BATTLE CREEK RD,0.13
BATTLE CREEK RD @ HOWARD CIR,BATTLE CREEK RD @ TARA BLVD,0.165
JONESBORO RD @ MT ZION RD,JONESBORO RD @ COMMERCE RD,0.324
JONESBORO RD @ MT ZION RD,JONESBORO RD @ JOHN ROBERT DR,0.699
JONESBORO RD @ COMMERCE RD,JONESBORO RD @ SOUTHERN RD,0.166
JONESBORO RD @ SOUTHERN RD,JONESBORO RD @ CITIZENS PKWY,0.286
JONESBORO RD @ SOUTHERN RD,JONESBORO RD @ MT ZION RD,0.49
JONESBORO RD @ CITIZENS PKWY,JONESBORO RD @ BATTLE CREEK RD,0.303
JONESBORO RD @ CITIZENS PKWY,JONESBORO RD @ SOUTHERN RD,0.286
JONESBORO RD @ BATTLE CREEK RD,JONESBORO RD @ SOUTHLAKE COVE CT,0.341
JONESBORO RD @ BATTLE CREEK RD,JONESBORO RD @ CITIZENS PKWY,0.303
JONESBORO RD @ SOUTHLAKE COVE CT,JONESBORO RD @ OHARA DR,0.388
JONESBORO RD @ SOUTHLAKE COVE CT,JONESBORO RD @ BATTLE CREEK RD,0.341
JONESBORO RD @ OHARA DR,JONESBORO RD @ DUNCAN RD,0.237
JONESBORO RD @ DUNCAN RD,JONESBORO RD @ SR 138,0.254
JONESBORO RD @ SR 138,JONESBORO RD @ W MIMOSA DR,0.449
JONESBORO RD @ SR 138,JONESBORO RD @ RAYMOND ST,0.304
JONESBORO RD @ W MIMOSA DR,N MAIN ST @ NORTH AVE,0.178
JONESBORO RD @ W MIMOSA DR,JONESBORO RD @ SR 138,0.449
N MAIN ST @ NORTH AVE,N MAIN ST @ SPRING ST,0.249
N MAIN ST @ NORTH AVE,JONESBORO RD @ W MIMOSA DR,0.178
N MAIN ST @ SPRING ST,SMITH ST @ N MAIN ST,0.223
SMITH ST @ N MAIN ST,SMITH ST @ LEE ST,0.131
SMITH ST @ LEE ST,SMITH ST @ FAYETTEVILLE RD,0.21
SMITH ST @ LEE ST,LEE ST @ SPRING ST,0.109
SMITH ST @ FAYETTEVILLE RD,TARA BLVD @ ROBERT E LEE PKWY,0.15
SMITH ST @ FAYETTEVILLE RD,SMITH ST @ LEE ST,0.21
BATTLE CREEK RD @ TARA BLVD,CLAYTON COUNTY LIBRARY SYSTEM HQ,0.437
BATTLE CREEK RD @ TARA BLVD,BATTLE CREEK RD @ VALLEY HILL RD,0.184
BATTLE CREEK RD @ TARA RD,BATTLE CREEK RD @ CHASE VILLAGE DR,0.222
BATTLE CREEK RD @ CULLEN DR,BATTLE CREEK RD @ OLD MORROW RD,0.246
SOUTHLAKE PKWY @ MARQUIS WAY,SOUTHLAKE PKWY @ 7188,0.218
SOUTHLAKE PKWY @ 7188,SOUTHLAKE PKWY @ CLARIDGE PARK DR,0.248
SOUTHLAKE PKWY @ CLARIDGE PARK DR,SOUTHLAKE PKWY @ SPRING LAKE DR,0.17
SOUTHLAKE PKWY @ SPRING LAKE DR,SOUTHLAKE PKWY @ NOLAN CT,0.221
SOUTHLAKE PKWY @ NOLAN CT,SOUTHLAKE PKWY @ MT ZION RD,0.112
JONESBORO RD @ LAKE HARBIN RD,JONESBORO RD @ REYNOLDS RD,0.301
JONESBORO RD @ CLAYTON STATE BLVD,JONESBORO RD @ HARPER DR,0.235
JONESBORO RD @ HARPER DR,HARPER DR @ JONESBORO RD,0.096
JONESBORO RD @ HARPER DR,JONESBORO RD @ LAKELAND CIR,0.29
JONESBORO RD @ REX RD,JONESBORO RD @ KENYON RD,0.283
FOREST PKWY @ JONESBORO RD,FOREST PKWY @ BARTLETT DR,0.228
FOREST PKWY @ PHILLIPS DR,FOREST PKWY @ ASH ST,0.219
FOREST PKWY @ HALE RD,FOREST PKWY @ OLD DIXIE RD,0.311
OLD DIXIE HWY @ OLD DIXIE RD,OLD DIXIE HWY @ LAKE MIRROR RD,0.198
WILLINGHAM DR @ NORMAN BERRY DR,WILLINGHAM DR @ BACHELOR AVE,0.174
WILLINGHAM DR @ CHERRY ST,WILLINGHAM DR @ PLANT ST,0.201
LEE ST @ SPRING ST,SPRING ST @ N MAIN ST,0.151
SPRING ST @ N MAIN ST,N MAIN ST @ NORTH AVE,0.295
JONESBORO RD @ RAYMOND ST,JONESBORO RD @ 7600,0.324
JONESBORO RD @ 7600,JONESBORO RD @ SOUTHLAKE COVE CT,0.251
LAKE MIRROR RD @ 62,LAKE MIRROR RD @ LAKE MIRROR PL,0.328
LAKE MIRROR RD @ 62,OLD DIXIE RD @ OLD DIXIE HWY,0.404
LAKE MIRROR RD @ 62,OLD DIXIE HWY @ 4453,0.366
LAKE MIRROR RD @ LAKE MIRROR PL,LAKE MIRROR RD @ 271,0.208
LAKE MIRROR RD @ LAKE MIRROR PL,LAKE MIRROR RD @ 62,0.328
LAKE MIRROR RD @ 271,CLAYTON TRANSITIONAL CENTER,0.196
CLAYTON TRANSITIONAL CENTER,BRAVES DR @ FALCON DR,0.116
BRAVES DR @ FALCON DR,LAKE MIRROR RD @ LAKE MIRROR PL,0.168
SOUTHLAKE MALL,MERCHANTS WAY @ EXCHANGE PL,0.084
SOUTHLAKE MALL,SOUTHLAKE PKWY @ S LEE ST,0.526
MERCHANTS WAY @ EXCHANGE PL,MT ZION RD @ PARK PL,0.201
MERCHANTS WAY @ EXCHANGE PL,SOUTHLAKE MALL,0.084
MERCHANTS WAY @ EXCHANGE PL,MT ZION RD @ MARKET PL,0.153
MT ZION RD @ PARK PL,MT ZION RD @ JONESBORO RD,0.115
MT ZION RD @ JONESBORO RD,MT ZION RD @ SOUTHLAKE PKWY,0.279
MT ZION RD @ JONESBORO RD,MT ZION RD @ MERCHANTS WAY,0.175
MT ZION RD @ SOUTHLAKE PKWY,MT ZION RD @ CORPORATE CENTER DR,0.351
MT ZION RD @ SOUTHLAKE PKWY,MT ZION RD @ JONESBORO RD,0.279
MT ZION RD @ CORPORATE CENTER DR,MT ZION RD @ PAVILION TRC,0.354
MT ZION RD @ CORPORATE CENTER DR,MT ZION RD @ SOUTHLAKE PKWY,0.351
MT ZION RD @ CORPORATE CENTER DR,SOUTHLAKE PKWY @ MT ZION RD,0.273
MT ZION RD @ PAVILION TRC,MT ZION RD @ MT ZION CIR,0.18
MT ZION RD @ PAVILION TRC,MT ZION RD @ CORPORATE CENTER DR,0.354
MT ZION RD @ MT ZION CIR,MT ZION RD @ 1987,0.146
MT ZION RD @ MT ZION CIR,MT ZION RD @ PAVILION TRC,0.18
MT ZION RD @ 1987,MT ZION BLVD @ RICHARDSON PKWY,0.697
MT ZION RD @ 1987,MT ZION PKWY @ MT ZION BLVD,0.341
MT ZION BLVD @ RICHARDSON PKWY,MT ZION BLVD @ MADDOX RD,0.35
MT ZION BLVD @ RICHARDSON PKWY,MT ZION RD @ 2042,0.664
MT ZION BLVD @ MADDOX RD,MT ZION BLVD @ BAYWOOD CIR,0.212
MT ZION BLVD @ MADDOX RD,MT ZION BLVD @ RICHARDSON PKWY,0.35
MT ZION BLVD @ BAYWOOD CIR,MT ZION BLVD @ VESTA BROOK LN,0.211
MT ZION BLVD @ VESTA BROOK LN,MT ZION BLVD @ MILL LAKE WAY,0.141
MT ZION BLVD @ MILL LAKE WAY,MT ZION BLVD @ E MEYER DR,0.135
MT ZION BLVD @ E MEYER DR,MT ZION BLVD @ LAKE HARBIN RD,0.222
MT ZION BLVD @ LAKE HARBIN RD,MT ZION BLVD @ SOMERTON DR,0.187
MT ZION BLVD @ LAKE HARBIN RD,MT ZION BLVD @ W MEYER DR,0.156
MT ZION BLVD @ SOMERTON DR,MT ZION BLVD @ SHELLEY LN,0.151
MT ZION BLVD @ SOMERTON DR,MT ZION BLVD @ LAKE HARBIN RD,0.187
MT ZION BLVD @ SHELLEY LN,MT ZION BLVD @ REX RD,0.432
MT ZION BLVD @ SHELLEY LN,MT ZION BLVD @ SOMERTON DR,0.151
MT ZION BLVD @ REX RD,REX RD @ 2843,0.249
MT ZION BLVD @ REX RD,MT ZION BLVD @ SHELLEY LN,0.432
REX RD @ 2843,SR 42 @ REX RD,0.221
SR 42 @ REX RD,SR 42 @ PARTIN PL,0.419
SR 42 @ REX RD,REX RD @ 2870,0.157
SR 42 @ PARTIN PL,SR 42 @ OLD REX MORROW RD,0.202
SR 42 @ OLD REX MORROW RD,SR 42 @ 5465,0.374
SR 42 @ OLD REX MORROW RD,SR 42 @ AMERSON CT,0.195
SR 42 @ 5465,SR 42 @ FOREST PKWY,0.556
SR 42 @ 5465,SR 42 @ OLD REX MORROW RD,0.374
SR 42 @ FOREST PKWY,SR 42 @ BURKSHIRE RD,0.252
SR 42 @ FOREST PKWY,SR 42 @ 5465,0.556
SR 42 @ BURKSHIRE RD,SR 42 @ HOLLAND PARK DR,0.284
SR 42 @ HOLLAND PARK DR,SR 42 @ OLD TONEY DR,0.31
SR 42 @ HOLLAND PARK DR,SR 42 @ FARN DR,0.312
SR 42 @ OLD TONEY DR,SR 42 @ ANVIL BLOCK RD,0.405
SR 42 @ ANVIL BLOCK RD,SR 42 @ SLATE RD,0.306
SR 42 @ SLATE RD,SR 42 @ 4322,0.372
SR 42 @ SLATE RD,SR 42 @ HOOD AVE,0.303
SR 42 @ 4322,SR 42 @ ROCK CUT PL,0.161
SR 42 @ ROCK CUT PL,SR 42 @ E CONLEY RD,0.388
SR 42 @ ROCK CUT PL,SR 42 @ 4325,0.236
SR 42 @ E CONLEY RD,CONLEY RD @ MORELAND AVE,0.449
CONLEY RD @ MORELAND AVE,CONLEY RD @ 1625,0.284
CONLEY RD @ MORELAND AVE,SR 42 @ ROCK CUT RD,0.448
CONLEY RD @ 1625,CONLEY RD @ CHEROKEE TRL,0.137
CONLEY RD @ 1625,CONLEY RD @ MORELAND AVE,0.284
CONLEY RD @ CHEROKEE TRL,CONLEY RD @ CAMELIA TRL,0.158
CONLEY RD @ CAMELIA TRL,CONLEY RD @ ELIZABETH PARK CT,0.245
CONLEY RD @ ELIZABETH PARK CT,CONLEY RD @ CHURCH ST,0.259
CONLEY RD @ ELIZABETH PARK CT,CONLEY RD @ CONLEY DR,0.185
CONLEY RD @ CHURCH ST,CONLEY RD @ BOLING DR,0.21
CONLEY RD @ BOLING DR,CONLEY RD @ THURMAN RD,0.161
CONLEY RD @ BOLING DR,CONLEY RD @ MURRAY LAKE CIR,0.182
CONLEY RD @ THURMAN RD,CONLEY RD @ SWEETBRIAR LN,0.285
CONLEY RD @ SWEETBRIAR LN,CONLEY RD @ JONESBORO RD,0.153
CONLEY RD @ SWEETBRIAR LN,CONLEY RD @ SCOTT DR,0.188
CONLEY RD @ JONESBORO RD,CONLEY RD @ CLOUDLAND DR,0.232
CONLEY RD @ JONESBORO RD,CONLEY RD @ SWEETBRIAR LN,0.153
CONLEY RD @ CLOUDLAND DR,CONLEY RD @ SIERRA DR,0.164
CONLEY RD @ CLOUDLAND DR,CONLEY RD @ JONESBORO RD,0.232
CONLEY RD @ SIERRA DR,CONLEY RD @ TARA DR,0.174
CONLEY RD @ SIERRA DR,CONLEY RD @ CLOUDLAND DR,0.164
CONLEY RD @ TARA DR,CONLEY RD @ HENDRIX DR,0.138
CONLEY RD @ TARA DR,CONLEY RD @ SIERRA DR,0.174
CONLEY RD @ HENDRIX DR,CONLEY RD @ GILBERT RD,0.292
CONLEY RD @ HENDRIX DR,CONLEY RD @ TARA DR,0.138
CONLEY RD @ GILBERT RD,OLD DIXIE RD @ CONLEY RD,0.537
CONLEY RD @ GILBERT RD,CONLEY RD @ HENDRIX DR,0.292
OLD DIXIE RD @ CONLEY RD,CROWN RD SE @ 3900,0.635
CROWN RD SE @ 3900,LAKEWOOD/FT MCPHERSON STATION,4.133
CROWN RD SE @ 3900,CONLEY RD @ OLD DIXIE RD,0.711
CONLEY RD @ OLD DIXIE RD,CONLEY RD @ GILBERT RD,0.476
CONLEY RD @ SCOTT DR,CONLEY RD @ BOLING DR,0.252
CONLEY RD @ MURRAY LAKE CIR,CONLEY RD @ ELIZABETH PARK CT,0.288
CONLEY RD @ CONLEY DR,CONLEY RD @ KEYSTONE PL,0.205
CONLEY RD @ KEYSTONE PL,CONLEY RD @ 1625,0.152
SR 42 @ ROCK CUT RD,SR 42 @ ROCK CUT PL,0.386
SR 42 @ 4325,SR 42 @ SLATE RD,0.298
SR 42 @ HOOD AVE,SR 42 @ OLD TONEY RD,0.385
SR 42 @ OLD TONEY RD,SR 42 @ HOLLAND PARK DR,0.329
SR 42 @ FARN DR,SR 42 @ FOREST PKWY,0.224
SR 42 @ AMERSON CT,SR 42 @ REX RD,0.426
REX RD @ 2870,MT ZION BLVD @ REX RD,0.307
MT ZION BLVD @ W MEYER DR,MT ZION BLVD @ SANDLEWOOD DR,0.194
MT ZION BLVD @ SANDLEWOOD DR,MT ZION BLVD @ BAYWOOD CT,0.278
MT ZION BLVD @ BAYWOOD CT,MT ZION BLVD @ MADDOX RD,0.273
MT ZION RD @ 2042,MT ZION RD @ MT ZION CIR,0.255
MT ZION RD @ MERCHANTS WAY,MERCHANTS WAY @ EXCHANGE PL,0.149
GODBY RD @ SCOFIELD RD,GODBY RD @ 2200,0.171
GODBY RD @ 2200,SOUTHAMPTON RD @ GODBY RD,0.277
SOUTHAMPTON RD @ GODBY RD,SOUTHAMPTON RD @ JONES CIR,0.122
SOUTHAMPTON RD @ GODBY RD,GODBY RD @ 2135,0.29
SOUTHAMPTON RD @ JONES CIR,SOUTHAMPTON RD @ W FAYETTEVILLE RD,0.112
SOUTHAMPTON RD @ JONES CIR,SOUTHAMPTON RD @ GODBY RD,0.122
SOUTHAMPTON RD @ W FAYETTEVILLE RD,PHOENIX BLVD @ W FAYETTEVILLE RD,0.203
SOUTHAMPTON RD @ W FAYETTEVILLE RD,SOUTHAMPTON RD @ JONES CIR,0.112
PHOENIX BLVD @ W FAYETTEVILLE RD,PHOENIX BLVD @ PHOENIX PKWY,0.235
PHOENIX BLVD @ W FAYETTEVILLE RD,SOUTHAMPTON RD @ W FAYETTEVILLE RD,0.203
PHOENIX BLVD @ PHOENIX PKWY,PHOENIX BLVD @ 1590,0.194
PHOENIX BLVD @ PHOENIX PKWY,PHOENIX BLVD @ W FAYETTEVILLE RD,0.235
PHOENIX BLVD @ 1590,FOREST PKWY @ RIVERDALE RD,0.234
FOREST PKWY @ RIVERDALE RD,FOREST PKWY @ SOUTHRIDGE PKWY,0.72
FOREST PKWY @ SOUTHRIDGE PKWY,FOREST PKWY @ ATLANTA SOUTH PKWY,0.788
FOREST PKWY @ SOUTHRIDGE PKWY,PHOENIX BLVD @ RIVERDALE RD,0.846
FOREST PKWY @ ATLANTA SOUTH PKWY,FOREST PKWY @ BLALOCK INDUSTRIAL BLVD,0.364
FOREST PKWY @ ATLANTA SOUTH PKWY,FOREST PKWY @ SOUTHRIDGE PKWY,0.788
FOREST PKWY @ BLALOCK INDUSTRIAL BLVD,FOREST PKWY @ MAIN DR (FARMERS MKT ENTRANCE),0.74
FOREST PKWY @ BLALOCK INDUSTRIAL BLVD,FOREST PKWY @ ATLANTA SOUTH PKWY,0.364
FOREST PKWY @ MAIN DR (FARMERS MKT ENTRANCE),FOREST PKWY @ 103,0.33
FOREST PKWY @ MAIN DR (FARMERS MKT ENTRANCE),FOREST PKWY @ GA-85,0.518
FOREST PKWY @ 103,FOREST PKWY @ OLD DIXIE RD,0.31
FOREST PKWY @ 103,FOREST PKWY @ MAIN DR (FARMERS MKT ENTRANCE),0.33
FLANKERS RD @ METCALF CONN,ANVIL BLOCK RD @ METCALF CONN,0.281
ANVIL BLOCK RD @ METCALF CONN,ANVIL BLOCK RD @ S 1ST ST,1.31
ANVIL BLOCK RD @ S 1ST ST,ANVIL BLOCK RD @ MORELAND AVE,0.324
ANVIL BLOCK RD @ MORELAND AVE,ANVIL BLOCK RD @ S PARK BLVD,1.156
ANVIL BLOCK RD @ S PARK BLVD,ANVIL BLOCK RD @ LUNSFORD DR,0.26
BOULDERCREST RD @ JONES RD,BOULDERCREST RD @ FOREST PKWY,0.389
BOULDERCREST RD @ FOREST PKWY,FOREST PKWY @ ELLENWOOD  RD,0.373
FOREST PKWY @ ELLENWOOD  RD,FOREST PKWY @ QUIKTRIP WAY,0.382
FOREST PKWY @ QUIKTRIP WAY,FOREST PKWY @ SR 42,0.4
FOREST PKWY @ SR 42,FOREST PKWY @ JOHN G GLOVER IND CT,0.407
FOREST PKWY @ JOHN G GLOVER IND CT,FOREST PKWY @ 3RD AVE,0.224
FOREST PKWY @ 3RD AVE,FOREST PKWY @ SUMMERSUN DR,0.508
FOREST PKWY @ SUMMERSUN DR,FOREST PKWY @ NORTH PKWY,0.31
FOREST PKWY @ NORTH PKWY,FOREST PKWY @ RATTERREE DR,0.307
FOREST PKWY @ RATTERREE DR,FOREST PKWY @ N LAKE DR,0.352
FOREST PKWY @ N LAKE DR,FOREST PKWY @ 1372,0.186
FOREST PKWY @ 1372,FOREST PKWY @ JONESBORO RD,0.353
FOREST PKWY @ GA-85,FOREST PKWY @ BLALOCK INDUSTRIAL BLVD,0.227
PHOENIX BLVD @ RIVERDALE RD,PHOENIX BLVD @ 1591,0.14
PHOENIX BLVD @ 1591,PHOENIX BLVD @ PHOENIX PKWY,0.154
GODBY RD @ 2135,GODBY RD @ LIMETREE WAY,0.285
MT ZION RD @ MARKET PL,MT ZION RD @ LAKE DR,0.211
MT ZION RD @ LAKE DR,MT ZION RD @ IMPERIAL DR,0.165
MT ZION RD @ IMPERIAL DR,MT ZION RD @ KING WILLIAM DR,0.333
MT ZION RD @ IMPERIAL DR,MT ZION RD @ PERSONAL PL,0.104
MT ZION RD @ KING WILLIAM DR,MT ZION RD @ DOROTHY LN,0.246
MT ZION RD @ DOROTHY LN,MT ZION RD @ TARA BLVD,0.154
MT ZION RD @ DOROTHY LN,MT ZION RD @ KING WILLIAMS DR,0.321
MT ZION RD @ TARA BLVD,TARA BLVD @ MT ZION RD,0.106
MT ZION RD @ TARA BLVD,MT ZION RD @ DOROTHY LN,0.154
UPPER RIVERDALE RD @ LEES MILL RD,UPPER RIVERDALE RD @ 281,0.198
UPPER RIVERDALE RD @ LEES MILL RD,TARA BLVD @ 6351,0.155
UPPER RIVERDALE RD @ 281,UPPER RIVERDALE RD @ ARROWHEAD BLVD,0.123
UPPER RIVERDALE RD @ ARROWHEAD BLVD,UPPER RIVERDALE RD SW @ HAYES DR,0.373
UPPER RIVERDALE RD @ ARROWHEAD BLVD,UPPER RIVERDALE RD @ 276,0.105
UPPER RIVERDALE RD SW @ HAYES DR,UPPER RIVERDALE RD SW @ ROY HUIE RD,0.335
UPPER RIVERDALE RD SW @ HAYES DR,UPPER RIVERDALE RD @ ARROWHEAD BLVD,0.373
UPPER RIVERDALE RD SW @ ROY HUIE RD,UPPER RIVERDALE RD SW @ RIVER PARK DR,0.285
UPPER RIVERDALE RD SW @ ROY HUIE RD,UPPER RIVERDALE RD SW @ HAYES DR,0.335
UPPER RIVERDALE RD SW @ RIVER PARK DR,LAMAR HUTCHESON PKWY @ VALLEY HILL RD SW,0.303
LAMAR HUTCHESON PKWY @ VALLEY HILL RD SW,LAMAR HUTCHESON PKWY @ 6842,0.174
SR 85 @ 7056,SR 85 @ ROBERTS DR,0.24
SR 85 @ VALLEY HILL RD SW,SR 85 @ DENHAM ST,0.189
SR 85 @ DENHAM ST,SR 85 @ CAMP ST,0.162
SR 85 @ CAMP ST,SR 85 @ ALLEN DR,0.244
SR 85 @ ALLEN DR,SR 85 @ BRIAR HILL LN,0.575
SR 85 @ BRIAR HILL LN,GARDEN WALK BLVD @ SR 85,0.307
SR 85 @ BRIAR HILL LN,SR 85 @ ADAMS DR,0.522
RIVERDALE RD @ LAKE REGENCY DR,RIVERDALE RD @ FLAT SHOALS RD,0.168
RIVERDALE RD @ LAKE REGENCY DR,GARDEN WALK BLVD @ RIVERDALE RD,0.184
RIVERDALE RD @ FLAT SHOALS RD,RIVERDALE RD @ OLD RIVERDALE RD,0.398
RIVERDALE RD @ FLAT SHOALS RD,RIVERDALE RD @ LAKE REGENCY DR,0.168
RIVERDALE RD @ OLD RIVERDALE RD,RIVERDALE RD @ SHOREHAM DR,0.217
RIVERDALE RD @ OLD RIVERDALE RD,RIVERDALE RD @ FLAT SHOALS RD,0.398
RIVERDALE RD @ SHOREHAM DR,RIVERDALE RD @ KINGSWOOD CIR,0.243
RIVERDALE RD @ KINGSWOOD CIR,RIVERDALE RD @ W FAYETTEVILLE RD,0.801
RIVERDALE RD @ W FAYETTEVILLE RD,RIVERDALE RD @ TERMINAL PKWY,0.871
RIVERDALE RD @ W FAYETTEVILLE RD,RIVERDALE RD @ PHOENIX BLVD,0.726
RIVERDALE RD @ TERMINAL PKWY,COLLEGE PARK STATION - SOUTH LOOP,1.483
RIVERDALE RD @ AIRPORT BLVD,RIVERDALE RD @ W FAYETTEVILLE RD,0.861
RIVERDALE RD @ PHOENIX BLVD,RIVERDALE RD @ NORMAN DR,0.325
RIVERDALE RD @ NORMAN DR,RIVERDALE RD @ OLD RIVERDALE RD,0.211
SR 85 @ ADAMS DR,SR 85 @ KING RD,0.243
SR 85 @ KING RD,SR 85 @ HOWARD ST,0.3
SR 85 @ HOWARD ST,SR 85 @ MAIN ST,0.244
LAMAR HUTCHESON PKWY @ UPPER RIVERDALE RD SW,UPPER RIVERDALE RD SW @ STAYMAN DR,0.24
UPPER RIVERDALE RD SW @ STAYMAN DR,UPPER RIVERDALE RD SW @ ROY HUIE RD,0.281
UPPER RIVERDALE RD @ 276,UPPER RIVERDALE RD @ LEES MILL RD,0.218
TARA BLVD @ 6351,MT ZION RD @ TARA BLVD,0.632
MT ZION RD @ KING WILLIAMS DR,MT ZION RD @ IMPERIAL DR,0.258
MT ZION RD @ PERSONAL PL,MT ZION RD @ KELLY AVE,0.273
MT ZION RD @ KELLY AVE,MERCHANTS WAY @ EXCHANGE PL,0.163
VALLEY HILL RD SW @ HEATHROW DR,VALLEY HILL RD SW @ WESTFIELD DR,0.185
VALLEY HILL RD SW @ WESTFIELD DR,VALLEY HILL RD SW @ EUNICE DR,0.126
VALLEY HILL RD SW @ WESTFIELD DR,VALLEY HILL RD @ HEATHROW DR,0.19
VALLEY HILL RD SW @ EUNICE DR,VALLEY HILL RD SW @ JONATHAN RD,0.212
VALLEY HILL RD SW @ EUNICE DR,VALLEY HILL RD SW @ WESTFIELD DR,0.126
VALLEY HILL RD SW @ JONATHAN RD,VALLEY HILL RD SW @ 100,0.158
VALLEY HILL RD SW @ 100,VALLEY HILL RD SE @ 94,0.502
VALLEY HILL RD SE @ 94,VALLEY HILL RD SE @ WHIPPORWILL WAY,0.321
VALLEY HILL RD SE @ WHIPPORWILL WAY,VALLEY HILL RD SE @ MOCKINGBIRD TRL,0.22
VALLEY HILL RD SE @ MOCKINGBIRD TRL,BATTLE CREEK RD @ AUTUMN DR,0.287
BATTLE CREEK RD @ AUTUMN DR,BATTLE CREEK RD @ TARA BLVD,0.114
MT ZION PKWY @ MT ZION BLVD,MT ZION PKWY @ 2201,0.113
MT ZION PKWY @ MT ZION BLVD,MT ZION RD @ 2042,0.237
MT ZION PKWY @ 2201,MT ZION PKWY @ MT ZION RD,0.327
MT ZION PKWY @ MT ZION RD,MT ZION PKWY @ WAGON WHEEL CT,0.253
MT ZION PKWY @ MT ZION RD,MT ZION PKWY @ 2256,0.291
MT ZION PKWY @ WAGON WHEEL CT,MT ZION PKWY @ FIELDSTONE PKWY,0.417
MT ZION PKWY @ FIELDSTONE PKWY,MT ZION PKWY @ FIELDER RD,0.205
MT ZION PKWY @ FIELDER RD,MT ZION RD @ 2839,0.263
MT ZION PKWY @ FIELDER RD,MT ZION PKWY @ CARRINGTON PARK,0.185
MT ZION RD @ 2839,MT ZION RD @ 2923,0.12
MT ZION RD @ 2923,MT ZION RD @ 3156,0.498
MT ZION RD @ 3156,MT ZION RD @ 3196,0.289
MT ZION RD @ 3196,MT ZION RD @ CAMERON LANDING DR,0.224
MT ZION RD @ 3196,MT ZION RD @ WINNSTEAD WAY,0.4
MT ZION RD @ CAMERON LANDING DR,LAKE SPIVEY PKWY @ 3576,0.313
MT ZION RD @ CAMERON LANDING DR,MT ZION RD @ 3196,0.224
LAKE SPIVEY PKWY @ 3576,DAVIDSON CIR W @ 7419,0.398
DAVIDSON CIR W @ 7419,DAVIDSON PKWY @ DAVIDSON CIR E,0.081
DAVIDSON PKWY @ DAVIDSON CIR E,LAKE SPIVEY PKWY @ CAMERON PKWY,0.481
LAKE SPIVEY PKWY @ CAMERON PKWY,MT ZION RD @ CAMERON LANDING DR,0.309
MT ZION RD @ WINNSTEAD WAY,MT ZION RD @ LAUREL CREEK DR,0.201
MT ZION RD @ LAUREL CREEK DR,MT ZION RD @ 2846,0.298
MT ZION RD @ 2846,MT ZION PKWY @ FIELDER RD,0.275
MT ZION PKWY @ CARRINGTON PARK,MT ZION PKWY @ 2530,0.295
MT ZION PKWY @ 2530,MT ZION PKWY @ MT ZION RD,0.386
MT ZION PKWY @ 2256,MT ZION PKWY @ MT ZION BLVD,0.163
BATTLE CREEK RD @ VALLEY HILL RD,VALLEY HILL RD @ MOCKINGBIRD TRL,0.228
VALLEY HILL RD @ MOCKINGBIRD TRL,VALLEY HILL RD @ LADY HEIDI CT,0.278
VALLEY HILL RD @ LADY HEIDI CT,VALLEY HILL RD @ 94,0.244
VALLEY HILL RD @ 94,VALLEY HILL RD @ 93,0.437
VALLEY HILL RD @ 93,VALLEY HILL RD @ JONATHAN RD,0.251
VALLEY HILL RD @ JONATHAN RD,VALLEY HILL RD SW @ EUNICE DR,0.181
VALLEY HILL RD @ HEATHROW DR,LAMAR HUTCHESON PKWY @ 6842,0.122
SR 138 @ SR 85,SR 138 @ WINDEREMERE DR,0.324
SR 138 @ SR 85,SR 85 @ SR 138,0.178
SR 138 @ WINDEREMERE DR,SR 138 @ TAYLOR RD,0.328
SR 138 @ WINDEREMERE DR,SR 138 @ SR 85,0.324
SR 138 @ TAYLOR RD,SR 138 @ ANTEBELLUM LN,0.402
SR 138 @ TAYLOR RD,SR 138 @ WINDEREMERE DR,0.328
SR 138 @ ANTEBELLUM LN,SR 138 @ ROUNTREE RD,0.245
SR 138 @ ANTEBELLUM LN,SR 138 @ TAYLOR RD,0.402
SR 138 @ ROUNTREE RD,SR 138 @ KENDRICK RD,0.417
SR 138 @ ROUNTREE RD,SR 138 @ ANTEBELLUM LN,0.245
SR 138 @ KENDRICK RD,SR 138 @ DEVONSHIRE DR,0.478
SR 138 @ DEVONSHIRE DR,SR 138 @ NORTH AVE,0.361
SR 138 @ NORTH AVE,SR 138 @ CROSS RD PKWY,0.23
SR 138 @ NORTH AVE,SR 138 @ RIVERVIEW PL,0.398
SR 138 @ CROSS RD PKWY,SR 138 @ TARA BLVD,0.262
SR 138 @ CROSS RD PKWY,SR 138 @ NORTH AVE,0.23
SR 138 @ TARA BLVD,SR 138 @ N MAIN ST,0.157
SR 138 @ TARA BLVD,SR 138 @ CROSS RD PKWY,0.262
SR 138 @ N MAIN ST,SR 138 @ TARA RD,0.159
SR 138 @ TARA RD,SR 138 @ SCARLETT DR,0.21
SR 138 @ TARA RD,SR 138 @ N MAIN ST SE,0.177
SR 138 @ SCARLETT DR,N MCDONOUGH ST @ SR 138,0.441
SR 138 @ SCARLETT DR,SR 138 @ TARA RD,0.21
N MCDONOUGH ST @ SR 138,SOUTHLAKE PKWY @ MT ZION BLVD,0.332
N MCDONOUGH ST @ SR 138,SR 138 @ JONESBORO RD,0.202
SOUTHLAKE PKWY @ MT ZION BLVD,SOUTHLAKE PKWY @ 7576,0.331
SOUTHLAKE PKWY @ MT ZION BLVD,N MCDONOUGH ST @ SR 138,0.332
SOUTHLAKE PKWY @ 7576,SOUTHLAKE PKWY @ 7420,0.23
SOUTHLAKE PKWY @ 7420,SOUTHLAKE PKWY @ BATTLE CREEK RD,0.178
SOUTHLAKE PKWY @ 7420,SOUTHLAKE PKWY @ 7535,0.243
SOUTHLAKE PKWY @ 7535,SOUTHLAKE PKWY @ MT ZION BLVD,0.318
SR 138 @ JONESBORO RD,SR 138 @ SCARLETT DR,0.242
SR 138 @ N MAIN ST SE,SR 138 @ TARA BLVD,0.137
SR 138 @ RIVERVIEW PL,SR 138 @ OLD ROUNDTREE RD,0.468
SR 138 @ OLD ROUNDTREE RD,SR 138 @ ROUNTREE RD,0.39
JULIETTE RD @ 1551,JULIETTE RD @ WOOD BEND DR (N),0.234
JULIETTE RD @ WOOD BEND DR (N),JULIETTE RD @ TREE MOUNTAIN PKWY,0.197
JULIETTE RD @ TREE MOUNTAIN PKWY,JULIETTE RD @ WOOD BEND DR (S),0.257
JULIETTE RD @ TREE MOUNTAIN PKWY,JULIETTE RD @ STONE MILL DR,0.22
JULIETTE RD @ WOOD BEND DR (S),E PONCE DE LEON AVE @ JULIETTE RD,0.094
JULIETTE RD @ STONE MILL WAY,JULIETTE RD @ TREE MOUNTAIN PKWY,0.218
JULIETTE RD @ STONE MILL DR,JULIETTE RD @ 1551,0.206
ATLANTA METRO STATE COLLEGE,CASPLAN ST @ METROPOLITAN PKWY,0.29
CASPLAN ST @ METROPOLITAN PKWY,METROPOLITAN PKWY SW @ CLAIRE DR SW,0.194
TARA BLVD @ DEPUTY RICK DALY MEMORIAL BLVD,TARA BLVD @ WINDING WAY LN,0.939
TARA BLVD @ WINDING WAY LN,TARA BLVD @ SILVERSTONE DR,0.32
TARA BLVD @ SILVERSTONE DR,TARA BLVD @ MUNDYS MILL RD,0.331
TARA BLVD @ MUNDYS MILL RD,TARA BLVD @ COMMERCIAL CT,0.668
TARA BLVD @ MUNDYS MILL RD,TARA BLVD @ BETTY TALMADGE AVE,0.378
TARA BLVD @ COMMERCIAL CT,TARA BLVD @ TARA RD,0.258
TARA BLVD @ TARA RD,TARA BLVD @ FLICKER RD,0.347
TARA BLVD @ TARA RD,TARA BLVD @ MUNDYS MILL RD,0.925
TARA BLVD @ FLICKER RD,TARA BLVD @ BRIDGEPORT LN,0.584
TARA BLVD @ BRIDGEPORT LN,TARA BLVD @ WALDEN LANDING,0.733
TARA BLVD @ WALDEN LANDING,TARA BLVD @ 11121,0.106
TARA BLVD @ WALDEN LANDING,TARA BLVD @ TARA RD,1.647
TARA BLVD @ 11121,TARA BLVD @ WALMART WAY,0.389
TARA BLVD @ WALMART WAY,TARA BLVD @ LOVEJOY RD,0.219
TARA BLVD @ LOVEJOY RD,LOVEJOY RD @ REGISTRY BLVD,0.134
TARA BLVD @ LOVEJOY RD,TARA  BLVD @ 11360,0.152
LOVEJOY RD @ REGISTRY BLVD,LOVEJOY RD @ DLYNN CT,0.151
LOVEJOY RD @ DLYNN CT,LOVEJOY RD @ S GROVE DR,0.279
LOVEJOY RD @ S GROVE DR,LOVEJOY RD @ S GLEN ST,0.185
LOVEJOY RD @ S GLEN ST,LOVEJOY RD @ SUMMER TRCE,0.379
LOVEJOY RD @ SUMMER TRCE,LOVEJOY RD @ SUMMER CREEK DR,0.207
LOVEJOY RD @ SUMMER CREEK DR,PANHANDLE RD @ PANHANDLE DR,0.197
PANHANDLE RD @ PANHANDLE DR,PANHANDLE RD @ MCDONOUGH RD,0.248
PANHANDLE RD @ MCDONOUGH RD,MCDONOUGH RD @ MCDONOUGH CT,0.186
MCDONOUGH RD @ MCDONOUGH CT,MCDONOUGH RD @ WEEPING WILLOW PL,0.2
MCDONOUGH RD @ WEEPING WILLOW PL,MCDONOUGH RD @ JAMES MADISON DR,0.274
MCDONOUGH RD @ JAMES MADISON DR,MCDONOUGH RD @ TARA BLVD,0.243
MCDONOUGH RD @ TARA BLVD,MCDONOUGH RD @ HASTINGS BRIDGE RD,0.372
MCDONOUGH RD @ HASTINGS BRIDGE RD,MCDONOUGH RD @ BEL AIR BLVD,0.338
MCDONOUGH RD @ BEL AIR BLVD,E LOVEJOY RD @ MCDONOUGH RD,0.285
E LOVEJOY RD @ MCDONOUGH RD,E LOVEJOY RD @ BEL AIR BLVD,0.246
E LOVEJOY RD @ BEL AIR BLVD,E LOVEJOY RD @ HASTINGS BRIDGE RD,0.495
E LOVEJOY RD @ HASTINGS BRIDGE RD,HASTINGS BRIDGE RD @ GLEBE CT,0.19
HASTINGS BRIDGE RD @ GLEBE CT,TALMADGE RD @ LOVEJOY RD,0.238
TALMADGE RD @ LOVEJOY RD,TALMADGE RD @ WILLARDS WAY,0.254
TALMADGE RD @ WILLARDS WAY,TALMADGE RD @ TARA BLVD,0.168
TALMADGE RD @ TARA BLVD,TARA BLVD @ LOVEJOY RD,0.702
TARA  BLVD @ 11360,TARA BLVD @ WALDEN LANDING,0.556
TARA BLVD @ BETTY TALMADGE AVE,TARA BLVD @ AMERICAN LEGION WAY,0.291
TARA BLVD @ AMERICAN LEGION WAY,JUSTICE CENTER BUS TRANSIT STATION,1.132
KING MEMORIAL STATION - BAY A,BOULEVARD SE @ DECATUR ST SE,0.273
KING MEMORIAL STATION - BAY A,AUBURN POINTE DR @ VERANDA CIR,0.161
BOULEVARD SE @ DECATUR ST SE,BOULEVARD SE @ EDGEWOOD AVE SE,0.184
BOULEVARD SE @ DECATUR ST SE,KING MEMORIAL STATION - BAY A,0.273
BOULEVARD SE @ EDGEWOOD AVE SE,BOULEVARD NE @ OLD WHEAT ST NE,0.114
BOULEVARD NE @ OLD WHEAT ST NE,BOULEVARD NE @ IRWIN ST NE,0.127
BOULEVARD NE @ OLD WHEAT ST NE,BOULEVARD SE @ CHAMBERLAIN ST SE,0.144
BOULEVARD NE @ IRWIN ST NE,BOULEVARD NE @ FREEDOM PKWY NE,0.158
BOULEVARD NE @ IRWIN ST NE,BOULEVARD NE @ OLD WHEAT ST NE,0.127
BOULEVARD NE @ FREEDOM PKWY NE,BOULEVARD NE @ HIGHLAND AVE NE,0.082
BOULEVARD NE @ HIGHLAND AVE NE,BOULEVARD NE @ EAST AVE NE,0.131
BOULEVARD NE @ HIGHLAND AVE NE,BOULEVARD NE @ CAIN ST NE,0.092
BOULEVARD NE @ EAST AVE NE,BOULEVARD NE @ RALPH MCGILL BLVD NE,0.057
BOULEVARD NE @ RALPH MCGILL BLVD NE,BOULEVARD NE @ ANGIER AVE NE,0.164
BOULEVARD NE @ RALPH MCGILL BLVD NE,BOULEVARD NE @ HIGHLAND AVE NE,0.187
BOULEVARD NE @ ANGIER AVE NE,BOULEVARD NE @ MORGAN ST NE,0.169
BOULEVARD NE @ ANGIER AVE NE,BOULEVARD NE @ RALPH MCGILL BLVD NE,0.164
BOULEVARD NE @ MORGAN ST NE,BOULEVARD NE @ NORTH AVE NE,0.166
BOULEVARD NE @ MORGAN ST NE,BOULEVARD NE @ ANGIER AVE NE,0.169
BOULEVARD NE @ NORTH AVE NE,BOULEVARD NE @ PONCE DE LEON AVE NE,0.116
BOULEVARD NE @ NORTH AVE NE,BOULEVARD NE @ MORGAN ST NE,0.166
MONROE DR NE @ PONCE DE LEON AVE NE,MONROE DR NE @ SAINT CHARLES AVE NE,0.068
MONROE DR NE @ SAINT CHARLES AVE NE,MONROE DR NE @ GREENWOOD AVE NE,0.111
MONROE DR NE @ GREENWOOD AVE NE,MONROE DR NE @ VIRGINIA AVE NE,0.232
MONROE DR NE @ GREENWOOD AVE NE,BOULEVARD NE @ PONCE DE LEON AVE,0.241
MONROE DR NE @ COOLEDGE AVE NE,MONROE DR @ PARK DR,0.252
MONROE DR @ PARK DR,MONROE DR NE @ AMSTERDAM AVE NE,0.144
MONROE DR NE @ AMSTERDAM AVE NE,MONROE DR NE @ DUTCH VALLEY RD NE,0.234
MONROE DR NE @ AMSTERDAM AVE NE,MONROE DR NE @ PARK DR NE,0.15
MONROE DR NE @ DUTCH VALLEY RD NE,MONROE DR NE @ YORKSHIRE RD NE,0.25
MONROE DR NE @ DUTCH VALLEY RD NE,MONROE DR NE @ AMSTERDAM AVE NE,0.234
MONROE DR NE @ YORKSHIRE RD NE,MONROE DR NE @ PIEDMONT AVE NE,0.157
MONROE DR NE @ YORKSHIRE RD NE,MONROE DR NE @ DUTCH VALLEY RD NE,0.25
MONROE DR NE @ PIEDMONT AVE NE,MONROE DR NE @ 1605 (ANSLEY MALL),0.154
MONROE DR NE @ PIEDMONT AVE NE,MONROE DR NE @ YORKSHIRE RD NE,0.157
MONROE DR NE @ 1605 (ANSLEY MALL),MONROE DR NE @ 1705,0.211
MONROE DR NE @ 1705,MONROE DR NE @ ALLEN RD NE,0.067
MONROE DR NE @ 1705,MONROE DR @ 1544,0.172
MONROE DR NE @ ALLEN RD NE,MONROE DR NE @ PIEDMONT WAY NE,0.102
MONROE DR NE @ PIEDMONT WAY NE,MONROE DR NE @ ROCK SPRINGS RD NE,0.116
MONROE DR NE @ PIEDMONT WAY NE,MONROE DR NE @ MONTGOMERY FERRY DR NE,0.138
MONROE DR NE @ ROCK SPRINGS RD NE,MONROE DR NE @ WIMBLEDON RD NE,0.116
MONROE DR NE @ ROCK SPRINGS RD NE,MONROE DR NE @ PIEDMONT WAY NE,0.116
MONROE DR NE @ WIMBLEDON RD NE,MONROE DR NE @ 1925,0.097
MONROE DR NE @ 1925,MONROE DR @ 2025,0.076
MONROE DR @ 2025,MONROE DR NE @ 2075,0.096
MONROE DR NE @ 2075,MONROE DR NE @ ARMOUR DR NE,0.117
MONROE DR NE @ ARMOUR DR NE,PIEDMONT CIR @ PIEDMONT RD,0.282
MONROE DR NE @ ARMOUR DR NE,ARMOUR DR NE @ PLASTERS AVE NE,0.106
PIEDMONT CIR @ PIEDMONT RD,PIEDMONT RD @ 2135,0.238
PIEDMONT RD @ 2135,PIEDMONT RD NE @ GARSON DR NE,0.235
PIEDMONT RD NE @ GARSON DR NE,LINDBERGH CENTER STATION - NORTH LOOP/MOROSGO DR,0.376
PIEDMONT RD NE @ GARSON DR NE,PIEDMONT RD NE @ PIEDMONT CIR NE,0.498
PIEDMONT RD NE @ PIEDMONT CIR NE,PIEDMONT CIR NE @ 1911,0.139
PIEDMONT CIR NE @ 1911,MONROE DR NE @ PIEDMONT CIR,0.146
MONROE DR NE @ PIEDMONT CIR,MONROE DR NE @ MONROE PL NE,0.125
MONROE DR NE @ MONROE PL NE,MONROE DR NE @ 1942,0.285
MONROE DR NE @ MONROE PL NE,ARMOUR DR NE @ PLASTERS AVE NE,0.133
MONROE DR NE @ 1942,MONROE DR @ WIMBLEDON RD,0.173
MONROE DR @ WIMBLEDON RD,MONROE DR NE @ ROCK SPRINGS RD NE,0.116
MONROE DR NE @ MONTGOMERY FERRY DR NE,MONROE DR NE @ 1705,0.031
MONROE DR @ 1544,MONROE DR NE @ PIEDMONT AVE NE,0.193
MONROE DR NE @ PARK DR NE,MONROE DR NE @ 10TH ST NE,0.317
MONROE DR NE @ 10TH ST NE,MONROE DR NE @ 8TH ST NE,0.111
BOULEVARD NE @ CAIN ST NE,BOULEVARD NE @ IRWIN ST NE,0.147
BOULEVARD SE @ CHAMBERLAIN ST SE,BOULEVARD SE @ DECATUR ST SE,0.156
ARMOUR DR NE @ PLASTERS AVE NE,ARMOUR DR @ ARMOUR CIR,0.129
ARMOUR DR @ ARMOUR CIR,ARMOUR DR @ 340,0.147
ARMOUR DR @ ARMOUR CIR,PIEDMONT CIR @ PIEDMONT RD,0.431
ARMOUR DR @ ARMOUR CIR,MONROE DR NE @ 1942,0.249
ARMOUR DR @ 340,ARMOUR DR @ 205,0.292
ARMOUR DR @ 205,ARMOUR DR @ 181,0.159
ARMOUR DR @ 181,CLAYTON DR NE @ ARMOUR DR NE,0.212
CLAYTON DR NE @ ARMOUR DR NE,OTTLEY DR @ 125,0.125
OTTLEY DR @ 125,OTTLEY DR @ 195,0.177
OTTLEY DR @ 195,OTTLEY DR @ 255,0.221
OTTLEY DR @ 255,ARMOUR DR @ OTTLEY DR,0.128
ARMOUR DR @ OTTLEY DR,ARMOUR DR @ ARMOUR CIR,0.166
WELLINGTON ST @ MARTIN L KING JR DR,WELLINGTON ST SW @ MOZLEY PL SW,0.035
WELLINGTON ST SW @ MOZLEY PL SW,WELLINGTON ST SW @ ARCHER ST SW,0.07
WELLINGTON ST SW @ ARCHER ST SW,MIMS ST SW @ WELLINGTON ST SW,0.078
MIMS ST SW @ WELLINGTON ST SW,MIMS ST SW @ MATHEWSON PL SW,0.093
MIMS ST SW @ WELLINGTON ST SW,MIMS ST SW @ LAUREL AVE SW,0.104
MIMS ST SW @ MATHEWSON PL SW,WESTVIEW PL SW @ MIMS ST SW,0.102
MIMS ST SW @ MATHEWSON PL SW,MIMS ST SW @ WELLINGTON ST SW,0.093
WESTVIEW PL SW @ MIMS ST SW,WESTVIEW DR SW @ WESTVIEW PL SW,0.127
WESTVIEW PL SW @ MIMS ST SW,MIMS ST SW @ MATHEWSON PL SW,0.102
WESTVIEW DR SW @ WESTVIEW PL SW,WESTVIEW DR SW @ CHICAMAUGA AVE SW,0.108
WESTVIEW DR SW @ CHICAMAUGA AVE SW,WESTVIEW DR SW @ ATWOOD ST SW,0.201
WESTVIEW DR SW @ CHICAMAUGA AVE SW,WESTVIEW DR SW @ WESTVIEW PL,0.116
WESTVIEW DR SW @ ATWOOD ST SW,WESTVIEW DR SW @ LANGHORN ST SW,0.066
WESTVIEW DR SW @ LANGHORN ST SW,HOLDERNESS ST SW @ WESTVIEW DR SW,0.061
HOLDERNESS ST SW @ WESTVIEW DR SW,HOLDERNESS ST SW @ FAIR ST SW,0.11
HOLDERNESS ST SW @ WESTVIEW DR SW,WESTVIEW DR SW @ HOPKINS ST SW,0.226
HOLDERNESS ST SW @ FAIR ST SW,FAIR ST SW @ 1ST ST SW,0.046
FAIR ST SW @ 1ST ST SW,FAIR ST SW @ LAWTON ST SW,0.125
FAIR ST SW @ LAWTON ST SW,FAIR ST SW @ JOSE ST SW,0.096
FAIR ST SW @ LAWTON ST SW,FAIR ST @ FIRST ST,0.111
FAIR ST SW @ JOSE ST SW,FAIR ST SW @ AGNES JONES PL SW,0.073
FAIR ST SW @ AGNES JONES PL SW,FAIR ST SW @ ABBOTT ST SW,0.076
FAIR ST SW @ AGNES JONES PL SW,FAIR ST SW @ SAINT JOSE ST SW,0.074
FAIR ST SW @ ABBOTT ST SW,FAIR ST SW @ JOSEPH E LOWERY BLVD,0.058
FAIR ST SW @ JOSEPH E LOWERY BLVD,ATLANTA STUDENT MOVEMENT BLVD @ EUHARLEE ST SW,0.122
FAIR ST SW @ JOSEPH E LOWERY BLVD,FAIR ST @ ABBOTT ST,0.073
ATLANTA STUDENT MOVEMENT BLVD @ EUHARLEE ST SW,ATLANTA STUDENT MOVEMENT BLVD @ MILTON ST SW,0.086
ATLANTA STUDENT MOVEMENT BLVD @ MILTON ST SW,ATLANTA STUDENT MOVEMENT BLVD @ JAMES P BRAWLEY DR SW,0.086
ATLANTA STUDENT MOVEMENT BLVD @ MILTON ST SW,ATLANTA STUDENT MOVEMENT BLVD @ EUHRLEE ST SW,0.084
ATLANTA STUDENT MOVEMENT BLVD @ JAMES P BRAWLEY DR SW,ATLANTA STUDENT MOVEMENT BLVD @ JOHN HOPE DR SW,0.136
ATLANTA STUDENT MOVEMENT BLVD @ JAMES P BRAWLEY DR SW,ATLANTA STUDENT MOVEMENT BLVD @ MILTON ST SW,0.086
ATLANTA STUDENT MOVEMENT BLVD @ JOHN HOPE DR SW,ATLANTA STUDENT MOVEMENT BLVD @ ELM ST SW,0.101
ATLANTA STUDENT MOVEMENT BLVD @ ELM ST SW,ATLANTA STUDENT MOVEMENT BLVD @ WALNUT ST SW,0.125
ATLANTA STUDENT MOVEMENT BLVD @ WALNUT ST SW,ATLANTA STUDENT MOVEMENT BLVD @ NORTHSIDE DR SW,0.11
ATLANTA STUDENT MOVEMENT BLVD @ WALNUT ST SW,ATLANTA STUDENT MOVEMENT BLVD @ LAWSHE ST SW,0.206
ATLANTA STUDENT MOVEMENT BLVD @ NORTHSIDE DR SW,NORTHSIDE DR @ LARKIN ST,0.056
MCDANIEL ST SW @ NORTHSIDE DR SW,PETERS ST SW @ WALKER ST SW,0.127
PETERS ST SW @ WALKER ST SW,PETERS ST SW @ FAIR ST SW,0.234
PETERS ST SW @ FAIR ST SW,PETERS ST SW @ HAYNES ST SW,0.119
PETERS ST SW @ FAIR ST SW,PETERS ST SW @ TRENHOLM ST,0.223
PETERS ST SW @ HAYNES ST SW,TRINITY AVE SW @ TED TURNER DR SW,0.211
PETERS ST SW @ HAYNES ST SW,PETERS ST SW @ FAIR ST SW,0.119
PETERS ST SW @ TRENHOLM ST,MCDANIEL ST @ NORTHSIDE DR,0.148
MCDANIEL ST @ NORTHSIDE DR,ATLANTA STUDENT MOVEMENT BLVD @ WALNUT ST SW,0.202
ATLANTA STUDENT MOVEMENT BLVD @ LAWSHE ST SW,ATLANTA STUDENT MOVEMENT BLVD @ JAMES P BRAWLEY DR SW,0.157
ATLANTA STUDENT MOVEMENT BLVD @ EUHRLEE ST SW,ATLANTA STUDENT MOVEMENT BLVD @ OGDEN ST SW,0.046
ATLANTA STUDENT MOVEMENT BLVD @ OGDEN ST SW,FAIR ST SW @ JOSEPH E LOWERY BLVD,0.079
FAIR ST @ ABBOTT ST,FAIR ST SW @ AGNES JONES PL SW,0.059
FAIR ST SW @ SAINT JOSE ST SW,FAIR ST SW @ LAWTON ST SW,0.094
FAIR ST @ FIRST ST,FAIR ST SW @ HOLDERNESS ST SW,0.061
FAIR ST SW @ HOLDERNESS ST SW,HOLDERNESS ST SW @ WESTVIEW DR SW,0.12
WESTVIEW DR SW @ HOPKINS ST SW,WESTVIEW DR SW @ CHICAMAUGA AVE SW,0.099
WESTVIEW DR SW @ WESTVIEW PL,WESTVIEW PL SW @ MIMS ST SW,0.12
MIMS ST SW @ LAUREL AVE SW,LAUREL AVE SW @ ARCHER ST SW,0.059
LAUREL AVE SW @ ARCHER ST SW,MARTIN L KING JR DR NW @ BROWNING ST SW,0.095
MICHAEL ST @ ROLLINS WAY,CLIFTON RD NE @ 1599,0.236
BRIARCLIFF RD NE @ CLIFTON RD NE,JOHNSON RD NE @ BRIARCLIFF RD NE,0.127
JOHNSON RD NE @ BRIARCLIFF RD NE,JOHNSON RD NE @ NOBLE DR NE,0.631
JOHNSON RD NE @ NOBLE DR NE,JOHNSON RD NE @ PASADENA AVE,0.308
JOHNSON RD NE @ NOBLE DR NE,JOHNSON RD NE @ HOMESTEAD AVE,0.082
JOHNSON RD NE @ NOBLE DR NE,JOHNSON RD NE @ MEADOWDALE AVE NE,0.149
JOHNSON RD NE @ PASADENA AVE,JOHNSON RD NE @ MEADOWDALE AVE,0.159
JOHNSON RD NE @ MEADOWDALE AVE,JOHNSON RD NE @ NOBLE DR NE,0.159
JOHNSON RD NE @ HOMESTEAD AVE,JOHNSON RD NE @ BEECH VALLEY RD,0.064
JOHNSON RD NE @ BEECH VALLEY RD,N HIGHLAND AVE @  E ROCK SPRINGS RD,0.132
N HIGHLAND AVE N @ VIRGINIA AVE,N HIGHLAND AVE NE @ ADAIR AVE NE,0.103
N HIGHLAND AVE NE @ ADAIR AVE NE,N HIGHLAND AVE NE @ ROSEDALE DR,0.043
N HIGHLAND AVE NE @ ROSEDALE DR,N HIGHLAND AVE NE @ DREWRY ST,0.088
N HIGHLAND AVE NE @ ROSEDALE DR,N HIGHLAND AVE NE @ HUDSON DR NE,0.074
N HIGHLAND AVE NE @ DREWRY ST,N HIGHLAND AVE NE @ BRIARCLIFF PL,0.095
N HIGHLAND AVE NE @ BRIARCLIFF PL,N HIGHLAND AVE N @ SAINT CHARLES AVE,0.109
N HIGHLAND AVE NE @ BRIARCLIFF PL,N HIGHLAND AVE NE @ DREWRY ST NE,0.052
N HIGHLAND AVE N @ SAINT CHARLES AVE,N HIGHLAND AVE NE @ ST AUGUSTINE PL,0.074
N HIGHLAND AVE NE @ ST AUGUSTINE PL,N HIGHLAND AVE NE @ PONCE DE LEON AVE NE,0.079
JOHN LEWIS FREEDOM PKWY NE @ CARTER CENTER ENTR,RALPH MCGILL BLVD NE @ JOHN LEWIS FREEDOM PKWY NE,0.275
RALPH MCGILL BLVD NE @ JOHN LEWIS FREEDOM PKWY NE,RALPH MCGILL BLVD NE @ 760,0.189
RALPH MCGILL BLVD NE @ JOHN LEWIS FREEDOM PKWY NE,JOHN LEWIS FREEDOM PKWY NE @ 441,0.278
RALPH MCGILL BLVD NE @ 760,RALPH MCGILL BLVD @ ASHLEY AVE,0.081
RALPH MCGILL BLVD @ ASHLEY AVE,RALPH MCGILL BLVD NE @ 680,0.12
RALPH MCGILL BLVD NE @ 680,RALPH MCGILL BLVD NE @ FORTUNE ST NE,0.107
RALPH MCGILL BLVD NE @ FORTUNE ST NE,RALPH MCGILL BLVD NE @ GLEN IRIS DR N,0.1
RALPH MCGILL BLVD NE @ GLEN IRIS DR N,RALPH MCGILL BLVD NE @ 530,0.074
RALPH MCGILL BLVD NE @ 530,RALPH MCGILL BLVD NE @ BOULEVARD NE,0.129
RALPH MCGILL BLVD NE @ BOULEVARD NE,RALPH MCGILL BLVD NE @ PARKWAY DR NE,0.096
RALPH MCGILL BLVD NE @ PARKWAY DR NE,RALPH MCGILL BLVD NE @ FELTON DR NE,0.118
RALPH MCGILL BLVD NE @ PARKWAY DR NE,RALPH MCGILL BLVD @ BOULEVARD NE,0.117
RALPH MCGILL BLVD NE @ PARKWAY DR NE,PARKWAY DR @ RALPH MCGILL BLVD,0.053
RALPH MCGILL BLVD NE @ FELTON DR NE,RALPH MCGILL BLVD NE @ CENTRAL PARK PL,0.114
RALPH MCGILL BLVD NE @ FELTON DR NE,RALPH MCGILL BLVD NE @ PARKWAY DR NE,0.118
RALPH MCGILL BLVD NE @ CENTRAL PARK PL,RALPH MCGILL BLVD NE @ PIEDMONT AVE NE,0.079
RALPH MCGILL BLVD NE @ PIEDMONT AVE NE,RALPH MCGILL BLVD NE @ COURTLAND ST,0.251
RALPH MCGILL BLVD NE @ COURTLAND ST,CIVIC CENTER STATION,0.283
CIVIC CENTER STATION,IVAN ALLEN JR BLVD NE @ W PEACHTREE ST NW,0.101
CIVIC CENTER STATION,NORTH AVENUE STATION,0.388
CIVIC CENTER STATION,PEACHTREE CENTER STATION,0.558
CIVIC CENTER STATION,EAST POINT STATION,6.893
CIVIC CENTER STATION,BROOKHAVEN-OGLETHORPE STATION,7.051
CIVIC CENTER STATION,ARTS CENTER STATION,1.6
CIVIC CENTER STATION,MIDTOWN STATION,1.036
CIVIC CENTER STATION,DUNWOODY STATION,10.978
CIVIC CENTER STATION,LINDBERGH CENTER STATION,4.097
CIVIC CENTER STATION,AIRPORT STATION,9.324
CIVIC CENTER STATION,COLLEGE PARK STATION,8.739
CIVIC CENTER STATION,GARNETT STATION,1.292
CIVIC CENTER STATION,FIVE POINTS STATION,0.875
CIVIC CENTER STATION,CHAMBLEE STATION,9.596
CIVIC CENTER STATION,SANDY SPRINGS STATION,11.64
CIVIC CENTER STATION,NORTH SPRINGS STATION,12.477
CIVIC CENTER STATION,OAKLAND CITY STATION,4.034
CIVIC CENTER STATION,WEST END STATION,2.566
CIVIC CENTER STATION,BUCKHEAD STATION,5.767
CIVIC CENTER STATION,DORAVILLE STATION,11.247
CIVIC CENTER STATION,MEDICAL CENTER STATION,10.196
CIVIC CENTER STATION,LENOX STATION,5.724
CIVIC CENTER STATION,LAKEWOOD-FT MCPHERSON STATION,5.129
IVAN ALLEN JR BLVD NE @ W PEACHTREE ST NW,RALPH MCGILL BLVD @ COURTLAND ST,0.161
RALPH MCGILL BLVD @ COURTLAND ST,RALPH MCGILL BLVD @ PIEDMONT AVE,0.119
RALPH MCGILL BLVD @ PIEDMONT AVE,RALPH MCGILL BLVD NE @ PIEDMONT AVE N,0.059
RALPH MCGILL BLVD NE @ PIEDMONT AVE N,RALPH MCGILL BLVD NE @ PARK CENTRAL P,0.173
RALPH MCGILL BLVD NE @ PARK CENTRAL P,RALPH MCGILL BLVD NE @ FELTON DR NE,0.149
RALPH MCGILL BLVD @ BOULEVARD NE,RALPH MCGILL BLVD @ 542,0.099
RALPH MCGILL BLVD @ 542,RALPH MCGILL BLVD NE @ GLEN IRIS DR NE,0.105
RALPH MCGILL BLVD NE @ GLEN IRIS DR NE,RALPH MCGILL BLVD NE @ WILLOUGHBY WAY,0.078
RALPH MCGILL BLVD NE @ GLEN IRIS DR NE,GLEN IRIS DR @ ANGIER AVE,0.15
RALPH MCGILL BLVD NE @ WILLOUGHBY WAY,RALPH MCGILL BLVD NE @ 697,0.093
RALPH MCGILL BLVD NE @ 697,RALPH MCGILL BLVD NE @ ASHLEY AVE NE,0.12
RALPH MCGILL BLVD NE @ ASHLEY AVE NE,RALPH MCGILL BLVD @ 760,0.132
RALPH MCGILL BLVD @ 760,RALPH MCGILL BLVD NE @ JOHN LEWIS FREEDOM PKWY NE,0.151
JOHN LEWIS FREEDOM PKWY NE @ 441,N HIGHLAND AVE NE @ JOHN LEWIS FREEDOM PKWY NE,0.256
N HIGHLAND AVE @ PONCE DE LEON AVE,N HIGHLAND AVE NE @ ST CHARLES PL,0.105
N HIGHLAND AVE NE @ ST CHARLES PL,N HIGHLAND AVE NE @ BRIARCLIFF PL,0.141
N HIGHLAND AVE NE @ DREWRY ST NE,N HIGHLAND AVE NE @ HIGHLAND VW NE,0.062
N HIGHLAND AVE NE @ HIGHLAND VW NE,N HIGHLAND AVE NE @ ROSEDALE DR,0.07
N HIGHLAND AVE NE @ HUDSON DR NE,N HIGHLAND AVE NE @ VIRGINIA AVE NE,0.098
N HIGHLAND AVE NE @ VIRGINIA AVE NE,N HIGHLAND AVE NE @ LOS ANGELES AVE,0.127
JOHNSON RD NE @ BEECH VALLEY RD NE,JOHNSON RD NE @ PASADENA AVE NE,0.415
JOHNSON RD NE @ PASADENA AVE NE,JOHNSON RD NE @ NOBLE DR NE,0.268
JOHNSON RD NE @ PASADENA AVE NE,JOHNSON RD NE @ NOBLE DR,0.144
JOHNSON RD NE @ MEADOWDALE AVE NE,JOHNSON RD NE @ PASADENA AVE NE,0.127
JOHNSON RD NE @ NOBLE DR,JOHNSON RD NE @ HELEN DR NE,0.089
JOHNSON RD NE @ HELEN DR NE,BRIARCLIFF RD NE @ JOHNSON RD NE,0.189
BRIARCLIFF RD NE @ JOHNSON RD NE,CLIFTON RD @ BRIARCLIFF RD,0.089
N MCDONOUGH ST @ E MAPLE ST,S MCDONOUGH ST @ ANSLEY ST,0.286
N MCDONOUGH ST @ E MAPLE ST,W TRINITY PL @ COMMERCE DR,0.16
S MCDONOUGH ST @ ANSLEY ST,S MCDONOUGH ST @ DOUGHERTY ST,0.111
S MCDONOUGH ST @ ANSLEY ST,S MCDONOUGH ST @ E COLLEGE AVE,0.144
S MCDONOUGH ST @ DOUGHERTY ST,S MCDONOUGH ST @ HANCOCK ST,0.085
S MCDONOUGH ST @ DOUGHERTY ST,S MCDONOUGH ST @ ANSLEY ST,0.111
S MCDONOUGH ST @ HANCOCK ST,S MCDONOUGH ST @ DAVIS ST,0.123
S MCDONOUGH ST @ DAVIS ST,S MCDONOUGH ST @ OAKVIEW RD,0.034
S MCDONOUGH ST @ DAVIS ST,S MCDONOUGH ST @ W HANCOCK ST,0.09
S MCDONOUGH ST @ OAKVIEW RD,S MCDONOUGH ST @ BENSON ST,0.138
S MCDONOUGH ST @ BENSON ST,W HILL ST @ S MCDONOUGH ST,0.077
S MCDONOUGH ST @ BENSON ST,S MCDONOUGH ST @ GREEN ST,0.119
W HILL ST @ S MCDONOUGH ST,W HILL ST @ MCKOY ST,0.178
W HILL ST @ MCKOY ST,W HILL ST @ 317,0.039
W HILL ST @ MCKOY ST,W HILL ST @ MCDONOUGH ST,0.215
W HILL ST @ 317,W HILL ST @ OAKVIEW RD,0.106
W HILL ST @ OAKVIEW RD,E LAKE DR @ FAYETTEVILLE RD,0.054
W HILL ST @ OAKVIEW RD,W HILL ST @ MCKOY ST,0.145
E LAKE DR @ FAYETTEVILLE RD,E LAKE DR @ UNDERWOOD ST,0.118
E LAKE DR @ UNDERWOOD ST,E LAKE DR @ SPRING ST,0.106
E LAKE DR @ UNDERWOOD ST,E LAKE DR @ OAKVIEW RD,0.151
E LAKE DR @ SPRING ST,E LAKE DR @ W PHARR RD,0.097
E LAKE DR @ SPRING ST,E LAKE DR @ UNDERWOOD ST,0.106
E LAKE DR @ W PHARR RD,E LAKE DR NE @ KNOX ST NE,0.132
E LAKE DR @ W PHARR RD,E LAKE DR @ SPRING ST,0.097
E LAKE DR NE @ KNOX ST NE,E LAKE DR SE @ HOSEA L WILLIAMS DR,0.091
E LAKE DR SE @ HOSEA L WILLIAMS DR,HOSEA L WILLIAMS DR @ DANIEL AVE SE,0.167
HOSEA L WILLIAMS DR @ DANIEL AVE SE,HOSEA L WILLIAMS DR @ SPENCE AVE SE,0.139
HOSEA L WILLIAMS DR @ SPENCE AVE SE,HOSEA L WILLIAMS DR @ CANDLER RD,0.219
HOSEA L WILLIAMS DR @ CANDLER RD,CANDLER RD @ TUPELO ST SE,0.19
FAIRLEE DR @ CONWAY RD,FAIRLEE DR @ MELANIE CT,0.08
FAIRLEE DR @ MELANIE CT,FAIRLEE DR @ CARTER RD,0.091
FAIRLEE DR @ CARTER RD,RUPERT RD @ CATALINA DR,0.122
RUPERT RD @ CATALINA DR,BELVEDERE LN @ RUPERT RD,0.156
BELVEDERE LN @ RUPERT RD,BELVEDERE LN @ 2885,0.089
BELVEDERE LN @ 2885,BELVEDERE LN @ SAN GABRIEL AVE,0.18
BELVEDERE LN @ SAN GABRIEL AVE,SAN GABRIEL AVE @ CATALINA DR,0.118
SAN GABRIEL AVE @ CATALINA DR,SAN GABRIEL AVE @ MONTEREY DR,0.064
SAN GABRIEL AVE @ MONTEREY DR,SAN GABRIEL AVE @ PASADENA DR,0.065
SAN GABRIEL AVE @ PASADENA DR,SAN GABRIEL AVE @ SAN JUAN DR,0.095
SAN GABRIEL AVE @ SAN JUAN DR,SAN GABRIEL AVE @ SANTA MONICA DR,0.045
SAN GABRIEL AVE @ SANTA MONICA DR,CAPISTRANA PL @ WHITE OAK DR,0.155
CAPISTRANA PL @ WHITE OAK DR,WHITE OAK DR @ CAPISTRANA PL,0.059
WHITE OAK DR @ CAPISTRANA PL,WHITE OAK DR @ 2868,0.13
WHITE OAK DR @ 2868,WHITE OAK DR @ WELIKA DR,0.107
WHITE OAK DR @ WELIKA DR,WHITE OAK DR @ THOMAS ST,0.166
WHITE OAK DR @ THOMAS ST,WHITE OAK DR @ LINE ST,0.144
WHITE OAK DR @ LINE ST,LINE ST @ LINE CIR S,0.089
LINE ST @ LINE CIR S,LINE ST @ LINE CIR,0.096
LINE ST @ LINE CIR,LINE ST @ FAIRLEE DR,0.102
LINE ST @ FAIRLEE DR,MEMORIAL DR SE @ WOODFERN DR,0.089
HOSEA L WILLIAMS DR @ SPENCE AVE,HOSEA L WILLIAMS DR @ DANIEL AVE,0.139
HOSEA L WILLIAMS DR @ DANIEL AVE,HOSEA L WILLIAMS DR @  E LAKE DR,0.163
HOSEA L WILLIAMS DR @  E LAKE DR,E LAKE DR @ KNOX ST,0.061
E LAKE DR @ KNOX ST,E LAKE DR @ W PHARR RD,0.162
E LAKE DR @ OAKVIEW RD,W HILL ST @ OAKVIEW RD,0.025
W HILL ST @ MCDONOUGH ST,S MCDONOUGH ST @ BENSON ST,0.086
S MCDONOUGH ST @ GREEN ST,S MCDONOUGH ST @ DAVIS ST,0.048
S MCDONOUGH ST @ W HANCOCK ST,S MCDONOUGH ST @ DOUGHERTY ST,0.118
S MCDONOUGH ST @ E COLLEGE AVE,N MCDONOUGH ST @ E MAPLE ST,0.143
MEDICAL CENTER STATION,PEACHTREE DUNWOODY RD @ HOLLIS COBB CIR,0.099
MEDICAL CENTER STATION,DUNWOODY STATION,0.809
MEDICAL CENTER STATION,BUCKHEAD STATION,4.429
MEDICAL CENTER STATION,EAST POINT STATION,16.961
MEDICAL CENTER STATION,BROOKHAVEN-OGLETHORPE STATION,3.56
MEDICAL CENTER STATION,ARTS CENTER STATION,8.63
MEDICAL CENTER STATION,MIDTOWN STATION,9.174
MEDICAL CENTER STATION,LINDBERGH CENTER STATION,6.109
MEDICAL CENTER STATION,AIRPORT STATION,19.455
MEDICAL CENTER STATION,COLLEGE PARK STATION,18.834
MEDICAL CENTER STATION,GARNETT STATION,11.473
MEDICAL CENTER STATION,FIVE POINTS STATION,11.07
MEDICAL CENTER STATION,PEACHTREE CENTER STATION,10.741
MEDICAL CENTER STATION,CHAMBLEE STATION,3.025
MEDICAL CENTER STATION,SANDY SPRINGS STATION,1.468
MEDICAL CENTER STATION,NORTH SPRINGS STATION,2.401
MEDICAL CENTER STATION,OAKLAND CITY STATION,14.025
MEDICAL CENTER STATION,WEST END STATION,12.588
MEDICAL CENTER STATION,NORTH AVENUE STATION,9.812
MEDICAL CENTER STATION,DORAVILLE STATION,4.096
MEDICAL CENTER STATION,CIVIC CENTER STATION,10.196
MEDICAL CENTER STATION,LENOX STATION,4.53
MEDICAL CENTER STATION,LAKEWOOD-FT MCPHERSON STATION,15.197
PEACHTREE DUNWOODY RD @ HOLLIS COBB CIR,JOHNSON FERRY RD NE @ JOHNSON FERRY PKWY,0.267
JOHNSON FERRY RD NE @ JOHNSON FERRY PKWY,JOHNSON FERRY RD NE @ OLD JOHNSON FERRY RD NE,0.153
JOHNSON FERRY RD NE @ OLD JOHNSON FERRY RD NE,JOHNSON FERRY RD NE @ MILL CREEK RD,0.648
JOHNSON FERRY RD NE @ MILL CREEK RD,JOHNSON FERRY RD NE @ HAMPTON HALL WAY NE,0.34
JOHNSON FERRY RD NE @ HAMPTON HALL WAY NE,JOHNSON FERRY RD NE @ HAMPTON HALL DR,0.264
JOHNSON FERRY RD NE @ HAMPTON HALL DR,JOHNSON FERRY RD NE @ WADDESTON WAY,0.115
JOHNSON FERRY RD NE @ WADDESTON WAY,JOHNSON FERRY RD NE @ ASHFORD DUNWOODY RD NE,0.326
JOHNSON FERRY RD NE @ WADDESTON WAY,JOHNSON FERRY RD @ HAMPTON HALL DR,0.073
JOHNSON FERRY RD NE @ ASHFORD DUNWOODY RD NE,JOHNSON FERRY RD NE @ BLAIR CIR,0.186
JOHNSON FERRY RD NE @ BLAIR CIR,JOHNSON FERRY RD NE @ DURDEN DR NE,0.094
JOHNSON FERRY RD NE @ DURDEN DR NE,JOHNSON FERRY RD NE @ GATEBURY CIR,0.257
JOHNSON FERRY RD NE @ DURDEN DR NE,JOHNSON FERRY RD NE @ BLAIR CIR NE,0.076
JOHNSON FERRY RD NE @ GATEBURY CIR,PEACHTREE IND BLVD @ JOHNSON FERRY,0.214
CHAMBLEE TUCKER RD @ 5193,CHAMBLEE STATION - WEST LOOP,0.241
CHAMBLEE TUCKER @ PEACHTREE RD,PEACHTREE INDUSTRIAL BLVD @ CHAMBLEE TUCKER RD,0.172
JOHNSON FERRY RD @ JEFFERSON CIR S,JOHNSON FERRY RD @ KESWICK DR,0.134
JOHNSON FERRY RD @ KESWICK DR,JOHNSON FERRY RD NE @ DURDEN DR NE,0.212
JOHNSON FERRY RD NE @ BLAIR CIR NE,JOHNSON FERRY RD @ DONALDSON DR,0.229
JOHNSON FERRY RD @ DONALDSON DR,JOHNSON FERRY RD NE @ WADDESTON WAY,0.303
JOHNSON FERRY RD @ HAMPTON HALL DR,JOHNSON FERRY RD @ HAMPTON HALL WAY,0.303
JOHNSON FERRY RD @ HAMPTON HALL WAY,JOHNSON FERRY RD @ MILL CREEK RD,0.325
JOHNSON FERRY RD @ MILL CREEK RD,JOHNSON FERRY RD @ OLD JOHNSON FERRY RD,0.654
JOHNSON FERRY RD @ OLD JOHNSON FERRY RD,JOHNSON FERRY RD @ JOHNSON FERRY PKWY,0.23
JOHNSON FERRY RD @ JOHNSON FERRY PKWY,PEACHTREE DUNWOODY RD @ JOHNSON FERRY RD,0.084
PEACHTREE DUNWOODY RD @ JOHNSON FERRY RD,MEDICAL CENTER STATION,0.225
RALPH D ABERNATHY BLVD SW @ MCDANIEL ST SW,RALPH DAVID ABERNATH BLVD @ WINDSOR S,0.198
RALPH D ABERNATHY BLVD @ POLLARD BLVD SW,RALPH D ABERNATHY BLVD @ HANK AARON DR,0.121
RALPH D ABERNATHY BLVD @ HANK AARON DR,GEORGIA AVE SE @ FRASER ST SE,0.109
GEORGIA AVE SE @ FRASER ST SE,GEORGIA AVE SE @ MARTIN ST SE,0.13
GEORGIA AVE SE @ FRASER ST SE,GEORGIA AVE @ HANK AARON DR,0.087
GEORGIA AVE SE @ MARTIN ST SE,GEORGIA AVE SE @ AMI ST SE,0.115
GEORGIA AVE SE @ MARTIN ST SE,GEORGIA AVE SE @ FRASER ST SE,0.13
GEORGIA AVE SE @ AMI ST SE,GEORGIA AVE SE @ GRANT TER SE,0.128
GEORGIA AVE SE @ AMI ST SE,GEORGIA AVE SE @ MARTIN ST SE,0.115
GEORGIA AVE SE @ GRANT TER SE,GEORGIA AVE SE @ HILL ST SE,0.082
GEORGIA AVE SE @ GRANT TER SE,GEORGIA AVE SE @ AMI ST SE,0.128
GEORGIA AVE SE @ HILL ST SE,GEORGIA AVE SE @ GRANT ST SE,0.123
GEORGIA AVE SE @ HILL ST SE,GEORGIA AVE SE @ GRANT TER SE,0.082
GEORGIA AVE SE @ GRANT ST SE,GEORGIA AVE SE @ CHEROKEE AVE SE,0.122
GEORGIA AVE SE @ GRANT ST SE,GEORGIA AVE SE @ HILL ST SE,0.123
GEORGIA AVE SE @ CHEROKEE AVE SE,CHEROKEE AVE SE @ BASS ST SE,0.131
GEORGIA AVE SE @ CHEROKEE AVE SE,GEORGIA AVE SE @ GRANT ST SE,0.122
CHEROKEE AVE SE @ BASS ST SE,CHEROKEE AVE SE @ GRANT PARK PL SE,0.152
CHEROKEE AVE SE @ BASS ST SE,GEORGIA AVE SE @ CHEROKEE AVE SE,0.131
CHEROKEE AVE SE @ GRANT PARK PL SE,ATLANTA AVE @ CHEROKEE AVE,0.17
ATLANTA AVE @ CHEROKEE AVE,ATLANTA AVE SE @ BOULEVARD SE,0.247
ATLANTA AVE SE @ BOULEVARD SE,ATLANTA AVE SE @ MARION AVE SE,0.201
ATLANTA AVE SE @ BOULEVARD SE,ATLANTA AVE SE @ CHEROKEE AVE SE,0.244
ATLANTA AVE SE @ MARION AVE SE,UNITED AVE @ HOME AVE SE,0.092
ATLANTA AVE SE @ MARION AVE SE,ATLANTA AVE SE @ BOULEVARD SE,0.201
UNITED AVE @ HOME AVE SE,UNITED AVE @ EDIE AVE SE,0.15
UNITED AVE @ EDIE AVE SE,UNITED AVE @ AVONDALE AVE,0.09
UNITED AVE @ EDIE AVE SE,UNITED AVE @ CHARLES BANK AVE,0.137
UNITED AVE @ AVONDALE AVE,UNITED AVE @ WALKER AVE SE,0.132
UNITED AVE @ WALKER AVE SE,UNITED AVE @ UNDERWOOD AVE,0.15
UNITED AVE @ WALKER AVE SE,UNITED AVE SE @ TRESTLETREE CT,0.16
UNITED AVE @ UNDERWOOD AVE,UNITED AVE @ WOODLAND AVE,0.244
UNITED AVE @ WOODLAND AVE,UNITED AVE @ MORELAND AVE SE,0.189
UNITED AVE @ MORELAND AVE SE,MORELAND AVE @ VICKERS ST,0.166
UNITED AVE @ MORELAND AVE SE,UNITED AVE @ WOODLAND AVE SE,0.202
MORELAND DR @ WOODLAND AVE,WOODLAND AVE SE @ 1608,0.127
WOODLAND AVE SE @ 1608,WOODLAND AVE SE @ WOODLAND CIR SE,0.182
WOODLAND AVE SE @ WOODLAND CIR SE,WOODLAND AVE SE @ CUSTER AVE SE,0.142
WOODLAND AVE SE @ CUSTER AVE SE,MORELAND AVE SE @ EASTLAND RD SE,0.35
UNITED AVE @ WOODLAND AVE SE,UNITED AVE SE @ UNDERWOOD AVE,0.243
UNITED AVE SE @ UNDERWOOD AVE,UNITED AVE @ WALKER AVE SE,0.141
UNITED AVE SE @ TRESTLETREE CT,UNITED AVE @ EDIE AVE SE,0.063
UNITED AVE @ CHARLES BANK AVE,ATLANTA AVE SE @ MARION AVE SE,0.105
ATLANTA AVE SE @ CHEROKEE AVE SE,CHEROKEE AVE @ GRANT PARK PL,0.143
CHEROKEE AVE @ GRANT PARK PL,CHEROKEE AVE SE @ BASS ST SE,0.171
GEORGIA AVE @ HANK AARON DR,RALPH D ABERNATH BLVD @ CENTRAL AVE,0.315
RALPH D ABERNATHY BLVD @ IRA ST,RALPH D ABERNATHY BLVD @ MCDANIEL STSW,0.146
COLLIER DR NW @ HAMILTON E HOLMES DR,COLLIER DR NW @ COLLIER RIDGE DR NW,0.359
COLLIER DR NW @ HAMILTON E HOLMES DR,HAMILTON E HOLMES DR NW @ HIGHTOWER CT,0.129
COLLIER DR NW @ COLLIER RIDGE DR NW,COLLIER DR @ LINKWOOD RD,0.464
COLLIER DR @ LINKWOOD RD,COLLIER DR NW @ LARCHMONT DR NW,0.045
COLLIER DR NW @ LARCHMONT DR NW,COLLIER DR @ 3075,0.168
COLLIER DR NW @ LARCHMONT DR NW,COLLIER DR NW @ CHALMERS DR,0.461
COLLIER DR NW @ LARCHMONT DR NW,COLLIER DR NW @ LINKWOOD RD NW,0.058
COLLIER DR @ 3075,COLLIER DR @ 3114,0.133
COLLIER DR @ 3114,COLLIER DR NW @ HARWELL RD NW,0.281
COLLIER DR NW @ HARWELL RD NW,COLLIER DR NW @ COLLIER CT,0.185
COLLIER DR NW @ HARWELL RD NW,COLLIER DR NW @ 3114,0.285
COLLIER DR NW @ HARWELL RD NW,COLLIER DR NW @ 3075,0.418
COLLIER DR NW @ COLLIER CT,COLLIER DR NW @ 3368,0.065
COLLIER DR NW @ 3368,COLLIER DR @ FAIRBURN RD,0.13
COLLIER DR @ FAIRBURN RD,FAIRBURN RD @ FAIRBURN PL,0.204
COLLIER DR @ FAIRBURN RD,COLLIER DR @ FEDORA WAY,0.376
COLLIER DR @ FAIRBURN RD,COLLIER DR NW @ COLLIER CT NW,0.194
COLLIER DR @ FAIRBURN RD,FAIRBURN RD NW @ FAIRLANE DR NW,0.13
FAIRBURN RD @ FAIRBURN PL,FAIRBURN RD @ MARK PL,0.114
FAIRBURN RD @ MARK PL,FAIRBURN RD @ 795,0.167
FAIRBURN RD @ MARK PL,FAIRBURN RD @ 574,0.185
FAIRBURN RD @ 795,FAIRBURN RD @ BOLTON RD,0.184
FAIRBURN RD @ BOLTON RD,BOLTON RD NW @ 901,0.096
BOLTON RD NW @ 901,BOLTON RD @ BOLTON PKWY,0.103
BOLTON RD @ BOLTON PKWY,BOLTON RD @ 1051,0.27
BOLTON RD @ 1051,DONALD L HOLLOWELL PKWY @ BOLTON RD,0.274
ATLANTA INDUSTRIAL PKWY @ DONALD L HOLLOWELL PKWY,ATLANTA IND PKWY @ 3201,0.091
ATLANTA IND PKWY @ 3201,ATLANTA IND PKWY @ 3401,0.137
ATLANTA IND PKWY @ 3401,ATLANTA IND PKWY @ ATLANTA IND DRNW,0.2
ATLANTA IND PKWY @ ATLANTA IND DRNW,ATLANTA INDUSTRIAL PKWY @ 3555,0.15
ATLANTA INDUSTRIAL PKWY @ 3555,ATLANTA INDUSTRIAL PKWY @ 3755,0.281
ATLANTA INDUSTRIAL PKWY @ 3755,ATLANTA INDUSTRIAL PKWY @ 3710,0.154
COLLIER DR @ FEDORA WAY,COLLIER DR @ BOLTON RD,0.122
COLLIER DR @ BOLTON RD,BOLTON RD @ ADKINS RD,0.194
BOLTON RD @ ADKINS RD,BOLTON RD NW @ FAIRBURN CIR,0.104
BOLTON RD NW @ FAIRBURN CIR,BOLTON RD @ CLOVIS CT,0.066
BOLTON RD @ CLOVIS CT,CROFT PL NW @ BOLTON RD NW,0.047
CROFT PL NW @ BOLTON RD NW,CLOVIS CT @ CROFT PL,0.164
CROFT PL NW @ BOLTON RD NW,BOLTON RD NW @ CLOVIS CT NW,0.051
CLOVIS CT @ CROFT PL,MERCURY DR NW @ VENUS PL,0.064
MERCURY DR NW @ VENUS PL,MERCURY DR NW @ BOLFAIR DR NW,0.232
MERCURY DR NW @ BOLFAIR DR NW,FAIRBURN RD NW @ 1076,0.087
MERCURY DR NW @ BOLFAIR DR NW,MERCURY DR NW @ SATURN DR NW,0.17
FAIRBURN RD NW @ 1076,FAIRBURN RD NW @ 992,0.133
FAIRBURN RD NW @ 992,FAIRBURN RD NW @ SANDY CREEK DR NW,0.144
FAIRBURN RD NW @ SANDY CREEK DR NW,FAIRBURN RD @ BOLTON RD,0.161
ATLANTA INDUSTRIAL PKWY @ 3710,ATLANTA INDUSTRIAL PKWY @ 3600,0.147
ATLANTA INDUSTRIAL PKWY @ 3600,ATLANTA INDUSTRIAL PKWY NW @ ATLANTA INDUSTRIAL DR,0.187
ATLANTA INDUSTRIAL PKWY NW @ ATLANTA INDUSTRIAL DR,ATLANTA INDUSTRIAL PKWY @ 3400,0.137
ATLANTA INDUSTRIAL PKWY @ 3400,ATLANTA INDUSTRIAL PKWY NW @ 3201,0.105
ATLANTA INDUSTRIAL PKWY NW @ 3201,DONALD L HOLLOWELL PKWY @ BOLTON RD NW,0.334
BOLTON RD NW @ 1020,BOLTON RD NW @ BOLTON PKWY,0.296
BOLTON RD NW @ BOLTON PKWY,BOLTON RD NW @ 902,0.105
BOLTON RD NW @ 902,BOLTON RD NW @ FAIRBURN RD NW,0.037
BOLTON RD NW @ FAIRBURN RD NW,FAIRBURN RD @ 762,0.194
BOLTON RD NW @ FAIRBURN RD NW,FAIRBURN RD @ BOLTON PL,0.076
FAIRBURN RD @ 762,FAIRBURN RD @ MARK PL,0.183
FAIRBURN RD @ 574,FAIRBURN RD @ COLLIER DR,0.121
FAIRBURN RD @ COLLIER DR,COLLIER DR NW @ COLLIER CT NW,0.197
COLLIER DR NW @ COLLIER CT NW,COLLIER DR NW @ HARWELL RD NW,0.187
COLLIER DR NW @ 3114,COLLIER DR NW @ 3075,0.134
COLLIER DR NW @ 3075,COLLIER DR NW @ LARCHMONT DR NW,0.163
COLLIER DR NW @ CHALMERS DR,COLLIER DR NW @ HAMILTON E HOLMES DR,0.404
FAIRBURN RD @ BOLTON PL,FAIRBURN RD @ SANDY CREEK ROAD,0.099
FAIRBURN RD @ SANDY CREEK ROAD,FAIRBURN RD @ BONNEVILLE TER,0.07
FAIRBURN RD @ BONNEVILLE TER,FAIRBURN RD @ 1001,0.093
FAIRBURN RD @ 1001,FAIRBURN RD NW @ 1065,0.119
FAIRBURN RD NW @ 1065,MERCURY DR NW @ BOLFAIR DR NW,0.09
MERCURY DR NW @ SATURN DR NW,MERCURY DR @ CLOVIS CT,0.101
MERCURY DR @ CLOVIS CT,CROFT PL NW @ CLOVIS CT NW,0.068
CROFT PL NW @ CLOVIS CT NW,CROFT PL NW @ BOLTON RD NW,0.143
BOLTON RD NW @ CLOVIS CT NW,BOLTON RD NW @ FAIRBURN CIR NW,0.084
BOLTON RD NW @ FAIRBURN CIR NW,BOLTON RD NW @ ADKINS RD NW,0.072
BOLTON RD NW @ ADKINS RD NW,BOLTON RD NW @ COLLIER DR NW,0.205
BOLTON RD NW @ COLLIER DR NW,COLLIER DR @ CAMROSE WAY,0.202
COLLIER DR @ CAMROSE WAY,COLLIER DR @ FAIRBURN RD,0.31
HOLLY RD NW @ JOSEPH E BOONE BLVD,HOLLY RD NW @ 236,0.149
HOLLY RD NW @ 236,HOLLY RD NW @ ANDREWS ST NW,0.066
HOLLY RD NW @ ANDREWS ST NW,HOLLY RD NW @ WILLIS ST NW,0.088
HOLLY RD NW @ ANDREWS ST NW,HOLLY RD @ 231,0.076
HOLLY RD NW @ WILLIS ST NW,HOLLY RD NW @ EZRA CHURCH DR NW,0.157
HOLLY RD NW @ EZRA CHURCH DR NW,CHAPPEL RD @ EASON ST,0.255
CHAPPEL RD @ EASON ST,EASON ST NW @ HOLLY RD NW,0.238
EASON ST NW @ HOLLY RD NW,HOLLY RD NW @ AKRIDGE ST NW,0.06
HOLLY RD NW @ AKRIDGE ST NW,HOLLY RD NW @ ANDREWS ST NW,0.129
HOLLY RD @ 231,JOSEPH E BOONE BLVD NW @ HOLLY RD NW,0.15
HOLLY RD @ 231,JOSEPH E BOONE BLVD @ HOLLY RD/ST,0.161
CHAPPELL RD @ JOSEPH E BOONE BLVD,CHAPPELL RD @ MAYSON TURNER RD,0.16
CHAPPELL RD @ JOSEPH E BOONE BLVD,JOSEPH E BOONE BLVD NW @ WOODLAWN AVE NW,0.127
CHAPPELL RD @ MAYSON TURNER RD,NORTH AVE NW @ CHAPPELL RD NW,0.15
NORTH AVE NW @ CHAPPELL RD NW,NORTH AVE NW @ WOODLAWN AVE NW,0.171
NORTH AVE NW @ WOODLAWN AVE NW,NORTH AVE @ ELMWOOD RD,0.134
NORTH AVE @ ELMWOOD RD,NORTH AVE NW @ WLAKE AVE NW,0.142
NORTH AVE NW @ WLAKE AVE NW,NORTH AVE NW @ 1667,0.081
NORTH AVE NW @ 1667,NORTH AVE NW @ BLANCHE ST NW,0.121
NORTH AVE NW @ BLANCHE ST NW,NORTH AVE NW @ EVELYN PL NW,0.086
NORTH AVE NW @ BLANCHE ST NW,NORTH AVE NW @ 1676,0.108
NORTH AVE NW @ EVELYN PL NW,NORTH AVE NW @ MARKTWO PL NW,0.063
NORTH AVE NW @ EVELYN PL NW,NORTH AVE NW @ BLANCHE ST NW,0.086
NORTH AVE NW @ MARKTWO PL NW,NORTH AVE @ JETAL PL,0.12
NORTH AVE NW @ MARKTWO PL NW,NORTH AVE NW @ EVELYN PL NW,0.063
NORTH AVE @ JETAL PL,NORTH AVE NW @ CHARLOTTE PL NW,0.079
NORTH AVE @ JETAL PL,NORTH AVE NW @ MARKTWO PL NW,0.12
NORTH AVE NW @ CHARLOTTE PL NW,NORTH AVE @ PELTON PL,0.133
NORTH AVE NW @ CHARLOTTE PL NW,NORTH AVE @ JETAL PL,0.079
NORTH AVE @ PELTON PL,NORTH AVE @ BAKER RD,0.24
NORTH AVE @ PELTON PL,NORTH AVE NW @ CHARLOTTE PL NW,0.133
NORTH AVE @ BAKER RD,BAKER RD NW @ TWILLEY RD NW,0.13
BAKER RD NW @ TWILLEY RD NW,BAKER RD NW @ GARY RD NW,0.146
BAKER RD NW @ GARY RD NW,BAKER RD NW @ CENTER HILL AVE,0.136
BAKER RD NW @ GARY RD NW,BAKER RD NW @ BAKER CIR,0.171
BAKER RD NW @ CENTER HILL AVE,BAKER RD NW @ CHURCH ST NW,0.195
BAKER RD NW @ CHURCH ST NW,BAKER RD NW @ HOOD AVE NW,0.18
BAKER RD NW @ HOOD AVE NW,BAKER RD NW @ HAMILTON E HOLMES DR NW,0.097
BAKER RD NW @ HOOD AVE NW,BAKER RD NW @ LINCOLN DR NW,0.192
BAKER RD NW @ HAMILTON E HOLMES DR NW,HAMILTON E HOLMES DR NW @ BAKER RIDGE DR NW,0.087
HARWELL RD @ DONALD L HOLLOWELL PKWY,HARWELL RD @ SKIPPER DR,0.218
HARWELL RD @ DONALD L HOLLOWELL PKWY,DONALD L HOLLOWELL PKWY @ WATTS RD NW,0.211
HARWELL RD @ SKIPPER DR,HARWELL RD NW @ DOGWOOD DR NW,0.171
HARWELL RD NW @ DOGWOOD DR NW,KINGSTON RD @ HARWELL RD,0.077
KINGSTON RD @ HARWELL RD,KINGSTON RD NW @ SKIPPER DR NW,0.204
KINGSTON RD NW @ SKIPPER DR NW,SKIPPER DR NW @ SKIPPER PL NW,0.136
SKIPPER DR NW @ SKIPPER PL NW,HARWELL RD NW @ SKIPPER DR NW,0.082
HARWELL RD NW @ SKIPPER DR NW,HARWELL RD @ DONALD L HOLLOWELL PKWY,0.197
BAKER RD NW @ LINCOLN DR NW,BAKER RD NW @ CENTER HILL AVE NW,0.168
BAKER RD NW @ CENTER HILL AVE NW,BAKER RD NW @ GARY RD NW,0.156
BAKER RD NW @ BAKER CIR,NORTH AVE NW @ BAKER RD NW,0.105
NORTH AVE NW @ BAKER RD NW,NORTH AVE @ PELTON PL,0.234
NORTH AVE NW @ 1676,NORTH AVE NW @ W LAKE AVE NW,0.089
NORTH AVE NW @ W LAKE AVE NW,NORTH AVE NW @ ELMWOOD RD,0.119
NORTH AVE NW @ ELMWOOD RD,NORTH AVE @ WOODLAWN AVE,0.154
NORTH AVE @ WOODLAWN AVE,NORTH AVE NW @ CHAPPELL RD,0.179
NORTH AVE NW @ CHAPPELL RD,CHAPPELL RD @ WEST AVE,0.132
CHAPPELL RD @ WEST AVE,CHAPPELL RD @ JOSEPH E BOONE BLVD,0.171
ALEX DR @ ALEX WAY,TARRAGON WAY SW @ ALEX WAY SW,0.089
TARRAGON WAY SW @ ALEX WAY SW,TARRAGON WAY @ ESTER DR,0.08
TARRAGON WAY @ ESTER DR,TARRAGON WAY SW @ 454,0.145
TARRAGON WAY SW @ 454,TARRAGON WAY SW @ FENNEL CIR SW,0.126
TARRAGON WAY SW @ FENNEL CIR SW,TARRAGON WAY SW @ WILSON MILL RD SW,0.177
TARRAGON WAY SW @ WILSON MILL RD SW,WILSON MILL RD @ BAKERS FERRY RD,0.078
WILSON MILL RD @ BAKERS FERRY RD,BAKERS FERRY RD @ CORNELL BLVD,0.25
BAKERS FERRY RD @ CORNELL BLVD,BAKERS FERRY RD SW @ 3796,0.084
BAKERS FERRY RD @ CORNELL BLVD,CORNELL BLVD SW @ DARTMOUTH DR SW,0.114
BAKERS FERRY RD SW @ 3796,BAKERS FERRY RD SW @ OAKSIDE DR SW,0.09
BAKERS FERRY RD SW @ OAKSIDE DR SW,BAKERS FERRY RD SW @ CHARTER OAK DR S,0.044
BAKERS FERRY RD SW @ CHARTER OAK DR S,BAKERS FERRY RD SW @ WISTERIA LN SW,0.081
BAKERS FERRY RD SW @ WISTERIA LN SW,BAKERS FERRY RD SW @ KENNER DR,0.084
BAKERS FERRY RD SW @ KENNER DR,MARTIN L KING JR DR SW @ BAKERS FERRY RD SW,0.094
BOLTON RD NW @ MARTIN L KING JR DR,BOLTON RD NW @ FAIRLANE DR NW,0.087
BOLTON RD NW @ FAIRLANE DR NW,FAIRLANE DR NW @ FAIRLOCK LN NW,0.083
FAIRLANE DR NW @ FAIRLOCK LN NW,FAIRLANE DR NW @ CAMROSE WAY NW,0.077
FAIRLANE DR NW @ CAMROSE WAY NW,FAIRLANE DR NW @ 3572,0.109
FAIRLANE DR NW @ 3572,FAIRLANE DR NW @ 3524,0.098
FAIRLANE DR NW @ 3524,FAIRLANE DR NW @ FAIRLANE CIR NW,0.094
FAIRLANE DR NW @ FAIRLANE CIR NW,FAIRLANE DR NW @ FAIRBURN RD NW,0.063
FAIRLANE DR NW @ FAIRBURN RD NW,FAIRBURN RD NW @ COLLIER DR NW,0.125
FAIRBURN RD NW @ COLLIER DR NW,COLLIER DR NW @ COLLIER CT NW,0.179
COLLIER DR NW @ LINKWOOD RD NW,LINKWOOD RD @ LINKWOOD PL,0.11
LINKWOOD RD @ LINKWOOD PL,LINKWOOD RD @ TRIBBLE LN,0.193
LINKWOOD RD @ TRIBBLE LN,LINKWOOD RD NW @ HEDGEWOOD DR NW,0.118
LINKWOOD RD NW @ HEDGEWOOD DR NW,BURTON RD NW @ LINKWOOD RD NW,0.102
LINKWOOD RD NW @ HEDGEWOOD DR NW,LINKWOOD RD NW @ TRIBBLE LN NW,0.128
BURTON RD NW @ LINKWOOD RD NW,BURTON RD NW @ 2811,0.115
BURTON RD NW @ LINKWOOD RD NW,LINKWOOD RD NW @ HEDGEWOOD DR NW,0.102
BURTON RD NW @ LINKWOOD RD NW,DELMAR LN NW @ 2971,0.156
BURTON RD NW @ 2811,BURTON RD NW @ 2736,0.134
BURTON RD NW @ 2811,BURTON RD NW @ LINKWOOD RD NW,0.115
BURTON RD NW @ 2736,BURTON RD NW @ HEDGEWOOD DR NW,0.102
BURTON RD NW @ HEDGEWOOD DR NW,BURTON RD NW @ HOLLIS TER NW,0.048
BURTON RD NW @ HEDGEWOOD DR NW,BURTON RD NW @ 2746,0.115
BURTON RD NW @ HOLLIS TER NW,BURTON RD NW @ WESTLAND BLVD NW,0.131
BURTON RD NW @ HOLLIS TER NW,BURTON RD NW @ HEDGEWOOD DR NW,0.048
BURTON RD NW @ WESTLAND BLVD NW,BURTON RD NW @ HAMILTON E HOLMES DR N,0.22
BURTON RD NW @ HAMILTON E HOLMES DR N,HAMILTON E HOLMES @ MARTIN L KING JR DR,0.244
BURTON RD NW @ LAUREL CIR NW,BURTON RD NW @ HOLLIS TER NW,0.214
BURTON RD NW @ 2746,BURTON RD NW @ 2811,0.119
LINKWOOD RD NW @ TRIBBLE LN NW,LINKWOOD RD NW @ 183,0.101
LINKWOOD RD NW @ 183,LINKWOOD RD NW @ LINKWOOD PL NW,0.081
LINKWOOD RD NW @ LINKWOOD PL NW,COLLIER DR NW @ LARCHMONT DR NW,0.179
FAIRBURN RD NW @ FAIRLANE DR NW,FAIRLANE DR @ FAIRLANE CIR,0.062
FAIRLANE DR @ FAIRLANE CIR,FAIRLANE DR @ 3523,0.091
FAIRLANE DR @ 3523,FAIRLANE DR NW @ 3565,0.088
FAIRLANE DR NW @ 3565,FAIRLANE DR @ FEDORA WAY,0.15
FAIRLANE DR @ FEDORA WAY,FAIRLANE DR @ FAIRLOCK LN,0.052
FAIRLANE DR @ FAIRLOCK LN,FAIRLANE DR @ BOLTON RD,0.078
FAIRLANE DR @ BOLTON RD,BOLTON RD @ MARTIN LUTHER KING J DR,0.116
BOLTON RD @ MARTIN LUTHER KING J DR,MARTIN L KING JR DR SW @ ADAMSVILLE PLACE PKWY  SW,0.208
BAKERS FERRY RD SW @ BAKERS FERRY DR SW,BAKERS FERRY RD @ WISTERIA LN,0.074
BAKERS FERRY RD @ WISTERIA LN,BAKERS FERRY RD @ OAKSIDE DR,0.119
BAKERS FERRY RD @ OAKSIDE DR,BAKERS FERRY RD @ 3783,0.098
BAKERS FERRY RD @ 3783,BAKERS FERRY RD @ CORNELL BLVD,0.087
CORNELL BLVD SW @ DARTMOUTH DR SW,CORNELL BLVD @ WHITWORTH DR,0.095
CORNELL BLVD @ WHITWORTH DR,CORNELL BLVD @ CANDLELIGHT LN,0.079
CORNELL BLVD @ CANDLELIGHT LN,CANDLELIGHT LN @ KENORA DR,0.072
CANDLELIGHT LN @ KENORA DR,CANDLELIGHT LN @ SARNIA LN,0.081
CANDLELIGHT LN @ SARNIA LN,CANDLELIGHT LN @ BAKERS FERRY RD,0.17
CANDLELIGHT LN @ BAKERS FERRY RD,WAITS DR @ ESTER DR,0.043
WAITS DR @ ESTER DR,WAITS DR @ DOSTER DR,0.062
WAITS DR @ DOSTER DR,WAITS DR @ BREWER DR,0.081
WAITS DR @ BREWER DR,ALEX DR @ ALEX WAY,0.099
DOLLAR MILL RD SW @ BOULDER PARK DR SW,BOULDER PARK DR @ DOLLAR MILL RD,0.032
BOULDER PARK DR @ DOLLAR MILL RD,BOULDER PARK DR @ 4230,0.111
BOULDER PARK DR @ 4230,BOULDER PARK DR @ 4104,0.224
BOULDER PARK DR @ 4230,BOULDER PARK DR SW @ DOLLAR MILL RD S,0.107
BOULDER PARK DR @ 4104,BOULDER PARK DR SW @ WILSON MILL RD SW,0.231
BOULDER PARK DR SW @ WILSON MILL RD SW,WILSON MILL RD SW @ WILDWOOD LAKE DR,0.203
BOULDER PARK DR SW @ WILSON MILL RD SW,BOULDER PARK DR SW @ 4098,0.257
WILSON MILL RD SW @ WILDWOOD LAKE DR,WILDWOOD LAKE DR @ PLAINVILLE DR,0.114
WILDWOOD LAKE DR @ PLAINVILLE DR,PLAINVILLE DR @ 658,0.134
PLAINVILLE DR @ 658,PLAINVILLE DR @ PLAINVILLE TRL,0.041
PLAINVILLE DR @ 658,WILDWOOD LAKE DR SW @ PLAINVILLE DR S,0.133
PLAINVILLE DR @ PLAINVILLE TRL,PLAINVILLE DR @ PLAINVILLE WAY,0.05
PLAINVILLE DR @ PLAINVILLE WAY,PLAINVILLE CIR @ PLAINVILLE DR,0.303
PLAINVILLE CIR @ PLAINVILLE DR,PLAINVILLE CIR @ PLAINVILLE TER,0.2
PLAINVILLE CIR @ PLAINVILLE DR,PLAINVILLE DR @ PLAINVILLE PL,0.032
PLAINVILLE CIR @ PLAINVILLE TER,PLAINVILLE CIR @ 819,0.078
PLAINVILLE CIR @ 819,PLAINVILLE CIR @ PLAINVILLE DR,0.125
PLAINVILLE DR @ PLAINVILLE PL,PLAINVILLE DR @ 828,0.093
PLAINVILLE DR @ 828,PLAINVILLE DR SW @ PLAINVILLE CIR,0.112
PLAINVILLE DR SW @ PLAINVILLE CIR,PLAINVILLE DR SW @ PLAINVILLE WAY SW,0.09
PLAINVILLE DR SW @ PLAINVILLE WAY SW,PLAINVILLE DR @ 658,0.083
WILDWOOD LAKE DR SW @ PLAINVILLE DR S,WILSON MILL RD SW @ WILDWOOD LAKE DR SW,0.149
WILSON MILL RD SW @ WILDWOOD LAKE DR SW,WILSON MILL RD @ 606,0.091
WILSON MILL RD @ 606,WILSON MILL RD @ BOULDER PARK DR,0.077
WILSON MILL RD @ BOULDER PARK DR,BOULDER PARK DR SW @ LINE RD SW,0.16
BOULDER PARK DR SW @ LINE RD SW,BOULDER PARK DR SW @ BRANCH DR SW,0.256
BOULDER PARK DR SW @ LINE RD SW,BOULDER PARK DR SW @ WILSON MILL RD SW,0.165
BOULDER PARK DR SW @ BRANCH DR SW,BOULDER PARK DR SW @ FAIRBURN RD SW,0.197
BOULDER PARK DR SW @ BRANCH DR SW,BOULDER PARK DR SW @ LINE RD SW,0.256
BOULDER PARK DR SW @ FAIRBURN RD SW,BOULDER PARK DR SW @ 3630,0.106
BOULDER PARK DR SW @ FAIRBURN RD SW,BOULDER PARK DR SW @ BRANCH DR SW,0.197
BOULDER PARK DR SW @ 3630,BOULDER PARK DR SW @ HOWELL TER SW,0.053
BOULDER PARK DR SW @ HOWELL TER SW,NATHAN RD SW @ BOULDER PARK DR SW,0.217
BOULDER PARK DR SW @ HOWELL TER SW,BOULDER PARK DR SW @ HOWELL TER,0.011
NATHAN RD SW @ BOULDER PARK DR SW,NATHAN RD @ 181,0.163
NATHAN RD SW @ BOULDER PARK DR SW,BOULDER PARK DR SW @ HOWELL TER SW,0.217
NATHAN RD @ 181,BROWNLEE PL SW @ BROWNLEE RD SW,0.13
BROWNLEE PL SW @ BROWNLEE RD SW,BROWNLEE RD @ MARTIN LUTHER KING J D,0.11
BROWNLEE RD @ MARTIN LUTHER KING J D,BROWNLEE RD NW @ DELMAR LN NW,0.071
BROWNLEE RD NW @ DELMAR LN NW,DELMAR LN @ 3362,0.1
DELMAR LN @ 3362,DELMAR LN NW @ HARWELL RD NW,0.131
DELMAR LN NW @ HARWELL RD NW,DELMAR LN NW @ HARWELL RD NW,0.0
DELMAR LN NW @ HARWELL RD NW,DELMAR LN NW @ ALLEN TEMPLE CT NW,0.297
DELMAR LN NW @ HARWELL RD NW,DELMAR LN NW @ 3345,0.097
DELMAR LN NW @ ALLEN TEMPLE CT NW,DELMAR LN NW @ DELMOOR DR NW,0.059
DELMAR LN NW @ ALLEN TEMPLE CT NW,DELMAR LN NW @ ARLINGTON DR NW,0.133
DELMAR LN NW @ DELMOOR DR NW,DELMAR LN NW @ STRATFORD DR,0.115
DELMAR LN NW @ DELMOOR DR NW,DELMAR LN NW @ ALLEN TEMPLE CT NW,0.059
DELMAR LN NW @ STRATFORD DR,DELMAR LN NW @ 2971,0.179
DELMAR LN NW @ 2971,DELMAR LN NW @ LINKWOOD RD NW,0.142
DELMAR LN NW @ 2971,DELMAR LN NW @ 3060,0.159
DELMAR LN NW @ LINKWOOD RD NW,BURTON RD NW @ LINKWOOD RD NW,0.085
DELMAR LN NW @ 3060,DELMAR LN NW @ STRATFORD DR NW,0.056
DELMAR LN NW @ STRATFORD DR NW,DELMAR LN NW @ DELMOOR DR NW,0.076
DELMAR LN NW @ ARLINGTON DR NW,DELMAR LN NW @ HARWELL RD NW,0.165
DELMAR LN NW @ 3345,DELMAR LN NW @ BROWNLEE RD NW,0.11
DELMAR LN NW @ BROWNLEE RD NW,BROWNLEE RD SW @ BROWNLEE PL,0.162
BROWNLEE RD SW @ BROWNLEE PL,NATHAN RD SW @ BROWNLEE PL SW,0.105
NATHAN RD SW @ BROWNLEE PL SW,NATHAN RD SW @ 179,0.13
NATHAN RD SW @ 179,NATHAN RD SW @ BOULDER PARK DR SW,0.131
BOULDER PARK DR SW @ HOWELL TER,BOULDER PARK DR SW @ 3631,0.069
BOULDER PARK DR SW @ 3631,BOULDER PARK DR SW @ FAIRBURN RD SW,0.09
BOULDER PARK DR SW @ 4098,BOULDER PARK DR @ 4230,0.204
BOULDER PARK DR SW @ DOLLAR MILL RD S,DOLLAR MILL RD @ BOULDER PARK DR,0.044
DOLLAR MILL RD @ BOULDER PARK DR,UTOY CIR SW @ DOLLAR MILL RD,0.1
UTOY CIR SW @ DOLLAR MILL RD,UTOY CIR SW @ DOLLAR MILL WAY,0.09
UTOY CIR SW @ DOLLAR MILL WAY,UTOY CIR SW @ DOLLAR MILL WAY SW,0.074
UTOY CIR SW @ DOLLAR MILL WAY SW,UTOY CIR SW @ DOLLAR MILL RD SW,0.096
UTOY CIR SW @ DOLLAR MILL RD SW,DOLLAR MILL RD @ 396,0.163
DOLLAR MILL RD @ 396,DOLLAR MILL RD SW @ UTOY CT SW,0.094
DOLLAR MILL RD SW @ UTOY CT SW,DOLLAR MILL RD SW @ BOULDER PARK DR SW,0.091
VERBENA CIR @ SEWANEE AVE,SEWANEE AVE @ 131,0.158
SEWANEE AVE @ 131,CARVER DR NW @ FAIRFIELD PL NW,0.181
CARVER DR NW @ FAIRFIELD PL NW,CARVER DR NW @ DAHLIA AVE NW,0.055
CARVER DR NW @ DAHLIA AVE NW,CARVER DR NW @ HYACINTH AVE NW,0.056
CARVER DR NW @ HYACINTH AVE NW,HYACINTH AVE NW @ PANSY ST NW,0.118
HYACINTH AVE NW @ PANSY ST NW,VERBENA ST NW @ 2240,0.113
VERBENA ST NW @ 2240,VERBENA ST NW @ 2208,0.059
VERBENA ST NW @ 2208,VERBENA ST NW @ LAMAR AVE NW,0.103
VERBENA ST NW @ LAMAR AVE NW,VERBENA ST NW @ WADLEY ST NW,0.053
VERBENA ST NW @ WADLEY ST NW,VERBENA ST NW @ PENELOPE ST NW,0.054
VERBENA ST NW @ PENELOPE ST NW,PENELOPE ST NW @ COLLUM ST NW,0.17
PENELOPE ST NW @ COLLUM ST NW,PENELOPE ST NW @ TORRENCE ST NW,0.087
PENELOPE ST NW @ TORRENCE ST NW,PENELOPE ST NW @ AARON ST NW,0.141
PENELOPE ST NW @ AARON ST NW,AARON ST @ PENELOPE RD,0.061
AARON ST @ PENELOPE RD,PENELOPE RD NW @ PENELOPE DR NW,0.12
PENELOPE RD NW @ PENELOPE DR NW,PENELOPE RD NW @ HELENA AVE NW,0.114
PENELOPE RD NW @ HELENA AVE NW,PENELOPE RD NW @ ANDERSON AVE SW,0.078
PENELOPE RD NW @ ANDERSON AVE SW,WEST LAKE STATION - WEST LOOP,0.08
WEST LAKE STATION - WEST LOOP,ANDERSON AVE @ MARTIN LUTHER KING J D,0.146
WEST LAKE STATION - WEST LOOP,ANDERSON AVE SW @ PENELOPE RD NW,0.071
ANDERSON AVE @ MARTIN LUTHER KING J D,MARTIN L KING JR DR SW @ ANDERSON AVE NW,0.089
HARLAN RD SW @ EMERALD CT SW,HARLAN RD SW @ TEE RD SW,0.073
HARLAN RD SW @ TEE RD SW,HARLAN RD SW @ FIELDING LN SW,0.257
HARLAN RD SW @ FIELDING LN SW,HARLAN RD SW @ HALDANE DR SW,0.214
HARLAN RD SW @ HALDANE DR SW,HARLAN RD SW @ PEYTON RD SW,0.178
HARLAN RD SW @ PEYTON RD SW,PEYTON RD SW @ 360,0.111
PEYTON RD SW @ 360,PEYTON RD SW @ 294,0.138
PEYTON RD SW @ 294,PEYTON PL @ PEYTON RD,0.182
PEYTON PL @ PEYTON RD,PEYTON PL SW @ 150,0.068
PEYTON PL SW @ 150,PEYTON PL SW @ 99,0.136
PEYTON PL SW @ 99,PEYTON PL SW @ MARTIN L KING JR DR,0.112
PEYTON PL SW @ MARTIN L KING JR DR,PEYTON PL @ MARTIN L KING JR DR,0.093
PEYTON PL @ MARTIN L KING JR DR,MARTIN L KING JR DR @ WESTLAND BLVD NW,0.158
BARFIELD AVE @ MARTIN L KING JR DR SW,BARFIELD AVE SW @ WINGATE ST SW,0.155
BARFIELD AVE SW @ WINGATE ST SW,BARFIELD AVE SW @ LARCHWOOD ST SW,0.087
BARFIELD AVE SW @ LARCHWOOD ST SW,LARCHWOOD ST SW @ CAMFIELD CT SW,0.04
LARCHWOOD ST SW @ CAMFIELD CT SW,LARCHWOOD ST SW @ AUTUMN LN SW,0.082
LARCHWOOD ST SW @ AUTUMN LN SW,WYNNWOOD DR SW @ LARCHWOOD ST,0.073
WYNNWOOD DR SW @ LARCHWOOD ST,WYNNWOOD DR @ WINGATE ST,0.069
WYNNWOOD DR @ WINGATE ST,WYNNWOOD DR @ TELHURST DR,0.083
WYNNWOOD DR @ TELHURST DR,MARTIN L KING JR DR SW @ LAMAR AVE,0.071
WYNNWOOD DR @ TELHURST DR,MARTIN LUTHER KING J DR @ LARCHWOOD,0.083
ANDERSON AVE @ 93,WEST LAKE STATION - WEST LOOP,0.046
ANDERSON AVE SW @ PENELOPE RD NW,ANDERSON AVE SW @ 25,0.072
ANDERSON AVE SW @ 25,WATERBURY DR NW @ 56,0.092
WATERBURY DR NW @ 56,WATERBURY DR @ ANDERSON AVE SW,0.074
WATERBURY DR @ ANDERSON AVE SW,ANDERSON AVE NW @ 83,0.077
ANDERSON AVE NW @ 83,ANDERSON AVE NW @ CALLOWAY DR NW,0.149
ANDERSON AVE NW @ CALLOWAY DR NW,TIGER FLOWERS DR @ ANDERSON AVE NW,0.143
TIGER FLOWERS DR @ ANDERSON AVE NW,MOREHOUSE DR @  2007,0.146
MOREHOUSE DR @  2007,MOREHOUSE DR @ CROECUS AVE,0.118
MOREHOUSE DR @ CROECUS AVE,TIGER FLOWERS DR NW @ CARVER CIR NW,0.117
TIGER FLOWERS DR NW @ CARVER CIR NW,TIGER FLOWERS DR NW @ WADLEY ST NW,0.109
TIGER FLOWERS DR NW @ WADLEY ST NW,TIGER FLOWERS DR NW @ JOE LOUIS DR NW,0.097
TIGER FLOWERS DR NW @ JOE LOUIS DR NW,TIGER FLOWERS DR NW @ 2269,0.083
TIGER FLOWERS DR NW @ 2269,TIGER FLOWERS DR NW @ 2219,0.104
TIGER FLOWERS DR NW @ 2219,CARVER DR @ SEWANEE AVE,0.089
CARVER DR @ SEWANEE AVE,VERBENA CIR @ GAS LIGHT LN,0.151
VERBENA CIR @ GAS LIGHT LN,VERBENA CIR @ SEWANEE AVE,0.184
NORTH AVE NE @ BOULEVARD NE,NORTH AVE @ GLEN IRIS DR,0.245
NORTH AVE @ GLEN IRIS DR,GLEN IRIS DR @ DALLAS ST,0.217
NORTH AVE @ GLEN IRIS DR,NORTH AVE NE @ PARKWAY DR NE,0.27
GLEN IRIS DR @ DALLAS ST,GLEN IRIS DR @ ANGIER AVE,0.13
GLEN IRIS DR @ ANGIER AVE,RALPH MCGILL BLVD NE @ GLEN IRIS DR N,0.147
GLEN IRIS DR @ ANGIER AVE,GLEN IRIS DR @ WINTON TER,0.183
PARKWAY DR @ RALPH MCGILL BLVD,PARKWAY DR @ HIGHLAND AVE,0.136
PARKWAY DR @ RALPH MCGILL BLVD,RALPH MCGILL BLVD @ BOULEVARD NE,0.151
PARKWAY DR @ HIGHLAND AVE,JACKSON ST @ JOHN WESLEY DOBBS AVE,0.191
JACKSON ST @ JOHN WESLEY DOBBS AVE,JACKSON ST NE @ IRWIN ST NE,0.087
JACKSON ST @ JOHN WESLEY DOBBS AVE,JACKSON ST @ HIGHLAND AVE,0.176
JACKSON ST SE @ CHAMBERLAIN ST SE,JACKSON ST SE @ LUCY ST,0.097
JACKSON ST SE @ CHAMBERLAIN ST SE,JACKSON ST NE @ OLD WHEAT ST NE,0.151
JACKSON ST SE @ LUCY ST,JACKSON ST SE @ DECATUR ST SE,0.116
JACKSON ST SE @ DECATUR ST SE,KING MEMORIAL STATION - BAY A,0.097
AUBURN POINTE DR @ VERANDA CIR,PRATT ST SE @ DECATUR ST SE (GRADY HOSP),0.253
JACKSON ST SE @ TODD ST SE,JACKSON ST SE @ CHAMBERLAIN ST SE,0.164
JACKSON ST @ HIGHLAND AVE,PARKWAY DR @ RALPH MCGILL BLVD,0.151
GLEN IRIS DR @ WINTON TER,NORTH AVE @ GLEN IRIS DR,0.165
DOBBS PLAZA,AUBURN AVE @ PIEDMONT AVE,0.186
AUBURN AVE @ PIEDMONT AVE,WOODRUFF PARK,0.357
WOODRUFF PARK,PEACHTREE CENTER STATION,0.146
PEACHTREE CENTER STATION,CARNEGIE WAY @ TED TURNER DR,0.157
PEACHTREE CENTER STATION,CIVIC CENTER STATION,0.558
PEACHTREE CENTER STATION,FIVE POINTS STATION,0.369
PEACHTREE CENTER STATION,EAST POINT STATION,6.4
PEACHTREE CENTER STATION,BROOKHAVEN-OGLETHORPE STATION,7.565
PEACHTREE CENTER STATION,ARTS CENTER STATION,2.157
PEACHTREE CENTER STATION,MIDTOWN STATION,1.593
PEACHTREE CENTER STATION,DUNWOODY STATION,11.521
PEACHTREE CENTER STATION,LINDBERGH CENTER STATION,4.637
PEACHTREE CENTER STATION,AIRPORT STATION,8.808
PEACHTREE CENTER STATION,COLLEGE PARK STATION,8.233
PEACHTREE CENTER STATION,GARNETT STATION,0.801
PEACHTREE CENTER STATION,CHAMBLEE STATION,10.085
PEACHTREE CENTER STATION,SANDY SPRINGS STATION,12.188
PEACHTREE CENTER STATION,NORTH SPRINGS STATION,13.029
PEACHTREE CENTER STATION,OAKLAND CITY STATION,3.585
PEACHTREE CENTER STATION,WEST END STATION,2.14
PEACHTREE CENTER STATION,BUCKHEAD STATION,6.314
PEACHTREE CENTER STATION,NORTH AVENUE STATION,0.945
PEACHTREE CENTER STATION,DORAVILLE STATION,11.715
PEACHTREE CENTER STATION,MEDICAL CENTER STATION,10.741
PEACHTREE CENTER STATION,LENOX STATION,6.258
PEACHTREE CENTER STATION,LAKEWOOD-FT MCPHERSON STATION,4.645
CARNEGIE WAY @ TED TURNER DR,CENTENNIAL OLYMPIC PARK,0.138
CENTENNIAL OLYMPIC PARK,LUCKIE ST @ CONE ST,0.135
LUCKIE ST @ CONE ST,PARK PLACE,0.241
PARK PLACE,HURT PARK,0.172
HURT PARK,SWEET AUBURN MARKET,0.312
SWEET AUBURN MARKET,EDGEWOOD AVE @ HILLIARD ST,0.169
KING HISTORIC DISTRICT,DOBBS PLAZA,0.22
HAMILTON E HOLMES STATION,WEST LAKE STATION,1.396
HAMILTON E HOLMES STATION,EAST LAKE STATION,9.014
HAMILTON E HOLMES STATION,DECATUR STATION,10.12
HAMILTON E HOLMES STATION,EDGEWOOD-CANDLER PARK STATION,7.449
HAMILTON E HOLMES STATION,GEORGIA STATE STATION,4.832
HAMILTON E HOLMES STATION,KENSINGTON STATION,12.56
HAMILTON E HOLMES STATION,BANKHEAD STATION,2.659
HAMILTON E HOLMES STATION,VINE CITY STATION,3.783
HAMILTON E HOLMES STATION,ASHBY STATION,3.019
HAMILTON E HOLMES STATION,AVONDALE STATION,10.856
HAMILTON E HOLMES STATION,GWCC-CNN CENTER STATION,4.168
HAMILTON E HOLMES STATION,KING MEMORIAL STATION,5.4
HAMILTON E HOLMES STATION,INDIAN CREEK STATION,13.824
HAMILTON E HOLMES STATION,INMAN PARK-REYNOLDSTOWN STATION,6.71
HAMILTON E HOLMES STATION,FIVE POINTS STATION,4.496
WEST LAKE STATION,ASHBY STATION,1.638
WEST LAKE STATION,HAMILTON E HOLMES STATION,1.396
WEST LAKE STATION,EAST LAKE STATION,7.635
WEST LAKE STATION,DECATUR STATION,8.756
WEST LAKE STATION,EDGEWOOD-CANDLER PARK STATION,6.067
WEST LAKE STATION,GEORGIA STATE STATION,3.436
WEST LAKE STATION,KENSINGTON STATION,11.184
WEST LAKE STATION,BANKHEAD STATION,1.644
WEST LAKE STATION,VINE CITY STATION,2.398
WEST LAKE STATION,AVONDALE STATION,9.491
WEST LAKE STATION,GWCC-CNN CENTER STATION,2.781
WEST LAKE STATION,KING MEMORIAL STATION,4.004
WEST LAKE STATION,INDIAN CREEK STATION,12.443
WEST LAKE STATION,INMAN PARK-REYNOLDSTOWN STATION,5.321
WEST LAKE STATION,FIVE POINTS STATION,3.103
ASHBY STATION,VINE CITY STATION,0.764
ASHBY STATION,WEST LAKE STATION,1.638
ASHBY STATION,BANKHEAD STATION,1.3
ASHBY STATION,HAMILTON E HOLMES STATION,3.019
ASHBY STATION,EAST LAKE STATION,5.999
ASHBY STATION,DECATUR STATION,7.12
ASHBY STATION,EDGEWOOD-CANDLER PARK STATION,4.431
ASHBY STATION,GEORGIA STATE STATION,1.859
ASHBY STATION,KENSINGTON STATION,9.547
ASHBY STATION,AVONDALE STATION,7.854
ASHBY STATION,GWCC-CNN CENTER STATION,1.151
ASHBY STATION,KING MEMORIAL STATION,2.418
ASHBY STATION,INDIAN CREEK STATION,10.807
ASHBY STATION,INMAN PARK-REYNOLDSTOWN STATION,3.692
ASHBY STATION,FIVE POINTS STATION,1.491
VINE CITY STATION,GWCC-CNN CENTER STATION,0.388
VINE CITY STATION,ASHBY STATION,0.764
VINE CITY STATION,HAMILTON E HOLMES STATION,3.783
VINE CITY STATION,WEST LAKE STATION,2.398
VINE CITY STATION,EAST LAKE STATION,5.238
VINE CITY STATION,DECATUR STATION,6.367
VINE CITY STATION,EDGEWOOD-CANDLER PARK STATION,3.669
VINE CITY STATION,GEORGIA STATE STATION,1.134
VINE CITY STATION,KENSINGTON STATION,8.787
VINE CITY STATION,BANKHEAD STATION,1.81
VINE CITY STATION,AVONDALE STATION,7.099
VINE CITY STATION,KING MEMORIAL STATION,1.677
VINE CITY STATION,INDIAN CREEK STATION,10.045
VINE CITY STATION,INMAN PARK-REYNOLDSTOWN STATION,2.927
VINE CITY STATION,FIVE POINTS STATION,0.74
GWCC-CNN CENTER STATION,FIVE POINTS STATION,0.365
GWCC-CNN CENTER STATION,VINE CITY STATION,0.388
GWCC-CNN CENTER STATION,HAMILTON E HOLMES STATION,4.168
GWCC-CNN CENTER STATION,WEST LAKE STATION,2.781
GWCC-CNN CENTER STATION,EAST LAKE STATION,4.857
GWCC-CNN CENTER STATION,DECATUR STATION,5.995
GWCC-CNN CENTER STATION,EDGEWOOD-CANDLER PARK STATION,3.288
GWCC-CNN CENTER STATION,GEORGIA STATE STATION,0.777
GWCC-CNN CENTER STATION,KENSINGTON STATION,8.408
GWCC-CNN CENTER STATION,BANKHEAD STATION,2.145
GWCC-CNN CENTER STATION,ASHBY STATION,1.151
GWCC-CNN CENTER STATION,AVONDALE STATION,6.725
GWCC-CNN CENTER STATION,KING MEMORIAL STATION,1.3
GWCC-CNN CENTER STATION,INDIAN CREEK STATION,9.663
GWCC-CNN CENTER STATION,INMAN PARK-REYNOLDSTOWN STATION,2.542
FIVE POINTS STATION,GEORGIA STATE STATION,0.417
FIVE POINTS STATION,GWCC-CNN CENTER STATION,0.365
FIVE POINTS STATION,PEACHTREE CENTER STATION,0.369
FIVE POINTS STATION,GARNETT STATION,0.432
FIVE POINTS STATION,EAST POINT STATION,6.037
FIVE POINTS STATION,BROOKHAVEN-OGLETHORPE STATION,7.918
FIVE POINTS STATION,ARTS CENTER STATION,2.458
FIVE POINTS STATION,MIDTOWN STATION,1.901
FIVE POINTS STATION,DUNWOODY STATION,11.852
FIVE POINTS STATION,LINDBERGH CENTER STATION,4.972
FIVE POINTS STATION,AIRPORT STATION,8.454
FIVE POINTS STATION,COLLEGE PARK STATION,7.875
FIVE POINTS STATION,CHAMBLEE STATION,10.448
FIVE POINTS STATION,SANDY SPRINGS STATION,12.512
FIVE POINTS STATION,NORTH SPRINGS STATION,13.346
FIVE POINTS STATION,OAKLAND CITY STATION,3.216
FIVE POINTS STATION,WEST END STATION,1.773
FIVE POINTS STATION,BUCKHEAD STATION,6.641
FIVE POINTS STATION,NORTH AVENUE STATION,1.258
FIVE POINTS STATION,DORAVILLE STATION,12.082
FIVE POINTS STATION,MEDICAL CENTER STATION,11.07
FIVE POINTS STATION,CIVIC CENTER STATION,0.875
FIVE POINTS STATION,LENOX STATION,6.599
FIVE POINTS STATION,LAKEWOOD-FT MCPHERSON STATION,4.279
FIVE POINTS STATION,HAMILTON E HOLMES STATION,4.496
FIVE POINTS STATION,WEST LAKE STATION,3.103
FIVE POINTS STATION,EAST LAKE STATION,4.556
FIVE POINTS STATION,DECATUR STATION,5.712
FIVE POINTS STATION,EDGEWOOD-CANDLER PARK STATION,2.987
FIVE POINTS STATION,KENSINGTON STATION,8.105
FIVE POINTS STATION,BANKHEAD STATION,2.508
FIVE POINTS STATION,VINE CITY STATION,0.74
FIVE POINTS STATION,ASHBY STATION,1.491
FIVE POINTS STATION,AVONDALE STATION,6.437
FIVE POINTS STATION,KING MEMORIAL STATION,0.937
FIVE POINTS STATION,INDIAN CREEK STATION,9.353
FIVE POINTS STATION,INMAN PARK-REYNOLDSTOWN STATION,2.223
GEORGIA STATE STATION,KING MEMORIAL STATION,0.569
GEORGIA STATE STATION,FIVE POINTS STATION,0.417
GEORGIA STATE STATION,HAMILTON E HOLMES STATION,4.832
GEORGIA STATE STATION,WEST LAKE STATION,3.436
GEORGIA STATE STATION,EAST LAKE STATION,4.29
GEORGIA STATE STATION,DECATUR STATION,5.471
GEORGIA STATE STATION,EDGEWOOD-CANDLER PARK STATION,2.732
GEORGIA STATE STATION,KENSINGTON STATION,7.83
GEORGIA STATE STATION,BANKHEAD STATION,2.922
GEORGIA STATE STATION,VINE CITY STATION,1.134
GEORGIA STATE STATION,ASHBY STATION,1.859
GEORGIA STATE STATION,AVONDALE STATION,6.188
GEORGIA STATE STATION,GWCC-CNN CENTER STATION,0.777
GEORGIA STATE STATION,INDIAN CREEK STATION,9.065
GEORGIA STATE STATION,INMAN PARK-REYNOLDSTOWN STATION,1.948
KING MEMORIAL STATION,INMAN PARK-REYNOLDSTOWN STATION,1.412
KING MEMORIAL STATION,GEORGIA STATE STATION,0.569
KING MEMORIAL STATION,HAMILTON E HOLMES STATION,5.4
KING MEMORIAL STATION,WEST LAKE STATION,4.004
KING MEMORIAL STATION,EAST LAKE STATION,3.747
KING MEMORIAL STATION,DECATUR STATION,4.941
KING MEMORIAL STATION,EDGEWOOD-CANDLER PARK STATION,2.204
KING MEMORIAL STATION,KENSINGTON STATION,7.278
KING MEMORIAL STATION,BANKHEAD STATION,3.426
KING MEMORIAL STATION,VINE CITY STATION,1.677
KING MEMORIAL STATION,ASHBY STATION,2.418
KING MEMORIAL STATION,AVONDALE STATION,5.651
KING MEMORIAL STATION,GWCC-CNN CENTER STATION,1.3
KING MEMORIAL STATION,INDIAN CREEK STATION,8.507
KING MEMORIAL STATION,FIVE POINTS STATION,0.937
INMAN PARK-REYNOLDSTOWN STATION,EDGEWOOD-CANDLER PARK STATION,0.792
INMAN PARK-REYNOLDSTOWN STATION,KING MEMORIAL STATION,1.412
INMAN PARK-REYNOLDSTOWN STATION,HAMILTON E HOLMES STATION,6.71
INMAN PARK-REYNOLDSTOWN STATION,WEST LAKE STATION,5.321
INMAN PARK-REYNOLDSTOWN STATION,EAST LAKE STATION,2.343
INMAN PARK-REYNOLDSTOWN STATION,DECATUR STATION,3.529
INMAN PARK-REYNOLDSTOWN STATION,GEORGIA STATE STATION,1.948
INMAN PARK-REYNOLDSTOWN STATION,KENSINGTON STATION,5.887
INMAN PARK-REYNOLDSTOWN STATION,BANKHEAD STATION,4.488
INMAN PARK-REYNOLDSTOWN STATION,VINE CITY STATION,2.927
INMAN PARK-REYNOLDSTOWN STATION,ASHBY STATION,3.692
INMAN PARK-REYNOLDSTOWN STATION,AVONDALE STATION,4.241
INMAN PARK-REYNOLDSTOWN STATION,GWCC-CNN CENTER STATION,2.542
INMAN PARK-REYNOLDSTOWN STATION,INDIAN CREEK STATION,7.13
INMAN PARK-REYNOLDSTOWN STATION,FIVE POINTS STATION,2.223
EDGEWOOD-CANDLER PARK STATION,EAST LAKE STATION,1.57
EDGEWOOD-CANDLER PARK STATION,INMAN PARK-REYNOLDSTOWN STATION,0.792
EDGEWOOD-CANDLER PARK STATION,HAMILTON E HOLMES STATION,7.449
EDGEWOOD-CANDLER PARK STATION,WEST LAKE STATION,6.067
EDGEWOOD-CANDLER PARK STATION,DECATUR STATION,2.74
EDGEWOOD-CANDLER PARK STATION,GEORGIA STATE STATION,2.732
EDGEWOOD-CANDLER PARK STATION,KENSINGTON STATION,5.12
EDGEWOOD-CANDLER PARK STATION,BANKHEAD STATION,5.138
EDGEWOOD-CANDLER PARK STATION,VINE CITY STATION,3.669
EDGEWOOD-CANDLER PARK STATION,ASHBY STATION,4.431
EDGEWOOD-CANDLER PARK STATION,AVONDALE STATION,3.456
EDGEWOOD-CANDLER PARK STATION,GWCC-CNN CENTER STATION,3.288
EDGEWOOD-CANDLER PARK STATION,KING MEMORIAL STATION,2.204
EDGEWOOD-CANDLER PARK STATION,INDIAN CREEK STATION,6.376
EDGEWOOD-CANDLER PARK STATION,FIVE POINTS STATION,2.987
EAST LAKE STATION,DECATUR STATION,1.229
EAST LAKE STATION,EDGEWOOD-CANDLER PARK STATION,1.57
EAST LAKE STATION,HAMILTON E HOLMES STATION,9.014
EAST LAKE STATION,WEST LAKE STATION,7.635
EAST LAKE STATION,GEORGIA STATE STATION,4.29
EAST LAKE STATION,KENSINGTON STATION,3.55
EAST LAKE STATION,BANKHEAD STATION,6.656
EAST LAKE STATION,VINE CITY STATION,5.238
EAST LAKE STATION,ASHBY STATION,5.999
EAST LAKE STATION,AVONDALE STATION,1.908
EAST LAKE STATION,GWCC-CNN CENTER STATION,4.857
EAST LAKE STATION,KING MEMORIAL STATION,3.747
EAST LAKE STATION,INDIAN CREEK STATION,4.81
EAST LAKE STATION,INMAN PARK-REYNOLDSTOWN STATION,2.343
EAST LAKE STATION,FIVE POINTS STATION,4.556
DECATUR STATION,AVONDALE STATION,0.739
DECATUR STATION,EAST LAKE STATION,1.229
DECATUR STATION,HAMILTON E HOLMES STATION,10.12
DECATUR STATION,WEST LAKE STATION,8.756
DECATUR STATION,EDGEWOOD-CANDLER PARK STATION,2.74
DECATUR STATION,GEORGIA STATE STATION,5.471
DECATUR STATION,KENSINGTON STATION,2.479
DECATUR STATION,BANKHEAD STATION,7.677
DECATUR STATION,VINE CITY STATION,6.367
DECATUR STATION,ASHBY STATION,7.12
DECATUR STATION,GWCC-CNN CENTER STATION,5.995
DECATUR STATION,KING MEMORIAL STATION,4.941
DECATUR STATION,INDIAN CREEK STATION,3.773
DECATUR STATION,INMAN PARK-REYNOLDSTOWN STATION,3.529
DECATUR STATION,FIVE POINTS STATION,5.712
AVONDALE STATION,KENSINGTON STATION,1.747
AVONDALE STATION,DECATUR STATION,0.739
AVONDALE STATION,HAMILTON E HOLMES STATION,10.856
AVONDALE STATION,WEST LAKE STATION,9.491
AVONDALE STATION,EAST LAKE STATION,1.908
AVONDALE STATION,EDGEWOOD-CANDLER PARK STATION,3.456
AVONDALE STATION,GEORGIA STATE STATION,6.188
AVONDALE STATION,BANKHEAD STATION,8.416
AVONDALE STATION,VINE CITY STATION,7.099
AVONDALE STATION,ASHBY STATION,7.854
AVONDALE STATION,GWCC-CNN CENTER STATION,6.725
AVONDALE STATION,KING MEMORIAL STATION,5.651
AVONDALE STATION,INDIAN CREEK STATION,3.043
AVONDALE STATION,INMAN PARK-REYNOLDSTOWN STATION,4.241
AVONDALE STATION,FIVE POINTS STATION,6.437
INDIAN CREEK STATION,KENSINGTON STATION,1.297
INDIAN CREEK STATION,HAMILTON E HOLMES STATION,13.824
INDIAN CREEK STATION,WEST LAKE STATION,12.443
INDIAN CREEK STATION,EAST LAKE STATION,4.81
INDIAN CREEK STATION,DECATUR STATION,3.773
INDIAN CREEK STATION,EDGEWOOD-CANDLER PARK STATION,6.376
INDIAN CREEK STATION,GEORGIA STATE STATION,9.065
INDIAN CREEK STATION,BANKHEAD STATION,11.436
INDIAN CREEK STATION,VINE CITY STATION,10.045
INDIAN CREEK STATION,ASHBY STATION,10.807
INDIAN CREEK STATION,AVONDALE STATION,3.043
INDIAN CREEK STATION,GWCC-CNN CENTER STATION,9.663
INDIAN CREEK STATION,KING MEMORIAL STATION,8.507
INDIAN CREEK STATION,INMAN PARK-REYNOLDSTOWN STATION,7.13
INDIAN CREEK STATION,FIVE POINTS STATION,9.353
AIRPORT STATION,COLLEGE PARK STATION,0.704
AIRPORT STATION,EAST POINT STATION,2.528
AIRPORT STATION,BROOKHAVEN-OGLETHORPE STATION,16.373
AIRPORT STATION,ARTS CENTER STATION,10.84
AIRPORT STATION,MIDTOWN STATION,10.313
AIRPORT STATION,DUNWOODY STATION,20.249
AIRPORT STATION,LINDBERGH CENTER STATION,13.404
AIRPORT STATION,GARNETT STATION,8.032
AIRPORT STATION,FIVE POINTS STATION,8.454
AIRPORT STATION,PEACHTREE CENTER STATION,8.808
AIRPORT STATION,CHAMBLEE STATION,18.876
AIRPORT STATION,SANDY SPRINGS STATION,20.872
AIRPORT STATION,NORTH SPRINGS STATION,21.66
AIRPORT STATION,OAKLAND CITY STATION,5.449
AIRPORT STATION,WEST END STATION,6.867
AIRPORT STATION,BUCKHEAD STATION,15.039
AIRPORT STATION,NORTH AVENUE STATION,9.695
AIRPORT STATION,DORAVILLE STATION,20.461
AIRPORT STATION,MEDICAL CENTER STATION,19.455
AIRPORT STATION,CIVIC CENTER STATION,9.324
AIRPORT STATION,LENOX STATION,15.04
AIRPORT STATION,LAKEWOOD-FT MCPHERSON STATION,4.264
COLLEGE PARK STATION,EAST POINT STATION,1.876
COLLEGE PARK STATION,AIRPORT STATION,0.704
COLLEGE PARK STATION,BROOKHAVEN-OGLETHORPE STATION,15.79
COLLEGE PARK STATION,ARTS CENTER STATION,10.234
COLLEGE PARK STATION,MIDTOWN STATION,9.715
COLLEGE PARK STATION,DUNWOODY STATION,19.631
COLLEGE PARK STATION,LINDBERGH CENTER STATION,12.803
COLLEGE PARK STATION,GARNETT STATION,7.448
COLLEGE PARK STATION,FIVE POINTS STATION,7.875
COLLEGE PARK STATION,PEACHTREE CENTER STATION,8.233
COLLEGE PARK STATION,CHAMBLEE STATION,18.315
COLLEGE PARK STATION,SANDY SPRINGS STATION,20.245
COLLEGE PARK STATION,NORTH SPRINGS STATION,21.024
COLLEGE PARK STATION,OAKLAND CITY STATION,4.812
COLLEGE PARK STATION,WEST END STATION,6.25
COLLEGE PARK STATION,BUCKHEAD STATION,14.426
COLLEGE PARK STATION,NORTH AVENUE STATION,9.104
COLLEGE PARK STATION,DORAVILLE STATION,19.919
COLLEGE PARK STATION,MEDICAL CENTER STATION,18.834
COLLEGE PARK STATION,CIVIC CENTER STATION,8.739
COLLEGE PARK STATION,LENOX STATION,14.442
COLLEGE PARK STATION,LAKEWOOD-FT MCPHERSON STATION,3.638
LAKEWOOD-FT MCPHERSON STATION,OAKLAND CITY STATION,1.191
LAKEWOOD-FT MCPHERSON STATION,EAST POINT STATION,1.77
LAKEWOOD-FT MCPHERSON STATION,BROOKHAVEN-OGLETHORPE STATION,12.171
LAKEWOOD-FT MCPHERSON STATION,ARTS CENTER STATION,6.599
LAKEWOOD-FT MCPHERSON STATION,MIDTOWN STATION,6.087
LAKEWOOD-FT MCPHERSON STATION,DUNWOODY STATION,15.994
LAKEWOOD-FT MCPHERSON STATION,LINDBERGH CENTER STATION,9.171
LAKEWOOD-FT MCPHERSON STATION,AIRPORT STATION,4.264
LAKEWOOD-FT MCPHERSON STATION,COLLEGE PARK STATION,3.638
LAKEWOOD-FT MCPHERSON STATION,GARNETT STATION,3.848
LAKEWOOD-FT MCPHERSON STATION,FIVE POINTS STATION,4.279
LAKEWOOD-FT MCPHERSON STATION,PEACHTREE CENTER STATION,4.645
LAKEWOOD-FT MCPHERSON STATION,CHAMBLEE STATION,14.725
LAKEWOOD-FT MCPHERSON STATION,SANDY SPRINGS STATION,16.61
LAKEWOOD-FT MCPHERSON STATION,NORTH SPRINGS STATION,17.396
LAKEWOOD-FT MCPHERSON STATION,WEST END STATION,2.613
LAKEWOOD-FT MCPHERSON STATION,BUCKHEAD STATION,10.789
LAKEWOOD-FT MCPHERSON STATION,NORTH AVENUE STATION,5.486
LAKEWOOD-FT MCPHERSON STATION,DORAVILLE STATION,16.36
LAKEWOOD-FT MCPHERSON STATION,MEDICAL CENTER STATION,15.197
LAKEWOOD-FT MCPHERSON STATION,CIVIC CENTER STATION,5.129
LAKEWOOD-FT MCPHERSON STATION,LENOX STATION,10.81
GARNETT STATION,FIVE POINTS STATION,0.432
GARNETT STATION,WEST END STATION,1.352
GARNETT STATION,EAST POINT STATION,5.607
GARNETT STATION,BROOKHAVEN-OGLETHORPE STATION,8.342
GARNETT STATION,ARTS CENTER STATION,2.848
GARNETT STATION,MIDTOWN STATION,2.299
GARNETT STATION,DUNWOODY STATION,12.258
GARNETT STATION,LINDBERGH CENTER STATION,5.383
GARNETT STATION,AIRPORT STATION,8.032
GARNETT STATION,COLLEGE PARK STATION,7.448
GARNETT STATION,PEACHTREE CENTER STATION,0.801
GARNETT STATION,CHAMBLEE STATION,10.878
GARNETT STATION,SANDY SPRINGS STATION,12.911
GARNETT STATION,NORTH SPRINGS STATION,13.738
GARNETT STATION,OAKLAND CITY STATION,2.785
GARNETT STATION,BUCKHEAD STATION,7.044
GARNETT STATION,NORTH AVENUE STATION,1.666
GARNETT STATION,DORAVILLE STATION,12.514
GARNETT STATION,MEDICAL CENTER STATION,11.473
GARNETT STATION,CIVIC CENTER STATION,1.292
GARNETT STATION,LENOX STATION,7.014
GARNETT STATION,LAKEWOOD-FT MCPHERSON STATION,3.848
NORTH AVENUE STATION,MIDTOWN STATION,0.648
NORTH AVENUE STATION,CIVIC CENTER STATION,0.388
NORTH AVENUE STATION,EAST POINT STATION,7.253
NORTH AVENUE STATION,BROOKHAVEN-OGLETHORPE STATION,6.687
NORTH AVENUE STATION,ARTS CENTER STATION,1.212
NORTH AVENUE STATION,DUNWOODY STATION,10.595
NORTH AVENUE STATION,LINDBERGH CENTER STATION,3.717
NORTH AVENUE STATION,AIRPORT STATION,9.695
NORTH AVENUE STATION,COLLEGE PARK STATION,9.104
NORTH AVENUE STATION,GARNETT STATION,1.666
NORTH AVENUE STATION,FIVE POINTS STATION,1.258
NORTH AVENUE STATION,PEACHTREE CENTER STATION,0.945
NORTH AVENUE STATION,CHAMBLEE STATION,9.248
NORTH AVENUE STATION,SANDY SPRINGS STATION,11.254
NORTH AVENUE STATION,NORTH SPRINGS STATION,12.09
NORTH AVENUE STATION,OAKLAND CITY STATION,4.375
NORTH AVENUE STATION,WEST END STATION,2.902
NORTH AVENUE STATION,BUCKHEAD STATION,5.383
NORTH AVENUE STATION,DORAVILLE STATION,10.911
NORTH AVENUE STATION,MEDICAL CENTER STATION,9.812
NORTH AVENUE STATION,LENOX STATION,5.348
NORTH AVENUE STATION,LAKEWOOD-FT MCPHERSON STATION,5.486
LINDBERGH CENTER STATION,LENOX STATION,1.64
LINDBERGH CENTER STATION,ARTS CENTER STATION,2.572
LINDBERGH CENTER STATION,BUCKHEAD STATION,1.695
LINDBERGH CENTER STATION,EAST POINT STATION,10.94
LINDBERGH CENTER STATION,BROOKHAVEN-OGLETHORPE STATION,3.054
LINDBERGH CENTER STATION,MIDTOWN STATION,3.091
LINDBERGH CENTER STATION,DUNWOODY STATION,6.884
LINDBERGH CENTER STATION,AIRPORT STATION,13.404
LINDBERGH CENTER STATION,COLLEGE PARK STATION,12.803
LINDBERGH CENTER STATION,GARNETT STATION,5.383
LINDBERGH CENTER STATION,FIVE POINTS STATION,4.972
LINDBERGH CENTER STATION,PEACHTREE CENTER STATION,4.637
LINDBERGH CENTER STATION,CHAMBLEE STATION,5.714
LINDBERGH CENTER STATION,SANDY SPRINGS STATION,7.562
LINDBERGH CENTER STATION,NORTH SPRINGS STATION,8.424
LINDBERGH CENTER STATION,OAKLAND CITY STATION,8.024
LINDBERGH CENTER STATION,WEST END STATION,6.56
LINDBERGH CENTER STATION,NORTH AVENUE STATION,3.717
LINDBERGH CENTER STATION,DORAVILLE STATION,7.468
LINDBERGH CENTER STATION,MEDICAL CENTER STATION,6.109
LINDBERGH CENTER STATION,CIVIC CENTER STATION,4.097
LINDBERGH CENTER STATION,LAKEWOOD-FT MCPHERSON STATION,9.171
BROOKHAVEN-OGLETHORPE STATION,CHAMBLEE STATION,2.685
BROOKHAVEN-OGLETHORPE STATION,LENOX STATION,1.476
BROOKHAVEN-OGLETHORPE STATION,EAST POINT STATION,13.939
BROOKHAVEN-OGLETHORPE STATION,ARTS CENTER STATION,5.601
BROOKHAVEN-OGLETHORPE STATION,MIDTOWN STATION,6.089
BROOKHAVEN-OGLETHORPE STATION,DUNWOODY STATION,4.224
BROOKHAVEN-OGLETHORPE STATION,LINDBERGH CENTER STATION,3.054
BROOKHAVEN-OGLETHORPE STATION,AIRPORT STATION,16.373
BROOKHAVEN-OGLETHORPE STATION,COLLEGE PARK STATION,15.79
BROOKHAVEN-OGLETHORPE STATION,GARNETT STATION,8.342
BROOKHAVEN-OGLETHORPE STATION,FIVE POINTS STATION,7.918
BROOKHAVEN-OGLETHORPE STATION,PEACHTREE CENTER STATION,7.565
BROOKHAVEN-OGLETHORPE STATION,SANDY SPRINGS STATION,5.007
BROOKHAVEN-OGLETHORPE STATION,NORTH SPRINGS STATION,5.959
BROOKHAVEN-OGLETHORPE STATION,OAKLAND CITY STATION,11.043
BROOKHAVEN-OGLETHORPE STATION,WEST END STATION,9.573
BROOKHAVEN-OGLETHORPE STATION,BUCKHEAD STATION,1.826
BROOKHAVEN-OGLETHORPE STATION,NORTH AVENUE STATION,6.687
BROOKHAVEN-OGLETHORPE STATION,DORAVILLE STATION,4.475
BROOKHAVEN-OGLETHORPE STATION,MEDICAL CENTER STATION,3.56
BROOKHAVEN-OGLETHORPE STATION,CIVIC CENTER STATION,7.051
BROOKHAVEN-OGLETHORPE STATION,LAKEWOOD-FT MCPHERSON STATION,12.171
CHAMBLEE STATION,DORAVILLE STATION,1.807
CHAMBLEE STATION,BROOKHAVEN-OGLETHORPE STATION,2.685
CHAMBLEE STATION,EAST POINT STATION,16.485
CHAMBLEE STATION,ARTS CENTER STATION,8.219
CHAMBLEE STATION,MIDTOWN STATION,8.678
CHAMBLEE STATION,DUNWOODY STATION,3.191
CHAMBLEE STATION,LINDBERGH CENTER STATION,5.714
CHAMBLEE STATION,AIRPORT STATION,18.876
CHAMBLEE STATION,COLLEGE PARK STATION,18.315
CHAMBLEE STATION,GARNETT STATION,10.878
CHAMBLEE STATION,FIVE POINTS STATION,10.448
CHAMBLEE STATION,PEACHTREE CENTER STATION,10.085
CHAMBLEE STATION,SANDY SPRINGS STATION,3.989
CHAMBLEE STATION,NORTH SPRINGS STATION,4.926
CHAMBLEE STATION,OAKLAND CITY STATION,13.622
CHAMBLEE STATION,WEST END STATION,12.149
CHAMBLEE STATION,BUCKHEAD STATION,4.457
CHAMBLEE STATION,NORTH AVENUE STATION,9.248
CHAMBLEE STATION,MEDICAL CENTER STATION,3.025
CHAMBLEE STATION,CIVIC CENTER STATION,9.596
CHAMBLEE STATION,LENOX STATION,4.16
CHAMBLEE STATION,LAKEWOOD-FT MCPHERSON STATION,14.725
MIDTOWN  STATION,NORTH AVENUE STATION,0.659
BUCKHEAD STATION,MEDICAL CENTER STATION,4.429
BUCKHEAD STATION,LINDBERGH CENTER STATION,1.695
BUCKHEAD STATION,EAST POINT STATION,12.557
BUCKHEAD STATION,BROOKHAVEN-OGLETHORPE STATION,1.826
BUCKHEAD STATION,ARTS CENTER STATION,4.203
BUCKHEAD STATION,MIDTOWN STATION,4.745
BUCKHEAD STATION,DUNWOODY STATION,5.215
BUCKHEAD STATION,AIRPORT STATION,15.039
BUCKHEAD STATION,COLLEGE PARK STATION,14.426
BUCKHEAD STATION,GARNETT STATION,7.044
BUCKHEAD STATION,FIVE POINTS STATION,6.641
BUCKHEAD STATION,PEACHTREE CENTER STATION,6.314
BUCKHEAD STATION,CHAMBLEE STATION,4.457
BUCKHEAD STATION,SANDY SPRINGS STATION,5.874
BUCKHEAD STATION,NORTH SPRINGS STATION,6.729
BUCKHEAD STATION,OAKLAND CITY STATION,9.626
BUCKHEAD STATION,WEST END STATION,8.177
BUCKHEAD STATION,NORTH AVENUE STATION,5.383
BUCKHEAD STATION,DORAVILLE STATION,6.263
BUCKHEAD STATION,CIVIC CENTER STATION,5.767
BUCKHEAD STATION,LENOX STATION,0.588
BUCKHEAD STATION,LAKEWOOD-FT MCPHERSON STATION,10.789
SIX FLAGS PKWY @ SERVICE RD,HAMILTON E HOLMES STATION - OUTSIDE LOOP,4.874
HAMILTON E HOLMES STATION - OUTSIDE LOOP,SIX FLAGS PKWY @ SERVICE RD,4.874
Heritage Ct at Windy Ridge Pkwy,Windy Ridge Pkwy at Circle 75 Pkwy,0.37
Heritage Ct at Windy Ridge Pkwy,Cumberland Blvd at Cotton St,0.429
Windy Ridge Pkwy at Circle 75 Pkwy,Windy Ridge Pkwy at Boy Scouts of America,0.085
Windy Ridge Pkwy at Boy Scouts of America,Interstate N Pkwy at Windy Ridge Pkwy SE / Cobb Ch,0.165
Interstate N Pkwy at Windy Ridge Pkwy SE / Cobb Ch,Interstate North Pkwy at Marriott,0.202
Interstate North Pkwy at Marriott,Interstate North Pkwy at 180 Building,0.218
Interstate North Pkwy at 180 Building,Interstate North Pkwy at 180 Building,0.0
Interstate North Pkwy at 180 Building,Interstate North Pkwy at 150 Building,0.133
Interstate North Pkwy at 150 Building,Interstate North Pkwy at 150 Building,0.0
Interstate North Pkwy at 150 Building,Interstate North Pkwy at Windy Hill Rd,0.104
Interstate North Pkwy at Windy Hill Rd,Windy Hill Rd at Powers Ferry Rd,0.087
Windy Hill Rd at Powers Ferry Rd,Powers Ferry Rd at Windy Hill Rd,0.142
Windy Hill Rd at Powers Ferry Rd,Circle 75 Pkwy at Windy Hill Rd,0.613
Powers Ferry Rd at Windy Hill Rd,Powers Ferry Rd at Parkwood Circle,0.224
Powers Ferry Rd at Windy Hill Rd,Powers Ferry Rd at Powers Ridge Office Park,0.295
Powers Ferry Rd at Parkwood Circle,Windy Ridge Pkwy / 2500 Windy Ridge Building,0.169
Powers Ferry Rd at Parkwood Circle,Powers Ferry Rd at Windy Hill Rd,0.224
Powers Ferry Rd at Parkwood Circle,Powers Ferry Rd at Shadowood Pkwy,0.331
Windy Ridge Pkwy / 2500 Windy Ridge Building,Windy Ridge Pkwy at Parkwood Cir,0.105
Windy Ridge Pkwy at Parkwood Cir,Windy Ridge Pkwy / 2300 Windy Ridge Buiding,0.1
Windy Ridge Pkwy / 2300 Windy Ridge Buiding,Windy Hill Rd at Wildwood Pkwy,0.393
Windy Ridge Pkwy / 2300 Windy Ridge Buiding,Windy Hill Rd at Windy Ridge Pkwy,0.129
Windy Hill Rd at Wildwood Pkwy,Windy Hill Rd at The Towers At Wildwood Plaza,0.154
Windy Hill Rd at Wildwood Pkwy,Windy Hill Rd at Windy Ridge Pkwy,0.333
Windy Hill Rd at The Towers At Wildwood Plaza,Windy Hill Rd at Wildwood Pkwy,0.154
Windy Hill Rd at Windy Ridge Pkwy,Windy Hill Rd at Powers Ferry Rd,0.242
Circle 75 Pkwy at Windy Hill Rd,Circle 75 Pkwy at Days Inn,0.138
Circle 75 Pkwy at Days Inn,Circle 75 Pkwy at Herodian Way,0.314
Circle 75 Pkwy at Herodian Way,Circle 75 Pkwy at 1000 Building Entrance,0.437
Circle 75 Pkwy at Herodian Way,Windy Hill Rd at S Park Pl,0.716
Circle 75 Pkwy at 1000 Building Entrance,Circle 75 Pkwy at 900 Building,0.172
Circle 75 Pkwy at 900 Building,Heritage Ct at Windy Ridge Pkwy,0.149
Circle 75 Pkwy at 900 Building,Circle 75 Pkwy at 1000 Building,0.166
Circle 75 Pkwy at 900 Building,Spring Rd at Cobb Pkwy,0.302
Cumberland Transfer Center,Cumberland Blvd at Spring Hill Pkwy,0.272
Cumberland Transfer Center,Akers Mill Road at Cumberland Boulevard,0.321
Cumberland Transfer Center,Cumberland Pkwy SE at Hampton Inn,0.148
Cumberland Transfer Center,Cumberland Blvd at Akers Mill Rd SE,0.297
Cumberland Transfer Center,Akers Mill Rd at Galleria Dr,0.604
Cumberland Transfer Center,Cobb Pkwy at Windy Ridge Pkwy,0.799
Cumberland Blvd at Spring Hill Pkwy,Spring Rd at Cumberland Blvd,0.27
Cumberland Blvd at Spring Hill Pkwy,Cumberland Transfer Center,0.272
Cumberland Blvd at Spring Hill Pkwy,Spring St at Sports Ave,0.283
Cumberland Blvd at Spring Hill Pkwy,Cumberland Blvd at Residence Inn Loop,0.396
Spring Rd at Cumberland Blvd,Circle 75 Pkwy at 900 Building,0.43
Circle 75 Pkwy at 1000 Building,Circle 75 Pkwy at Herodian Way,0.453
Windy Hill Rd at S Park Pl,Windy Hill Rd at S Park Pl,0.0
Windy Hill Rd at S Park Pl,Windy Hill Rd at N Park Pl,0.103
Windy Hill Rd at S Park Pl,Windy Hill Rd at Corporate Plaza Pkwy,0.09
Windy Hill Rd at N Park Pl,Windy Hill Rd at Venlo Ave,0.191
Windy Hill Rd at N Park Pl,Windy Hill Rd at N Park Pl,0.0
Windy Hill Rd at N Park Pl,Windy Hill Rd at S Park Pl,0.103
Windy Hill Rd at Venlo Ave,Windy Hill Rd at Cobb Pkwy,0.069
Windy Hill Rd at Cobb Pkwy,Windy Hill Rd at Chris Volvo,0.3
Windy Hill Rd at Cobb Pkwy,Windy Hill Rd at Cobb Pkwy,0.0
Windy Hill Rd at Cobb Pkwy,Windy Hill Rd at N Park Pl,0.238
Windy Hill Rd at Chris Volvo,Windy Hill Rd at Village Pkwy,0.307
Windy Hill Rd at Village Pkwy,Windy Hill Rd at Roswell St,0.414
Windy Hill Rd at Village Pkwy,Windy Hill Rd at Cobb Pkwy,0.602
Windy Hill Rd at Roswell St,Windy Hill Rd at Atlanta Rd,1.253
Windy Hill Rd at Roswell St,Windy Hill Rd at Village Pkwy,0.414
Windy Hill Rd at Atlanta Rd,Windy Hill Rd at Belmont Cir,0.144
Windy Hill Rd at Belmont Cir,Windy Hill Rd at San Fernando Dr,0.492
Windy Hill Rd at Belmont Cir,Windy Hill Rd at Roswell St,1.397
Windy Hill Rd at San Fernando Dr,Windy Hill Rd at Old Concord Rd,0.451
Windy Hill Rd at Old Concord Rd,Windy Hill Rd at Wakita Dr,0.386
Windy Hill Rd at Old Concord Rd,Windy Hill Rd at Beaver Creek Rd,0.559
Windy Hill Rd at Wakita Dr,Windy Hill Rd at Bouldercrest Dr,0.284
Windy Hill Rd at Bouldercrest Dr,Windy Hill Rd at Larose Dr,0.233
Windy Hill Rd at Bouldercrest Dr,Windy Hill Rd at Benson Poole Rd,0.442
Windy Hill Rd at Larose Dr,Windy Hill Rd at Kennedy Ln,0.421
Windy Hill Rd at Larose Dr,Windy Hill Rd at Bouldercrest Dr,0.233
Windy Hill Rd at Kennedy Ln,Windy Hill Rd at Beverly Ln,0.484
Windy Hill Rd at Beverly Ln,Austell Rd at Arkose Dr,0.218
Austell Rd at Arkose Dr,County Services Pkwy at Kurt Dr,0.166
Austell Rd at Arkose Dr,Windy Hill Rd at Cherrywood Ln,0.228
Austell Rd at Arkose Dr,Austell Rd at Windy Hill Rd,0.175
Austell Rd at Arkose Dr,Austell Rd at County Services Pkwy,0.138
County Services Pkwy at Kurt Dr,County Services Pkwy at Al Bishop Dr,0.568
County Services Pkwy at Al Bishop Dr,County Services Pkwy at Cobb Co Trash Transfer Stn,0.193
County Services Pkwy at Al Bishop Dr,County Services Pkwy at Austell Rd,0.617
County Services Pkwy at Cobb Co Trash Transfer Stn,County Services Pkwy at Cobb Co Composting Facilit,0.203
County Services Pkwy at Cobb Co Composting Facilit,County Services Pkwy at Cobb County Health Dept,0.194
County Services Pkwy at Cobb County Health Dept,County Services Pkwy at Department Of Motor Vehicl,0.149
County Services Pkwy at Department Of Motor Vehicl,County Services Pkwy at Cobb County Juvenile Deten,0.143
County Services Pkwy at Cobb County Juvenile Deten,Powder Springs Rd at Cunningham Rd,0.403
Powder Springs Rd at Cunningham Rd,Powder Springs Rd at Bellemeade Dr,0.236
Powder Springs Rd at Bellemeade Dr,Powder Springs Rd at Natchez Trace,0.143
Powder Springs Rd at Natchez Trace,Powder Springs Rd at Longwood Dr,0.253
Powder Springs Rd at Longwood Dr,Powder Springs St at Booth Rd,0.425
Powder Springs St at Booth Rd,Powder Springs St at Springs Landing Apts,0.234
Powder Springs St at Booth Rd,Powder Springs St at Laurel Springs Ln,0.485
Powder Springs St at Springs Landing Apts,Powder Springs St at Chestnut Hill Rd,0.099
Powder Springs St at Chestnut Hill Rd,Powder Springs St at Sandtown Rd,0.26
Powder Springs St at Chestnut Hill Rd,Powder Springs St at Booth Rd,0.332
Powder Springs St at Sandtown Rd,Powder Springs St at Garrison Rd,0.183
Powder Springs St at Sandtown Rd,Powder Springs St at Chestnut Hill Rd,0.26
Powder Springs St at Garrison Rd,Powder Springs St at W Gramling St,0.209
Powder Springs St at W Gramling St,Powder Springs St at W Dixie Ave,0.049
Powder Springs St at W Gramling St,Powder Springs St at Sandtown Rd,0.385
Powder Springs St at W Dixie Ave,Powder Springs St at Hedges St,0.081
Powder Springs St at Hedges St,Powder Springs St at Griggs St,0.122
Powder Springs St at Griggs St,S Marietta Pkwy at Waverly Way,0.351
Powder Springs St at Griggs St,Powder Springs St at W Gramling St,0.251
S Marietta Pkwy at Waverly Way,S Marietta Pkwy at Roswell Street,0.163
S Marietta Pkwy at Roswell Street,Roswell St at Anderson St,0.278
Roswell St at Anderson St,Roswell St at Cole St,0.219
Roswell St at Cole St,Fairground St at Pierce St,0.451
Fairground St at Pierce St,Fairground St at Frasier St,0.198
Fairground St at Pierce St,Roswell St at Rogers St,0.166
Fairground St at Pierce St,Fairground St at Fort St,0.342
Fairground St at Frasier St,Marietta Transfer Center,0.466
Fairground St at Frasier St,Fairground St at Pierce St,0.198
Marietta Transfer Center,Aviation Rd at S Park Dr,0.276
Marietta Transfer Center,S Marietta Pkwy at Parkway Plaza,0.217
Marietta Transfer Center,Fairground St at Commerce Park Dr,0.331
Marietta Transfer Center,S Marietta Pkwy at Hudson Rd,0.283
Marietta Transfer Center,S Marietta Pkwy at Technology Pkwy,0.647
Marietta Transfer Center,Rossbacher Way at East Visitor Parking,0.548
Marietta Transfer Center,Civic Center Station (West Peachtreet Street),14.607
Akers Mill Road at Cumberland Boulevard,Akers Mill Rd at Galleria Dr,0.346
Akers Mill Road at Cumberland Boulevard,Cumberland Transfer Center,0.321
Akers Mill Rd at Galleria Dr,Akers Mill Rd at Cobb Galleria Pkwy,0.105
Akers Mill Rd at Galleria Dr,Akers Mill Road at Cumberland Boulevard,0.346
Akers Mill Rd at Galleria Dr,Cobb Pkwy at Galleria Pkwy,0.262
Akers Mill Rd at Galleria Dr,17th Street Northwest at Market Street Northwest,7.468
Akers Mill Rd at Galleria Dr,Cumberland Transfer Center,0.604
Akers Mill Rd at Cobb Galleria Pkwy,Akers Mill Rd at Towercreek Pkwy,0.598
Akers Mill Rd at Cobb Galleria Pkwy,17th Street Northwest at Village Street,7.341
Akers Mill Rd at Towercreek Pkwy,Akers Mill Rd at Akers Dr,0.153
Akers Mill Rd at Towercreek Pkwy,Akers Mill Rd at Cumberland Blvd,0.225
Akers Mill Rd at Akers Dr,Akers Mill Rd at The Columns Entrance,0.072
Akers Mill Rd at The Columns Entrance,Akers Mill Rd at Walton On The Chattahoochee,0.246
Akers Mill Rd at Walton On The Chattahoochee,Akers Mill Rd at Powers Ferry Rd,0.132
Akers Mill Rd at Walton On The Chattahoochee,Akers Mill Rd at The Columns at Akers Mill,0.153
Akers Mill Rd at Powers Ferry Rd,Powers Ferry Rd at Rivers Apartments,0.227
Akers Mill Rd at Powers Ferry Rd,Akers Mill Rd at Walton On The Chattahoochee,0.132
Powers Ferry Rd at Rivers Apartments,Powers Ferry Rd at Windy Ridge Pkwy,0.325
Powers Ferry Rd at Windy Ridge Pkwy,Powers Ferry Rd at Parkwood Circle,0.295
Powers Ferry Rd at Powers Ridge Office Park,Powers Ferry Rd at Carithers Flowers,0.11
Powers Ferry Rd at Carithers Flowers,Powers Ferry Rd at Wildwood Pkwy,0.179
Powers Ferry Rd at Wildwood Pkwy,Powers Ferry Rd at Terrell Mill Rd,0.268
Powers Ferry Rd at Wildwood Pkwy,Powers Ferry Rd at Custom Signs Building,0.329
Powers Ferry Rd at Terrell Mill Rd,Powers Ferry Rd at Powers Ferry Common,0.36
Powers Ferry Rd at Terrell Mill Rd,Powers Ferry Rd at Terrell Mill Rd,0.0
Powers Ferry Rd at Terrell Mill Rd,Powers Ferry Rd at Wildwood Pkwy,0.268
Powers Ferry Rd at Powers Ferry Common,Delk Rd at Powers Ferry Rd,0.17
Powers Ferry Rd at Powers Ferry Common,Powers Ferry Rd at Terrell Mill Rd,0.36
Delk Rd at Powers Ferry Rd,Delk Rd at Brunswick Bowling Lane,0.24
Delk Rd at Powers Ferry Rd,Powers Ferry Rd at Powers Ferry Common,0.17
Delk Rd at Brunswick Bowling Lane,Delk Rd at Bentley Rd,0.072
Delk Rd at Bentley Rd,Delk Rd at Northchase Pkwy,0.259
Delk Rd at Bentley Rd,Delk Rd at Powers Ferry Rd,0.311
Delk Rd at Northchase Pkwy,Delk Rd at Powers Ferry Pl,0.14
Delk Rd at Northchase Pkwy,Delk Rd at Bentley Rd,0.259
Delk Rd at Powers Ferry Pl,Franklin Gateway Se at Kingston Ct,0.582
Franklin Gateway Se at Kingston Ct,Franklin Rd at Autumn View Apartments,0.168
Franklin Rd at Autumn View Apartments,Franklin Rd at Franklin Plaza,0.096
Franklin Rd at Franklin Plaza,Franklin Gateway Se at Franklin Ct,0.318
Franklin Gateway Se at Franklin Ct,Franklin Gateway Se at Citgo Gas Station,0.162
Franklin Gateway Se at Citgo Gas Station,Franklin Rd at Ashton Place Apartments,0.22
Franklin Rd at Ashton Place Apartments,Franklin Rd at Twin Brooks Dr,0.126
Franklin Rd at Twin Brooks Dr,Franklin Rd at Parkway Pl,0.2
Franklin Rd at Twin Brooks Dr,Franklin Rd at Ridge Points Apartments,0.149
Franklin Rd at Parkway Pl,S Marietta Pkwy at Franklin Rd,0.161
S Marietta Pkwy at Franklin Rd,S Marietta Pkwy at Wylie Rd,0.169
S Marietta Pkwy at Wylie Rd,Cobb Pkwy at S Marietta Pkwy,0.31
S Marietta Pkwy at Wylie Rd,Franklin Rd at S Marietta Pkwy,0.251
Cobb Pkwy at S Marietta Pkwy,Cobb Pkwy at Freys Gin Rd,0.202
Cobb Pkwy at S Marietta Pkwy,Cobb Pkwy at Life's Way,0.572
Cobb Pkwy at Freys Gin Rd,Cobb Pkwy at Marietta Trade Center,0.046
Cobb Pkwy at Marietta Trade Center,Cobb Pkwy at Marietta Trade Center,0.0
Cobb Pkwy at Marietta Trade Center,Roswell St at Dodd St,0.435
Cobb Pkwy at Marietta Trade Center,S Marietta Pkwy at Cobb Pkwy,0.43
Roswell St at Dodd St,Aviation Rd at Roswell St,0.326
Aviation Rd at Roswell St,Aviation Rd at S Park Dr,0.376
Aviation Rd at Roswell St,Roswell St at Cobb Pkwy,0.361
Aviation Rd at S Park Dr,Marietta Transfer Center,0.276
Aviation Rd at S Park Dr,Aviation Rd at Roswell St,0.376
Cumberland Pkwy SE at Hampton Inn,Cumberland Pkwy at The Pointe at Vinings,0.169
Cumberland Pkwy at The Pointe at Vinings,Cumberland Pkwy at Mt Wilkinson Pkwy,0.264
Cumberland Pkwy at Mt Wilkinson Pkwy,Cumberland Pkwy at Home Services at Home Depot Par,0.183
Cumberland Pkwy at Home Services at Home Depot Par,Cumberland Pkwy at Kaiser Permanente,0.177
Cumberland Pkwy at Home Services at Home Depot Par,Cumberland Pkwy SE at Mt Wilkinson Pkwy,0.179
Cumberland Pkwy at Kaiser Permanente,Cumberland Blvd at Publix,0.294
Cumberland Blvd at Publix,Cumberland Pkwy at Paces Walk Se,0.234
Cumberland Blvd at Publix,Cumberland Pkwy at Unipro Corporate Office / Kaise,0.312
Cumberland Pkwy at Paces Walk Se,Cumberland Blvd at Magnolia Apts,0.554
Cumberland Blvd at Magnolia Apts,Cumberland Pkwy at Beech Haven Tr,0.28
Cumberland Pkwy at Beech Haven Tr,Cumberland Blvd at Bridgehaven Dr,0.342
Cumberland Pkwy at Beech Haven Tr,Cumberland Blvd at Magnolia Vinings Apts,0.295
Cumberland Blvd at Bridgehaven Dr,Cumberland Pkwy at Atlanta Rd,0.245
Cumberland Pkwy at Atlanta Rd,Cumberland Pkwy at S Cobb Dr,0.416
Cumberland Pkwy at Atlanta Rd,Cumberland Pkwy at Beech Haven Tr,0.584
Cumberland Pkwy at S Cobb Dr,S Cobb Dr at Cooper Lake Rd,0.288
S Cobb Dr at Cooper Lake Rd,S Cobb Dr at Ridgeview / Emory,0.781
S Cobb Dr at Cooper Lake Rd,Cumberland Blvd at S Cobb Dr,0.304
S Cobb Dr at Ridgeview / Emory,S Cobb Dr,0.138
S Cobb Dr,S Cobb Dr at King Springs Rd,0.144
S Cobb Dr at King Springs Rd,S Cobb Dr at Mccaulley Rd,0.711
S Cobb Dr at King Springs Rd,S Cobb Dr at Ridge Rd / Smyrna Towers,0.333
S Cobb Dr at Mccaulley Rd,S Cobb Dr at Lake Dr,0.402
S Cobb Dr at Lake Dr,S Cobb Dr at Concord Rd,0.189
S Cobb Dr at Concord Rd,S Cobb Dr at Ask-Kay Dr,0.535
S Cobb Dr at Concord Rd,S Cobb Dr at Magnolia Dr,0.601
S Cobb Dr at Ask-Kay Dr,S Cobb Dr at Plaza Dr,0.229
S Cobb Dr at Ask-Kay Dr,S Cobb Dr at Church Rd,0.224
S Cobb Dr at Plaza Dr,S Cobb Dr at Powder Springs St,0.246
S Cobb Dr at Plaza Dr,S Cobb Dr at Ask-Kay Dr,0.229
S Cobb Dr at Powder Springs St,S Cobb Dr at Glendale Pl,0.365
S Cobb Dr at Powder Springs St,S Cobb Dr at Plaza Dr,0.246
S Cobb Dr at Glendale Pl,S Cobb Dr at Windy Hill Rd,0.247
S Cobb Dr at Glendale Pl,S Cobb Dr at Powder Springs St,0.365
S Cobb Dr at Windy Hill Rd,S Cobb Dr at Old Concord Rd,0.349
S Cobb Dr at Windy Hill Rd,S Cobb Dr at Glendale Pl,0.247
S Cobb Dr at Old Concord Rd,S Cobb Dr at Pat Mell Rd,0.27
S Cobb Dr at Pat Mell Rd,S Cobb Dr at Dink Ln,0.046
S Cobb Dr at Pat Mell Rd,S Cobb Dr at Benson Poole Rd,0.295
S Cobb Dr at Dink Ln,S Cobb Dr at Harmony Meadows Apartments,0.103
S Cobb Dr at Harmony Meadows Apartments,S Cobb Dr at Waldrep Cir,0.244
S Cobb Dr at Waldrep Cir,S Cobb Dr at Oak St,0.24
S Cobb Dr at Waldrep Cir,S Cobb Dr at Harmony Meadows Apts,0.248
S Cobb Dr at Oak St,S Cobb Dr at Oak St,0.0
S Cobb Dr at Oak St,S Cobb Dr at Barber Rd,0.287
S Cobb Dr at Oak St,S Cobb Dr at Waldrep Cir,0.24
S Cobb Dr at Barber Rd,S Cobb Dr at Austell Rd,0.017
S Cobb Dr at Austell Rd,S Cobb Dr at Walthall Ave,0.473
S Cobb Dr at Austell Rd,S Cobb Dr at Oak St,0.285
S Cobb Dr at Walthall Ave,S Cobb Dr at Leader Rd,0.278
S Cobb Dr at Walthall Ave,S Cobb Dr at Walthall Ave,0.0
S Cobb Dr at Walthall Ave,S Cobb Dr at Austell Rd,0.473
S Cobb Dr at Leader Rd,S Cobb Dr at Leader Rd,0.0
S Cobb Dr at Leader Rd,S Cobb Dr at Beech Rd,0.193
S Cobb Dr at Beech Rd,S Cobb Dr at Carruth Dr,0.089
S Cobb Dr at Beech Rd,S Cobb Dr at Booth Rd,0.266
S Cobb Dr at Carruth Dr,S Cobb Dr at Appleton Dr,0.22
S Cobb Dr at Appleton Dr,S Cobb Dr at Pearl St,0.122
S Cobb Dr at Appleton Dr,S Cobb Dr at Lakeside Apts,0.128
S Cobb Dr at Pearl St,Fairground St at Commerce Park Dr,0.833
S Cobb Dr at Pearl St,S Cobb Dr at Appleton Dr,0.122
Fairground St at Commerce Park Dr,Fairground St at S Marietta Pkwy,0.028
Fairground St at Commerce Park Dr,Fairground St at Glover St,0.231
Fairground St at S Marietta Pkwy,Marietta Transfer Center,0.32
Fairground St at S Marietta Pkwy,Fairground St at Frasier St,0.267
Roswell St at Cobb Pkwy,Cobb Pkwy at Marietta Trade Center,0.403
Roswell St at Cobb Pkwy,Gresham Rd at Woolco Dr Tt,0.389
S Marietta Pkwy at Cobb Pkwy,S Marietta Pkwy at Wylie Rd,0.123
Franklin Rd at S Marietta Pkwy,Franklin Rd at Twin Brooks Dr,0.262
Franklin Rd at Ridge Points Apartments,Fairground St at S Cobb Dr,0.09
Fairground St at S Cobb Dr,Franklin Rd at Cinnamon Ridge,0.136
Franklin Rd at Cinnamon Ridge,Franklin Rd at Franklin Ct,0.24
Franklin Rd at Franklin Ct,Franklin Rd at Marquis Place,0.23
Franklin Rd at Marquis Place,Franklin Rd at Delk Industrial Blvd,0.125
Franklin Rd at Delk Industrial Blvd,Franklin Rd at Kingston Ct,0.12
Franklin Rd at Kingston Ct,Delk Rd at Franklin Rd,0.157
Delk Rd at Franklin Rd,Delk Rd at Northchase Pkwy,0.647
Powers Ferry Rd at Custom Signs Building,Powers Ferry Rd at Windy Hill Rd,0.261
Powers Ferry Rd at Shadowood Pkwy,Powers Ferry Rd at Shadowood Office Park,0.293
Powers Ferry Rd at Shadowood Office Park,Akers Mill Rd at Powers Ferry Rd,0.21
Akers Mill Rd at The Columns at Akers Mill,Akers Mill Rd at Towercreek Pkwy,0.319
Akers Mill Rd at Cumberland Blvd,Akers Mill Rd at Galleria Dr,0.482
Hamilton E. Holmes Station,Hamilton E Holmes Dr NW at Burton Rd NW,0.157
Hamilton E Holmes Dr NW at Burton Rd NW,Six Flags Pkwy SW at Silver Arrow Cir,4.888
Hamilton E Holmes Dr NW at Burton Rd NW,Six Flags Parkway at Service Road,4.955
Six Flags Pkwy SW at Silver Arrow Cir,Six Flags Pkwy SW at Bishop Rd,0.258
Six Flags Pkwy SW at Silver Arrow Cir,Burton Rd at Hamilton E Holmes Dr,4.866
Six Flags Pkwy SW at Bishop Rd,Hillcrest Dr SE at Hillcrest Chase Ln,0.343
Hillcrest Dr SE at Hillcrest Chase Ln,Hillcrest Dr SE at Satterlee Woods Ln,0.183
Hillcrest Dr SE at Hillcrest Chase Ln,Hillcrest Dr SE at Six Flags Pkwy,0.342
Hillcrest Dr SE at Satterlee Woods Ln,Hillcrest Dr SE at Brumley Cove Dr,0.103
Hillcrest Dr SE at Brumley Cove Dr,Hillcrest Dr SE at Bridgewood Dr,0.26
Hillcrest Dr SE at Bridgewood Dr,Hillcrest Dr SE at South Gordon Rd,0.417
Hillcrest Dr SE at South Gordon Rd,S Gordon Rd at Riverside Intermediate School,0.133
S Gordon Rd at Riverside Intermediate School,Mableton Pkwy SW at South Gordon Rd SW,0.265
S Gordon Rd at Riverside Intermediate School,Hillcrest Dr SE at Shenandoah Trail,0.143
Mableton Pkwy SW at South Gordon Rd SW,Mableton Pkwy SW at Twain Cir,0.448
Mableton Pkwy SW at Twain Cir,Mableton Pkwy SW at Factory Schoals Rd SW,0.178
Mableton Pkwy SW at Factory Schoals Rd SW,Mableton Pkwy at Old Powder Springs Rd,0.55
Mableton Pkwy at Old Powder Springs Rd,Old Alabama Rd at Mableton Pkwy,0.149
Mableton Pkwy at Old Powder Springs Rd,Mableton Pkwy SW at Lane Dr,0.271
Mableton Pkwy at Old Powder Springs Rd,Mableton Pkwy at Old Gordon Road,0.257
Old Alabama Rd at Mableton Pkwy,Old Alabama Rd SW at Old Powder Springs Rd SW,0.153
Old Alabama Rd SW at Old Powder Springs Rd SW,Old Alabama Rd SW at Pisgah Rd,0.156
Old Alabama Rd SW at Old Powder Springs Rd SW,Mableton Pkwy at Old Powder Springs Rd,0.2
Old Alabama Rd SW at Pisgah Rd,Old Alabama Rd SW at Sunset Blvd,0.163
Old Alabama Rd SW at Sunset Blvd,Old Alabama Rd SW at Dunn Rd,0.506
Old Alabama Rd SW at Dunn Rd,Old Alabama Rd SW at James Rd,0.502
Old Alabama Rd SW at James Rd,Old Alabama Rd SW at Hickory Hill Dr,0.815
Old Alabama Rd SW at Hickory Hill Dr,Old Alabama Rd at Shadygrove Walk (Not 25 Timepoin,0.387
Old Alabama Rd at Shadygrove Walk (Not 25 Timepoin,Maxham Rd at Poldar Way,0.395
Maxham Rd at Poldar Way,Maxham Rd at Maxham Rd,0.3
Maxham Rd at Maxham Rd,Austell Rd at Landington Dr,0.465
Austell Rd at Landington Dr,Austell Rd at Perkerson Mill Rd SW,0.618
Austell Rd at Landington Dr,Maxham Rd at Salt Springs Pl,0.646
Austell Rd at Perkerson Mill Rd SW,Austell Rd at Austell Plaza,0.192
Austell Rd at Perkerson Mill Rd SW,Austell Rd at Bishop Row SW,0.497
Austell Rd at Austell Plaza,Austell Rd at Roberta Cir Ext,0.448
Austell Rd at Roberta Cir Ext,Austell Rd at Stallion Pkwy SW,0.161
Austell Rd at Stallion Pkwy SW,Austell Rd at Elmwood Dr,0.514
Austell Rd at Elmwood Dr,Austell Rd at Orange Grove Pl,0.141
Austell Rd at Elmwood Dr,Austell Rd at Seayes Rd,0.492
Austell Rd at Orange Grove Pl,Austell Rd at Lowes,0.252
Austell Rd at Lowes,Austell Rd at East-West Conn,0.337
Austell Rd at East-West Conn,Austell Rd at Hospital South Dr,0.083
Austell Rd at Hospital South Dr,Austell Rd at Story Pl SW,0.307
Austell Rd at Hospital South Dr,East-West Connector at Brookwood Dr,0.197
Austell Rd at Hospital South Dr,Austell Rd at Orange Hill Rd,0.448
Austell Rd at Story Pl SW,Hurt Rd at Floyd Rd,0.244
Austell Rd at Story Pl SW,Austell Rd at Floyd Rd,0.36
Hurt Rd at Floyd Rd,Hurt Rd at Creek Forest Ln,0.223
Hurt Rd at Floyd Rd,Austell Rd SW at Hurt Rd SW,0.123
Hurt Rd at Creek Forest Ln,Hurt Rd at Dyer Parke Ln SW,0.371
Hurt Rd at Dyer Parke Ln SW,Hurt Rd at Tranquil Dr,0.204
Hurt Rd at Dyer Parke Ln SW,Hurt Rd at Settlers Walk Way,0.279
Hurt Rd at Tranquil Dr,Hurt Rd at Hicks Rd,0.344
Hurt Rd at Tranquil Dr,Hurt Rd at Dyer Parke Ln SW,0.204
Hurt Rd at Hicks Rd,Hurt Rd at Donald Rd,0.133
Hurt Rd at Hicks Rd,Hurt Rd at Tranquil Dr,0.344
Hurt Rd at Donald Rd,Hurt Rd at S Hurt Rd,0.226
Hurt Rd at Donald Rd,Hurt Rd at Hicks Rd,0.133
Hurt Rd at S Hurt Rd,Hurt Rd SW at Lakeshore Dr,0.758
Hurt Rd SW at Lakeshore Dr,Hurt Rd SW at Lakeshore Dr,0.0
Hurt Rd SW at Lakeshore Dr,Hurt Rd SW at Brooks Ct,0.224
Hurt Rd SW at Brooks Ct,Hurt Rd SE at Lucia Dr,0.256
Hurt Rd SW at Brooks Ct,Hurt Rd SW at Mallard Glen,0.183
Hurt Rd SE at Lucia Dr,Hurt Rd SE at Springbrook Trail,0.324
Hurt Rd SE at Springbrook Trail,Hurt Rd at Hurt Rd,0.231
Hurt Rd at Hurt Rd,Concord Rd at Alcott Dr,0.27
Hurt Rd at Hurt Rd,Hurt Rd at Donald Rd,1.9
Concord Rd at Alcott Dr,Concord Rd SE at S Cobb Dr,0.567
Concord Rd SE at S Cobb Dr,Concord Rd SE at Mccaulley Rd,0.425
Concord Rd SE at S Cobb Dr,Concord Rd at Smyrna Fire Station No 2,0.337
Concord Rd SE at Mccaulley Rd,Spring Rd SE at Atlanta Rd,0.655
Spring Rd SE at Atlanta Rd,Spring Rd SE at Jonquil Dr,0.407
Spring Rd SE at Jonquil Dr,Spring Rd SE at Village Pkwy,0.353
Spring Rd SE at Village Pkwy,Spring Rd at Spring Creek Pl,0.481
Spring Rd at Spring Creek Pl,Spring Rd SE at Campbell Rd,0.217
Spring Rd SE at Campbell Rd,Spring Rd SE at Woodruff Dr,0.258
Spring Rd SE at Woodruff Dr,Spring Rd SE at Sports Ave SE,0.304
Spring Rd SE at Sports Ave SE,Cumberland Blvd at Spring Hill Pkwy,0.266
S Marietta Pkwy at Parkway Plaza,Fairground St at S Marietta Pkwy,0.129
S Marietta Pkwy at Parkway Plaza,S Marietta Pkwy at Manget St,0.428
Roswell St at Rogers St,Roswell St at Lakewood Dr,0.192
Roswell St at Lakewood Dr,Roswell St at Alexander St,0.209
Roswell St at Alexander St,Roswell St at Waddell St,0.192
Roswell St at Waddell St,S Marietta Pkwy at Whitlock Ave,0.241
Roswell St at Waddell St,Cherokee St at Lawrence St,0.1
S Marietta Pkwy at Whitlock Ave,S Marietta Pkwy at Crescent Cir,0.112
S Marietta Pkwy at Crescent Cir,Powder Springs St at Griggs St,0.385
Powder Springs St at Laurel Springs Ln,Powder Springs St at Bellemeade Dr,0.202
Powder Springs St at Bellemeade Dr,Powder Springs Rd at Baltimore Pl,0.182
Powder Springs Rd at Baltimore Pl,Powder Springs St at Cunningham Rd,0.135
Powder Springs St at Cunningham Rd,Powder Springs Rd at Chapel Dr,0.081
Powder Springs Rd at Chapel Dr,County Services Pkwy at Cobb Co Juvenile Detention,0.388
County Services Pkwy at Cobb Co Juvenile Detention,County Services Pkwy at Cobb County Public Safety,0.142
County Services Pkwy at Cobb County Public Safety,COUNTY SERVICES PKWY + COBB COUNTY HEALTH DEPARTMENT,0.152
COUNTY SERVICES PKWY + COBB COUNTY HEALTH DEPARTMENT,County Services Pkwy at Cobb County Park And Recre,0.185
County Services Pkwy at Cobb County Park And Recre,County Services Pkwy at Cobb Co Dot,0.212
County Services Pkwy at Cobb Co Dot,County Services Pkwy at Al Bishop Dr,0.189
County Services Pkwy at Austell Rd,Austell Rd at Arkose Dr,0.149
Windy Hill Rd at Cherrywood Ln,Windy Hill Rd at Favor Rd,0.419
Windy Hill Rd at Favor Rd,Windy Hill Rd at Larose Dr,0.486
Windy Hill Rd at Benson Poole Rd,Windy Hill Rd at Old Concord Rd,0.228
Windy Hill Rd at Beaver Creek Rd,Windy Hill Rd at Belmont Cir,0.384
Windy Hill Rd at Corporate Plaza Pkwy,Circle 75 Pkwy at Windy Hill Rd,0.192
Spring Rd at Cobb Pkwy,Cumberland Blvd at Spring Hill Pkwy,0.369
S Marietta Pkwy at Manget St,Atlanta St at S Marietta Pkwy,0.496
S Marietta Pkwy at Manget St,Marietta Transfer Center,0.634
Atlanta St at S Marietta Pkwy,Atlanta Rd at E Dixie Ave,0.46
Atlanta Rd at E Dixie Ave,Atlanta St at S Cobb Dr,0.275
Atlanta Rd at E Dixie Ave,Atlanta St at Pearl St,0.424
Atlanta St at S Cobb Dr,Atlanta Rd at Generals Rd,0.488
Atlanta St at S Cobb Dr,Atlanta Rd at E Dixie Ave,0.275
Atlanta Rd at Generals Rd,Atlanta Rd at Clay Dr,0.475
Atlanta Rd at Clay Dr,Austell Rd at Joyner Ave,0.179
Austell Rd at Joyner Ave,Austell Rd at S Cobb Dr,0.273
Austell Rd at S Cobb Dr,Austell Rd at Pair St,0.11
Austell Rd at Pair St,Austell Rd at Sandtown Rd,0.41
Austell Rd at Pair St,Austell Rd at Darnell Rd,0.256
Austell Rd at Sandtown Rd,Austell Rd at Austell Cir,0.421
Austell Rd at Sandtown Rd,Austell Rd at Cochran Rd,0.025
Austell Rd at Austell Cir,Austell Rd at Cunningham Rd,0.345
Austell Rd at Cunningham Rd,Austell Rd at Pat Mell Rd,0.228
Austell Rd at Cunningham Rd,Austell Rd at Austell Circle,0.358
Austell Rd at Pat Mell Rd,Austell Rd at Kurt Dr,0.312
Austell Rd at Pat Mell Rd,Austell Rd at Cunningham Rd,0.228
Austell Rd at Kurt Dr,Austell Rd at Arkose Dr,0.342
Austell Rd at Windy Hill Rd,Austell Rd at Dorothy Dr,0.387
Austell Rd at Dorothy Dr,Austell Rd at Callaway Rd,0.177
Austell Rd at Callaway Rd,Austell Rd at Waymar Dr,0.283
Austell Rd at Waymar Dr,Austell Rd at Milford Church Rd,0.256
Austell Rd at Milford Church Rd,Austell Rd at Pair Rd,0.395
Austell Rd at Milford Church Rd,Austell Rd at Crest Ridge Rd,0.255
Austell Rd at Pair Rd,Austell Rd at Raes Creek Rd,0.385
Austell Rd at Raes Creek Rd,Austell Rd at Mimosa Dr,0.268
Austell Rd at Mimosa Dr,Austell Rd at Reed Dr,0.21
Austell Rd at Mimosa Dr,Austell Rd at Amy Ln,0.124
Austell Rd at Reed Dr,Austell Rd SW at Hurt Rd SW,0.278
Austell Rd SW at Hurt Rd SW,Austell Rd SW at Mulkey Rd SW,0.35
Austell Rd SW at Mulkey Rd SW,Austell Rd at Hospital South Dr,0.116
East-West Connector at Brookwood Dr,East-West Connector at Floyd Rd,0.491
East-West Connector at Floyd Rd,Floyd Rd at Willowbrook Lane,0.242
East-West Connector at Floyd Rd,East-West Connector at Hospital South Dr,0.517
Floyd Rd at Willowbrook Lane,Floyd Rd at Floyd Dr,0.472
Floyd Rd at Floyd Dr,Floyd Rd at Hicks Rd,0.566
Floyd Rd at Hicks Rd,Floyd Rd at White Blvd,0.333
Floyd Rd at Hicks Rd,Floyd Rd at Bates Rd,0.596
Floyd Rd at White Blvd,Floyd Rd at Nickajack Rd,0.186
Floyd Rd at White Blvd,Floyd Rd at Hicks Rd,0.333
Floyd Rd at Nickajack Rd,Floyd Rd at Patterns Dr,0.151
Floyd Rd at Patterns Dr,Floyd Rd at Mableton Park & Ride - Ob,0.392
Floyd Rd at Mableton Park & Ride - Ob,Floyd Rd at Fontaine Rd,0.206
Floyd Rd at Fontaine Rd,Floyd Rd at Veterans Memorial Hwy,0.217
Floyd Rd at Fontaine Rd,Mable House Park And Ride,0.261
Floyd Rd at Veterans Memorial Hwy,Mableton Pkwy at Glore Cir,0.209
Floyd Rd at Veterans Memorial Hwy,Floyd Rd at Fontaine Rd,0.217
Mableton Pkwy at Glore Cir,Mableton Pkwy at Old Alabama Rd,0.397
Mableton Pkwy at Old Alabama Rd,Mableton Pkwy at Old Powder Springs Rd,0.199
Mableton Pkwy SW at Lane Dr,Mableton Pkwy at Factory Shoals Rd,0.236
Mableton Pkwy at Factory Shoals Rd,Factory Shoals Rd at Britt Rd,0.514
Mableton Pkwy at Factory Shoals Rd,Mableton Pkwy Sw at Community Rd,0.143
Factory Shoals Rd at Britt Rd,Factory Shoals Rd at S Gordon Rd,0.458
Factory Shoals Rd at Britt Rd,Factory Shoals Rd at Mableton Pkwy,0.454
Factory Shoals Rd at S Gordon Rd,Blair Bridge Rd at S Gordon Rd,0.275
Factory Shoals Rd at S Gordon Rd,Factory Shoals Rd at Britt Rd,0.458
Blair Bridge Rd at S Gordon Rd,Blair Bridge Rd at Hembree Dr,0.433
Blair Bridge Rd at S Gordon Rd,Factory Shoals Rd at S Gordon Rd,0.275
Blair Bridge Rd at Hembree Dr,Blair Bridge Rd at Blairs View Dr,0.485
Blair Bridge Rd at Blairs View Dr,Riverside Pkwy at Lake Crossing,0.199
Riverside Pkwy at Lake Crossing,Six Flags Dr at Summer Stone Ln,0.207
Six Flags Dr at Summer Stone Ln,Six Flags Dr at Winterglen Ln,0.299
Six Flags Dr at Winterglen Ln,Six Flags Dr at Pine View Way,0.232
Six Flags Dr at Pine View Way,Six Flags Dr at Factory Shoals Rd,0.221
Six Flags Dr at Factory Shoals Rd,Six Flags Dr at Whisper Ct,0.169
Six Flags Dr at Factory Shoals Rd,Six Flags Dr at Factory Shoals Rd,0.0
Six Flags Dr at Factory Shoals Rd,Six Flags Dr at Springchase St,0.173
Six Flags Dr at Whisper Ct,Six Flags Dr at Elsner Rd,0.189
Six Flags Dr at Elsner Rd,Six Flags Dr at Six Flags Pkwy,0.272
Six Flags Dr at Elsner Rd,Six Flags Dr at Factory Shoals Rd,0.358
Six Flags Dr at Six Flags Pkwy,Six Flags Dr at Riverside Pkwy,0.159
Six Flags Dr at Six Flags Pkwy,Six Flags Dr at Elsner Rd,0.272
Six Flags Dr at Riverside Pkwy,S Service Rd at Riverside Pkwy,0.396
Six Flags Dr at Riverside Pkwy,Six Flags Dr at Six Flags Pkwy,0.159
S Service Rd at Riverside Pkwy,S Service Rd at Six Flags Pkwy,0.292
S Service Rd at Riverside Pkwy,Six Flags Dr at Riverside Pkwy,0.396
S Service Rd at Six Flags Pkwy,Burton Rd at Hamilton E Holmes Dr,4.966
Burton Rd at Hamilton E Holmes Dr,H E Holmes Dr at Mlk Jr Dr,0.247
H E Holmes Dr at Mlk Jr Dr,Martin Luther King Junior Drive at Stone Hurst Place,0.115
Martin Luther King Junior Drive at Stone Hurst Place,Hamilton E. Holmes Station,0.117
Fairground St at Glover St,S Cobb Dr at Atlanta St,0.451
S Cobb Dr at Atlanta St,S Cobb Dr at Pearl St,0.256
S Cobb Dr at Lakeside Apts,S Cobb Dr at Beech Rd,0.184
S Cobb Dr at Booth Rd,S Cobb Dr at Walthall Ave,0.208
S Cobb Dr at Harmony Meadows Apts,S Cobb Dr at Pat Mell Rd,0.141
S Cobb Dr at Benson Poole Rd,S Cobb Dr at Windy Hill Rd,0.324
S Cobb Dr at Church Rd,S Cobb Dr at Concord Rd,0.311
S Cobb Dr at Magnolia Dr,S Cobb Dr at Mill Pond Rd,0.468
S Cobb Dr at Mill Pond Rd,S Cobb Dr at King Springs Rd,0.232
S Cobb Dr at Ridge Rd / Smyrna Towers,S Cobb Dr at Cooper Lake Rd,0.73
Cumberland Blvd at S Cobb Dr,Cumberland Pkwy at Atlanta Rd,0.427
Cumberland Blvd at Magnolia Vinings Apts,Cumberland Blvd at Publix,0.763
Cumberland Pkwy at Unipro Corporate Office / Kaise,Cumberland Pkwy at Home Services at Home Depot Par,0.157
Cumberland Pkwy SE at Mt Wilkinson Pkwy,Cumberland Pkwy at Adams Lake Blvd,0.264
Cumberland Pkwy at Adams Lake Blvd,Cumberland Transfer Center,0.286
Six Flags Parkway at Service Road,S Service Rd at Riverside Pkwy,0.325
Six Flags Dr at Springchase St,Six Flags Dr at Winterglen Lane,0.363
Six Flags Dr at Winterglen Lane,Six Flags Dr at Winterbrook Way,0.266
Six Flags Dr at Winterbrook Way,Blair Bridge Rd at Six Flags Dr,0.315
Blair Bridge Rd at Six Flags Dr,Blair Bridge Rd at Pleasant Dr,0.469
Blair Bridge Rd at Pleasant Dr,Blair Bridge Rd at William Rd,0.237
Blair Bridge Rd at William Rd,Blair Bridge Rd at S Gordon Rd,0.199
Factory Shoals Rd at Mableton Pkwy,Mableton Pkwy at Old Powder Springs Rd,0.573
Mableton Pkwy at Old Gordon Road,Mableton Pkwy at Veterans Memorial Hwy,0.384
Mableton Pkwy at Veterans Memorial Hwy,Floyd Rd at Veterans Memorial Hwy,0.172
Mable House Park And Ride,Floyd Rd at Ayres Rd,0.399
Floyd Rd at Ayres Rd,Floyd Rd at White Blvd,0.275
Floyd Rd at Bates Rd,Floyd Rd at Trestle Dr,0.407
Floyd Rd at Trestle Dr,Floyd Rd at East-West Conn,0.179
Floyd Rd at East-West Conn,East-West Connector at Floyd Rd,0.114
East-West Connector at Hospital South Dr,Austell Rd at East-West Conn,0.167
Austell Rd at Floyd Rd,Austell Rd at Mimosa Dr,0.289
Austell Rd at Amy Ln,Austell Rd at Westbrook Mobile Homes,0.152
Austell Rd at Westbrook Mobile Homes,Austell Rd at Lanier Dr,0.15
Austell Rd at Lanier Dr,Austell Rd at Byers Dr,0.347
Austell Rd at Byers Dr,Austell Rd at Milford Church Rd,0.284
Austell Rd at Crest Ridge Rd,Austell Rd at E Callaway Rd,0.252
Austell Rd at E Callaway Rd,Austell Rd at Hicks Rd,0.321
Austell Rd at Hicks Rd,Austell Rd at Arkose Dr,0.464
Austell Rd at County Services Pkwy,Austell Rd at Lorene Dr,0.221
Austell Rd at Lorene Dr,Austell Rd at Pat Mell Rd,0.296
Austell Rd at Austell Circle,Austell Rd at Sandtown Rd,0.408
Austell Rd at Cochran Rd,Austell Rd at Knox Dr,0.152
Austell Rd at Knox Dr,Austell Rd at Pair St,0.244
Austell Rd at Darnell Rd,Atlanta Rd at Austell Rd,0.273
Atlanta Rd at Austell Rd,Atlanta Rd at Perrin Rd,0.594
Atlanta Rd at Perrin Rd,Atlanta St at S Cobb Dr,0.428
Atlanta St at Pearl St,S Marietta Pkwy at Atlanta St,0.101
S Marietta Pkwy at Atlanta St,S Marietta Pkwy at Manget St,0.521
Cumberland Blvd at Akers Mill Rd SE,Cumberland Blvd at Stillhouse Creek Dr/Riverwood P,0.081
Cumberland Blvd at Stillhouse Creek Dr/Riverwood P,Cumberland Blvd at Walton Riverwood Ln SE / First,0.275
Cumberland Blvd at Walton Riverwood Ln SE / First,Cobb Galleria Pkwy at Cumberland Blvd,0.345
Cobb Galleria Pkwy at Cumberland Blvd,Cobb Galleria Pkwy at Riverwood Pkwy,0.135
Cobb Galleria Pkwy at Riverwood Pkwy,Akers Mill Rd at Galleria Dr,0.355
Cobb Pkwy at Galleria Pkwy,Heritage Ct at Windy Ridge Pkwy,0.541
Cumberland Blvd at Cotton St,Cumberland Blvd at Cotton St,0.0
Cumberland Blvd at Cotton St,Cumberland Blvd at Spring Hill Pkwy,0.351
S Marietta Pkwy at Hudson Rd,S Marietta Pkwy at Rossbacher Way,0.151
S Marietta Pkwy at Rossbacher Way,S Marietta Pkwy at Technology Pkwy,0.238
S Marietta Pkwy at Technology Pkwy,Cobb Pkwy at S Marietta Pkwy,0.131
S Marietta Pkwy at Technology Pkwy,Cobb Pkwy at Windy Hill Rd,3.354
Cobb Pkwy at Life's Way,Cobb Pkwy at Former Team Nissan,0.193
Cobb Pkwy at Former Team Nissan,Cobb Pkwy at Wylie Rd,0.337
Cobb Pkwy at Wylie Rd,Cobb Pkwy at Spinks Dr,0.3
Cobb Pkwy at Wylie Rd,Cobb Pkwy at Barclay Cir,0.128
Cobb Pkwy at Spinks Dr,Cobb Pkwy at Franklin Dr,0.575
Cobb Pkwy at Spinks Dr,Cobb Pkwy at Wylie Rd,0.3
Cobb Pkwy at Franklin Dr,Cobb Pkwy at Franklin Dr,0.0
Cobb Pkwy at Franklin Dr,Cobb Pkwy at Franklin Rd,0.189
Cobb Pkwy at Franklin Dr,Cobb Pkwy at Ga 280 Delk On-Ramp,0.202
Cobb Pkwy at Franklin Rd,Cobb Pkwy at Enterprise Way,0.204
Cobb Pkwy at Franklin Rd,Cobb Pkwy at Franklin Dr,0.189
Cobb Pkwy at Enterprise Way,Cobb Pkwy at Cumberland Point Dr,0.231
Cobb Pkwy at Cumberland Point Dr,Cobb Pkwy at Airport Industrial Park Dr,0.206
Cobb Pkwy at Cumberland Point Dr,Cobb Pkwy at After Cumberland Pt Dr,0.103
Cobb Pkwy at Airport Industrial Park Dr,Cobb Pkwy at Caswell Pkwy,0.059
Cobb Pkwy at Airport Industrial Park Dr,Cobb Pkwy at Cumberland Point Dr,0.206
Cobb Pkwy at Caswell Pkwy,Cobb Pkwy at Terrell Mill Rd,0.157
Cobb Pkwy at Terrell Mill Rd,Cobb Pkwy at Windy Hill Rd,0.314
Cobb Pkwy at Terrell Mill Rd,Cobb Pkwy at Airport Industrial Park Dr,0.216
Cobb Pkwy at Windy Hill Rd,Cobb Pkwy at Steve Rayman Chevrolet,0.113
Cobb Pkwy at Windy Hill Rd,Cobb Pkwy at Hargrove Rd,0.849
Cobb Pkwy at Windy Hill Rd,S Marietta Pkwy at Martin Ct,3.395
Cobb Pkwy at Windy Hill Rd,Cobb Pkwy at Terrell Mill Rd,0.314
Cobb Pkwy at Steve Rayman Chevrolet,Cobb Pkwy at Lake Park Dr,0.207
Cobb Pkwy at Lake Park Dr,Cobb Pkwy at 2330 Cobb Apartment Homes,0.25
Cobb Pkwy at Lake Park Dr,Cobb Pkwy at Ed Voyles Honda,0.241
Cobb Pkwy at 2330 Cobb Apartment Homes,Cobb Pkwy at Hargrove Rd,0.278
Cobb Pkwy at Hargrove Rd,Cumberland Blvd at Cotton St,0.477
Cobb Pkwy at Hargrove Rd,Cumberland Transfer Center,1.028
17th Street Northwest at Village Street,17th Street Northwest at Market Street Northwest,0.485
17th Street Northwest at Market Street Northwest,Arts Center Station,0.454
17th Street Northwest at Market Street Northwest,West Peachtree St at 14Th St,0.496
Arts Center Station,Akers Mill Rd at Galleria Dr,7.798
Arts Center Station,Acworth Park & Ride,25.179
Frey Rd at KSU Central Parking Deck,Busbee Park-N-Ride,1.086
Frey Rd at KSU Central Parking Deck,Busbee Dr at Townpark Ln,0.563
Busbee Park-N-Ride,Rossbacher Way at East Visitor Parking,6.747
Busbee Park-N-Ride,Frey Rd at Campus Loop,1.056
Busbee Park-N-Ride,Busbee Dr at KSU Center,0.244
Busbee Park-N-Ride,Busbee Pkwy at Big Shanty Rd,0.227
Busbee Park-N-Ride,Civic Center Station (West Peachtreet Street),20.992
Rossbacher Way at East Visitor Parking,Marietta Transfer Center,0.548
Rossbacher Way at East Visitor Parking,Busbee Park-N-Ride,6.747
Cobb Pkwy at Windy Ridge Pkwy,Cobb Pkwy at Windy Hill Rd,1.094
Cobb Pkwy at Windy Ridge Pkwy,Cobb Pkwy at Herodian Way,0.246
S Marietta Pkwy at Martin Ct,Marietta Transfer Center,0.602
S Marietta Pkwy at Martin Ct,S Marietta Pkwy at Lockheed Ave,0.225
Spring St at Sports Ave,Spring Rd SE at Galleria Ln,0.27
Spring Rd SE at Galleria Ln,Spring Rd SE at Carolyn Dr,0.274
Spring Rd SE at Carolyn Dr,Spring Rd Se at Spring Creek Pl,0.273
Spring Rd Se at Spring Creek Pl,Spring Rd SE at Cumberland Valley Dr,0.46
Spring Rd SE at Cumberland Valley Dr,Spring Rd at Jonquil Dr,0.327
Spring Rd at Jonquil Dr,Concord Rd SE at Atlanta Rd,0.532
Concord Rd SE at Atlanta Rd,Concord Rd SE at King Springs Rd,0.479
Concord Rd SE at King Springs Rd,Concord Rd Se + Khuan's Hair Design/Arkle Veterina,0.228
Concord Rd Se + Khuan's Hair Design/Arkle Veterina,Concord Rd SE at S Cobb Dr,0.281
Concord Rd at Smyrna Fire Station No 2,Concord Rd SE at N Cooper Lake Rd,0.318
Concord Rd SE at N Cooper Lake Rd,Hurt Rd SE at Springbrook Trl,0.441
Hurt Rd SE at Springbrook Trl,Hurt Rd SE at Landrum Dr,0.438
Hurt Rd SE at Landrum Dr,Hurt Rd SW at Brooks Ct,0.104
Hurt Rd SW at Mallard Glen,Hurt Rd SW at Harris Rd,0.195
Hurt Rd SW at Harris Rd,Hurt Rd at Hurt Rd,1.178
Hurt Rd at Settlers Walk Way,Hurt Rd at Floyd Rd,0.319
Austell Rd at Orange Hill Rd,Austell Rd at Anderson Mill Rd,0.143
Austell Rd at Anderson Mill Rd,Austell Rd at Elmwood Dr,0.22
Austell Rd at Seayes Rd,Austell Rd at Evergreen Dr,0.189
Austell Rd at Evergreen Dr,Austell Rd at Clay Rd,0.324
Austell Rd at Clay Rd,Austell Rd at Perkerson Mill Rd SW,0.31
Austell Rd at Bishop Row SW,Austell Rd at Landington Dr,0.127
Maxham Rd at Salt Springs Pl,Maxham Rd at Salt Springs Pl,0.0
Maxham Rd at Salt Springs Pl,Maxham Rd at Pontiac Cir,0.15
Maxham Rd at Pontiac Cir,Old Alabama Rd at Cardell Rd,0.423
Old Alabama Rd at Cardell Rd,Old Alabama Rd SW at South Gordon Rd SW,0.512
Old Alabama Rd SW at South Gordon Rd SW,Old Alabama Rd Sw at James Rd,0.769
Old Alabama Rd Sw at James Rd,Old Alabama Rd SW at S Glenn Forest SW,0.46
Old Alabama Rd SW at S Glenn Forest SW,Old Alabama Rd at Pebblebrook High School,0.498
Old Alabama Rd at Pebblebrook High School,Old Alabama Rd SW at Pisgah Rd SW,0.23
Old Alabama Rd SW at Pisgah Rd SW,Old Alabama Rd SW at Old Powder Springs Rd SW,0.178
Mableton Pkwy Sw at Community Rd,Mableton Pkwy at Gordon Valley Lane,0.38
Mableton Pkwy at Gordon Valley Lane,Mableton Pkwy at South Gordon Rd,0.168
Mableton Pkwy at South Gordon Rd,S Gordon Rd at Riverside Intermediate School,0.242
Hillcrest Dr SE at Shenandoah Trail,Hillcrest Dr SE at Bonnes Dr SW,0.327
Hillcrest Dr SE at Bonnes Dr SW,Hillcrest Dr SE at Wilhelmia Dr,0.232
Hillcrest Dr SE at Wilhelmia Dr,Hillcrest Dr SE at Hillcrest Chase Ln,0.375
Hillcrest Dr SE at Six Flags Pkwy,Six Flags Pkwy SW at Silver Arrow Cir,0.332
Cherokee St at Lawrence St,Cherokee St at Forest Ave,0.185
Cherokee St at Forest Ave,Cherokee St at Blackwell St,0.099
Cherokee St at Blackwell St,Cherokee St at Montgomery St,0.157
Cherokee St at Montgomery St,Cherokee St at Freyer Rd,0.25
Cherokee St at Freyer Rd,Cherokee St at Chicopee Dr,0.153
Cherokee St at Chicopee Dr,Cherokee St at Canton Rd,0.204
Cherokee St at Canton Rd,Cherokee St at Lewis Dr,0.12
Cherokee St at Lewis Dr,Church St Ext at Elizabeth St,0.34
Church St Ext at Elizabeth St,Church St Ext at Cobb Emc Pkwy,0.22
Church St Ext at Elizabeth St,Church St at Vann St,0.165
Church St Ext at Cobb Emc Pkwy,Church St Ext at Loudermilk Dr,0.191
Church St Ext at Loudermilk Dr,Bells Ferry Rd at Old 41 Hwy,0.123
Church St Ext at Loudermilk Dr,Church St Ext at Elizabeth St,0.41
Bells Ferry Rd at Old 41 Hwy,Bells Ferry Rd at Cobb Pkwy,0.165
Bells Ferry Rd at Cobb Pkwy,Bells Ferry Rd at Old Bells Ferry Rd,0.194
Bells Ferry Rd at Cobb Pkwy,Church St Ext at Loudermilk Dr,0.245
Bells Ferry Rd at Old Bells Ferry Rd,Bells Ferry Rd at Adair Dr,0.148
Bells Ferry Rd at Adair Dr,Bells Ferry Rd at Dickson Rd,0.112
Bells Ferry Rd at Dickson Rd,Bells Ferry Rd at Manuel Dr,0.239
Bells Ferry Rd at Manuel Dr,Bells Ferry Rd at Bridgestone Dr,0.225
Bells Ferry Rd at Manuel Dr,Bells Ferry Rd at Turner Rd,0.202
Bells Ferry Rd at Bridgestone Dr,Bells Ferry Rd at Oak Harbor Trl,0.269
Bells Ferry Rd at Bridgestone Dr,Bells Ferry Rd at Manuel Dr,0.225
Bells Ferry Rd at Oak Harbor Trl,Bells Ferry Rd at Mark Ave,0.089
Bells Ferry Rd at Oak Harbor Trl,Bells Ferry Rd at Bridgestone Dr,0.269
Bells Ferry Rd at Mark Ave,Bells Ferry Rd at Arnold Ave,0.254
Bells Ferry Rd at Arnold Ave,Bells Ferry Rd at Skip Wells Park,0.363
Bells Ferry Rd at Arnold Ave,Bells Ferry Rd at Laurel Hills Preserve,0.148
Bells Ferry Rd at Skip Wells Park,Bells Ferry Rd at Bristol Ln,0.233
Bells Ferry Rd at Bristol Ln,Bells Ferry Rd at Highoak Dr,0.189
Bells Ferry Rd at Bristol Ln,Bells Ferry Rd at Arnold Ave,0.592
Bells Ferry Rd at Highoak Dr,Barrett Pkwy at Prado Ln,0.213
Barrett Pkwy at Prado Ln,Barrett Pkwy at Chastain Meadows Pkwy,0.2
Barrett Pkwy at Chastain Meadows Pkwy,Barrett Pkwy at Busbee Pkwy,0.514
Barrett Pkwy at Busbee Pkwy,Busbee Pkwy at Town Center Dr,0.688
Busbee Pkwy at Town Center Dr,Ring Rd at Jc Penney Entrance,0.255
Busbee Pkwy at Town Center Dr,Busbee Pkwy at Garden Ridge,0.097
Busbee Pkwy at Town Center Dr,Barrett Pkwy at Cobb Place Blvd,1.05
Busbee Pkwy at Town Center Dr,Barrett Pkwy at Mall Blvd,0.672
Ring Rd at Jc Penney Entrance,Busbee Pkwy at Town Center Dr,0.255
Busbee Pkwy at Garden Ridge,Busbee Pkwy at Big Shanty Rd,0.232
Busbee Pkwy at Big Shanty Rd,Busbee Park-N-Ride,0.227
Busbee Pkwy at Big Shanty Rd,Busbee Pkwy at PGA Superstore,0.125
Busbee Dr at KSU Center,Busbee Dr at Townpark Ln,0.299
Busbee Dr at KSU Center,Busbee Park-N-Ride,0.244
Busbee Dr at Townpark Ln,Frey Rd at Campus Loop,0.532
Busbee Dr at Townpark Ln,Busbee Dr at KSU Center,0.299
Busbee Pkwy at PGA Superstore,Busbee Pkwy at Town Center Dr,0.204
Barrett Pkwy at Cobb Place Blvd,Barrett Pkwy at Barrett Lakes Blvd,0.304
Barrett Pkwy at Cobb Place Blvd,Busbee Pkwy at Town Center Dr,1.05
Barrett Pkwy at Barrett Lakes Blvd,Roberts Blvd at Cobb Place Blvd,0.6
Barrett Pkwy at Barrett Lakes Blvd,Barrett Pkwy at Cobb Place Blvd,0.304
Roberts Blvd at Cobb Place Blvd,Vaughn Rd at Bentley Pl,0.239
Roberts Blvd at Cobb Place Blvd,Barrett Pkwy at Barrett Lakes Blvd,0.6
Vaughn Rd at Bentley Pl,Vaughn Rd at Barrett Corners Dr,0.102
Vaughn Rd at Barrett Corners Dr,Cobb Pkwy at Barrett Pkwy,0.355
Cobb Pkwy at Barrett Pkwy,Cobb Pkwy at White Circle,0.967
Cobb Pkwy at Barrett Pkwy,Vaughn Rd at Cobb Pkwy,0.355
Cobb Pkwy at White Circle,Cobb Pkwy at Pete Scoggin Pkwy,0.315
Cobb Pkwy at Pete Scoggin Pkwy,Cobb Pkwy at Bells Ferry Rd,0.608
Cobb Pkwy at Bells Ferry Rd,Cobb Pkwy at Elizabeth Church Rd,0.47
Cobb Pkwy at Bells Ferry Rd,Cobb Pkwy at White Cir,0.646
Cobb Pkwy at Elizabeth Church Rd,Cobb Pkwy at Industrial Park Dr,0.904
Cobb Pkwy at Industrial Park Dr,Cobb Pkwy at Industrial Park Dr,0.0
Cobb Pkwy at Industrial Park Dr,Cobb Pkwy at Allgood Rd,0.191
Cobb Pkwy at Industrial Park Dr,Cobb Pkwy at Kennestone Circle,0.993
Cobb Pkwy at Allgood Rd,Cobb Pkwy at Abc Recycling,0.257
Cobb Pkwy at Abc Recycling,Cobb Pkwy at Seminole Dr,0.181
Cobb Pkwy at Seminole Dr,Cobb Pkwy at N Marietta Pkwy,0.212
Cobb Pkwy at N Marietta Pkwy,N Marietta Pkwy at Amy Dr,0.278
Cobb Pkwy at N Marietta Pkwy,Cobb Pkwy at Seminole Pl,0.201
N Marietta Pkwy at Amy Dr,Fairground St at Rigby St,0.2
N Marietta Pkwy at Amy Dr,Cobb Pkwy at N Marietta Pkwy,0.278
Fairground St at Rigby St,Fairground St at Lawrence St,0.194
Fairground St at Rigby St,N Marietta Pkwy at Fairground St,0.162
Fairground St at Lawrence St,Fairground St at Pierce St,0.326
Cumberland Blvd at Residence Inn Loop,Cumberland Blvd at Spring Rd,0.072
Cumberland Blvd at Spring Rd,Cobb Pkwy at Windy Ridge Pkwy,0.197
Cobb Pkwy at Herodian Way,Cobb Pkwy at Kenwood Creek,0.303
Cobb Pkwy at Kenwood Creek,Cobb Pkwy at Lake Park Dr,0.225
Cobb Pkwy at Ed Voyles Honda,Cobb Pkwy at Windy Hill Rd,0.082
Cobb Pkwy at After Cumberland Pt Dr,Cobb Pkwy at Davis Ln,0.161
Cobb Pkwy at Davis Ln,Cobb Pkwy at Franklin Rd,0.172
Cobb Pkwy at Ga 280 Delk On-Ramp,Cobb Pkwy at Spinks Dr,0.373
Cobb Pkwy at Barclay Cir,Cobb Pkwy at After Barclay Circle,0.145
Cobb Pkwy at After Barclay Circle,Cobb Pkwy at New Hope Rd,0.317
Cobb Pkwy at New Hope Rd,Cobb Pkwy at Amf Marietta Lanes,0.177
Cobb Pkwy at Amf Marietta Lanes,S Marietta Pkwy at Martin Ct,0.428
S Marietta Pkwy at Lockheed Ave,S Marietta Pkwy at Lake Dr,0.177
S Marietta Pkwy at Lake Dr,Marietta Transfer Center,0.216
Fairground St at Fort St,Fairground St at Rigby St,0.181
N Marietta Pkwy at Fairground St,N Marietta Pkwy at Amy Dr,0.141
Cobb Pkwy at Seminole Pl,Cobb Pkwy at Seminole Pl,0.0
Cobb Pkwy at Seminole Pl,Cobb Pkwy at Industrial Park Dr,0.641
Cobb Pkwy at Kennestone Circle,Cobb Pkwy at Bells Ferry Rd,0.383
Cobb Pkwy at White Cir,Cobb Pkwy at White Cir,0.0
Cobb Pkwy at White Cir,Cobb Pkwy at Barrett Pkwy,1.234
Vaughn Rd at Cobb Pkwy,Vaughn Rd at Roberts Blvd,0.161
Vaughn Rd at Roberts Blvd,Roberts Blvd at Cobb Place Blvd,0.207
Barrett Pkwy at Mall Blvd,Barrett Pkwy at Barrett Creek Dr,0.369
Barrett Pkwy at Barrett Creek Dr,Barrett Pkwy at Bells Ferry Rd,0.343
Barrett Pkwy at Bells Ferry Rd,Bells Ferry Rd at Barrett Pkwy,0.096
Bells Ferry Rd at Barrett Pkwy,Bells Ferry Rd at Bristol Ln,0.204
Bells Ferry Rd at Laurel Hills Preserve,Bells Ferry Rd at Oak Harbor Trl,0.194
Bells Ferry Rd at Turner Rd,Bells Ferry Rd at Cottage Way,0.158
Bells Ferry Rd at Cottage Way,Bells Ferry Rd at Field Pkwy,0.157
Bells Ferry Rd at Field Pkwy,Bells Ferry Rd at Cobb Pkwy,0.178
Church St at Vann St,Church St at Whitcher St,0.204
Church St at Whitcher St,Church St at Hillside Ave,0.263
Church St at Hillside Ave,Church St at Sessions St,0.288
Church St at Sessions St,Church St at Kennesaw Ave,0.282
Church St at Kennesaw Ave,Roswell St at Anderson St,0.423
Civic Center Station (West Peachtreet Street),Peachtree St at Baker St,0.243
Civic Center Station (West Peachtreet Street),North Avenue Station (West Peachtree Street),0.4
Civic Center Station (West Peachtreet Street),Peachtree Street at Baker Street,0.243
Civic Center Station (West Peachtreet Street),Sugarloaf Mills P&R,22.998
Civic Center Station (West Peachtreet Street),I-985 @ SR20 P&R,31.492
Civic Center Station (West Peachtreet Street),I-85 @ Indian Trail P&R,16.613
Civic Center Station (West Peachtreet Street),Check Point 4,1.762
Courtland Street at Gilmer St,Washington Street at Martin Luther King Junior Drive,0.239
Washington Street at Martin Luther King Junior Drive,Martin Luther King Junior Drive at Peachtree Street,0.225
Washington Street at Martin Luther King Junior Drive,Martin Luther King Jr Dr & Peachtree St,0.224
Martin Luther King Junior Drive at Peachtree Street,MLK Jr Dr at Forsyth St,0.11
Martin Luther King Junior Drive at Peachtree Street,Martin Luther King Jr. Federal Building,0.13
Martin Luther King Junior Drive at Peachtree Street,Forsyth Street at Martin Luther King Junior Drive,0.13
MLK Jr Dr at Forsyth St,Five Points Station (Forsyth Street at Alabama Street),0.1
Five Points Station (Forsyth Street at Alabama Street),Marietta Street Northwest at Ted Turner Drive,0.197
Five Points Station (Forsyth Street at Alabama Street),Forsyth Street at Martin Luther King Junior Drive,0.149
Marietta Street Northwest at Ted Turner Drive,Spring St at Luckie St,0.139
Spring St at Luckie St,Spring St at John Portman Blvd,0.217
Spring St at John Portman Blvd,Spring St at Baker St,0.077
Spring St at Baker St,Ted Turner Drive at West Peachtree Place,0.121
Ted Turner Drive at West Peachtree Place,Civic Center Station (West Peachtreet Street),0.17
Acworth Park & Ride,17th Street Northwest at Village Street,24.628
West Peachtree St at 14Th St,Arts Center Station,0.16
Centennial Olympic Park Dr at Andrew Young Intl Bl,Marietta St at Ted Turner Dr,0.205
Marietta St at Ted Turner Dr,Marietta Street Northwest at Fairlie Street Northwest,0.128
Marietta Street Northwest at Fairlie Street Northwest,Five Points Station (Forsyth Street at Alabama Street),0.126
Forsyth Street at Martin Luther King Junior Drive,Central Ave at Wall St,0.318
Forsyth Street at Martin Luther King Junior Drive,Mitchell Street Southwest at Central Avenue Southwest,0.254
Forsyth Street at Martin Luther King Junior Drive,Central Avenue at Wall Street,0.318
Forsyth Street at Martin Luther King Junior Drive,Central Avenue at Martin Luther King Junior Drive,0.271
North Avenue Station (West Peachtree Street),West Peachtree St at 3Rd St,0.116
North Avenue Station (West Peachtree Street),West Peachtree Street at Peachtree Place,0.603
West Peachtree St at 3Rd St,West Peachtree St at 4th St,0.089
West Peachtree St at 4th St,West Peachtree St at 5th St,0.089
West Peachtree Street at Peachtree Place,10th Street Northeast at Williams Street,0.179
West Peachtree Street at Peachtree Place,West Peachtree Street at 14th Street,0.465
10th Street Northeast at Williams Street,Marietta Transfer Center,13.643
10th Street Northeast at Williams Street,Busbee Park-N-Ride,19.994
Gresham Rd at Woolco Dr Tt,Cobb Pkwy at Marietta Trade Center,0.651
Sugarloaf Mills P&R,Civic Center Station (West Peachtreet Street),22.998
Sugarloaf Mills P&R,I-85 @ Indian Trail P&R,6.422
Sugarloaf Mills P&R,1762 Clifton Road,18.963
Sugarloaf Mills P&R,I-985 @ SR20 P&R,8.66
Peachtree Street at Baker Street,John Portman Blvd @ Peachtree Center Ave,0.156
John Portman Blvd @ Peachtree Center Ave,Courtland Street at Ellis Street,0.182
Courtland Street at Ellis Street,Courtland Street at Auburn Avenue,0.179
Courtland Street at Auburn Avenue,Courtland Street at Gilmer St,0.211
Martin Luther King Jr Dr & Peachtree St,Forsyth Street at Martin Luther King Junior Drive,0.131
I-85 @ Indian Trail P&R,1762 Clifton Road,12.594
I-85 @ Indian Trail P&R,Civic Center Station (West Peachtreet Street),16.613
I-85 @ Indian Trail P&R,Sugarloaf Mills P&R,6.422
1762 Clifton Road,Clifton Road at Clifton Way,0.26
Clifton Road at Clifton Way,Clifton Road at Houston Mill Road,0.214
Clifton Road at Houston Mill Road,Woodruff Circle Emory,0.395
Woodruff Circle Emory,I-85 @ Indian Trail P&R,12.612
Woodruff Circle Emory,Sugarloaf Mills P&R,18.93
Gwinnett Transit Center,Satellite Blvd & Satellite Shops,0.294
Gwinnett Transit Center,Satellite Blvd & Quicktrip OB,0.097
Satellite Blvd & Satellite Shops,Satellite Blvd & Tandy Key Ln,0.104
Satellite Blvd & Tandy Key Ln,Satellite Blvd & Golden Corral,0.125
Satellite Blvd & Golden Corral,Satellite Blvd & Gwinnett Place Ford,0.214
Satellite Blvd & Gwinnett Place Ford,Old Norcross Rd & Breckinridge Blvd(WF),0.477
Satellite Blvd & Gwinnett Place Ford,Satellite Blvd & Enterprise Dealer IB,0.301
Old Norcross Rd & Breckinridge Blvd(WF),Breckinridge Blvd & Marcos Pizza OB,0.123
Old Norcross Rd & Breckinridge Blvd(WF),Old Norcross Rd at Gwinnett Clinic,0.153
Breckinridge Blvd & Marcos Pizza OB,Breckinridge Blvd & Arlon Ln OB,0.351
Breckinridge Blvd & Arlon Ln OB,3350 Breckinridge Blvd (across),0.126
3350 Breckinridge Blvd (across),Centerview Dr & Ferguson Elementary OB,0.338
Centerview Dr & Ferguson Elementary OB,Koger Blvd & Devry University OB,0.124
Koger Blvd & Devry University OB,Koger Blvd & St Leo University OB,0.082
Koger Blvd & St Leo University OB,Pleasant Hill Rd & Popeyes OB,0.176
Pleasant Hill Rd & Popeyes OB,Sweetwater Rd & Pleasant Hill Rd,0.207
Sweetwater Rd & Pleasant Hill Rd,Sweetwater Rd & Club Drive OB,0.133
Sweetwater Rd & Club Drive OB,Club Dr & Crestwood Pkwy OB,0.3
Club Dr & Crestwood Pkwy OB,Club Dr & Steve Reynolds Blvd OB,0.178
Club Dr & Steve Reynolds Blvd OB,Club Dr & Shackleford Rd,0.285
Club Dr & Shackleford Rd,Shackleford Rd & Corporate Dr OB,0.316
Club Dr & Shackleford Rd,Club Dr & Steve Reynolds Blvd,0.306
Shackleford Rd & Corporate Dr OB,Shackleford Rd & Doan Way OB,0.165
Shackleford Rd & Doan Way OB,Shackleford Rd & Park Dr,0.138
Shackleford Rd & Park Dr,Park Dr & Gwinnett Park Sign (across),0.192
Park Dr & Gwinnett Park Sign (across),Park Dr & Beaver Ruin Rd OB,0.282
Park Dr & Beaver Ruin Rd OB,Beaver Ruin Rd & Shell Gas Station,0.092
Beaver Ruin Rd & Shell Gas Station,Steve Reynolds Blvd & Beaver Ruin Rd,0.345
Steve Reynolds Blvd & Beaver Ruin Rd,Steve Reynolds Blvd & Fire Station OB,0.423
Steve Reynolds Blvd & Fire Station OB,Steve Reynolds Blvd & Falling Water Ln O,0.539
Steve Reynolds Blvd & Falling Water Ln O,Steve Reynolds Blvd & Oak Loch Tr,0.218
Steve Reynolds Blvd & Oak Loch Tr,Steve Reynolds Blvd & Hillcrest Ct OB,0.26
Steve Reynolds Blvd & Hillcrest Ct OB,Singleton Rd & Texaco Gas Station,0.257
Singleton Rd & Texaco Gas Station,Tech Dr & Chevron Gas Station,0.099
Tech Dr & Chevron Gas Station,Indian Trail Rd & Checks Cashed Bldg,0.162
Tech Dr & Chevron Gas Station,Indian Trail Rd & Le's Auto Repair,0.153
Indian Trail Rd & Checks Cashed Bldg,Indian Trail Rd & Sterling Glen OB,0.211
Indian Trail Rd & Sterling Glen OB,Indian Trail Rd & Indian Way,0.208
Indian Trail Rd & Indian Way,Indian Trail Rd & Market Center,0.237
Indian Trail Rd & Market Center,Burns Rd & Jodeco Rd,0.414
Burns Rd & Jodeco Rd,Burns Rd & Jacksons Mill Way,0.224
Burns Rd & Jacksons Mill Way,Burns Rd & Springwood Dr,0.128
Burns Rd & Springwood Dr,Burns Rd & Beaver Ruin Rd (Chevron),0.62
Burns Rd & Beaver Ruin Rd (Chevron),Burns Rd & Shady Dr (across),0.233
Burns Rd & Shady Dr (across),Burns Rd & Walking Ln (past),0.19
Burns Rd & Walking Ln (past),Burns Rd &  Garner Way,0.242
Burns Rd &  Garner Way,Burns Rd & Johns Way,0.247
Burns Rd & Johns Way,Burns Rd & Pleasant Hill Rd OB,0.235
Burns Rd & Pleasant Hill Rd OB,Pleasant Hill Rd & Lawrenceville Hwy OB,0.276
Pleasant Hill Rd & Lawrenceville Hwy OB,Lawrenceville Hwy & PepBoys,0.164
Lawrenceville Hwy & PepBoys,Lawrenceville Hwy & Don Pedro OB,0.198
Lawrenceville Hwy & Don Pedro OB,Lawrenceville Hwy & Popeyes OB,0.138
Lawrenceville Hwy & Popeyes OB,Lawrenceville Hwy & Beaver Ruin Rd OB,0.237
Lawrenceville Hwy & Beaver Ruin Rd OB,Lawrenceville Hwy& Berkmar Middle Sch OB,0.26
Lawrenceville Hwy& Berkmar Middle Sch OB,Lawrenceville Hwy & Merchants Walk OB,0.272
Lawrenceville Hwy & Merchants Walk OB,Lawrenceville Hwy & Providence,0.155
Lawrenceville Hwy & Providence,Lawrenceville Hwy & Wynne Russell Dr,0.262
Lawrenceville Hwy & Wynne Russell Dr,Lawrenceville Hwy & Indian Trail Rd,0.284
Lawrenceville Hwy & Indian Trail Rd,Lawrenceville Hwy & Hillcrest Rd OB,0.147
Lawrenceville Hwy & Hillcrest Rd OB,Lawrenceville Hwy & Shell/Lilburn Animal,0.286
Lawrenceville Hwy & Shell/Lilburn Animal,Lawrenceville Hwy & Bryson Park OB,0.197
Lawrenceville Hwy & Bryson Park OB,Lawrenceville Hwy & Lilburn School Rd OB,0.201
Lawrenceville Hwy & Lilburn School Rd OB,Lawrenceville Hwy & Harbins Rd OB,0.228
Lawrenceville Hwy & Harbins Rd OB,Lawrenceville Hwy & Exxon Gas Station,0.219
Lawrenceville Hwy & Exxon Gas Station,Lawrenceville Hwy & Rockbridge Rd (Walgr,0.298
Lawrenceville Hwy & Rockbridge Rd (Walgr,Lawrenceville Hwy & Harmony Grove Rd OB,0.241
Lawrenceville Hwy & Harmony Grove Rd OB,Lawrenceville Hwy & Jordan Drive OB,0.253
Lawrenceville Hwy & Jordan Drive OB,Lawrenceville Hwy & Kenvilla Dr OB,0.231
Lawrenceville Hwy & Kenvilla Dr OB,Lawrenceville Hwy & KED Plasma US OB,0.373
Lawrenceville Hwy & KED Plasma US OB,Lawrenceville Hwy & Linda Dr,0.106
Lawrenceville Hwy & Linda Dr,Lawrenceville Hwy & Braxton Pl,0.228
Lawrenceville Hwy & Braxton Pl,Lawrenceville Hwy & Stone Center OB,0.189
Lawrenceville Hwy & Stone Center OB,Lawrenceville Hwy & Citgo Gas Station,0.278
Lawrenceville Hwy & Citgo Gas Station,Jimmy Carter Blvd & Home Depot,0.164
Jimmy Carter Blvd & Home Depot,Jimmy Carter Blvd & Mr. Clean Carwash,0.174
Jimmy Carter Blvd & Mr. Clean Carwash,Jimmy Carter Blvd & Everest Tr OB,0.406
Jimmy Carter Blvd & Everest Tr OB,Jimmy Carter Blvd & Wandering Way,0.22
Jimmy Carter Blvd & Wandering Way,Jimmy Carter Blvd & Williams Rd,0.307
Jimmy Carter Blvd & Wandering Way,Jimmy Carter Blvd & Everest Tr,0.166
Jimmy Carter Blvd & Williams Rd,Jimmy Carter Blvd & Meadowbrook Dr OB,0.247
Jimmy Carter Blvd & Meadowbrook Dr OB,Jimmy Carter Blvd & NAPA,0.337
Jimmy Carter Blvd & NAPA,Jimmy Carter Blvd & WalMart OB,0.141
Jimmy Carter Blvd & WalMart OB,Jimmy Carter Blvd & Rockbridge School Rd,0.234
Jimmy Carter Blvd & Rockbridge School Rd,Jimmy Carter Blvd & Tracey Valley Dr,0.266
Jimmy Carter Blvd & Tracey Valley Dr,Jimmy Carter Blvd & Dunkin Donuts OB,0.371
Jimmy Carter Blvd & Dunkin Donuts OB,Live Oak Pkwy & Wells Fargo Bank,0.229
Live Oak Pkwy & Wells Fargo Bank,Live Oak Pkwy & Thompson Pkwy OB,0.144
Live Oak Pkwy & Thompson Pkwy OB,Thompson Pkwy & Singleton Rd IB,0.101
Peachtree Pkwy & Quicktrip IBOB (End of ,Peachtree Pkwy & Residence Inn Hotel,0.196
Peachtree Pkwy & Residence Inn Hotel,Peachtree Pkwy & Triangle Dr,0.109
Peachtree Pkwy & Triangle Dr,Triangle Pkwy & Triangle Dr,0.076
Triangle Pkwy & Triangle Dr,Data Drive at Vital Solutions,0.19
Data Drive at Vital Solutions,Spalding Dr & Bank of America,0.359
Spalding Dr & Bank of America,Spalding Dr & Technology Pkwy,0.173
Spalding Dr & Technology Pkwy,Spalding Dr & Norcross HS (bfr light),0.149
Spalding Dr & Norcross HS (bfr light),Spalding Dr & Medlock Bridge Rd (Citgo) ,0.399
Spalding Dr & Medlock Bridge Rd (Citgo) ,Medlock Bridge Rd & Medlock Corners Dr,0.343
Medlock Bridge Rd & Medlock Corners Dr,Medlock Bridge Rd & Chevron Gas Station,0.107
Medlock Bridge Rd & Chevron Gas Station,Medlock Bridge Rd & Thai Star Restaurant,0.141
Medlock Bridge Rd & Thai Star Restaurant,Medlock Bridge Rd & Animal Hospital,0.2
Medlock Bridge Rd & Animal Hospital,N Peachtree St & Reps Miller Road,0.211
N Peachtree St & Reps Miller Road,Reps Miller Rd & Wyngate (Reps Ln),0.206
Reps Miller Rd & Wyngate (Reps Ln),3119 Reps Miller Rd Office Park,0.174
3119 Reps Miller Rd Office Park,Reps Miller Rd & Race Track,0.214
Reps Miller Rd & Race Track,Peachtree Industrial Rd & ADVA OB,0.146
Peachtree Industrial Rd & ADVA OB,Peachtree Industrial Rd & DIVOTS Sportsw,0.158
Peachtree Industrial Rd & DIVOTS Sportsw,P'tree Ind Blvd & Peachtree Corners Cir ,0.202
P'tree Ind Blvd & Peachtree Corners Cir ,Peachtree Industrail Blvd & Target Plaza,0.268
Peachtree Industrail Blvd & Target Plaza,Holcomb Bridge Rd & Bank of America OB,0.157
Holcomb Bridge Rd & Bank of America OB,Holcomb Bridge Rd & Ryan Rd,0.249
Holcomb Bridge Rd & Ryan Rd,Holcomb Bridge Rd & The Corners Pkwy OB,0.154
Holcomb Bridge Rd & The Corners Pkwy OB,Holcomb Bridge Rd & Citgo Gas Station,0.183
Holcomb Bridge Rd & Citgo Gas Station,Holcomb Bridge Rd & Gwinnett Walk Plaza,0.092
Holcomb Bridge Rd & Gwinnett Walk Plaza,Holcomb Bridge Rd & Woodmont Land Apts,0.124
Holcomb Bridge Rd & Woodmont Land Apts,Holcomb Bridge Rd & Woodland Rd OB,0.126
Holcomb Bridge Rd & Woodland Rd OB,Holcomb Bridge Rd & Peachtree Corners Ci,0.168
Holcomb Bridge Rd & Peachtree Corners Ci,Peachtree Corners Cir & Pineland Woods D,0.104
Peachtree Corners Cir & Pineland Woods D,Peachtree Corners Cir & Westchase Villge,0.087
Peachtree Corners Cir & Westchase Villge,Peachtree Corners Cir & Elmside Villg Ln,0.122
Peachtree Corners Cir & Elmside Villg Ln,Peachtree Corners Cir & Klinect Court (a,0.157
Peachtree Corners Cir & Klinect Court (a,Peachtree Corners Cir& Springs Ln,0.124
Peachtree Corners Cir& Springs Ln,Peachtree Corners Cir & Parton Ct OB,0.088
Peachtree Corners Cir & Parton Ct OB,Peachtree Corners Cir & Autumn Trace Dr,0.155
Peachtree Corners Cir & Autumn Trace Dr,Peachtree Corners Cir & Jones Mill Spur ,0.151
Peachtree Corners Cir & Jones Mill Spur ,Peachtree Corners Cir & Jones Mill Ct,0.069
Peachtree Corners Cir & Jones Mill Spur ,Peachtree Corners Cir & Gleanleaf Dr IB,0.164
Peachtree Corners Cir & Jones Mill Ct,Peachtree Corners Cir & Corners Ind Cir,0.146
Peachtree Corners Cir & Corners Ind Cir,Peachtree Corners Cir & Muray's,0.128
Peachtree Corners Cir & Muray's,Jones Mill Rd & Bay Cir OB,0.2
Jones Mill Rd & Bay Cir OB,Governor's Lake Pkwy & Veritiv OB,0.477
Governor's Lake Pkwy & Veritiv OB,Governor's Lake Pkwy (crosswalk),0.209
Governor's Lake Pkwy (crosswalk),Peachtree Industrial Blvd & Kingston Ct,0.681
Peachtree Industrial Blvd & Kingston Ct,Jimmy Carter Blvd & Cash Ct,0.283
Jimmy Carter Blvd & Cash Ct,Jimmy Carter Blvd & MJays Baked Foods,0.135
Jimmy Carter Blvd & MJays Baked Foods,Jimmy Carter Blvd & Atlantic Blvd,0.104
Jimmy Carter Blvd & Atlantic Blvd,Jimmy Carter Blvd & Panda Cab & Granite ,0.154
Jimmy Carter Blvd & Atlantic Blvd,Jimmy Carter Blvd & Veridian Bus Park,0.101
Jimmy Carter Blvd & Panda Cab & Granite ,Jimmy Carter Blvd & SPECTRA,0.157
Jimmy Carter Blvd & SPECTRA,Jimmy Carter Blvd & Pacific Dr,0.335
Jimmy Carter Blvd & Pacific Dr,Jimmy Carter Blvd & Amway Products Dist,0.183
Jimmy Carter Blvd & Amway Products Dist,Jimmy Carter Blvd & Martins Rest OB,0.299
Jimmy Carter Blvd & Martins Rest OB,Jimmy Carter Blvd & Regency Pkwy OB,0.127
Jimmy Carter Blvd & Regency Pkwy OB,Jimmy Carter Blvd & Best Friend Park OB,0.119
Jimmy Carter Blvd & Best Friend Park OB,Jimmy Carter Blvd & Quick Trip OB,0.368
Jimmy Carter Blvd & Quick Trip OB,Jimmy Carter Blvd & Sonic OB,0.165
Jimmy Carter Blvd & Sonic OB,N Norcross Tucker Rd & Pelican Dr,0.136
N Norcross Tucker Rd & Pelican Dr,Brook Hollow Pkwy & N Norcross,0.108
Brook Hollow Pkwy & N Norcross,Brook Hollow Pkwy & Best Friend Rd OB,0.302
Brook Hollow Pkwy & N Norcross,N Norcross Tucker Rd & Pelican Dr IB,0.119
Brook Hollow Pkwy & N Norcross,Brook Hollow Pkwy & FedEx Entrance,0.16
Brook Hollow Pkwy & Best Friend Rd OB,Best Friend Rd & Best Friend Ct OB,0.221
Best Friend Rd & Best Friend Ct OB,Best Friend Rd & Nancy Hanks Dr OB,0.262
Best Friend Rd & Nancy Hanks Dr OB,Best Friend Rd & Skyland Ct OB,0.232
Best Friend Rd & Skyland Ct OB,Best Friend Rd & Royal Palm Ct OB,0.201
Best Friend Rd & Royal Palm Ct OB,Best Friend Rd & Button Gwinnett Dr OB,0.218
Best Friend Rd & Button Gwinnett Dr OB,Button Gwinnett & TOPSA,0.104
Button Gwinnett & TOPSA,Button Gwinnett Dr & Mimms Dr,0.221
Button Gwinnett Dr & Mimms Dr,Button Gwinnett Dr & RUSH Truck Ctr,0.164
Button Gwinnett Dr & RUSH Truck Ctr,Button Gwinnett Rd & Ryder,0.369
Button Gwinnett Rd & Ryder,Buford Hwy & Jones Mills Rd,0.214
Buford Hwy & Jones Mills Rd,Buford Hwy & Amwiler OB,0.225
Buford Hwy & Amwiler OB,Buford Hwy & East Lake Dr (across) OB,0.105
Buford Hwy & East Lake Dr (across) OB,Buford Hwy & Steve Dr OB,0.236
Buford Hwy & Steve Dr OB,Buford Hwy at Global Forum OB,0.14
Buford Hwy at Global Forum OB,Buford Hwy & Reyes Auto OB,0.114
Buford Hwy & Reyes Auto OB,Buford Hwy & Andy Glass OB,0.302
Buford Hwy & Andy Glass OB,Buford Hwy & Oakcliff Rd,0.224
Buford Hwy & Oakcliff Rd,New Peachtree Road at Oakcliff Road,0.08
New Peachtree Road at Oakcliff Road,New Peachtree Road at McElroy Road,0.117
New Peachtree Road at Oakcliff Road,Buford Hwy at Tofu House IB,0.126
New Peachtree Road at McElroy Road,New Peachtree Road at Longmire Way,0.399
New Peachtree Road at McElroy Road,New Peachtree Road at Oakcliff Road,0.117
New Peachtree Road at Longmire Way,New Peachtree Road at Pebblewood Apartments,0.221
New Peachtree Road at Longmire Way,New Peachtree Road at McElroy Road,0.399
New Peachtree Road at Pebblewood Apartments,Doraville MARTA Station,0.32
New Peachtree Road at Pebblewood Apartments,New Peachtree Road at Longmire Way,0.221
Doraville MARTA Station,New Peachtree Road at Pebblewood Apartments,0.32
I-985 @ SR20 P&R,Civic Center Station (West Peachtreet Street),31.492
Martin Luther King Jr. Federal Building,Mitchell Street Southwest at Central Avenue Southwest,0.254
Buford Hwy at Tofu House IB,Buford Hwy at Korean Catholic Church IB,0.185
Buford Hwy at Korean Catholic Church IB,Buford Hwy at Jenny's Place IB,0.252
Buford Hwy at Jenny's Place IB,Buford Hwy at Global Forum IB,0.155
Buford Hwy at Global Forum IB,Buford Hwy at Steve Dr (Accu-Car Expo),0.134
Buford Hwy at Steve Dr (Accu-Car Expo),Buford Hwy at Lake Dr IB,0.193
Buford Hwy at Lake Dr IB,Buford Hwy at Green Auto Body IB,0.098
Buford Hwy at Green Auto Body IB,Buford Hwy at Pleasantdale Rd IB,0.138
Buford Hwy at Pleasantdale Rd IB,Buford Hwy & Button Gwinnett Dr IB,0.159
Buford Hwy & Button Gwinnett Dr IB,Button Gwinnett Dr & Omega Dr OB,0.193
Buford Hwy & Button Gwinnett Dr IB,Buford Hwy & Susan Ln,0.296
Button Gwinnett Dr & Omega Dr OB,Button Gwinnett Dr & RUSH Ent (across),0.354
Button Gwinnett Dr & RUSH Ent (across),Button Gwinnett Dr & Mimms Dr IB,0.176
Button Gwinnett Dr & Mimms Dr IB,Button Gwinnett Dr at TOPSA,0.22
Button Gwinnett Dr at TOPSA,Best Friend Rd & Button Gwinnett Dr IB,0.122
Best Friend Rd & Button Gwinnett Dr IB,Best Friend Rd & Royal Palm Ct IB,0.222
Best Friend Rd & Royal Palm Ct IB,Best Friend Rd & Skyland Ct IB,0.181
Best Friend Rd & Skyland Ct IB,Best Friend Rd & Nancy Hanks Dr IB,0.233
Best Friend Rd & Nancy Hanks Dr IB,Best Friend Rd & Best Friend Ct IB,0.282
Best Friend Rd & Best Friend Ct IB,Best Friend Rd & Brook Hollow Pkwy,0.184
Best Friend Rd & Brook Hollow Pkwy,Brook Hollow Pkwy & N Norcross,0.302
N Norcross Tucker Rd & Pelican Dr IB,Jimmy Carter Blvd & O'Riley,0.141
Jimmy Carter Blvd & O'Riley,Jimmy Carter Blvd & Best Friend Rd IB,0.198
Jimmy Carter Blvd & Best Friend Rd IB,Jimmy Carter Blvd & Norhtbelt Dr,0.271
Jimmy Carter Blvd & Norhtbelt Dr,Jimmy Carter Blvd & Best Friend Park,0.09
Jimmy Carter Blvd & Best Friend Park,Jimmy Carter Blvd & Los Portales Rest,0.195
Jimmy Carter Blvd & Los Portales Rest,Jimmy Carter Blvd & S Peachtree St,0.177
Jimmy Carter Blvd & S Peachtree St,Jimmy Carter Blvd & W Peachtree St,0.165
Jimmy Carter Blvd & W Peachtree St,Jimmy Carter Blvd & Pacific Dr (Granite),0.223
Jimmy Carter Blvd & Pacific Dr (Granite),Jimmy Carter Blvd & Maxzone Depo,0.129
Jimmy Carter Blvd & Maxzone Depo,6695 Jimmy Carter Blvd,0.21
6695 Jimmy Carter Blvd,Jimmy Carter Blvd & RR Tracks,0.13
Jimmy Carter Blvd & RR Tracks,Jimmy Carter Blvd & Atlantic Blvd,0.141
Jimmy Carter Blvd & Veridian Bus Park,Peachtree Ind Blvd & The Fields Apts,0.355
Peachtree Ind Blvd & The Fields Apts,Peachtree Ind Blvd &  Corners @ 1700 Apt,0.233
Peachtree Ind Blvd &  Corners @ 1700 Apt,Peachtree Corners Cir & FIZZ IB,0.147
Peachtree Corners Cir & FIZZ IB,Pechtree Corners Cir & Corners @ 1700 Ap,0.212
Pechtree Corners Cir & Corners @ 1700 Ap,Peachtree Corners Cir & Jones Mill Spur ,0.09
Peachtree Corners Cir & Gleanleaf Dr IB,Peachtree Corners Cir & Parton Ct,0.162
Peachtree Corners Cir & Parton Ct,Peachtree Corners Cir & Bannor Ln,0.104
Peachtree Corners Cir & Bannor Ln,Peachtree Corners Cir & Kilnect Ct,0.092
Peachtree Corners Cir & Kilnect Ct,Peachtree Corners Cir & Brandywine Tr,0.301
Peachtree Corners Cir & Brandywine Tr,Peachtree Corners Cir & Appletree Way IB,0.086
Peachtree Corners Cir & Appletree Way IB,Peachtree Corners Cir & Holcomb Bridge R,0.113
Peachtree Corners Cir & Holcomb Bridge R,Holcomb Bridge Rd & Veranda Knolls Apts,0.087
Holcomb Bridge Rd & Veranda Knolls Apts,Holcomb Bridge Rd & The Veiws Apts,0.165
Holcomb Bridge Rd & The Veiws Apts,Holcomb Bridge Rd & A Hand to Hold,0.179
Holcomb Bridge Rd & A Hand to Hold,Holcomb Bridge Rd & The Centre Apts,0.302
Holcomb Bridge Rd & The Centre Apts,Peachtree Pkwy & Publix,0.301
Peachtree Pkwy & Publix,Peachtree Pkwy & The Corner Bakery,0.122
Peachtree Pkwy & The Corner Bakery,Technology Pkwy  & Homewood Suites,0.156
Technology Pkwy  & Homewood Suites,Technology Pkwy near Hampton Inn,0.128
Technology Pkwy near Hampton Inn,Technology Pkwy & City Hall,0.274
Technology Pkwy & City Hall,Technology Pkwy at 157 Tech Pkwy,0.265
Technology Pkwy at 157 Tech Pkwy,Technology Pkwy & Technology Pkwy South,0.21
Technology Pkwy & Technology Pkwy South,Technology Pkwy & Yardi Business,0.123
Technology Pkwy & Yardi Business,Technology Pkwy & Research Dr,0.117
Technology Pkwy & Research Dr,Scientific Dr & Technology Pkwy,0.091
Scientific Dr & Technology Pkwy,Scientific Dr & Meridian Business Plza,0.091
Scientific Dr & Meridian Business Plza,Scientific Dr & Peachtree Pkwy (UCI),0.175
Scientific Dr & Peachtree Pkwy (UCI),Peachtree Pkwy & Hyatt IB,0.069
Peachtree Pkwy & Hyatt IB,Peachtree Pkwy Plaza IB,0.331
Peachtree Pkwy Plaza IB,Peachtree Pkwy & Weslayan School OB,0.237
Peachtree Pkwy & Weslayan School OB,Peachtree Pkwy & Peachtree Corner Cir IB,0.249
Peachtree Pkwy & Peachtree Corner Cir IB,Peachtree Pkwy & Forum IB,0.272
Peachtree Pkwy & Forum IB,Peachtree Pkwy & Piedmont Bank,0.155
Peachtree Pkwy & Piedmont Bank,Medlock Bridge Rd & P'tree Corners Cir,0.32
Medlock Bridge Rd & P'tree Corners Cir,Peachtree Corners Cir & Davinci Ct IB,0.188
Peachtree Corners Cir & Davinci Ct IB,Peachtree Corners Cir & CHASE Bank IB,0.097
Peachtree Corners Cir & CHASE Bank IB,Peachtree Pkwy & Quicktrip IBOB (End of ,0.144
Sugarloaf Mills P&R Local,Duluth Hwy  & Primerica Pkwy OB,0.712
Sugarloaf Mills P&R Local,Sugarloaf Mills at the Discount Tire Co,0.335
Sugarloaf Mills P&R Local,Breckinridge Blvd & Friendly Village,0.538
Sugarloaf Mills P&R Local,Arts Center MARTA Station,21.888
Duluth Hwy  & Primerica Pkwy OB,Boggs Rd @ St. Andrews Church OB,0.249
Boggs Rd @ St. Andrews Church OB,Boggs Rd & Pinemeadow Ct (GE) OB,0.315
Boggs Rd & Pinemeadow Ct (GE) OB,Boggs Rd & NCR1 (side entrance) OB,0.157
Boggs Rd & NCR1 (side entrance) OB,Satellite & NCR Main Entrance OB,0.278
Satellite & NCR Main Entrance OB,Satellite Blvd & Evergreen Blvd,0.407
Satellite Blvd & Evergreen Blvd,Satellite Blvd & Merritt Apartments OB,0.195
Satellite Blvd & Merritt Apartments OB,Satellite Rd & NCR Office Building OB,0.17
Satellite Rd & NCR Office Building OB,Satellite Blvd & Satellite Point Offices,0.373
Satellite Blvd & Satellite Point Offices,Satellite Blvd & Chevy Dealership,0.116
Satellite Blvd & Chevy Dealership,Satellite Rd & Pars Cars Sales,0.277
Satellite Rd & Pars Cars Sales,Gwinnett Transit Center,0.267
Satellite Blvd & Quicktrip OB,Satellite Blvd & Chow Won Buffet,0.368
Satellite Blvd & Chow Won Buffet,Satellite Blvd & Satellite Square OB,0.185
Satellite Blvd & Satellite Square OB,Satellite Blvd & Steve Reynolds Blvd OB,0.203
Satellite Blvd & Satellite Square OB,Steve Reynolds Blvd & 7 Coffee Shop OB,0.19
Satellite Blvd & Steve Reynolds Blvd OB,Satellite Blvd & W Liddell Rd,0.378
Satellite Blvd & W Liddell Rd,Satellite Blvd & The Eclipse Apts OB,0.152
Satellite Blvd & The Eclipse Apts OB,Satellite Blvd & Gwinnett Square Apts OB,0.137
Satellite Blvd & Gwinnett Square Apts OB,Satellite Blvd & Bridgewater Apts OB,0.186
Satellite Blvd & Bridgewater Apts OB,Satellite Blvd & The Maddox Apts (across,0.187
Satellite Blvd & The Maddox Apts (across,Satellite Blvd & Public Storage OB,0.257
Satellite Blvd & Public Storage OB,Satellite Blvd & Hopkins Mill Rd,0.271
Satellite Blvd & Hopkins Mill Rd,Satellite Blvd & Pond Rd,0.193
Satellite Blvd & Pond Rd,Beaver Ruin Rd & Sourwood Rd OB,0.354
Beaver Ruin Rd & Sourwood Rd OB,Beaver Ruin Rd & Red Oak Rd OB,0.1
Beaver Ruin Rd & Red Oak Rd OB,Beaver Ruin Rd & Beaver Ridge Elementary,0.19
Beaver Ruin Rd & Beaver Ridge Elementary,Beaver Ruin Rd & Quick Trip,0.183
Beaver Ruin Rd & Quick Trip,Beaver Ruin Rd & Indian Trail Rd OB,0.157
Beaver Ruin Rd & Indian Trail Rd OB,Beaver Ruin Rd & St. Patricks Church OB,0.233
Beaver Ruin Rd & St. Patricks Church OB,Beaver Ruin Rd & Rockborough Tr (DMV),0.191
Beaver Ruin Rd & Rockborough Tr (DMV),Beaver Ruin Rd & East Hill Way OB,0.188
Beaver Ruin Rd & East Hill Way OB,Beaver Ruin Rd & Bailey Dr OB,0.105
Beaver Ruin Rd & Bailey Dr OB,Beaver Ruin Rd & Child Ntwrk Daycare OB,0.151
Beaver Ruin Rd & Child Ntwrk Daycare OB,Beaver Ruin Rd & Twin Creek Dr,0.139
Beaver Ruin Rd & Twin Creek Dr,Beaver Ruin Rd & NE Community Church OB,0.199
Beaver Ruin Rd & NE Community Church OB,Beaver Ruin Rd & Price Place (across) OB,0.239
Beaver Ruin Rd & Price Place (across) OB,Beaver Ruin Rd & Buford Hwy (McD's),0.208
Beaver Ruin Rd & Buford Hwy (McD's),Buford Hwy & Post Office OB,0.224
Buford Hwy & Post Office OB,Buford Hwy & Mitchell Rd (Advance Auto) ,0.136
Buford Hwy & Mitchell Rd (Advance Auto) ,Buford Hwy & Carlyle St OB,0.238
Buford Hwy & Carlyle St OB,Buford Hwy & N Norcross Tucker Rd OB,0.313
Buford Hwy & N Norcross Tucker Rd OB,Buford Hwy & Value Pawn OB,0.284
Buford Hwy & Value Pawn OB,Buford Hwy & S. Peachtree St  OB,0.356
Buford Hwy & S. Peachtree St  OB,Buford Hwy & WA Credit Dealer (Gwin Dr),0.24
Buford Hwy & WA Credit Dealer (Gwin Dr),Buford Hwy & CarZ (across) OB,0.144
Buford Hwy & CarZ (across) OB,Buford Hwy & Pine St OB,0.124
Buford Hwy & Pine St OB,Buford Hwy & Hillside Dr,0.141
Buford Hwy & Hillside Dr,Buford Hwy & Cornerstone Auto (across) O,0.131
Buford Hwy & Cornerstone Auto (across) O,Buford Hwy & Susan Ln OB,0.204
Buford Hwy & Susan Ln OB,Buford Hwy & Jones Mills Rd,0.339
Buford Hwy & Susan Ln,Buford Hwy at Oak Rd IB,0.244
Buford Hwy at Oak Rd IB,Buford Hwy at Hillside Dr IB,0.125
Buford Hwy at Hillside Dr IB,Buford Hwy & Pine St IB,0.119
Buford Hwy & Pine St IB,Buford Hwy at Car Z Atlanta IB,0.111
Buford Hwy at Car Z Atlanta IB,Buford Hwy & Gwinn Dr IB,0.155
Buford Hwy & Gwinn Dr IB,Buford Hwy & S Peachtree St IB,0.197
Buford Hwy & S Peachtree St IB,Buford Hwy at Huntington Rd Apts IB,0.158
Buford Hwy at Huntington Rd Apts IB,Buford Hwy at Jimmy Carter IB,0.262
Buford Hwy at Jimmy Carter IB,Buford Hwy & N Norcross Tucker Rd,0.263
Buford Hwy & N Norcross Tucker Rd,Buford Hwy at Lively Ave IB,0.122
Buford Hwy at Lively Ave IB,Buford Hwy & S Cemetery St IB,0.251
Buford Hwy & S Cemetery St IB,Buford Hwy & Centro Norcross Plaza IB,0.133
Buford Hwy & Centro Norcross Plaza IB,Buford Hwy & Mitchell Rd (NAPA) IB,0.136
Buford Hwy & Mitchell Rd (NAPA) IB,Buford Hwy & Summerour St IB,0.109
Buford Hwy & Summerour St IB,Buford Hwy & Beaver Ruin Rd,0.218
Buford Hwy & Summerour St IB,Beaver Ruin Rd & Buford Hwy (Las Tortas),0.218
Buford Hwy & Summerour St IB,Buford Hwy & Beaver Ruin Rd (10BIB),0.291
Buford Hwy & Beaver Ruin Rd,Beaver Ruin Rd & Price Place IB,0.122
Beaver Ruin Rd & Price Place IB,Beaver Ruin Rd at Family Denstistry IB,0.162
Beaver Ruin Rd at Family Denstistry IB,Beaver Ruin Rd & Standford Village Ln IB,0.2
Beaver Ruin Rd & Standford Village Ln IB,Beaver Ruin Rd at Huddersfield Way IB,0.174
Beaver Ruin Rd at Huddersfield Way IB,Beaver Ruin Rd at Newbury Rd IB,0.108
Beaver Ruin Rd at Newbury Rd IB,Beaver Ruin Rd & Wexford Dr,0.181
Beaver Ruin Rd & Wexford Dr,Beaver Ruin Rd & Dept of Labor IB,0.155
Beaver Ruin Rd & Dept of Labor IB,Beaver Ruin Rd at Pinnacle Way IB,0.219
Beaver Ruin Rd at Pinnacle Way IB,Beaver Ruin Rd at Plaza IB,0.199
Beaver Ruin Rd at Plaza IB,Beaver Ruin Rd at Lowes IB,0.273
Beaver Ruin Rd at Lowes IB,Beaver Ruin Rd at Bolton Cir IB,0.26
Beaver Ruin Rd at Bolton Cir IB,Satellite Blvd at Valley Ridge Ln IB,0.458
Satellite Blvd at Valley Ridge Ln IB,Satellite Blvd & Hopkins Mill Rd IB,0.246
Satellite Blvd & Hopkins Mill Rd IB,Satellite Blvd & I Love Pho Restaurant I,0.231
Satellite Blvd & I Love Pho Restaurant I,Satellite Blvd & The Maddox Apts IB,0.3
Satellite Blvd & The Maddox Apts IB,Satellite Blvd at Recycling Center IB,0.155
Satellite Blvd at Recycling Center IB,Satellite Blvd & The Portico Apts IB,0.129
Satellite Blvd & The Portico Apts IB,Satellite Blvd & Aviation Insitute IB,0.221
Satellite Blvd & Aviation Insitute IB,Satellite Blvd & West Liddell IB,0.166
Satellite Blvd & West Liddell IB,Satellite Blvd & Steve Reynolds Blvd IB,0.287
Satellite Blvd & Steve Reynolds Blvd IB,Satellite Blvd & InTown Suites IB,0.247
Satellite Blvd & InTown Suites IB,Satellite Blvd & Midas IB,0.213
Satellite Blvd & Midas IB,Satellite Blvd & Bank of America IB,0.225
Satellite Blvd & Bank of America IB,Gwinnett Transit Center,0.262
Satellite Blvd & Enterprise Dealer IB,Satellite Blvd & Suzuki Dealership,0.169
Satellite Blvd & Suzuki Dealership,Satellite Blvd & Evergreen Blvd IB,0.162
Satellite Blvd & Evergreen Blvd IB,Satellite Blvd & Childrens Healthcare IB,0.434
Satellite Blvd & Childrens Healthcare IB,Boggs Rd & Quick Trip IB,0.306
Boggs Rd & Quick Trip IB,Boggs Rd & Meadow Brook Pkwy IB,0.325
Boggs Rd & Meadow Brook Pkwy IB,Boggs Rd & Duluth Hwy 120 IB,0.162
Boggs Rd & Duluth Hwy 120 IB,Duluth Hwy & Meadow Brook Pkwy IB,0.179
Duluth Hwy & Meadow Brook Pkwy IB,Satellite Blvd & BP Gas Station,0.216
Satellite Blvd & BP Gas Station,Satellite Blvd & Marquis @ Sugarloaf IB,0.212
Satellite Blvd & Marquis @ Sugarloaf IB,Satellite Blvd & 2180 Satellite Blvd,0.235
Satellite Blvd & 2180 Satellite Blvd,Satellite Blvd & Chick-fil-A IB,0.287
Satellite Blvd & Chick-fil-A IB,Brown Rd & Sugarloaf Pkwy IB,0.515
Brown Rd & Sugarloaf Pkwy IB,Sugarloaf Mills P&R Local,0.3
Beaver Ruin Rd & Price Pl,Mitchell Rd & Price Pl OB,0.235
Mitchell Rd & Price Pl OB,Mitchell Rd & Everglades Tr (Shell),0.307
Mitchell Rd & Everglades Tr (Shell),Mitchell Rd & Co-Op Ministry,0.213
Mitchell Rd & Co-Op Ministry,Mithcell Rd & Goodwick Way (across),0.361
Mitchell Rd & Co-Op Ministry,Mitchell Rd & Everglades Tr,0.215
Mithcell Rd & Goodwick Way (across),Mitchell Rd & Station Cir (across),0.16
Mitchell Rd & Station Cir (across),Brook Hollow Pkwy & Mitchell Rd OB,0.415
Brook Hollow Pkwy & Mitchell Rd OB,Brook Hollow Pkwy & Pinnacle Way OB,0.444
Brook Hollow Pkwy & Pinnacle Way OB,Brook Hollow Pkwy & Indian Trail Rd OB,0.331
Brook Hollow Pkwy & Indian Trail Rd OB,Indian Trail Rd & Willow Trail Pkwy OB,0.325
Indian Trail Rd & Willow Trail Pkwy OB,Indian Trail Rd & KFC/WF,0.264
Indian Trail Rd & KFC/WF,Indian Trail Rd & GACS (1st Entrance) OB,0.085
Indian Trail Rd & GACS (1st Entrance) OB,Indian Trail Rd & GACS (2nd Entrance) OB,0.113
Indian Trail Rd & GACS (2nd Entrance) OB,Indian Trail Rd & GA Belle Ct,0.193
Indian Trail Rd & GA Belle Ct,Indian Trail Rd & TreeTrl Village Plz,0.272
Indian Trail Rd & TreeTrl Village Plz,Tech Dr & Food Depot,0.124
Tech Dr & Food Depot,Singleton Rd & Sugarwood Ln,0.212
Tech Dr & Food Depot,Steve Reynolds Blvd & Hillcrest Ct,0.306
Singleton Rd & Sugarwood Ln,Singleton Rd & Hydaburg Lane OB,0.208
Singleton Rd & Hydaburg Lane OB,Singleton Rd & Country Downs Dr OB,0.217
Singleton Rd & Country Downs Dr OB,Singleton Rd & Reddington Ln OB,0.065
Singleton Rd & Reddington Ln OB,Singleton Rd & Turners Ridge Dr,0.142
Singleton Rd & Turners Ridge Dr,Singleton Rd & Robin Hill Dr OB,0.112
Singleton Rd & Robin Hill Dr OB,Singleton Rd & Gladiator Drive OB,0.106
Singleton Rd & Gladiator Drive OB,Singleton Rd & Harbins Rd (before light),0.147
Singleton Rd & Harbins Rd (before light),Singleton Rd & Harbins Ridge Dr OB,0.228
Singleton Rd & Harbins Ridge Dr OB,Singleton Rd & Stonewood Dr OB,0.083
Singleton Rd & Stonewood Dr OB,Singleton Rd & Button Gwinnett Pl OB,0.132
Singleton Rd & Button Gwinnett Pl OB,Singleton Rd & Pirkle Rd OB,0.069
Singleton Rd & Pirkle Rd OB,5925 Singleton Rd (across Steeple Chase ,0.226
5925 Singleton Rd (across Steeple Chase ,Singleton Rd & Thompson Pkwy (QT),0.323
Singleton Rd & Thompson Pkwy (QT),Singleton Rd & Church (Iglesia Universal,0.16
Singleton Rd & Church (Iglesia Universal,S Norcross Tucker Rd & Rest. Las Islitas,0.254
Singleton Rd & Church (Iglesia Universal,Jimmy Carter Blvd & Gale Dr,0.33
S Norcross Tucker Rd & Rest. Las Islitas,S Norcross Tucker Rd & Danbury Dr OB,0.157
S Norcross Tucker Rd & Danbury Dr OB,Norcross Tucker Rd & Crestwood Apts,0.153
Norcross Tucker Rd & Crestwood Apts,S Norcross Tucker Rd & Graves Rd OB,0.151
S Norcross Tucker Rd & Graves Rd OB,Graves Rd & Sienna Heights Apts OB,0.133
Graves Rd & Sienna Heights Apts OB,Graves Rd & Marquis Estates Apts OB,0.212
Graves Rd & Marquis Estates Apts OB,Graves Rd & Downing Ln OB,0.119
Graves Rd & Downing Ln OB,Graves Park Entrance (across),0.169
Graves Park Entrance (across),Graves Rd & East Windsor Ln,0.144
Graves Rd & East Windsor Ln,Graves Rd & Champoins Park Apts OB,0.17
Graves Rd & Champoins Park Apts OB,Graves Rd & McDonough Dr OB,0.089
Graves Rd & McDonough Dr OB,McDonough Dr & DACA Specialty Svc OB,0.184
McDonough Dr & DACA Specialty Svc OB,McDonough Dr & Webb Dr OB,0.09
McDonough Dr & Webb Dr OB,McDonough Dr & Young Ct OB,0.214
McDonough Dr & Young Ct OB,McDonough Dr & Fit Food (across),0.157
McDonough Dr & Fit Food (across),McDonough Dr & Wilwat Dr (past street),0.134
McDonough Dr & Wilwat Dr (past street),McDonough Dr & Dawson Blvd,0.111
McDonough Dr & Dawson Blvd,Dawson Blvd & Gateway Business Park,0.119
Dawson Blvd & Gateway Business Park,Dawson Blvd & Carter Center Plaza,0.128
Dawson Blvd & Carter Center Plaza,Dawson/Live Oak & Jimmy Carter Blvd,0.101
Dawson/Live Oak & Jimmy Carter Blvd,Live Oak Pkwy & Live Oak Plaza OB,0.133
Live Oak Pkwy & Live Oak Plaza OB,Live Oak Pkwy & Brookside Apartments,0.231
Live Oak Pkwy & Brookside Apartments,Live Oak Pkwy & Oaklake Office Center,0.101
Live Oak Pkwy & Oaklake Office Center,Live Oak Pkwy at Lakeside Corporate Ct,0.117
Live Oak Pkwy at Lakeside Corporate Ct,Oakbrook Pkwy & Oakbrook Lake Dr OB,0.14
Oakbrook Pkwy & Oakbrook Lake Dr OB,Oakbrook Pkwy & Oakbrook Dr,0.132
Oakbrook Pkwy & Oakbrook Dr,Center Way & Reece  Supply OB,0.15
Center Way & Reece  Supply OB,Brook Hollow Pkwy & EBD OB,0.253
Brook Hollow Pkwy & EBD OB,Brook Hollow Pkwy & Spring Lake Apts OB,0.11
Brook Hollow Pkwy & Spring Lake Apts OB,Brook Hollow Pkwy &Victory World Church,0.136
Brook Hollow Pkwy &Victory World Church,Brook Hollow Pkwy & Financial Dr OB,0.13
Brook Hollow Pkwy & Financial Dr OB,Brook Hollow Pkwy & Jimmy Carter Blvd OB,0.176
Brook Hollow Pkwy & Jimmy Carter Blvd OB,Brook Hollow Pkwy & N Norcross,0.439
Brook Hollow Pkwy & FedEx Entrance,Brook Hollow Pkwy & PepBoys,0.147
Brook Hollow Pkwy & PepBoys,Brook Hollow Pkwy & Jimmy Carter Blvd IB,0.17
Brook Hollow Pkwy & Jimmy Carter Blvd IB,Brook Hollow & Indian Temple (1st Entran,0.187
Brook Hollow & Indian Temple (1st Entran,Brook Hollow & Indian Temple (2nd Entran,0.095
Brook Hollow & Indian Temple (2nd Entran,Brook Hollow Pkwy & Spring Lake Apts,0.174
Brook Hollow Pkwy & Spring Lake Apts,Center Way Quicktrip (across),0.15
Center Way Quicktrip (across),Center Way & Oakbrook Summit Entrance,0.162
Center Way & Oakbrook Summit Entrance,Oakbrook Pkwy & Oakbrook Summit(2nd Ent),0.144
Oakbrook Pkwy & Oakbrook Summit(2nd Ent),Live Oak Pkwy & Fire Department,0.287
Live Oak Pkwy & Fire Department,Live Oak Pkwy & Salvation Army,0.104
Live Oak Pkwy & Salvation Army,Live OakPkwy & Live Oak Center,0.085
Live OakPkwy & Live Oak Center,Live Oak Pkwy at Live Oak Plaza IB,0.192
Live Oak Pkwy at Live Oak Plaza IB,Live Oak Pkwy & Thompson Pkwy IB,0.069
Live Oak Pkwy & Thompson Pkwy IB,Live Oak Pkwy & Carter Oak Crossing,0.072
Live Oak Pkwy & Carter Oak Crossing,Dawson Blvd & Varsity Entrane 1,0.175
Dawson Blvd & Varsity Entrane 1,Dawson Blvd & Varsity Entrance 2,0.066
Dawson Blvd & Varsity Entrance 2,McDonough Dr & Dawson Blvd (Rooms2Go),0.131
McDonough Dr & Dawson Blvd (Rooms2Go),McDonough Dr & Wilwat Dr (ACE) IB,0.125
McDonough Dr & Wilwat Dr (ACE) IB,McDonough Dr & Fit Food IB,0.123
McDonough Dr & Fit Food IB,McDonough Dr & Young Ct IB,0.133
McDonough Dr & Young Ct IB,McDonough Dr & Webb Dr (APEX),0.193
McDonough Dr & Webb Dr (APEX),McDonough Dr & DACA Specialty Svc IB,0.143
McDonough Dr & DACA Specialty Svc IB,Graves Rd & McDonough Dr IB,0.181
Graves Rd & McDonough Dr IB,Graves Rd & Champions Park Apts IB,0.081
Graves Rd & Champions Park Apts IB,Graves Rd & Osborne Dr,0.137
Graves Rd & Osborne Dr,Graves Park Entrance,0.165
Graves Park Entrance,Graves Rd & Graves Mill Dr,0.182
Graves Rd & Graves Mill Dr,Graves Rd & Marquis Estates Apts IB,0.15
Graves Rd & Marquis Estates Apts IB,Graves Rd & E National Cir,0.264
Graves Rd & E National Cir,S Norcross Tucker Rd & Graves Rd,0.089
S Norcross Tucker Rd & Graves Rd,S Norcross Tucker Rd & The Pointe Apartm,0.119
S Norcross Tucker Rd & The Pointe Apartm,S Norcorss Tucker Rd & Oakwood Cir,0.173
S Norcorss Tucker Rd & Oakwood Cir,S Norcross Tucker Rd & Checkers,0.173
S Norcross Tucker Rd & Checkers,Singleton Rd & Sarah Ct,0.256
Singleton Rd & Sarah Ct,Singleton Rd & Thompson Pkwy,0.144
Singleton Rd & Thompson Pkwy,Singleton Rd & The Chelsea Apts IB,0.329
Singleton Rd & The Chelsea Apts IB,Singleton Rd & Pirkle Rd IB,0.179
Singleton Rd & Pirkle Rd IB,Singleton Rd & Button Gwinnett Pl IB,0.113
Singleton Rd & Button Gwinnett Pl IB,Singleton Rd & Walton Way,0.073
Singleton Rd & Walton Way,Singleton Rd & Harbins Ridge Drive IB,0.149
Singleton Rd & Harbins Ridge Drive IB,Singleton Rd & Myrtle Creek Dr,0.08
Singleton Rd & Myrtle Creek Dr,Singleton Rd & Harbins Rd IB,0.108
Singleton Rd & Harbins Rd IB,Singleton Rd & Singleton Valley Cir (1),0.297
Singleton Rd & Singleton Valley Cir (1),Singleton Rd & Singleton Valley Cir (2),0.094
Singleton Rd & Singleton Valley Cir (2),Singleton Rd & Sandune Dr (2nd Entrance),0.141
Singleton Rd & Sandune Dr (2nd Entrance),Singleton Rd & Williams Rd,0.108
Singleton Rd & Williams Rd,Singleton Rd & Seattle Slew Ln,0.123
Singleton Rd & Seattle Slew Ln,Singleton Rd & Riva Ridge Dr,0.057
Singleton Rd & Riva Ridge Dr,Singleton Rd & Santa Anna Dr,0.163
Singleton Rd & Santa Anna Dr,Singleton Rd & Metro Self Storage,0.109
Singleton Rd & Metro Self Storage,Tech Dr & Chevron Gas Station,0.159
Indian Trail Rd & Le's Auto Repair,Indian Trail Rd at BOEHM Travel,0.142
Indian Trail Rd at BOEHM Travel,Indian Trail Rd & Georgia Belle Ct,0.134
Indian Trail Rd & Georgia Belle Ct,Indian Trail Rd & Brook Plaza,0.18
Indian Trail Rd & Brook Plaza,Indian Trail Rd & Quicktrip,0.207
Indian Trail Rd & Quicktrip,Indian Trail Rd & Willow Trail Pkwy IB,0.209
Indian Trail Rd & Willow Trail Pkwy IB,Brook Hollow Pkwy & Chevron Gas Station,0.385
Brook Hollow Pkwy & Chevron Gas Station,Brook Hollow Pkwy & Pinnacle Way IB,0.321
Brook Hollow Pkwy & Pinnacle Way IB,Brook Hollow Pkwy & Mitchell Rd IB,0.509
Brook Hollow Pkwy & Mitchell Rd IB,Mitchell Rd & Station Cir,0.37
Mitchell Rd & Station Cir,Mitchell Rd & Goodwick Way,0.169
Mitchell Rd & Goodwick Way,Mitchell Rd & Co-Op Ministry,0.364
Mitchell Rd & Everglades Tr,Mitchell Rd & Price Pl,0.325
Mitchell Rd & Price Pl,Buford Hwy & Mitchell Rd (NAPA) IB,0.24
Beaver Ruin Rd & Buford Hwy (Las Tortas),Beaver Ruin Rd & Price Pl,0.208
Gwinnett Medical Resource Ctr,Philip Blvd & Katherine Oaks Rd,0.145
Philip Blvd & Katherine Oaks Rd,Philip Blvd & Walther Rd OB,0.274
Philip Blvd & Walther Rd OB,Hurricane Shoals Rd & Whitehall Ln IB,0.31
Philip Blvd & Walther Rd OB,W. Pike St & CVS Pharmacy,0.304
Hurricane Shoals Rd & Whitehall Ln IB,Hurricane Shoals Rd & Curtis Rd IB,0.337
Hurricane Shoals Rd & Curtis Rd IB,Collins Hill Rd & Hurricane Shoals Rd IB,0.21
Collins Hill Rd & Hurricane Shoals Rd IB,Collins Hill Rd & Park Access Dr IB,0.194
Collins Hill Rd & Park Access Dr IB,Collins Hill Rd Collins Industrial Way I,0.41
Collins Hill Rd Collins Industrial Way I,Lonnie Harvel Blvd & Student Center IB,0.451
Collins Hill Rd Collins Industrial Way I,Collins Hill Rd & Park Access Dr OB,0.486
Lonnie Harvel Blvd & Student Center IB,Lonnie Harvel Blvd & GGC Housing IB,0.197
Lonnie Harvel Blvd & GGC Housing IB,Lonnie Harvel Blvd @ Sugar Oak Ln IB,0.336
Lonnie Harvel Blvd @ Sugar Oak Ln IB,Walther Blvd & Parc 980 Apartments IB,0.189
Walther Blvd & Parc 980 Apartments IB,Walther Blvd & C3 Church,0.254
Walther Blvd & C3 Church,Lawrenceville Suwanee Rd & Verizon,0.139
Lawrenceville Suwanee Rd & Verizon,Duluth Hwy & Publix (L'ville Suwanee Rd),0.412
Duluth Hwy & Publix (L'ville Suwanee Rd),Duluth Hwy & Lutheran Church,0.266
Duluth Hwy & Lutheran Church,Riverside Pkwy & Duluth Hwy,0.391
Riverside Pkwy & Duluth Hwy,Riverside Pkwy & Golden Corral,0.158
Riverside Pkwy & Golden Corral,Lakes Pkwy & Riverside Pkwy IB,0.149
Lakes Pkwy & Riverside Pkwy IB,Lakes Pkwy & Lakes Court Dr IB,0.218
Lakes Pkwy & Lakes Court Dr IB,Lakes Pkwy & Wiegand Blvd,0.469
Lakes Pkwy & Wiegand Blvd,Lakes Pkwy @ Smokey Tr,0.454
Lakes Pkwy @ Smokey Tr,Lakes Pkwy & 1760 Apartment Homes IB,0.175
Lakes Pkwy & 1760 Apartment Homes IB,Sugarloaf Pkwy & MacLeod Indusrial Park,0.148
Sugarloaf Pkwy & MacLeod Indusrial Park,Sugarloaf Pkwy & The James @ Sugarloaf,0.308
Sugarloaf Pkwy & The James @ Sugarloaf,1535 Atkinson Rd,0.293
1535 Atkinson Rd,Atkinson Rd & Atkinson Park Dr IB,0.148
Atkinson Rd & Atkinson Park Dr IB,Atkinson Rd & Westfield Dr,0.205
Atkinson Rd & Westfield Dr,Atkinson Rd & Farmwood Dr,0.148
Atkinson Rd & Westfield Dr,Atkinson Rd & Dollar Tree,0.393
Atkinson Rd & Farmwood Dr,Atkinson Rd & Dollar Tree,0.248
Atkinson Rd & Dollar Tree,Sugarloaf Mills Cir & Bass Pro Shop,0.528
Sugarloaf Mills Cir & Bass Pro Shop,Sugarloaf Mills Cir by 412/410 P&R,0.195
Sugarloaf Mills Cir & Bass Pro Shop,Sugarloaf Mills P&R Local,0.039
Sugarloaf Mills Cir by 412/410 P&R,Sugarloaf Mills P&R Local,0.209
Gwinnett Justice & Admin Center,Nash St & GJAC Garage Ave,0.181
Gwinnett Justice & Admin Center,Langley Dr & Constitutional Blvd IB,0.165
Nash St & GJAC Garage Ave,Nash St & Stone Mountain St,0.126
Nash St & Stone Mountain St,S Clayton St & Wells Fargo,0.241
S Clayton St & Wells Fargo,Grayson Hwy & Phillip St (Citgo),0.164
Grayson Hwy & Phillip St (Citgo),Grayson Hwy & St. Lawrence Church,0.164
Grayson Hwy & St. Lawrence Church,Grayson Hwy & Associated Credit Union,0.144
Grayson Hwy & Associated Credit Union,Gwinnett Dr & Town Center Cinemas OB,0.144
Gwinnett Dr & Town Center Cinemas OB,Gwinnett Dr & Scenic Hwy OB,0.365
Gwinnett Dr & Scenic Hwy OB,Gwinnett Dr & Green Tomato OB,0.083
Gwinnett Dr & Green Tomato OB,Stone Mountain St & Piedmont Bank,0.114
Stone Mountain St & Piedmont Bank,Stone Mountian St & Boys & Girls Club OB,0.187
Stone Mountian St & Boys & Girls Club OB,Stone Mountain St & Somerset Dr OB,0.179
Stone Mountain St & Somerset Dr OB,Stone Mountain Street & Open Field,0.196
Stone Mountain Street & Open Field,Stone Mountain St & Charleston Ln,0.145
Stone Mountain St & Charleston Ln,Stone Mountain St & Charter St,0.148
Stone Mountain St & Charter St,Stone Mountain St & Liegh Kay Apts OB,0.21
Stone Mountain St & Liegh Kay Apts OB,Stone Mountain St & Highgate Dr OB,0.391
Stone Mountain St & Highgate Dr OB,Johnson Rd & Stone Mountain St,0.199
Johnson Rd & Stone Mountain St,Johnson Rd & L&ing Plaza OB,0.233
Johnson Rd & L&ing Plaza OB,Sugarloaf Pkwy & Bellbrook Ln OB,0.175
Sugarloaf Pkwy & Bellbrook Ln OB,Sugarloaf Pkwy & PNC Bank OB,0.156
Sugarloaf Pkwy & PNC Bank OB,Sugarloaf Pkwy & Five Forks Trickum Rd,0.248
Sugarloaf Pkwy & Five Forks Trickum Rd,Sugarloaf Pkwy & Prodigy Point,0.262
Sugarloaf Mills at the Discount Tire Co,Atkinson & Shell Gas Station,0.268
Atkinson & Shell Gas Station,Atkinson Rd & Herrington Rd,0.224
Atkinson & Shell Gas Station,Atkinson Rd & Atkinson Park Dr OB,0.566
Atkinson Rd & Herrington Rd,Atkinson Rd & Atkinson Park Dr OB,0.344
Atkinson Rd & Atkinson Park Dr OB,Atkinson & Willow Pointe Dr,0.161
Atkinson & Willow Pointe Dr,Sugarloaf Pkwy & Gwinnett Tech (2nd Entr,0.317
Sugarloaf Pkwy & Gwinnett Tech (2nd Entr,Gwinnett Technical College,0.284
Gwinnett Technical College,Lakes Pkwy @ 1760 Apt Homes OB,0.182
Gwinnett Technical College,Sugarloaf Pkwy & Cisco Office,0.438
Lakes Pkwy @ 1760 Apt Homes OB,Lakes Pkwy & Belle Meade Ct,0.189
Lakes Pkwy & Belle Meade Ct,Lakes Pkwy & WIKA,0.243
Lakes Pkwy & WIKA,Lakes Pkwy & Laval Blvd (Truck Entrance),0.411
Lakes Pkwy & Laval Blvd (Truck Entrance),Lakes Pkwy & Lakes Court Dr OB,0.248
Lakes Pkwy & Lakes Court Dr OB,Riverside Pkwy & Lakes Pkwy OB,0.332
Riverside Pkwy & Lakes Pkwy OB,Riverside Pkwy & Kroger,0.187
Riverside Pkwy & Kroger,Duluth Hwy & Lakes Pkwy,0.174
Duluth Hwy & Lakes Pkwy,Duluth Hwy & ALDI,0.278
Duluth Hwy & ALDI,Duluth Hwy & Lawrenceville Suwanee Rd,0.168
Duluth Hwy & Lawrenceville Suwanee Rd,Lawrenceville Suwanee Rd & AMC,0.346
Lawrenceville Suwanee Rd & AMC,Lawrenceville Suwanee Rd & Lawrenceville,0.153
Lawrenceville Suwanee Rd & Lawrenceville,Walther Blvd & IHOP,0.127
Walther Blvd & IHOP,Walther Blvd & Parc 980 Apartments OB,0.209
Walther Blvd & Parc 980 Apartments OB,Lonnie Harvel Blvd & Sugar Oak Ln OB,0.206
Lonnie Harvel Blvd & Sugar Oak Ln OB,Lonnie Harvel Blvd @ GGC Housing OB,0.322
Lonnie Harvel Blvd @ GGC Housing OB,Lonnie Harvel Blvd & Student Center OB,0.202
Lonnie Harvel Blvd & Student Center OB,Collins Hill Rd Collins Industrial Way I,0.454
Collins Hill Rd & Park Access Dr OB,Collins Hill Rd & Hurricane Shoals Rd OB,0.124
Collins Hill Rd & Hurricane Shoals Rd OB,Hurricane Shoals Rd & Curtis Rd OB,0.228
Hurricane Shoals Rd & Curtis Rd OB,Hurricane Shoals Rd & Whitehall Ln OB,0.304
Hurricane Shoals Rd & Whitehall Ln OB,Hurricane Shoals Rd & Philip Blvd,0.245
Hurricane Shoals Rd & Philip Blvd,Gwinnett Medical Resource Ctr,0.235
Thompson Pkwy & Singleton Rd IB,Singleton Rd & Church (Iglesia Universal,0.14
Jimmy Carter Blvd & Gale Dr,Jimmy Carter Blvd & Rockbridge Rd (IHOP),0.405
Jimmy Carter Blvd & Rockbridge Rd (IHOP),Jimmy Carter Blvd & Shelby Dr,0.086
Jimmy Carter Blvd & Shelby Dr,Jimmy Carter Blvd & Forest Vale Apts,0.159
Jimmy Carter Blvd & Forest Vale Apts,Jimmy Carter Blvd & Sunrise Village Ln,0.332
Jimmy Carter Blvd & Sunrise Village Ln,Jimmy Carter Blvd & Britt Rd,0.257
Jimmy Carter Blvd & Britt Rd,Jimmy Carter Blvd & Wandering Way,0.338
Jimmy Carter Blvd & Everest Tr,Jimmy Carter Blvd & Paces Crossing Apts,0.234
Jimmy Carter Blvd & Paces Crossing Apts,Jimmy Carter Blvd & Hunters Club Ln,0.177
Jimmy Carter Blvd & Hunters Club Ln,Lawrenceville Hwy &Tucker Valley Rd,0.39
Lawrenceville Hwy &Tucker Valley Rd,Lawrenceville Hwy & Summerwalk Pkwy,0.266
Lawrenceville Hwy & Summerwalk Pkwy,Lawrenceville Hwy & Pounds Rd,0.189
Lawrenceville Hwy & Pounds Rd,Lawrenceville Hwy & Lankford Rd IB,0.225
Lawrenceville Hwy & Lankford Rd IB,Lawrenceville Hwy & Mimosa Cir IB,0.213
Lawrenceville Hwy & Mimosa Cir IB,Lawrenceville Hwy & Kenvilla Dr IB,0.264
Lawrenceville Hwy & Kenvilla Dr IB,Lawrenceville Hwy & Harmony Grove Rd IB,0.485
Lawrenceville Hwy & Harmony Grove Rd IB,Lawrenceville Hwy & Rockbridge Rd (Citgo,0.211
Lawrenceville Hwy & Rockbridge Rd (Citgo,Lawrenceville Hwy & Greenwood Dr,0.367
Lawrenceville Hwy & Greenwood Dr,Lawrenceville Hwy & Harbins Rd IB,0.21
Lawrenceville Hwy & Harbins Rd IB,Lawrenceville Hwy & Lilburn School Rd,0.214
Lawrenceville Hwy & Lilburn School Rd,Lawrenceville Hwy & Bryson Park IB,0.199
Lawrenceville Hwy & Bryson Park IB,Lawrenceville Hwy & Pine St,0.202
Lawrenceville Hwy & Pine St,Lawrenceville Hwy & Main St,0.276
Lawrenceville Hwy & Main St,Lawrenceville Hwy & Indian Trail/Killian,0.173
Lawrenceville Hwy & Indian Trail/Killian,Lawrenceville Hwy & BBT Bank IB,0.232
Lawrenceville Hwy & BBT Bank IB,Lawrenceville Hwy & Car Care Service Cen,0.441
Lawrenceville Hwy & Car Care Service Cen,Lawrenceville Hwy & US Postal,0.216
Lawrenceville Hwy & US Postal,Lawrenceville Hwy & Arcado Rd IB,0.316
Lawrenceville Hwy & Arcado Rd IB,Lawrenceville Hwy & Pizza Hut IB,0.254
Lawrenceville Hwy & Pizza Hut IB,Lawrenceville Hwy & PNC Bank (WalMart),0.279
Lawrenceville Hwy & PNC Bank (WalMart),Pleasant Hill Rd & Lawrenceville Hwy IB,0.278
Pleasant Hill Rd & Lawrenceville Hwy IB,Burns Shopping Ctr & Pleasant Hill Rd IB,0.299
Burns Shopping Ctr & Pleasant Hill Rd IB,Burns Rd & Johns Way IB,0.153
Burns Rd & Johns Way IB,Burns Rd & Cliffglen Way IB,0.215
Burns Rd & Cliffglen Way IB,Burns Rd & Bradstone Trace,0.21
Burns Rd & Bradstone Trace,Burns Rd & Shady Dr,0.229
Burns Rd & Shady Dr,Burns Rd & Beaver Ruin Rd (CVS),0.248
Burns Rd & Beaver Ruin Rd (CVS),Burns Rd & Burns Cir B,0.445
Burns Rd & Burns Cir B,Burns Rd & Springwood Dr IB,0.196
Burns Rd & Springwood Dr IB,Burns Rd & Hillcrest Rd (across),0.197
Burns Rd & Hillcrest Rd (across),Burns Rd & Jodeco Cir (across),0.146
Burns Rd & Jodeco Cir (across),Indian Trail Rd & Indian Trail Ct Plaza,0.378
Indian Trail Rd & Indian Trail Ct Plaza,Indian Trail Rd & Wellington Sq Plaza,0.191
Indian Trail Rd & Wellington Sq Plaza,Indian Tr & Wuthering Way (CPA) IB,0.162
Indian Tr & Wuthering Way (CPA) IB,Indian Trail Rd & Steve Reynolds Blvd,0.323
Indian Trail Rd & Steve Reynolds Blvd,Tech Dr & Food Depot,0.185
Steve Reynolds Blvd & Hillcrest Ct,Steve Reynolds Blvd & Ashford Apts IB,0.27
Steve Reynolds Blvd & Ashford Apts IB,Steve Reynolds Blvd & Falling Water Ln I,0.208
Steve Reynolds Blvd & Falling Water Ln I,Steve Reynolds Blvd at Meadow Creek HS,0.548
Steve Reynolds Blvd at Meadow Creek HS,Steve Reynolds Blvd & Windward Lane IB,0.253
Steve Reynolds Blvd & Windward Lane IB,Beaver Ruin Rd & Steve Reynolds Blvd,0.28
Beaver Ruin Rd & Steve Reynolds Blvd,Park Dr & Beaver Ruin Rd IB,0.363
Park Dr & Beaver Ruin Rd IB,Park Dr & Communications Dr IB,0.277
Park Dr & Communications Dr IB,Park Dr & Shackleford Rd,0.179
Park Dr & Shackleford Rd,Shackleford Rd & Doan Way IB,0.12
Shackleford Rd & Doan Way IB,Shackleford Rd & Corporate Dr IB,0.158
Shackleford Rd & Corporate Dr IB,Club Dr & Shackleford Rd,0.333
Club Dr & Steve Reynolds Blvd,Club Dr & Carrington Ct Apts (Court Dr),0.198
Club Dr & Carrington Ct Apts (Court Dr),Sweetwater Rd & Club Dr (FedEx/Kinkos),0.276
Sweetwater Rd & Club Dr (FedEx/Kinkos),Pleasant Hill Rd & Pleasant Hill Plaza,0.26
Pleasant Hill Rd & Pleasant Hill Plaza,Koger Blvd & Assi Farmers Market,0.139
Koger Blvd & Assi Farmers Market,Koger Blvd & Devry University IB,0.147
Koger Blvd & Devry University IB,Breckinridge Blvd & Cascade Apartments,0.253
Breckinridge Blvd & Cascade Apartments,3350 Breckinridge Blvd,0.159
3350 Breckinridge Blvd,Breckinridge Blvd & Arlon Lane,0.233
3350 Breckinridge Blvd,3300 Breckinridge Blvd,0.103
Breckinridge Blvd & Arlon Lane,Breckinridge Blvd & Eldridge Rd,0.145
Breckinridge Blvd & Eldridge Rd,Breckinridge Blvd & Executive Dr S,0.219
Breckinridge Blvd & Eldridge Rd,Breckinridge Blvd/Old Norcross Rd,0.374
Breckinridge Blvd & Executive Dr S,Old Norcross Rd & Breckinridge Blvd IB,0.145
Old Norcross Rd & Breckinridge Blvd IB,Satellite Blvd & Satellite Point Offices,0.579
Old Norcross Rd at Gwinnett Clinic,Old Norcross at the Gwinnett Body Shop,0.24
Old Norcross at the Gwinnett Body Shop,Old Norcross at Stephen Gould Corp,0.083
Old Norcross at Stephen Gould Corp,Old Norcross Rd & Sweetwater Rd OB,0.22
Old Norcross Rd & Sweetwater Rd OB,Old Norcross Rd & Mill Valley Apts,0.123
Old Norcross Rd & Mill Valley Apts,Old Norcross Rd & Old Victorian Rd IB,0.094
Old Norcross Rd & Old Victorian Rd IB,Old Norcross & Sweetwoods Dr,0.328
Old Norcross Rd & Old Victorian Rd IB,Old Norcross Rd & Sweetwater Rd IB,0.119
Old Norcross & Sweetwoods Dr,Boggs Rd & Old Norcross Rd,0.154
Boggs Rd & Old Norcross Rd,Boggs Rd & Astor Place Apts,0.118
Boggs Rd & Astor Place Apts,Boggs Rd & Magnolia Pointe Apts,0.208
Boggs Rd & Magnolia Pointe Apts,Boggs Rd & Post Office (3rd entrance),0.184
Boggs Rd & Post Office (3rd entrance),Boggs Rd & Post Office  (First Entrance),0.132
Boggs Rd & Post Office  (First Entrance),Breckinridge Blvd & The Enclave @ Breck,0.636
Breckinridge Blvd & The Enclave @ Breck,Breckinridge & Mustangs Unltd OB across,0.326
Breckinridge & Mustangs Unltd OB across,Breckinridge Blvd & RICOH (across),0.116
Breckinridge Blvd & RICOH (across),Breckinridge Blvd & Duluth Hwy,0.366
Breckinridge Blvd & Duluth Hwy,Sugarloaf Mills Cir & Bass Pro Shop,0.419
Sugarloaf Pkwy & Cisco Office,Sugarloaf Pkwy & Taco Bell,0.27
Sugarloaf Pkwy & Taco Bell,Old Norcrss Rd & Shell Gas Station,0.387
Old Norcrss Rd & Shell Gas Station,Old Norcross Rd & Winding River Dr,0.333
Old Norcross Rd & Winding River Dr,Old Norcross Rd & Bridge,0.127
Old Norcross Rd & Bridge,Old Norcross Rd & Burnham Ridge,0.165
Old Norcross Rd & Burnham Ridge,Old Norcross Rd at Brass Key Ct,0.192
Old Norcross Rd & Burnham Ridge,Old Norcross Rd & Tipton Industrial Dr,0.166
Old Norcross Rd at Brass Key Ct,Old Norcross Rd & Hillandale Rd,0.239
Old Norcross Rd & Hillandale Rd,Old Norcross Rd & Riverside Pkwy OB,0.257
Old Norcross Rd & Riverside Pkwy OB,Old Norcross Rd & Averitt OB,0.194
Old Norcross Rd & Averitt OB,Old Norcross Rd & Monfort Rd,0.178
Old Norcross Rd & Monfort Rd,Lawrenceville Suwanee Rd & Professional ,0.411
Lawrenceville Suwanee Rd & Professional ,Professional Dr & 2nd 4way Stop Sign,0.142
Professional Dr & 2nd 4way Stop Sign,Prof Dr at the Gwinnett Prof Center #2,0.44
Prof Dr at the Gwinnett Prof Center #2,Philip Blvd & Katherine Oaks Rd,0.233
W. Pike St & CVS Pharmacy,W Pike St & Kaceys Home Cooking Rest,0.189
W Pike St & Kaceys Home Cooking Rest,W Pike St & Ultra Carwash,0.208
W Pike St & Ultra Carwash,W Pike St & Midas OB,0.192
W Pike St & Midas OB,W Pike St & W Pike Plza (Sign-o-rama),0.133
W Pike St & W Pike Plza (Sign-o-rama),Langley Dr & Huff St (Shell),0.153
Langley Dr & Huff St (Shell),131 Langley Professional Building,0.104
131 Langley Professional Building,Gwinnett Justice & Admin Center,0.312
Sugarloaf Pkwy & Prodigy Point,Sugarloaf Pkwy & Dunnhill Dr,0.345
Sugarloaf Pkwy & Dunnhill Dr,Lawrenceville Suwanee & Radio Shack,0.551
Lawrenceville Suwanee & Radio Shack,Lawrenceville Hwy & Wal-Mart,0.235
Lawrenceville Hwy & Wal-Mart,Lawrenceville Hwy & Pizza Hut,0.43
Lawrenceville Hwy & Pizza Hut,Lawrenceville Hwy & Little Ceasars,0.152
Lawrenceville Hwy & Little Ceasars,Lawrenceville Hwy & Lawrenceville Pediat,0.225
Lawrenceville Hwy & Lawrenceville Pediat,Lawrenceville Hwy & Hanarry Dr,0.284
Lawrenceville Hwy & Hanarry Dr,Lawrenceville Hwy & Bartow Jenkins Park,0.214
Lawrenceville Hwy & Bartow Jenkins Park,Gwinnett Central High School IB,0.416
Gwinnett Central High School IB,Gwinnett Dr & HS Football Field,0.178
Gwinnett Dr & HS Football Field,Gwinnett Dr & Police Security Bldg,0.117
Gwinnett Dr & Police Security Bldg,Gwinnett Dr & Stone Mountain St,0.275
Gwinnett Dr & Stone Mountain St,Gwinnett Dr & Bridgestone Tire,0.087
Gwinnett Dr & Bridgestone Tire,Gwinnett Dr & PNC Bank,0.167
Gwinnett Dr & PNC Bank,Gwinnett Dr & Kroger Shopping IB,0.323
Gwinnett Dr & Kroger Shopping IB,Grayson Hwy & VFW IB,0.181
Grayson Hwy & VFW IB,Grayson Hwy & Big Lots,0.21
Grayson Hwy & Big Lots,Grayson Hwy & Metro Matress,0.078
Grayson Hwy & Metro Matress,Grayson Hwy & Lawrenceville Square Plaza,0.195
Grayson Hwy & Lawrenceville Square Plaza,Nash St & Culver St,0.228
Nash St & Culver St,Gwinnett Justice & Admin Center,0.195
Langley Dr & Constitutional Blvd IB,Langley Dr & Methodist Church,0.439
Langley Dr & Methodist Church,Langley Dr & Plaza Park Office,0.088
Langley Dr & Plaza Park Office,W Pike St & Honeysuckle Ave,0.158
W Pike St & Honeysuckle Ave,W Pike St & Buchannan St (Hertz),0.179
W Pike St & Buchannan St (Hertz),W Pike St & Old Norcross Rd,0.216
W Pike St & Old Norcross Rd,W Pike St & Phoenix HS,0.116
W Pike St & Phoenix HS,W Pike St & McConnell Dr,0.112
W Pike St & McConnell Dr,Philip Blvd & Walther Rd IB,0.363
Philip Blvd & Walther Rd IB,Philip Blvd & Katherine Oak Ct IB,0.236
Philip Blvd & Katherine Oak Ct IB,575 Professional Dr,0.193
575 Professional Dr,Prof Dr & Second Four Way Stop Sign IB,0.472
Prof Dr & Second Four Way Stop Sign IB,Lawrenceville Suwanee Rd & Old Norcross ,0.336
Lawrenceville Suwanee Rd & Old Norcross ,Old Norcross Rd & Showroom (Raco Dr),0.261
Old Norcross Rd & Showroom (Raco Dr),Old Norcross Rd & Averritt (across) IB,0.127
Old Norcross Rd & Averritt (across) IB,Old Norcross Rd & Riverside Pkwy IB,0.13
Old Norcross Rd & Riverside Pkwy IB,Old Norcross Rd & Benefield Elementary,0.335
Old Norcross Rd & Benefield Elementary,Old Norcross Rd & Discovery HS IB,0.279
Old Norcross Rd & Discovery HS IB,Old Norcross Rd & Burnham Ridge,0.134
Old Norcross Rd & Tipton Industrial Dr,Old Norcross Rd & Cntry @Sugarloaf Apts,0.128
Old Norcross Rd & Cntry @Sugarloaf Apts,Old Norcross Rd & Sugarloaf Pkwy,0.374
Old Norcross Rd & Sugarloaf Pkwy,Sugarloaf Pkwy & Arbys,0.216
Sugarloaf Pkwy & Arbys,Sugarloaf Pkwy & Marathon Blvd (McD's),0.19
Sugarloaf Pkwy & Marathon Blvd (McD's),Sugarloaf Pkwy & MacLeod Indusrial Park,0.61
Breckinridge Blvd & Friendly Village,Breckinridge Blvd & Newpoint Pl,0.243
Breckinridge Blvd & Newpoint Pl,Breckinridge Blvd & Mustang Unlimited,0.13
Breckinridge Blvd & Mustang Unlimited,Breckinridge Blvd & Kia Building,0.307
Breckinridge Blvd & Kia Building,Boggs Rd & Post Office (Main Entrance),0.67
Boggs Rd & Post Office (Main Entrance),Boggs Rd & Caduceus Occupational Med,0.141
Boggs Rd & Caduceus Occupational Med,Boggs Rd & Autumn Village Ct,0.099
Boggs Rd & Autumn Village Ct,Boggs Rd & Meridian Apts,0.064
Boggs Rd & Meridian Apts,Boggs Rd & Astor Place Apartments,0.245
Boggs Rd & Astor Place Apartments,Old Norcross Rd & Boggs Rd IB,0.144
Old Norcross Rd & Boggs Rd IB,Old Norcross Rd & Old Victorian Rd IB,0.379
Old Norcross Rd & Sweetwater Rd IB,Old Norcross Rd & Old Norcross Plaza,0.092
Old Norcross Rd & Old Norcross Plaza,Old Norcross Rd & Arbors @Breckinridge,0.171
Old Norcross Rd & Arbors @Breckinridge,Old Norcross Rd & 3100 Curtis Building,0.147
Old Norcross Rd & 3100 Curtis Building,Old Norcross Rd & Breckinridge Blvd IB,0.38
Steve Reynolds Blvd & 7 Coffee Shop OB,Steve Reynolds Blvd & Old Norcross Rd OB,0.262
Steve Reynolds Blvd & Old Norcross Rd OB,N Berkeley Lake Rd & Wal-Mart OB,0.649
N Berkeley Lake Rd & Wal-Mart OB,N Berkeley Lake Rd & Marquis @ Nberkeley,0.124
N Berkeley Lake Rd & Marquis @ Nberkeley,N Berkeley Lake Rd & Cross Road Dist,0.173
N Berkeley Lake Rd & Marquis @ Nberkeley,N Berkeley Lake Road & Wal-Mart,0.123
N Berkeley Lake Rd & Cross Road Dist,N Berkeley Lake Rd & The Estates Apts OB,0.114
N Berkeley Lake Rd & The Estates Apts OB,N Berkeley Lake Rd & Storage OB,0.43
N Berkeley Lake Rd & Storage OB,Buford Hwy & Suzanne's Kitchen,0.203
Buford Hwy & Suzanne's Kitchen,Buford Hwy & Gravitt Tr (across) OB,0.223
Buford Hwy & Gravitt Tr (across) OB,Buford Hwy & S Old Peachtree Rd OB,0.389
Buford Hwy & S Old Peachtree Rd OB,Buford Hwy & Simpson Cir,0.342
Buford Hwy & Simpson Cir,Buford Hwy & Remington Park Ct,0.211
Buford Hwy & Simpson Cir,Buford Hwy & Woodbine Hill Way,0.249
Buford Hwy & Remington Park Ct,Buford Hwy & Phoenix Metals,0.29
Buford Hwy & Remington Park Ct,Buford Hwy & Simpson Cir,0.211
Buford Hwy & Phoenix Metals,Buford Hwy & Pittman Cir,0.4
Buford Hwy & Pittman Cir,Buford Hwy & Smith Ridge Trace,0.548
Buford Hwy & Pittman Cir,Buford Hwy & Payne Rd,0.346
Buford Hwy & Smith Ridge Trace,Buford Hwy & Langford Rd (Magnolia Plaza,0.192
Buford Hwy & Langford Rd (Magnolia Plaza,Buford Hwy & Norcross Industrial Ct,0.208
Buford Hwy & Norcross Industrial Ct,Buford Hwy & Peach Corners Dist Ctr,0.21
Buford Hwy & Peach Corners Dist Ctr,Beaver Ruin Rd & Buford Hwy (McD's),0.142
Buford Hwy & Beaver Ruin Rd (10BIB),Buford Hwy & Old Norcross Rd,0.164
Buford Hwy & Old Norcross Rd,Buford Hwy & Cambridge St,0.389
Buford Hwy & Cambridge St,Buford Hwy & Pittman Cir,0.637
Buford Hwy & Payne Rd,Buford Hwy & Remington Park Ct,0.344
Buford Hwy & Woodbine Hill Way,Buford Hwy & West Mount Tabor,0.19
Buford Hwy & West Mount Tabor,Buford Hwy & Gravitt Tr IB,0.274
Buford Hwy & Gravitt Tr IB,Buford Hwy & N Berkeley Lake Rd IB,0.25
Buford Hwy & N Berkeley Lake Rd IB,N Berkeley Lake Rd & Storage IB,0.155
N Berkeley Lake Rd & Storage IB,N Berkeley Lake Rd & The Estates Apts IB,0.45
N Berkeley Lake Rd & The Estates Apts IB,N Berkeley Lake Rd & Marquis @ Nberkeley,0.284
N Berkeley Lake Road & Wal-Mart,Steve Reynolds Blvd & Old Norcross Rd,0.565
Steve Reynolds Blvd & Old Norcross Rd,Steve Reynolds Blvd & Chesdan Dr,0.266
Steve Reynolds Blvd & Chesdan Dr,Satellite Blvd & InTown Suites IB,0.26
Central Avenue at Wall Street,Peachtree Center Avenue at Auburn Avenue,0.24
Peachtree Center Avenue at Auburn Avenue,Peachtree Center Avenue at John Wesley Dobbs Avenue,0.122
Peachtree Center Avenue at John Wesley Dobbs Avenue,Peachtree Center Avenue at Andrew Young International Boulevard,0.178
Peachtree Center Avenue at Andrew Young International Boulevard,Civic Center Station (West Peachtreet Street),0.462
Peachtree Center Avenue at Andrew Young International Boulevard,Baker Street at Peachtree Street,0.199
West Peachtree Street at 14th Street,Arts Center MARTA Station,0.139
Arts Center MARTA Station,Shackleford Rd & Kaiser Permanente Bldg,18.084
Arts Center MARTA Station,Peachtree Street at 14th Street,0.3
Shackleford Rd & Kaiser Permanente Bldg,Shackleford Rd & Pine Rd (Building),0.182
Shackleford Rd & Pine Rd (Building),Shackleford Rd & Hotel (Sonesta),0.128
Shackleford Rd & Hotel (Sonesta),Breckinridge Blvd & Fairfield Inn,0.214
Breckinridge Blvd & Fairfield Inn,Breckinridge Blvd & Cascade Apartments,0.276
3300 Breckinridge Blvd,Breckinridge Blvd & Arlon Lane,0.139
Breckinridge Blvd/Old Norcross Rd,Breckinridge Blvd & Breckinridge Pkwy,0.275
Breckinridge Blvd & Breckinridge Pkwy,2700 Breckinridge Blvd,0.229
2700 Breckinridge Blvd,Breckinridge Blvd & Boggs Rd,0.426
Breckinridge Blvd & Boggs Rd,Breckinridge Blvd & Duluth Hwy,1.236
Central Avenue Southwest at Mitchell Street Southwest,Martin Luther King Jr Dr & Peachtree St,0.176
Central Avenue Southwest at Mitchell Street Southwest,Central Avenue at Martin Luther King Junior Drive,0.144
Central Avenue at Martin Luther King Junior Drive,Central Avenue at Wall Street,0.094
Central Avenue at Martin Luther King Junior Drive,Martin Luther King Junior Drive at Peachtree Street,0.142
Baker Street at Peachtree Street,Civic Center Station (West Peachtreet Street),0.266
Peachtree Street at 14th Street,Peachtree Street at 10th Street,0.301
Peachtree Street at 10th Street,Peachtree Street at North Avenue,0.765
Peachtree Street at North Avenue,Peachtree Street at Baker Street,0.584
Check Point 4,Check Point 3,5.658
Check Point 3,I-85 @ Indian Trail P&R,10.028
Autry Circle @ Avalon,Hwy 92 @ Stewart Middle OB,0.782
Hwy 92 @ Stewart Middle OB,JD Simpson Mortuary,0.331
JD Simpson Mortuary,Cristo Vive Church,0.205
Cristo Vive Church,Pound Circle,0.31
Pound Circle,W Strickland @ Millcreek,0.231
W Strickland @ Millcreek,Gurley Rd @ Community Ctr,0.818
Gurley Rd @ Community Ctr,Hwy 5 @ Rocky Ridge Apts,0.404
Hwy 5 @ Rocky Ridge Apts,Douglas @ Arbor Sq Plaza,0.771
Douglas @ Arbor Sq Plaza,Douglas @ Blvd Plaza,0.183
Douglas @ Blvd Plaza,Douglas @ Bank of Amer,0.088
Douglas @ Bank of Amer,Douglas @ Arbor Pl Mall (IB),0.766
Douglas @ Bank of Amer,Arbor Place Mall @ Belk OB,0.657
Douglas @ Arbor Pl Mall (IB),Douglas @ SunTrust,0.837
Douglas @ SunTrust,Concourse Pkwy,0.545
Douglas @ SunTrust,Douglas @ Home Depot,0.42
Concourse Pkwy,Rose Ave @ Fairways,0.278
Rose Ave @ Fairways,Selman Rd @ Health Center,0.521
Selman Rd @ Health Center,Selman @ Library,0.045
Selman @ Library,Selman Dr @ Selman Ave,0.332
Selman @ Library,Selman @ Club,0.344
Selman Dr @ Selman Ave,Campbellton @ Spring,0.466
Interstate Pkwy @ Thornton,Thornton@Riverside Pkwy NB,2.561
Thornton@Riverside Pkwy NB,Riverside E @ Rock House,0.598
Riverside E @ Rock House,Tributary Villages,3.023
Tributary Villages,Riverside W @ Rock House,3.023
Riverside W @ Rock House,Thornton Road @ Riverside S,0.568
Thornton Road @ Riverside S,Bob Arnold @ Preston,2.285
Bob Arnold @ Preston,Bob Arnold @Linda,0.341
Bob Arnold @Linda,Thornton S @ Amazon,1.709
Thornton S @ Amazon,Riverside W @ Coloplast,0.614
Riverside W @ Coloplast,Riverside Rd @ Avonlea Tributary,0.978
Riverside Rd @ Avonlea Tributary,Riverside W @ Red Cross,1.816
Riverside W @ Red Cross,Riverside E @ Red Cross,0.036
Riverside E @ Red Cross,Riverside Rd E @ Avonlea Tributary,1.864
Riverside Rd E @ Avonlea Tributary,Riverside E @ Coloplast,0.907
Riverside E @ Coloplast,Thornton N @ Amazon,0.554
W Douglas P&R (IB),Douglas @ Caduceus OB,0.359
W Douglas P&R (IB),Arbor Place Mall @ Belk OB,1.639
W Douglas P&R (IB),Stewart @ GA Highlands Col,0.438
Douglas @ Caduceus OB,Douglas @ Home Depot,0.145
Douglas @ Caduceus OB,W Douglas P&R (IB),0.359
Douglas @ Home Depot,Douglas @ Hwy 5,0.371
Douglas @ Home Depot,Douglas @ Caduceus OB,0.145
Douglas @ Hwy 5,Douglas @ Bank of Amer,0.139
Arbor Place Mall @ Belk OB,Hospital @ Prestley Mill,0.941
Arbor Place Mall @ Belk OB,Hospital Dr @ Professional,1.647
Hospital @ Prestley Mill,Hospital Dr @ Professional,0.833
Hospital Dr @ Professional,Dorris @ Courthouse IB,0.358
Hospital Dr @ Professional,MMTC,0.5
Dorris @ Courthouse IB,MMTC,0.239
MMTC,DuraLee @ DFACS OB,0.389
MMTC,Dorris @ Courthouse OB,0.233
MMTC,Woodie Fite Senior Center,0.141
DuraLee @ DFACS OB,Fairburn @ Earl D Lee,0.266
Fairburn @ Earl D Lee,Lee Rd @Sweetwater Ind,4.352
Lee Rd @Sweetwater Ind,Sweetwater @ Honeysuckle,0.551
Sweetwater @ Honeysuckle,Sweetwater @ Skyview OB,0.092
Sweetwater @ Skyview OB,Sweetwater @ Hwy 78,0.587
Sweetwater @ Hwy 78,Hwy 78 @ Lucile,0.146
Hwy 78 @ Lucile,Hwy 78 @ Boyd St IB,0.237
Hwy 78 @ Boyd St IB,Thornton@ Veteran's Memorial OB,0.426
Thornton@ Veteran's Memorial OB,Hwy 78 @ Thornton OB,0.363
Hwy 78 @ Thornton OB,Thornton @ Westfork Dr,0.51
Thornton @ Westfork Dr,Thronton @ Westfork Blvd OB,0.475
Thronton @ Westfork Blvd OB,Thornton @ Crestmark,1.188
Thornton @ Crestmark,Thornton @ Interstate W Pkwy,0.625
Thornton @ Interstate W Pkwy,S Service Rd @ EpiCenter,2.523
Thornton @ Interstate W Pkwy,Thornton @ Oak,0.756
S Service Rd @ EpiCenter,S Service Rd @ Six Flags,0.308
S Service Rd @ Six Flags,Thornton @ Interstate W Pkwy,2.83
Thornton @ Oak,Thornton @ Maxham,0.912
Thornton @ Maxham,Thronton @ Westfork Blvd IB,0.143
Thronton @ Westfork Blvd IB,Hwy 78 @ Thornton IB,1.011
Hwy 78 @ Thornton IB,Thornton@ Veteran's Memorial IB,0.156
Thornton@ Veteran's Memorial IB,Sweetwater @ Hwy 78 IB,0.935
Sweetwater @ Hwy 78 IB,Sweetwater @ Skyview IB,0.623
Sweetwater @ Skyview IB,Hwy 78 @ Boyd St OB,0.743
Hwy 78 @ Boyd St OB,Lee @ Vulcan,1.706
Lee @ Vulcan,Duralee @ DFACS IB,4.482
Duralee @ DFACS IB,MMTC,0.375
Dorris @ Courthouse OB,Hospital @ Professional IB,0.283
Dorris @ Courthouse OB,Alpha Fowler CC,0.092
Hospital @ Professional IB,Douglas @ Hampton Inn OB,0.836
Douglas @ Hampton Inn OB,Arbor Place Mall @ Belk IB,0.381
Woodie Fite Senior Center,Dorris @ Courthouse OB,0.164
Alpha Fowler CC,Hospital @ Douglas Manor,0.349
Hospital @ Douglas Manor,Prestley @ Stonebridge,0.291
Prestley @ Stonebridge,Timber Ridge @ GA Tech Col,0.28
Timber Ridge @ GA Tech Col,Kohl's,0.827
Kohl's,Target,0.169
Target,Wells Fargo Bank,0.138
Wells Fargo Bank,Douglas @ Arbor Pl Mall (IB),0.349
Stewart @ GA Highlands Col,Stewart @ Hwy 5,0.33
Stewart @ Hwy 5,Hwy 5 N @ Red Lobster,0.169
Hwy 5 N @ Red Lobster,Concourse Pkwy,0.971
Selman @ Club,Club Dr @ Spring St,0.005
Club Dr @ Spring St,Price @ Spring,0.349
