,stop_id,stop_name,stop_lat,stop_lon,carrier
0,184,Pryor St at Garnett St,33.748349,-84.393486,xpress
1,185,Central Ave at Garnett St,33.747592,-84.392123,xpress
2,188,Mitchell St at Peachtree St,33.750977,-84.393194,xpress
3,189,Ted Turner Dr (S) at Brotherton St,33.749065,-84.398154,xpress
4,192,Ted Turner Dr (N) at Brotherton St,33.748891,-84.397938,xpress
5,193,Peachtree Center Ave at Peachtree St,33.76348,-84.385935,xpress
6,195,Acworth Park and Ride,34.077262,-84.65646,xpress
7,196,BrandsMart Park and Ride,33.547074,-84.285489,xpress
8,198,Cumming Park and Ride,34.181736,-84.142303,xpress
9,199,Dacula Park and Ride (Hebron Church),33.998767,-83.907051,xpress
10,200,Douglas MMTC Park and Ride,33.743237,-84.726142,xpress
11,201,East Conyers Park and Ride,33.641222,-83.986899,xpress
12,202,Hamilton Mill Park and Ride,34.0752,-83.921589,xpress
13,203,Hampton Park and Ride,33.381316,-84.299131,xpress
14,204,Hewatt Rd Park and Ride,33.839357,-84.059862,xpress
15,205,Hiram Park and Ride,33.885265,-84.739201,xpress
16,206,Jonesboro Park and Ride,33.524296,-84.362082,xpress
17,207,Mall of Georgia Park and Ride,34.067771,-83.982602,xpress
18,208,McDonough Park and Ride,33.416873,-84.181227,xpress
19,209,Newnan Park and Ride,33.403708,-84.723119,xpress
20,210,Panola Rd Park and Ride,33.702199,-84.173405,xpress
21,211,Powder Springs Park and Ride,33.867512,-84.701564,xpress
22,212,Riverdale Park and Ride,33.567953,-84.403448,xpress
23,213,Snellville Park and Ride,33.854053,-84.014637,xpress
24,214,Stockbridge Park and Ride,33.548174,-84.278993,xpress
25,215,Stone Mountain Park and Ride,33.822687,-84.110042,xpress
26,217,Town Center/Big Shanty Park and Ride,34.026778,-84.571143,xpress
27,218,Union City Park and Ride,33.58684,-84.512402,xpress
28,219,West Conyers Park and Ride (DT),33.685268,-84.059012,xpress
29,220,West Douglas Park and Ride,33.723283,-84.773527,xpress
30,221,Woodstock Park and Ride,34.081564,-84.541754,xpress
31,223,Ivan Allen at Alexander St,33.764941,-84.386791,xpress
32,224,John Portman Blvd at Peachtree St,33.760919,-84.387842,xpress
33,225,Mitchell St at Forsyth St,33.751731,-84.394568,xpress
34,226,Pryor St at Mitchell St,33.75076,-84.39159,xpress
35,227,Ted Turner Dr at Mitchell St,33.75221,-84.395785,xpress
36,228,Wall St at Central Ave,33.752609,-84.388563,xpress
37,229,Williams St at Baker St,33.762462,-84.390664,xpress
38,230,Baker St at Williams St,33.762355,-84.390278,xpress
39,234,North Ave at Peachtree St,33.771285,-84.385403,xpress
40,235,Spring St at 17th St,33.790321,-84.38942,xpress
41,236,Spring St at 5th St,33.777026,-84.388905,xpress
42,237,Spring St just before Linden Ave,33.770226,-84.38896,xpress
43,239,Arts Center  Station,33.789216,-84.387692,xpress
44,244,Peachtree-Dunwoody Rd at Concourse Pkwy,33.916887,-84.351407,xpress
45,245,Peachtree-Dunwoody Rd at Concourse Pkwy,33.916068,-84.351139,xpress
46,246,Perimeter Center at Perimeter Center Pkwy,33.92759,-84.34409,xpress
47,247,Perimeter Center West at Perimeter Center Pkwy,33.927487,-84.344202,xpress
48,248,Perimeter Center Pkwy Office Park (N),33.925559,-84.345089,xpress
49,249,Perimeter Center Pkwy Office Park (S),33.925596,-84.345206,xpress
50,250,Medical Center Station,33.910562,-84.351482,xpress
51,251,Sandy Springs Station,33.931592,-84.350765,xpress
52,252,Dunwoody Station,33.921365,-84.344273,xpress
53,281,Thornton Rd (N) at Bankhead Hwy,33.79756,-84.64358,xpress
54,282,Thornton Rd (S) at Maxham Rd,33.789376,-84.623716,xpress
55,283,Thornton Rd (N) at Maxham Rd,33.78976,-84.623791,xpress
56,284,Thornton Rd (N) at North Blairs Bridge Rd,33.779532,-84.60689,xpress
57,285,Thornton Rd (S) at North Blairs Bridge Rd,33.779478,-84.607226,xpress
58,286,Thornton Rd at Oak Ridge Rd,33.783393,-84.609768,xpress
59,287,Thornton Rd at Skyview Dr,33.78194,-84.608867,xpress
60,288,Thornton Rd at Westfork Blvd,33.792292,-84.6301,xpress
61,289,Lindbergh Center Station,33.821361,-84.36904,xpress
62,321,Baker St at Peachtree St,33.762306,-84.38718,xpress
63,322,Central Ave at Wall St,33.752412,-84.388429,xpress
64,324,John Portman Blvd at Courtland St,33.760901,-84.384659,xpress
65,325,Peachtree Center Ave at Auburn Ave,33.755261,-84.386054,xpress
66,326,Civic Center Station (NB),33.766731,-84.387403,xpress
67,327,Civic Center Station (SB),33.766146,-84.387608,xpress
68,328,West Peachtree St at Peachtree Pl,33.780654,-84.387333,xpress
69,329,West Peachtree St at 5th St,33.776185,-84.387253,xpress
70,330,North Ave Station,33.771924,-84.387247,xpress
71,331,West Peachtree St after 14 St,33.787383,-84.387706,xpress
72,332,Sugarloaf Mills GCT Park and Ride,33.983528,-84.084139,xpress
73,333,Baker St at Peachtree St,33.762347,-84.387038,xpress
74,340,17th St at Spring St,33.791963,-84.389041,xpress
75,341,17th St at Market St,33.791329,-84.394773,xpress
76,365,West Conyers Park and Ride (MT/Peri),33.68514,-84.057062,xpress
77,366,Ponce De Leon Ave at W Peachtree St,33.772409,-84.387619,xpress
78,367,Thornton Rd (S) at Bankhead Hwy,33.797373,-84.643698,xpress
79,369,Hickory Grove Park and Ride,34.06581,-84.610719,xpress
80,371,Peachtree St at Five Points Station,33.753571,-84.390377,xpress
81,372,Washington St at MLK Jr Dr,33.75036,-84.388304,xpress
82,373,Central Ave at Mitchell St,33.749524,-84.3907,xpress
83,374,Courtland St at Auburn Ave,33.755913,-84.384348,xpress
84,375,Courtland St at Ellis St,33.758501,-84.384307,xpress
85,376,Courtland St at Gilmer St,33.753112,-84.385795,xpress
86,377,Forsyth St at MLK Jr Dr,33.752301,-84.393936,xpress
87,378,MLK Jr Dr at Peachtree St,33.751933,-84.391726,xpress
88,379,Central Ave at MLK Jr Dr,33.751302,-84.389382,xpress
89,380,Peachtree Center Ave at Andrew Young Int'l Blvd,33.759602,-84.386002,xpress
90,381,Peachtree Center Ave at John Wesley Dobbs Ave,33.757033,-84.386033,xpress
91,382,Peachtree St at Baker St,33.762634,-84.387348,xpress
92,383,Peachtree St at Renaissance Pkwy,33.768489,-84.38521,xpress
93,384,Ted Turner Dr at West Peachtree Pl,33.763941,-84.388931,xpress
94,385,West Peachtree St at 12th St,33.784058,-84.387762,xpress
95,416,Xpress Sugarloaf Mills P&R,33.978183,-84.084377,xpress
0,27,HAMILTON E HOLMES STATION,33.754553,-84.469302,marta
1,28,WEST LAKE STATION,33.753328,-84.445329,marta
2,39,WEST LAKE STATION,33.753247,-84.445568,marta
3,40,HAMILTON E HOLMES STATION,33.754517,-84.469824,marta
4,53,DUNWOODY STATION,33.920862,-84.344213,marta
5,57,LINDBERGH CENTER STATION,33.823385,-84.369357,marta
6,58,LINDBERGH CENTER STATION,33.823492,-84.369324,marta
7,61,DUNWOODY STATION,33.92113,-84.344268,marta
8,83,BROOKHAVEN-OGLETHORPE STATION,33.860329,-84.339245,marta
9,84,BROOKHAVEN-OGLETHORPE STATION,33.859989,-84.339397,marta
10,111,ARTS CENTER STATION,33.789669,-84.387414,marta
11,112,ARTS CENTER STATION,33.788828,-84.387272,marta
12,133,MIDTOWN  STATION,33.781247,-84.386342,marta
13,134,MIDTOWN STATION,33.781355,-84.386353,marta
14,185,EAST LAKE STATION,33.765241,-84.312937,marta
15,186,EAST LAKE STATION,33.765196,-84.313426,marta
16,193,DECATUR STATION,33.774699,-84.295417,marta
17,195,EDGEWOOD-CANDLER PARK STATION,33.761803,-84.340825,marta
18,198,GEORGIA STATE STATION,33.750161,-84.385915,marta
19,201,GEORGIA STATE STATION,33.750143,-84.385882,marta
20,204,EDGEWOOD-CANDLER PARK STATION,33.761866,-84.340456,marta
21,206,DECATUR STATION,33.774681,-84.295319,marta
22,217,EAST POINT STATION,33.677424,-84.440542,marta
23,218,LAKEWOOD-FT MCPHERSON STATION,33.70088,-84.428768,marta
24,219,WEST END STATION,33.736564,-84.413653,marta
25,220,WEST END STATION,33.735705,-84.413663,marta
26,221,LAKEWOOD-FT MCPHERSON STATION,33.700298,-84.428865,marta
27,222,EAST POINT STATION,33.676985,-84.440704,marta
28,224,KENSINGTON STATION,33.772764,-84.252151,marta
29,232,KENSINGTON STATION,33.772647,-84.251607,marta
30,243,LENOX STATION,33.845307,-84.358387,marta
31,244,BUCKHEAD STATION,33.84781,-84.367629,marta
32,249,BUCKHEAD STATION,33.847944,-84.367716,marta
33,250,LENOX STATION,33.845388,-84.358235,marta
34,269,BANKHEAD STATION,33.772159,-84.428873,marta
35,270,BANKHEAD STATION,33.772436,-84.428906,marta
36,280,NORTH AVENUE STATION,33.771472,-84.387258,marta
37,281,NORTH AVENUE STATION,33.771741,-84.387204,marta
38,355,HOWELL MILL RD @ KIPLING DR,33.81354,-84.414774,marta
39,375,DORAVILLE STATION,33.902411,-84.281166,marta
40,384,DORAVILLE STATION,33.902787,-84.28061,marta
41,394,MEDICAL CENTER STATION,33.910757,-84.35189,marta
42,399,MEDICAL CENTER STATION,33.910739,-84.351759,marta
43,429,CIVIC CENTER STATION,33.766111,-84.387504,marta
44,430,CIVIC CENTER STATION,33.766236,-84.387504,marta
45,470,VINE CITY STATION,33.756613,-84.403902,marta
46,471,VINE CITY STATION,33.756613,-84.404021,marta
47,485,ASHBY STATION,33.756478,-84.41723,marta
48,486,ASHBY STATION,33.756477,-84.417328,marta
49,693,OAKLAND CITY STATION,33.7173,-84.42503,marta
50,694,OAKLAND CITY STATION,33.716978,-84.425138,marta
51,730,NORTH SPRINGS STATION,33.944377,-84.357253,marta
52,796,GWCC-CNN CENTER STATION,33.756179,-84.397215,marta
53,797,FIVE POINTS STATION,33.753837,-84.391397,marta
54,798,KING MEMORIAL STATION,33.749951,-84.375675,marta
55,799,INMAN PARK-REYNOLDSTOWN STATION,33.757451,-84.352762,marta
56,800,AVONDALE STATION,33.775554,-84.281487,marta
57,801,INDIAN CREEK STATION,33.769856,-84.228906,marta
58,802,INDIAN CREEK STATION,33.769893,-84.229874,marta
59,803,AVONDALE STATION,33.775214,-84.282466,marta
60,804,INMAN PARK-REYNOLDSTOWN STATION,33.757227,-84.353066,marta
61,805,KING MEMORIAL STATION,33.749853,-84.37599,marta
62,806,FIVE POINTS STATION,33.754123,-84.391876,marta
63,807,GWCC-CNN CENTER STATION,33.756187,-84.397291,marta
64,808,AIRPORT STATION,33.640831,-84.446198,marta
65,809,COLLEGE PARK STATION,33.650577,-84.448656,marta
66,810,GARNETT STATION,33.748938,-84.395545,marta
67,811,FIVE POINTS STATION,33.754052,-84.391452,marta
68,812,PEACHTREE CENTER STATION,33.758189,-84.387596,marta
69,814,CHAMBLEE STATION,33.887929,-84.305556,marta
70,815,CHAMBLEE STATION,33.887517,-84.306362,marta
71,817,PEACHTREE CENTER STATION,33.758082,-84.387595,marta
72,818,FIVE POINTS STATION,33.753899,-84.39156,marta
73,819,GARNETT STATION,33.748696,-84.395741,marta
74,820,COLLEGE PARK STATION,33.650282,-84.448612,marta
75,821,AIRPORT STATION,33.640553,-84.446198,marta
76,822,SANDY SPRINGS STATION,33.931671,-84.351069,marta
77,823,SANDY SPRINGS STATION,33.931564,-84.35096,marta
78,1118,AIRPORT STATION,33.640294,-84.446197,marta
79,9008,N MAIN ST @ WINTHROPE PARK DR,34.089495,-84.294218,marta
80,9012,N MAIN ST @ 379,34.085826,-84.294957,marta
81,9016,N MAIN ST @ 301,34.08386,-84.294755,marta
82,9020,N MAIN ST @ PINE GROVE DR,34.082292,-84.294607,marta
83,9025,N MAIN ST @ MAYFIELD RD,34.080401,-84.29444,marta
84,9030,N MAIN ST @ CUMMING ST,34.078152,-84.294291,marta
85,9031,N MAIN ST @ ACADEMY ST,34.076201,-84.294288,marta
86,9034,N MAIN ST @ VAUGHAN DR,34.090788,-84.292399,marta
87,9224,N MAIN ST @ VAUGHAN DR,34.090721,-84.293124,marta
88,9226,N MAIN ST @ PINE GROVE DR,34.082476,-84.295051,marta
89,10004,WINDWARD PKWY @ DEERFIELD PKWY,34.088114,-84.270253,marta
90,10006,WINDWARD PKWY @ 5530,34.087265,-84.266012,marta
91,10008,WINDWARD PKWY @ NORTH POINT PKWY,34.088733,-84.257695,marta
92,10010,WINDWARD PKWY @ NORTH POINT PKWY,34.088603,-84.257107,marta
93,10040,MARTIN L KING JR DR NW @ OLLIE ST NW,33.754809,-84.421186,marta
94,10044,NORTH POINT PKWY @ 900,34.08083,-84.25948,marta
95,10046,NORTH POINT PKWY @ 960,34.078413,-84.260238,marta
96,10054,NORTH POINT PKWY @ 960,34.078163,-84.260696,marta
97,10056,NORTH POINT PKWY @ WEBB BRIDGE RD,34.076401,-84.260458,marta
98,10134,ATLANTA STUDENT MOVEMENT BLVD @ NORTHSIDE DR SW,33.748879,-84.404858,marta
99,10142,DEERFIELD PKWY @ MORRIS RD,34.090815,-84.27003,marta
100,10146,WINDWARD PKWY @ JORDAN CT,34.092278,-84.276484,marta
101,10148,SR 9 @ WINDWARD PKWY,34.09459,-84.277967,marta
102,10150,N MAIN ST @ COGBURN RD,34.092294,-84.284189,marta
103,10168,N MAIN ST @ 684,34.092137,-84.288496,marta
104,10170,N MAIN ST @ WATER OAK PL,34.091927,-84.288615,marta
105,10172,DEERFIELD PKWY @ MORRIS RD,34.089933,-84.269247,marta
106,10174,DEERFIELD PKWY @ TWO VERIZON PL,34.09337,-84.270926,marta
107,10176,DEERFIELD PKWY @ THREE VERIZON PL,34.09548,-84.267954,marta
108,10186,N MAIN ST @ WINDWARD PKWY W,34.093963,-84.279531,marta
109,10188,OLD MILTON PKWY @ BRIDGE POINTE DR,34.06256,-84.24747,marta
110,10212,N MAIN ST @ HENDERSON PKWY,34.092071,-84.285269,marta
111,10214,N MAIN ST @ CANTON ST,34.08877,-84.29502,marta
112,10218,OLD MILTON PKWY @ BROOKSIDE PKWY,34.064694,-84.253908,marta
113,10220,BROOKSIDE PKWY @ 3705,34.06235,-84.2544,marta
114,10222,BROOKSIDE PKWY @ 3775,34.061248,-84.252481,marta
115,10232,OLD MILTON PKWY @ ROCKBERRY LN,34.061439,-84.244415,marta
116,10234,OLD MILTON PKWY @ COTTON CREEK ENTRY,34.064854,-84.253526,marta
117,10238,OLD MILTON PKWY @ 3502,34.066705,-84.258072,marta
118,10244,NORTH POINT PKWY @ 500,34.085357,-84.257443,marta
119,10248,WINDWARD PKWY @ WESTSIDE PKWY,34.087517,-84.269008,marta
120,10250,MORRIS RD @ WEBB RD,34.096344,-84.260561,marta
121,10252,MORRIS RD @ 13010,34.094303,-84.262563,marta
122,10254,OLD MILTON PKWY @ PARK BRIDGE PKWY,34.061026,-84.242859,marta
123,10256,WINDWARD PKWY @ N MAIN ST,34.093579,-84.278328,marta
124,10266,WINDWARD PARK & RIDE,34.085992,-84.260559,marta
125,10270,MORRIS RD @ 12395,34.081629,-84.261662,marta
126,10272,WINDWARD PKWY @ 5555,34.087024,-84.265427,marta
127,10274,DEERFIELD PKWY @ WEBB RD,34.097509,-84.264371,marta
128,10276,MORRIS RD @ ONE VERIZON PL,34.091014,-84.266497,marta
129,14002,ALPHARETTA HWY @ HOUZE WAY,34.046329,-84.339584,marta
130,14004,ALPHARETTA HWY @ SUN VALLEY DR,34.049772,-84.337806,marta
131,14009,ALPHARETTA HWY @ ELKINS RD,34.051866,-84.334413,marta
132,14010,ALPHARETTA HWY @ MANSELL PL,34.054226,-84.330254,marta
133,14012,ALPHARETTA HWY @ GREENHOUSE DR,34.055115,-84.329132,marta
134,14014,ALPHARETTA HWY @ ROSEMONT PKWY,34.058438,-84.326409,marta
135,14018,ALPHARETTA HWY @ HEMBREE RD,34.060832,-84.324602,marta
136,14020,ALPHARETTA HWY @ HOSPITAL BLVD,34.062747,-84.322976,marta
137,14022,ALPHARETTA HWY @ NORTHMEADOW PKWY,34.065852,-84.31873,marta
138,14024,ALPHARETTA HWY @ HANEY DR,34.066263,-84.316296,marta
139,14026,ALPHARETTA HWY @ WILLS RD,34.066362,-84.313344,marta
140,14028,ALPHARETTA HWY @ HANEY DR,34.066383,-84.316063,marta
141,14030,ALPHARETTA HWY @ UPPER HEMBREE RD,34.065865,-84.319,marta
142,14032,ALPHARETTA HWY @ HOSPITAL BLVD,34.06329,-84.322723,marta
143,14034,ALPHARETTA HWY @ HEMBREE RD,34.061096,-84.324554,marta
144,14038,ALPHARETTA HWY @ 11450,34.057182,-84.327896,marta
145,14040,ALPHARETTA HWY @ GREENHOUSE DR,34.055408,-84.329323,marta
146,14042,ALPHARETTA HWY @ MANSELL PL,34.053848,-84.331345,marta
147,14046,ALPHARETTA HWY @ SUN VALLEY DR,34.050059,-84.337621,marta
148,14048,S MAIN ST @ 571,34.066226,-84.309834,marta
149,15007,MAIN ST @ BRADY PL,34.066297,-84.304719,marta
150,15008,MAIN ST @ MAXWELL RD,34.067867,-84.301102,marta
151,15011,N MAIN ST @ CUMMING ST,34.07832,-84.294505,marta
152,15014,S MAIN ST @ JANIS LN,34.06975,-84.298078,marta
153,15018,NORTH POINT PKWY @ 6360,34.046674,-84.290519,marta
154,15020,NORTH POINT PKWY @ 6250,34.046985,-84.290381,marta
155,15022,S MAIN ST @ MAXWELL RD,34.0678,-84.301615,marta
156,15026,S MAIN ST @ JANIS LN,34.069839,-84.29787,marta
157,15028,HAYNES BRIDGE RD @ 11385,34.056886,-84.286369,marta
158,15030,HAYNES BRIDGE RD @ RAINWATER DR,34.063717,-84.291553,marta
159,15032,HAYNES BRIDGE RD @ DEVORE RD,34.066925,-84.293098,marta
160,15036,HAYNES BRIDGE RD @ 11770,34.068882,-84.293925,marta
161,15037,HAYNES BRIDGE RD @ DEVORE RD,34.066134,-84.293113,marta
162,15040,HAYNES BRIDGE RD @ WOODHAVEN WAY,34.063449,-84.291782,marta
163,15042,HAYNES BRIDGE RD @ RAINWATER BLVD,34.061653,-84.29047,marta
164,15044,ALPHARETTA HWY @ ROSEMONT PKWY,34.058564,-84.326815,marta
165,15048,HAYNES BRIDGE RD @ WESTSIDE PKWY,34.061055,-84.289146,marta
166,15054,ACADEMY ST @ HAYNES BRIDGE RD,34.075556,-84.292045,marta
167,15056,HAYNES BRIDGE RD @ LAKEVIEW PKWY,34.05829,-84.28759,marta
168,15062,NORTH POINT PKWY @ NORTH POINT CT,34.047736,-84.288493,marta
169,15066,HAYNES BRIDGE RD @ ROCK MILL RD,34.051852,-84.285401,marta
170,15068,HAYNES BRIDGE RD @ NORTHWINDS PKWY,34.058607,-84.287375,marta
171,15074,NORTH POINT PKWY @ GEORGIA LANE,34.04988,-84.283285,marta
172,15076,NORTH POINT PKWY @ GEORGIA LN,34.049247,-84.283975,marta
173,15078,HAYNES BRIDGE RD @ NORTH POINT DR,34.049964,-84.285986,marta
174,15080,NORTH POINT PKWY @ KIMBALL BRIDGE RD,34.05462,-84.274303,marta
175,15082,NORTH POINT PKWY @ 5055,34.054726,-84.277286,marta
176,15086,NORTH POINT PKWY @ MILL CREEK AVE,34.049836,-84.281438,marta
177,15088,NORTH POINT PKWY @ NORTH POINT DR,34.050454,-84.280754,marta
178,15090,NORTH POINT PKWY @ ROCK MILL RD,34.051814,-84.279206,marta
179,15092,NORTH POINT PKWY @ ROCK MILL RD,34.051938,-84.279652,marta
180,16010,NORTH POINT PKWY @ ROYAL BLVD S,34.054964,-84.271753,marta
181,16016,NORTH POINT PKWY @ 4000,34.065942,-84.262005,marta
182,16018,NORTH POINT PKWY @ PRESTON RIDGE RD,34.071018,-84.256571,marta
183,16022,NORTH POINT PKWY @ 3180,34.074524,-84.258205,marta
184,16023,NORTH POINT PKWY @ PRESTON RIDGE RD,34.071684,-84.256765,marta
185,16024,NORTH POINT PKWY @ 3180,34.07454,-84.258895,marta
186,16028,NORTH POINT PKWY @ 4125,34.06661,-84.262158,marta
187,16030,NORTH POINT PKWY @ OLD MILTON PKWY,34.068575,-84.260684,marta
188,20012,ATLANTA ST @ OAK ST,34.020055,-84.361654,marta
189,20014,ALPHARETTA ST @ ELIZABETH WAY,34.024141,-84.360722,marta
190,20018,ALPHARETTA ST @ GREEN ST,34.026264,-84.359505,marta
191,20020,ALPHARETTA ST @ WOODSTOCK ST,34.029003,-84.356476,marta
192,20024,ALPHARETTA ST @ THOMAS DR,34.03132,-84.352794,marta
193,20026,ALPHARETTA ST @ 1207,34.032179,-84.351299,marta
194,20028,ALPHARETTA ST @ ALPINE DR,34.034595,-84.346985,marta
195,20032,ALPHARETTA ST @ STRICKLAND RD,34.031257,-84.353143,marta
196,20036,ALPHARETTA ST @ WOODSTOCK ST,34.029726,-84.355608,marta
197,20038,ALPHARETTA ST @ CHERRY ST,34.028401,-84.357669,marta
198,20040,ALPHARETTA ST @ GREEN ST,34.026137,-84.359828,marta
199,20042,ALPHARETTA ST @ ELIZABETH WAY,34.024697,-84.36072,marta
200,20044,ATLANTA ST @ OXBO RD,34.016994,-84.362663,marta
201,20046,ATLANTA ST @ OAK ST,34.020179,-84.36188,marta
202,20050,ATLANTA ST @ HILL ST,34.021609,-84.361604,marta
203,20052,MAIN ST @ PARK ST,33.524877,-84.664778,marta
204,20054,ALPHARETTA ST @ THOMAS DR,34.030607,-84.353944,marta
205,21009,MANSELL RD @ 901,34.042742,-84.333536,marta
206,21010,MANSELL RD @ EAGLES CREST VILLAGE LN,34.042724,-84.339458,marta
207,21011,MANSELL RD @ WARSAW RD,34.042573,-84.329835,marta
208,21012,MANSELL RD @ OLD ROSWELL RD,34.041203,-84.324064,marta
209,21014,MANSELL RD @ DUKE DR,34.040153,-84.31857,marta
210,21023,MANSELL RD @ WESTSIDE WAY,34.040324,-84.319267,marta
211,21025,MANSELL RD @ WARSAW RD,34.042695,-84.329196,marta
212,21029,MANSELL RD @ EAGLES CREST VILLAGE LN,34.042829,-84.338711,marta
213,21038,HOLCOMB BRIDGE RD @ ALPHARETTA ST,34.035876,-84.342867,marta
214,21042,HOLCOMB BRIDGE RD @ ALPHARETTA ST,34.034755,-84.34199,marta
215,21044,HOLCOMB BRIDGE RD @ GRIMES BRIDGE RD,34.032912,-84.341335,marta
216,21046,HOLCOMB BRIDGE RD @ OLD ROSWELL RD,34.032943,-84.34081,marta
217,21048,HOLCOMB BRIDGE RD @ OLD ROSWELL RD,34.031756,-84.339365,marta
218,21050,HOLCOMB BRIDGE RD @ MARKET PL,34.031503,-84.339631,marta
219,21052,HOLCOMB BRIDGE RD @ MARKET PL,34.030893,-84.338273,marta
220,21054,HOLCOMB BRIDGE RD @ MARKET PL,34.030606,-84.338436,marta
221,21056,HOLCOMB BRIDGE RD @ WARSAW RD,34.028137,-84.335359,marta
222,21058,HOLCOMB BRIDGE RD @ WARSAW RD,34.028164,-84.33501,marta
223,21060,HOLCOMB BRIDGE RD @ RIVERWOOD LN,34.025972,-84.332631,marta
224,21062,HOLCOMB BRIDGE RD @ OLD HOLCOMB BRIDGE RD,34.025936,-84.332173,marta
225,21064,HOLCOMB BRIDGE RD @ DOGWOOD RD,34.024051,-84.329735,marta
226,21066,HOLCOMB BRIDGE RD @ DOGWOOD RD,34.023663,-84.329729,marta
227,21070,ALPHARETTA ST @ MANSELL CIR,34.03456,-84.346412,marta
228,21074,ALPHARETTA ST @ COMMERCE PKWY,34.039034,-84.342788,marta
229,21076,ALPHARETTA ST @ 10761,34.041012,-84.341972,marta
230,21079,ALPHARETTA ST @ MANSELL RD,34.042066,-84.341461,marta
231,21080,ALPHARETTA HWY @ HOUZE WAY,34.046247,-84.339955,marta
232,21082,ALPHARETTA HWY @ MANSELL RD,34.043225,-84.341303,marta
233,21084,ALPHARETTA ST @ 1240,34.032394,-84.351059,marta
234,21096,ALPHARETTA ST @ HOUZE RD,34.038247,-84.343293,marta
235,21097,NORTH POINT PKWY @ NORTH POINT CT,34.047978,-84.288581,marta
236,21098,HOLCOMB BRIDGE RD @ OLD DOGWOOD RD,34.022482,-84.326959,marta
237,21104,HAYNES BRIDGE RD @ NORTH POINT DR,34.050373,-84.286285,marta
238,21112,HOLCOMB BRIDGE RD @ GRIMES BRIDGE RD,34.033917,-84.34207,marta
239,21120,ALPHARETTA HWY @ 10885,34.044437,-84.34047,marta
240,21122,MANSELL RD @ KINGSWOOD PL,34.039993,-84.321853,marta
241,21124,MANSELL RD @ 980,34.042906,-84.332376,marta
242,21128,MANSELL RD @ DAVIS DR,34.040405,-84.315684,marta
243,21950,MANSELL PARK & RIDE - ON RAMP,34.03815,-84.313769,marta
244,21951,MANSELL PARK & RIDE - IN LOT,34.039068,-84.313057,marta
245,21954,ALPHARETTA ST @ 10730,34.041281,-84.342017,marta
246,21962,MANSELL RD @ OLD ROSWELL RD,34.042478,-84.327029,marta
247,21964,MANSELL RD @ KINGSWOOD PL,34.040223,-84.321399,marta
248,21966,MANSELL RD @ COLONIAL CTR PKWY,34.042633,-84.327472,marta
249,22016,NORTH POINT PKWY @ MANSELL RD,34.039212,-84.305718,marta
250,22018,NORTH POINT PKWY @ 7731,34.039656,-84.305796,marta
251,22022,NORTH POINT PKWY @ 7301,34.042031,-84.303728,marta
252,22024,NORTH POINT PKWY @ 7231,34.04309,-84.302143,marta
253,22028,NORTH POINT PKWY @ 6440,34.045281,-84.293695,marta
254,22030,NORTH POINT PWKY @ 6499,34.045385,-84.29407,marta
255,22042,NORTH POINT PKWY @ ENCORE PKWY,34.044106,-84.299527,marta
256,22044,NORTH POINT PKWY @ ENCORE PKWY,34.043757,-84.299767,marta
257,22060,NORTH POINT PKWY @ MANSELL RD,34.0383,-84.30651,marta
258,22066,NORTH POINT PKWY @ 7300,34.042954,-84.301809,marta
259,22068,NORTH POINT PKWY @ 7300,34.042047,-84.303222,marta
260,26002,ROSWELL RD @ HOPE RD,33.990749,-84.351896,marta
261,26004,ROSWELL RD @ HUNTCLIFF NE,33.992786,-84.351707,marta
262,26006,ROSWELL RD @ 8740,33.994862,-84.351372,marta
263,26007,ROSWELL RD @ RIVER PKWY,34.001514,-84.35046,marta
264,26010,ROSWELL RD @ ROBERTS DR,34.002715,-84.350625,marta
265,26011,ROSWELL RD @ DUNWOODY PL,33.999743,-84.350622,marta
266,26018,ROSWELL RD @ 8775,33.998459,-84.350533,marta
267,26020,ROSWELL RD @ 9040,34.000168,-84.350372,marta
268,26022,ROSWELL RD @ RIVER PKWY,34.001392,-84.350327,marta
269,26025,ROSWELL RD @ ROBERTS DR,34.002964,-84.350417,marta
270,26026,ATLANTA ST @ RIVERSIDE RD,34.005827,-84.35068,marta
271,26029,ATLANTA ST @ CHATTAHOOCHEE CIR,34.007536,-84.353101,marta
272,26030,ATLANTA ST @ WARM SPRINGS CIR,34.00877,-84.35729,marta
273,26032,ATLANTA ST @ JONES DR,34.008653,-84.359842,marta
274,26034,ATLANTA ST @ KING ST,34.012419,-84.362778,marta
275,26036,ATLANTA ST @ MILL ST,34.014088,-84.362854,marta
276,26040,ATLANTA ST @ OXBO RD,34.017566,-84.362035,marta
277,26044,ATLANTA ST @ WARM SPRINGS CIR,34.008698,-84.357443,marta
278,26045,ATLANTA ST @ CHATTAHOOCHEE CIR,34.007196,-84.352782,marta
279,26046,ATLANTA ST @ JONES DR,34.008608,-84.360006,marta
280,26047,ATLANTA ST @ AZALEA DR,34.006006,-84.350938,marta
281,26048,ATLANTA ST @ 426,34.009771,-84.361282,marta
282,26050,ATLANTA ST @ CHATTAHOOCHEE ST,34.01181,-84.3628,marta
283,26052,DUNWOODY PL @ ROBERTS DR,33.990045,-84.342489,marta
284,26056,DUNWOODY PL @ ROSWELL RD,33.995324,-84.349044,marta
285,26072,DUNWOODY PL @ N RIVER DR,33.993336,-84.347317,marta
286,26080,ROSWELL RD @ HUNTINGTON PLACE DR,33.992441,-84.351526,marta
287,26084,ATLANTA ST @ SLOAN ST,34.015363,-84.362834,marta
288,26086,DUNWOODY PL @ ROSWELL RD,33.995545,-84.349492,marta
289,27004,DUNWOODY PL @ ROBERTS DR,33.990268,-84.343129,marta
290,27005,DUNWOODY PL @ HIGHTOWER TRL,33.985837,-84.341582,marta
291,27008,DUNWOODY PL @ 8700,33.991574,-84.345026,marta
292,27010,DUNWOODY PL @ 8800,33.991476,-84.34507,marta
293,27014,DUNWOODY PL @ HOPE RD,33.993077,-84.347099,marta
294,31002,JETT FERRY RD @ DUNWOODY CLUB DR,33.960004,-84.302486,marta
295,32002,ROSWELL RD NE @ TROWBRIDGE RD,33.959381,-84.365227,marta
296,32004,ROSWELL RD @ 7546,33.963367,-84.364922,marta
297,32006,ROSWELL RD @ 7741,33.966001,-84.362952,marta
298,32012,ROSWELL RD @ HAMPTON DE,33.973406,-84.357112,marta
299,32014,ROSWELL RD @ BRANTLEY RD,33.974342,-84.355011,marta
300,32016,ROSWELL RD @ PITTS RD,33.974982,-84.353657,marta
301,32017,ROSWELL RD @ NORTHRIDGE CROSSING DR,33.977017,-84.351561,marta
302,32020,ROSWELL RD @ 8215,33.978828,-84.350815,marta
303,32022,ROSWELL RD @ NORTHRIDGE RD,33.981735,-84.350197,marta
304,32025,ROSWELL RD @ NORTHRIDGE PKWY,33.984839,-84.350394,marta
305,32026,ROSWELL RD @ HIGHTOWER TRL,33.988584,-84.351328,marta
306,32028,ROSWELL RD @ TROWBRIDGE RD,33.959077,-84.365335,marta
307,32032,ROSWELL RD @ 7730,33.965767,-84.363429,marta
308,32034,ROSWELL RD @ MORGAN FALLS RD,33.968905,-84.361109,marta
309,32036,ROSWELL RD @ 7840,33.970417,-84.359618,marta
310,32038,ROSWELL RD @ 7878,33.971504,-84.358749,marta
311,32040,ROSWELL RD @ GROGANS FERRY RD,33.973217,-84.357605,marta
312,32042,ROSWELL RD @ BRANTLEY RD,33.974358,-84.355637,marta
313,32044,ROSWELL RD @ ISON RD,33.975328,-84.353281,marta
314,32045,ROSWELL RD @ NORTHRIDGE CROSSING DR,33.976992,-84.351929,marta
315,32046,ROSWELL RD @ 8215,33.97891,-84.351072,marta
316,32050,ROSWELL RD @ NORTHRIDGE PKWY,33.984341,-84.350603,marta
317,32051,ROSWELL RD @ 8450,33.985727,-84.350793,marta
318,32053,ROSWELL RD @ HIGHTOWER TRL,33.987788,-84.351409,marta
319,32070,ROSWELL RD @ MORGAN FALLS RD,33.968332,-84.361253,marta
320,32072,ROSWELL RD @ 7840,33.969747,-84.360081,marta
321,32080,ROSWELL RD @ 7525,33.96137,-84.36559,marta
322,32082,ROSWELL RD @ NORTHRIDGE RD,33.981056,-84.350434,marta
323,33016,DUNWOODY PL @ NORTHRIDGE PKWY,33.984747,-84.341274,marta
324,33017,DUNWOODY PL @ HIGHTOWER TRL,33.986179,-84.341481,marta
325,33018,DUNWOODY PL @ NORTHRIDGE RD,33.982745,-84.342808,marta
326,35010,ROSWELL RD @ 7865,33.97147,-84.358452,marta
327,35016,ROSWELL RD NE @ ALDERWOOD PL,33.939001,-84.376462,marta
328,35018,ROSWELL RD NE @ 6851,33.942158,-84.373298,marta
329,35020,ROSWELL RD @ CIMARRON PKWY,33.962807,-84.365623,marta
330,35022,ROSWELL RD NE @ SPALDING DR NE,33.945827,-84.370956,marta
331,35024,ROSWELL RD NE @ 7070,33.948154,-84.370522,marta
332,35027,ROSWELL RD NE @ 7140,33.949751,-84.369406,marta
333,35031,ROSWELL RD NE @ 7155,33.950971,-84.368442,marta
334,35033,ROSWELL RD NE @ 7155,33.950723,-84.36817,marta
335,35034,ROSWELL RD NE @ DALRYMPLE RD NE,33.955399,-84.364582,marta
336,35038,ROSWELL RD NE @ DALRYMPLE RD NE,33.956008,-84.364386,marta
337,35040,ROSWELL RD NE @ 7447,33.956905,-84.364632,marta
338,35046,ROSWELL RD NE @ 6940,33.944982,-84.371702,marta
339,35047,ROSWELL RD NE @ 6900,33.943185,-84.372831,marta
340,35048,ROSWELL RD NE @ SPALDING DR NE,33.946217,-84.371246,marta
341,35060,ROSWELL RD NE @ 6550,33.933925,-84.38,marta
342,35066,ROSWELL RD NE @ ABERNATHY RD,33.936055,-84.379108,marta
343,35129,ROSWELL RD NE @ 7256,33.953271,-84.366776,marta
344,35132,ROSWELL RD NE @ 7256,33.95277,-84.366646,marta
345,35134,ROSWELL RD NE @ 7070,33.948013,-84.370843,marta
346,35135,ROSWELL RD NE @ 7100,33.949427,-84.370188,marta
347,35144,ROSWELL RD NE @ ALDERWOOD PL,33.938651,-84.377007,marta
348,35146,ROSWELL RD NE @ ABERNATHY RD NW,33.936011,-84.378901,marta
349,35900,NORTH SPRINGS STATION,33.945416,-84.357235,marta
350,36002,ASHFORD DUNWOODY RD @ ASHFORD PKWY,33.93416,-84.337574,marta
351,36003,ASHFORD DUNWOODY RD @ ASHFORD CENTER,33.939811,-84.338063,marta
352,36004,ASHFORD DUNWOODY RD @ VALLEY VIEW RD,33.936201,-84.337755,marta
353,36005,ASHFORD DUNWOODY RD @ ASHFORD CENTER PKWY,33.938949,-84.338213,marta
354,36006,ASHFORD DUNWOODY RD @ ASHFORD CTR N,33.941293,-84.338235,marta
355,36038,CHAMBLEE DUNWOODY RD @ MT VERNON RD,33.946237,-84.334555,marta
356,36040,CHAMBLEE DUNWOODY RD @ NANDINA LN,33.947692,-84.335512,marta
357,36050,CHAMBLEE DUNWOODY RD @ DUNWOODY VILLAGE PKWY,33.949327,-84.336322,marta
358,36088,ASHFORD DUNWOODY RD @ ASHFORD CTR N,33.941633,-84.338323,marta
359,36090,ASHFORD DUNWOODY RD @ ASHFORD GABLES,33.936667,-84.338028,marta
360,36092,ASHFORD DUNWOODY RD @ ASHWOOD PKWY,33.933861,-84.33788,marta
361,36096,ASHFORD DUNWOODY RD @ MEADOW LANE RD,33.931611,-84.33758,marta
362,36098,ASHFORD DUNWOODY RD @ MT VERNON RD,33.94277,-84.337898,marta
363,36112,DUNWOODY VILLAGE PKWY @ MT VERNON RD,33.947607,-84.331618,marta
364,36114,DUNWOODY VILLAGE PKWY @ 1424,33.949367,-84.33265,marta
365,37002,N PEACHTREE RD @ KINGS POINT DR,33.9308,-84.294692,marta
366,37003,MT VERNON RD @ TILLY MILL RD,33.955505,-84.305317,marta
367,37004,N PEACHTREE RD @ KINGS POINT DR,33.93141,-84.294867,marta
368,37005,MT VERNON RD @ MEADOW LAKE DR,33.95243,-84.31196,marta
369,37007,MT VERNON RD @ MEADOW LAKE DR,33.95264,-84.31175,marta
370,37008,TILLY MILL RD @ CHERRING DR,33.93894,-84.297082,marta
371,37009,MT VERNON RD @ MANHASSET DR,33.950576,-84.319323,marta
372,37010,TILLY MILL RD @ CHERRING DR,33.938991,-84.297033,marta
373,37011,MT VERNON RD @ VERMACK RD,33.95026,-84.31968,marta
374,37012,TILLY MILL RD @ DARTFORD DR,33.944782,-84.301552,marta
375,37013,MT VERNON RD @ VERNON RIDGE DR,33.94779,-84.32686,marta
376,37014,TILLY MILL RD @ TILLINGHAM CT,33.942707,-84.299725,marta
377,37016,TILLY MILL RD @ STEPHENS WALK,33.946366,-84.302981,marta
378,37018,TILLY MILL RD @ DARTFORD DR,33.944939,-84.302193,marta
379,37019,MT VERNON RD @ STRATHAM DR,33.95162,-84.3147,marta
380,37020,TILLY MILL RD @ STEPHENS WALK,33.946676,-84.303415,marta
381,37021,MT VERNON RD @ STRATHAM DR,33.951781,-84.31463,marta
382,37022,TILLY MILL RD @ SANDELL DR,33.952557,-84.305428,marta
383,37024,TILLY MILL RD @ SANDELL DR,33.952854,-84.305862,marta
384,37026,MT VERNON RD @ CEDAR CHASE,33.956406,-84.30397,marta
385,37028,JETT FERRY RD @ MT VERNON RD,33.958252,-84.302457,marta
386,37030,MT VERNON RD @ JETT FERRY RD,33.957981,-84.30187,marta
387,37032,TILLY MILL RD @ HOLLAND CT,33.949333,-84.30481,marta
388,37034,PEELER RD @ GLENBONNIE DR,33.93687,-84.28694,marta
389,37036,PEELER RD @ EDISON RD,33.937242,-84.285592,marta
390,37038,PEELER RD @ HAPPY HOLLOW RD,33.939174,-84.282987,marta
391,37042,PEELER RD @ LAKESIDE DR,33.94012,-84.2785,marta
392,37044,PEELER RD @ FOUR OAKS CT,33.94046,-84.274618,marta
393,37048,WINTERS CHAPEL RD @ PEELER RD,33.941174,-84.270802,marta
394,37050,WINTERS CHAPEL RD @ 4920,33.93943,-84.26947,marta
395,37052,WINTERS CHAPEL RD @ WOMACK DR,33.935409,-84.26684,marta
396,37054,WINTERS CHAPEL RD @ 4739,33.933932,-84.266111,marta
397,37060,PEELER RD @ VILLAGE MILL RD,33.931727,-84.309544,marta
398,37062,PEELER RD @ ADAMS RD,33.93493,-84.306253,marta
399,37064,PEELER RD @ EQUESTRIAN WAY,33.934769,-84.306602,marta
400,37068,PEELER RD @ CHERRING DR,33.93593,-84.29862,marta
401,37072,TILLY MILL RD @ N PEACHTREE RD,33.937093,-84.294462,marta
402,37074,TILLY MILL RD @ WOMACK RD,33.943484,-84.299985,marta
403,37076,TILLY MILL RD @ MT VERNON RD,33.954907,-84.3054,marta
404,37078,DUNWOODY CLUB DR @ MT VERNON RD,33.959321,-84.300203,marta
405,37080,TILLY MILL RD @ HOLLAND CT,33.949399,-84.305084,marta
406,37082,TILLY MILL RD @ N PEACHTREE RD,33.936681,-84.294026,marta
407,37084,N PEACHTREE RD @ BARCLAY DR,33.933403,-84.295131,marta
408,37086,N PEACHTREE RD @ PEACHFORD RD,33.929211,-84.29563,marta
409,37088,N PEACHTREE RD @ BROOKHURST DR,33.926697,-84.295604,marta
410,37092,PEELER RD @ CHERRING DR,33.935796,-84.298756,marta
411,37100,PEELER RD @ OLDE VILLAGE LN,33.934277,-84.307964,marta
412,37102,PEELER RD @ INDEPENDENCE SQ,33.93047,-84.31106,marta
413,37110,PEELER RD @ CHERRING LN,33.93584,-84.295901,marta
414,38002,RIVEREDGE PKWY NW @ 1600,33.907734,-84.43808,marta
415,38008,NORTHSIDE DR @ INTERSTATE NORTH PKWY,33.908628,-84.432956,marta
416,38012,INTERSTATE NORTH PKWY @ 5665,33.909359,-84.431746,marta
417,39002,HAMMOND DR NE @ KAYRON DR,33.919041,-84.371799,marta
418,39004,HAMMOND DR @ KAYRON DR,33.919091,-84.371623,marta
419,39018,JOHNSON FERRY RD NE @ GLENRIDGE DR NE,33.92229,-84.36787,marta
420,39024,JOHNSON FERRY RD NE @ GLENRIDGE DR NE,33.922431,-84.367997,marta
421,39040,ROSWELL RD NE @ STEWART DR NE,33.901628,-84.37916,marta
422,39042,ROSWELL RD NE @ GLENRIDGE DR NE,33.902783,-84.378606,marta
423,39044,ROSWELL RD NE @ 5600,33.905641,-84.378732,marta
424,39046,ROSWELL RD NE @ 5630,33.907231,-84.378718,marta
425,39048,ROSWELL RD NE @ LAKE PLACID DR NE,33.909097,-84.378898,marta
426,39052,ROSWELL RD NE @ ALLEN RD,33.91372,-84.37955,marta
427,39058,ROSWELL RD NE @ HAMMOND DR NE,33.918569,-84.379175,marta
428,39060,ROSWELL RD NE @ HILDERBRAND DR NE,33.922681,-84.379284,marta
429,39064,ROSWELL RD NE @ SANDY SPRINGS CIR NE,33.927011,-84.379415,marta
430,39065,HAMMOND DR NE @ ROSWELL RD,33.91918,-84.378784,marta
431,39067,ROSWELL RD @ JOHNSON FERRY RD,33.92547,-84.37922,marta
432,39068,ROSWELL RD NE @ CROMWELL RD NE,33.929142,-84.379456,marta
433,39070,ROSWELL RD NE @ GLENRIDGE DR NE,33.90342,-84.37841,marta
434,39074,ROSWELL RD NE @ LAKE PLACID DR NE,33.909522,-84.378654,marta
435,39078,ROSWELL RD NE @ ALLEN RD NE,33.914017,-84.379242,marta
436,39080,ROSWELL RD NE @ CARPENTER DR NE,33.915251,-84.379179,marta
437,39082,ROSWELL RD NE @ 5925,33.917522,-84.379041,marta
438,39084,ROSWELL RD NE @ HAMMOND DR NE,33.918624,-84.378939,marta
439,39086,ROSWELL RD NE @ SANDY SPRINGS PL NE,33.920053,-84.378914,marta
440,39090,ROSWELL RD NE @ HILDERBRAND DR NE,33.922843,-84.37909,marta
441,39092,ROSWELL RD NE @ MT VERNON HWY NE,33.924043,-84.379014,marta
442,39095,ROSWELL RD NE @ JOHNSON FERRY RD NE,33.925374,-84.379009,marta
443,39096,ROSWELL RD NE @ SANDY SPRINGS CIR NE,33.92717,-84.37906,marta
444,39098,ROSWELL RD NE @ VERNON WOODS DR NE,33.929308,-84.37919,marta
445,39100,ROSWELL RD NE @ 6569,33.934417,-84.379717,marta
446,39102,ROSWELL RD NE @ CLIFTWOOD DR NE,33.916242,-84.379236,marta
447,39124,JOHNSON FERRY RD @ KAYRON DR,33.923038,-84.370644,marta
448,39126,JOHNSON FERRY RD @ KAYRON DR,33.923162,-84.370797,marta
449,39144,ROSWELL RD NE @ SANDY SPRINGS PL NE,33.920108,-84.379042,marta
450,39150,ROSWELL RD NE @ PERUCA PL NE,33.905999,-84.378569,marta
451,39184,MT VERNON HWY NW @ HAMMOND DR NW,33.91969,-84.390942,marta
452,39194,JOHNSON FERRY RD @ HARLESTON RD,33.923672,-84.374948,marta
453,39196,HAMMOND DR @ BOYLSTON DR,33.919219,-84.376439,marta
454,39198,HAMMOND DR @ BOYLSTON DR,33.919036,-84.376903,marta
455,40017,HAMMOND DR NE @ GLENRIDGE DR NE,33.918924,-84.363267,marta
456,40038,HAMMOND DR @ CONCOURSE PKWY,33.91911,-84.35298,marta
457,40050,HAMMOND DR NE @ CONCOURSE PKWY,33.9188,-84.35473,marta
458,40086,HAMMOND DR @ PEACHTREE DUNWOODY RD,33.91878,-84.34979,marta
459,40118,ASHFORD DUNWOODY RD @ RAVINIA DR,33.922214,-84.338831,marta
460,40130,PEACHTREE DUNWOODY RD @ HOLLIS COBB CIR,33.909432,-84.352263,marta
461,40152,ASHFORD DUNWOODY RD NE @ RAVINIA DR,33.920977,-84.338791,marta
462,40156,PERIMETER CTR E @ ASHFORD DUNWOODY,33.923825,-84.33747,marta
463,40158,PERIMETER CTR E @ ASHFORD DUNWOODY,33.926156,-84.336697,marta
464,40160,PERIMETER CTR E @ ASHFORD DUNWOODY RD,33.926453,-84.336617,marta
465,40208,PEACHTREE DUNWOODY RD @ JOHNSON FERRY RD,33.907455,-84.35239,marta
466,40216,HAMMOND DR NE @ PEACHTREE DUNWOODY RD,33.91899,-84.34981,marta
467,40256,CHAMBLEE DUNWOODY RD @ CLAIRVIEW DR,33.890869,-84.290004,marta
468,40259,HAMMOND DR NE @ BARFIELD RD NE,33.919113,-84.360336,marta
469,40298,PERIMETER CTR E @ ASHFORD DUNWOODY RD,33.923574,-84.337818,marta
470,40300,PERIMETER CTR E @ LINCOLN PKWY E,33.922102,-84.330101,marta
471,40304,ASHFORD DUNWOODY RD @ MEADOW LANE RD,33.932067,-84.337395,marta
472,40318,HAMMOND DR @ GLENRIDGE DR,33.91907,-84.3638,marta
473,40506,SANDY SPRINGS STATION,33.931821,-84.350969,marta
474,40900,MEDICAL CENTER STATION,33.910569,-84.351215,marta
475,40910,DUNWOODY STATION,33.920969,-84.344734,marta
476,40914,HAMMOND DR NE @ BARFIELD RD,33.91886,-84.36079,marta
477,40916,PERIMETER CTR E @ 74,33.923575,-84.334572,marta
478,40918,PERIMETER CTR E @ 64,33.92149,-84.332011,marta
479,40920,PERIMETER CTR E @ 24,33.925696,-84.330595,marta
480,40924,PERIMETER CTR E @ 50,33.92438,-84.329822,marta
481,40926,PERIMETER CTR E @ 24,33.925624,-84.33065,marta
482,40928,PERIMETER CTR E @ 72,33.923888,-84.334463,marta
483,40930,PERIMETER CTR E @ 14,33.92567,-84.332639,marta
484,40932,PERIMETER CTR E @ 53,33.92157,-84.331761,marta
485,41002,N PEACHTREE RD @ PEACHTREE INDUSTRIAL,33.904298,-84.29515,marta
486,41004,N PEACHTREE RD @ 3930,33.907868,-84.296267,marta
487,41005,DUNWOODY PARK @ N SHALLOWFORD RD,33.92605,-84.31076,marta
488,41006,N PEACHTREE RD @ N SHALLOWFORD RD,33.910282,-84.297392,marta
489,41007,N PEACHTREE RD @ SPRING WALK CT,33.912616,-84.298571,marta
490,41009,DUNWOODY PARK @ CHAMBLEE DUNWOODY RD,33.924076,-84.31471,marta
491,41011,N PEACHTREE RD @ TALLEY DR,33.898655,-84.294073,marta
492,41012,N PEACHTREE RD @ TERRELL DR,33.90148,-84.29449,marta
493,41013,DUNWOODY PARK DR @ DUNWOODY PARK N,33.924049,-84.313904,marta
494,41014,N PEACHTREE RD @ PEACHTREE INDUSTRIAL BLVD,33.903942,-84.29516,marta
495,41016,N PEACHTREE RD @ PLANTATION LN,33.90962,-84.297065,marta
496,41020,N PEACHTREE RD @ SPRING WALK CT,33.912651,-84.299004,marta
497,41024,N PEACHTREE RD @ PERIMETER PARK DR,33.917071,-84.299039,marta
498,41028,N PEACHTREE RD @ PERIMETER PARK DR,33.917182,-84.298577,marta
499,41030,N PEACHTREE RD @ SAVOY DR,33.918587,-84.29715,marta
500,41032,N PEACHTREE RD @ SAVOY DR,33.91888,-84.297325,marta
501,41034,N PEACHTREE RD @ DUNWOODY XING,33.922049,-84.296748,marta
502,41036,N PEACHTREE RD @ KINGS POINT CIR,33.923561,-84.295906,marta
503,41037,N PEACHTREE RD @ BROOKHURST DR,33.926263,-84.295208,marta
504,41063,CHAMBLEE DUNWOODY RD @ N SHALLOWFORD RD,33.92805,-84.314902,marta
505,41074,CHAMBLEE DUNWOODY RD @ N SHALLOWFORD RD,33.927816,-84.314867,marta
506,41098,N SHALLOWFORD RD @ COMMODORE DR,33.917577,-84.303806,marta
507,41100,SHALLOWFORD RD @ SAVOY DR,33.919,-84.30476,marta
508,41102,N SHALLOWFORD RD @ SAVOY DR,33.919689,-84.304938,marta
509,41104,N SHALLOWFORD RD @ COTILLION DR,33.921166,-84.305428,marta
510,41106,SHALLOWFORD RD @ COTILLION DR,33.921247,-84.305581,marta
511,41108,N SHALLOWFORD RD @ PEACHFORD RD,33.92347,-84.306676,marta
512,41110,N SHALLOWFORD RD @ 4500,33.924919,-84.308077,marta
513,41114,N SHALLOWFORD RD @ PERNOSHALL CT,33.925534,-84.308914,marta
514,41116,N SHALLOWFORD RD @ PERNOSHALL CT,33.925749,-84.308946,marta
515,41118,DUNWOODY PARK @ N SHALLOWFORD RD,33.926071,-84.310962,marta
516,41126,PEELER RD @ SHALLOWFORD RD,33.929696,-84.313337,marta
517,41128,PEELER RD @ INDEPENDENCE SQ,33.930089,-84.311495,marta
518,41150,SHALLOWFORD RD @ PEACHFORD RD,33.923177,-84.306577,marta
519,41152,N PEACHTREE RD @ PEACHTREE INDUSTRIAL BLVD,33.90627,-84.29578,marta
520,41154,N PEACHTREE RD @ N HILL PKWY,33.913683,-84.298992,marta
521,41156,N PEACHTREE RD @ DUNWOODY XING,33.922156,-84.296276,marta
522,41158,N PEACHTREE RD @ FOREST TRL,33.924215,-84.296204,marta
523,41160,N PEACHTREE RD @ N HILL PKWY,33.913719,-84.299101,marta
524,41162,N PEACHTREE RD @ PEACHTREE INDUSTRIAL BLVD,33.905861,-84.295945,marta
525,41164,PEACHTREE RD @ INGERSOLL RAND DR,33.895703,-84.295509,marta
526,41166,PEELER RD @ OLDE VILLAGE LN,33.93419,-84.3079,marta
527,41168,N SHALLOWFORD RD @ PEACHFORD RD,33.92471,-84.30812,marta
528,41170,N PEACHTREE RD @ GENTRYS WALK,33.916567,-84.299462,marta
529,42002,PARK AVE @ BUFORD HWY NE,33.900885,-84.278971,marta
530,42007,WOODWIN RD @ TILLY MILL RD,33.918877,-84.279,marta
531,42009,TILLY MILL RD @ PEACHTREE INDUSTRIAL BLVD,33.92241,-84.28113,marta
532,42011,PEACHTREE INDUSTRIAL BLVD @ PEACHTREE SQ,33.924765,-84.278342,marta
533,42013,PEACHTREE INDUSTRIAL BLVD @ PEACHTREE SQ,33.9254,-84.276806,marta
534,42015,WINTERS CHAPEL RD @ AMWILER RD NW,33.929394,-84.265047,marta
535,42016,BUFORD HWY @ 5700,33.9072,-84.269132,marta
536,42017,WINTERS CHAPEL RD @ CLARKE DR,33.92805,-84.26731,marta
537,42018,BUFORD HWY NE @ CHESTNUT DR,33.900754,-84.276603,marta
538,42019,WINTERS CHAPEL RD @ RENAISSANCE BLVD,33.92633,-84.26926,marta
539,42020,BUFORD HWY NE @ LONGMIRE WAY,33.905083,-84.271285,marta
540,42021,WINTERS CHAPEL RD @ HOMELAND DR,33.924913,-84.270116,marta
541,42022,OAKCLIFF RD @ BUFORD HWY,33.91108,-84.26247,marta
542,42023,WINTERS CHAPEL RD @ CHICOPEE RD,33.9208,-84.27014,marta
543,42024,WINTERS CHAPEL RD @ OAKCLIFF RD,33.91902,-84.26971,marta
544,42025,WOODWIN RD @ WINTERS CHAPEL RD,33.91494,-84.27038,marta
545,42026,BUFORD HWY @ MCELROY RD,33.906925,-84.269007,marta
546,42028,BUFORD HWY @ MCELROY RD,33.908698,-84.266926,marta
547,42040,N PEACHTREE RD @ TERRELL DR,33.90139,-84.294334,marta
548,42042,PEACHTREE INDUSTRIAL BLVD @ JOHN GLENN DR,33.905397,-84.294638,marta
549,42048,PEACHTREE INDUSTRIAL BLVD @ PEACHTREE RD,33.909609,-84.290279,marta
550,42050,TILLY MILL RD @ PEACHTREE INDUSTRIAL BLVD,33.9246,-84.282098,marta
551,42052,TILLY MILL RD @ STONINGTON RD,33.92623,-84.28284,marta
552,42054,TILLY MILL RD @ BINGHAMTON DR,33.92797,-84.28348,marta
553,42056,TILLY MILL RD @ LAURELWOOD RD,33.929018,-84.283711,marta
554,42057,TILLY MILL RD @ BRIERS NORTH DR,33.932553,-84.285213,marta
555,42058,PEACHTREE INDUSTRIAL BLVD @ TILLY MILL RD,33.924345,-84.280652,marta
556,42062,PEACHTREE INDUSTRIAL BLVD @ HOMELAND DR,33.925901,-84.277437,marta
557,42064,PEACHTREE INDUSTRIAL BLVD @ 6706,33.926911,-84.275018,marta
558,42066,PEACHTREE INDUSTRIAL BLVD @ PEACHTREE PLACE PKWY,33.929995,-84.267836,marta
559,42068,PEACHTREE IND BLVD @ N SHALLOWFORD RD,33.909672,-84.290682,marta
560,42070,PEACHTREE IND BLVD @ JOHN GLENN DR,33.905709,-84.29454,marta
561,42074,NEW PEACHTREE RD @ 6145,33.905443,-84.275968,marta
562,42076,NEW PEACHTREE RD @ LONGMIRE WAY,33.907455,-84.273268,marta
563,42080,NEW PEACHTREE RD @ MCELROY RD,33.910943,-84.267686,marta
564,42081,NEW PEACHTREE RD @ MCELROY RD,33.911097,-84.267569,marta
565,42084,OAKCLIFF RD @ 3061,33.911012,-84.262719,marta
566,42088,OAKCLIFF RD @ PIN OAK CIR,33.906649,-84.254662,marta
567,42090,OAKCLIFF RD @ 3417,33.9046,-84.254462,marta
568,42092,OAKCLIFF RD @ OAKCLIFF INDUSTRIAL ST,33.902764,-84.253336,marta
569,42094,OAKCLIFF RD @ NORTHCREST RD,33.901131,-84.250629,marta
570,42096,OAKCLIFF RD @ OAKCLIFF INDUSTRIAL CT,33.903369,-84.247966,marta
571,42098,OAKCLIFF RD @ PLEASANTDALE RD,33.904523,-84.246577,marta
572,42100,PLEASANTDALE RD @ 4126,33.902875,-84.244954,marta
573,42102,NEW PEACHTREE RD @ OAKCLIFF RD,33.911662,-84.265991,marta
574,42106,OAKCLIFF RD @ WINDSOR OAK DR,33.910481,-84.259971,marta
575,42108,OAKCLIFF RD @ PIN OAK CIR,33.906577,-84.254553,marta
576,42110,OAKCLIFF RD @ 3420,33.903964,-84.254043,marta
577,42112,OAKCLIFF RD @ OAKCLIFF INDUSTRIAL ST,33.902578,-84.253097,marta
578,42114,OAKCLIFF RD @ NORTHCREST RD,33.901066,-84.250867,marta
579,42116,OAKCLIFF RD @ OAKCLIFF INDUSTRIAL CT,33.903477,-84.247966,marta
580,42118,OAKCLIFF RD @ PLEASANTDALE RD,33.904295,-84.247112,marta
581,42122,NEW PEACHTREE RD @ LONGMIRE WAY,33.907452,-84.27363,marta
582,42124,NEW PEACHTREE RD @ 6190,33.905622,-84.275936,marta
583,42126,PLEASANTDALE RD @ 4111,33.902794,-84.244657,marta
584,42130,PEACHTREE INDUSTRIAL BLVD @ 6670,33.92793,-84.272718,marta
585,42144,PEACHTREE INDUSTRIAL BLVD @ 6750,33.928896,-84.27044,marta
586,42166,OAKCLIFF RD @ PIN OAK CIR,33.91024,-84.259386,marta
587,42900,DORAVILLE STATION,33.902424,-84.280467,marta
588,44002,ROSWELL RD NE @ MIDVALE DR NE,33.872971,-84.38097,marta
589,44004,ROSWELL RD NE @ WIEUCA RD NE,33.875271,-84.380612,marta
590,44006,ROSWELL RD NE @ DILBECK PL NW,33.877285,-84.379764,marta
591,44008,ROSWELL RD NE @ WINDSOR PKWY NE,33.879245,-84.379733,marta
592,44014,ROSWELL RD NE @ MYSTIC PL NE,33.88297,-84.37994,marta
593,44018,ROSWELL RD NE @ MIDVALE DR NE,33.872251,-84.381159,marta
594,44020,ROSWELL RD NE @ WIEUCA RD NE,33.876251,-84.380348,marta
595,44024,ROSWELL RD NE @ WINDSOR PKWY NE,33.879306,-84.379915,marta
596,44028,ROSWELL RD NE @ OSNER DR NE,33.895022,-84.381388,marta
597,44030,ROSWELL RD NE @ MT PARAN RD NE,33.897528,-84.381554,marta
598,44032,ROSWELL RD NE @ MARYEANNA DR,33.900075,-84.380517,marta
599,44036,ROSWELL RD NE @ MYSTIC PL NE,33.883138,-84.380128,marta
600,44038,ROSWELL RD NE @ MYSTIC DR,33.884418,-84.380749,marta
601,44042,ROSWELL RD NE @ LONG ISLAND DR NE,33.887263,-84.381677,marta
602,44045,ROSWELL RD NE @ W BELLE ISLE RD NE,33.889915,-84.381535,marta
603,44046,ROSWELL RD NE @ HARDEMAN RD,33.8924,-84.38119,marta
604,44058,ROSWELL RD NE @ TOWNSHIP PKWY,33.884946,-84.380978,marta
605,44062,ROSWELL RD NE @ LONG ISLAND DR NE,33.887039,-84.381622,marta
606,44064,ROSWELL RD NE @ E BELLE ISLE RD NE,33.890188,-84.381275,marta
607,44066,ROSWELL RD NE @ PARK AVE NE,33.892756,-84.381042,marta
608,44074,ROSWELL RD NE @ BEACHLAND DR NE,33.89771,-84.38142,marta
609,44078,ROSWELL RD NE @ GREEN HILL RD NE,33.90044,-84.38,marta
610,45104,PEACHTREE RD NE @ HERMANCE DR NE,33.871537,-84.332355,marta
611,45106,PEACHTREE RD @ LANIER DR,33.873621,-84.33044,marta
612,45108,PEACHTREE RD @ LANIER DR,33.873942,-84.330221,marta
613,45110,PEACHTREE RD @ HERMANCE DR,33.871633,-84.332475,marta
614,46008,NEW PEACHTREE RD @ HOOD AVE,33.890597,-84.300709,marta
615,46010,JOHNSON FERRY RD @ JEFFERSON CIR S,33.886892,-84.317056,marta
616,46014,CHAMBLEE TUCKER @ PEACHTREE RD,33.888404,-84.309379,marta
617,46020,JOHNSON FERRY RD @ KESWICK DR,33.888409,-84.318524,marta
618,46022,JOHNSON FERRY RD NE @ DURDEN DR NE,33.890526,-84.320977,marta
619,46032,PEACHTREE RD @ ASHFORD DUNWOODY RD,33.87526,-84.327836,marta
620,46034,PEACHTREE RD NE @ REDDING RD NE,33.876495,-84.325732,marta
621,46046,PEACHTREE IND BLVD @ MILLER DR,33.8932,-84.307417,marta
622,46048,PEACHTREE IND BLVD @ PIERCE DR,33.89416,-84.306124,marta
623,46050,PEACHTREE INDUSTRIAL BLVD @ CHAMBLEE DUNWOODY RD,33.895455,-84.304727,marta
624,46052,PEACHTREE INDUSTRIAL BLVD @ IVY LN,33.897379,-84.30273,marta
625,46058,PEACHTREE IND BLVD @ BROAD ST,33.898587,-84.301811,marta
626,46060,PEACHTREE BLVD @ IVY LN,33.897724,-84.302691,marta
627,46062,PEACHTREE IND BLVD @ CHAMBLEE DUNWOODY,33.894971,-84.305485,marta
628,46066,PEACHTREE IND BLVD @ MILLER DR,33.89325,-84.307861,marta
629,46070,PEACHTREE IND BLVD @ CLAIRMONT RD,33.88847,-84.313653,marta
630,46078,PEACHTREE RD NE @ 4839,33.881777,-84.319575,marta
631,46082,PEACHTREE RD @ ASHFORD DUNWOODY RD,33.876112,-84.326796,marta
632,46118,CHAMBLEE TUCKER RD @ W HOSPITAL AVE,33.885731,-84.294586,marta
633,46120,CHAMBLEE TUCKER RD @ CATALINA DR,33.885752,-84.297869,marta
634,46122,CHAMBLEE TUCKER RD @ HOOD AVE,33.885761,-84.300507,marta
635,46126,CHAMBLEE TUCKER RD @ WATKINS AVE,33.885777,-84.30336,marta
636,46128,CHAMBLEE TUCKER RD @ NEW PEACHTREE RD,33.885882,-84.306114,marta
637,46132,CHAMBLEE TUCKER RD @ FLIGHTWAY DR,33.885591,-84.297771,marta
638,46152,NEW PEACHTREE RD @ HARDEE AVE,33.885983,-84.307833,marta
639,46156,NEW PEACHTREE RD @ HARDEE AVE,33.885736,-84.308323,marta
640,46180,NEW PEACHTREE RD @ HOOD AVE,33.89017,-84.301059,marta
641,46186,CHAMBLEE DUNWOODY RD @ BLACKBURN WAY,33.891784,-84.296974,marta
642,46201,JOHNSON FERRY RD NE @ DURDEN DR NE,33.890517,-84.321205,marta
643,46202,PEACHTREE INDUSTRIAL BLVD @ MCGAW DR,33.887608,-84.314214,marta
644,46204,PEACHTREE INDUSTRIAL BLVD @ CHAMBLEE TUCKER RD,33.890095,-84.311437,marta
645,46206,CHAMBLEE TUCKER RD @ 5193,33.888708,-84.309695,marta
646,46216,CLAIRMONT RD @ TOBEY RD,33.872205,-84.30936,marta
647,46218,CLAIRMONT RD @ AIRPORT RD,33.876358,-84.309403,marta
648,46220,CLAIRMONT RD @ DYER CIR,33.880609,-84.309424,marta
649,46222,CLAIRMONT RD NE @ LAWSON WAY,33.882005,-84.309424,marta
650,46226,CLAIRMONT RD @ NEW PEACHTREE RD,33.885218,-84.310055,marta
651,46236,CLAIRMONT RD NE @ LAWSON DR,33.882131,-84.30957,marta
652,46238,CLAIRMONT RD NE @ 5TH ST,33.880188,-84.309579,marta
653,46240,CLAIRMONT RD NE @ 8TH ST,33.876833,-84.309543,marta
654,46242,CLAIRMONT RD NE @ 9TH ST,33.87557,-84.309565,marta
655,46262,PEACHTREE BLVD @ PEACHTREE RD,33.88327,-84.31702,marta
656,46263,PEACHTREE IND BLVD @ JOHNSON FERRY,33.886485,-84.314883,marta
657,46264,PEACHTREE RD NE @ 4829,33.880898,-84.320503,marta
658,46273,CHAMBLEE TUCKER RD @ W HOSPITAL AVE,33.885636,-84.295647,marta
659,46276,PEACHTREE RD @ CHAMBLEE DUNWOODY WAY,33.891821,-84.301478,marta
660,46308,JOHNSON FERRY RD NE @ ASHFORD DUNWOODY RD NE,33.891993,-84.325757,marta
661,46310,CLAIRMONT RD NE @ NEW PEACHTREE RD,33.88466,-84.30993,marta
662,46328,CHAMBLEE DUNWOODY RD @ BLACKBURN WAY,33.891847,-84.296832,marta
663,46334,JOHNSON FERRY RD NE @ GATEBURY CIR,33.887661,-84.318337,marta
664,46336,PEACHTREE INDUSTRIAL BLVD @ JOHNSON FERRY RD,33.88506,-84.31616,marta
665,46509,PEACHTREE IND BLVD @ MCGAW DR,33.886981,-84.314791,marta
666,46900,CHAMBLEE STATION - EAST LOOP,33.887675,-84.305039,marta
667,46901,CHAMBLEE STATION - WEST LOOP,33.888495,-84.305504,marta
668,47002,NEW PEACHTREE RD @ 5918,33.89985,-84.28226,marta
669,47064,BUFORD HWY @ WOODSIDE WAY,33.875049,-84.293972,marta
670,47065,BUFORD HWY NE @ SHALLOWFORD TER,33.876491,-84.293509,marta
671,47069,BUFORD HWY NE @ CHAMBLEE TUCKER RD,33.885456,-84.288225,marta
672,47080,BUFORD HWY NE @ SHALLOWFORD TER,33.8772,-84.292779,marta
673,47082,BUFORD HWY NE @ 4725,33.879021,-84.291789,marta
674,47084,BUFORD HWY NE @ BEVERLY HILLS DR,33.881785,-84.290244,marta
675,47092,BUFORD HWY NE @ 4995,33.887738,-84.286971,marta
676,47094,BUFORD HWY NE @ SHALLOWFORD RD,33.889614,-84.285942,marta
677,47096,BUFORD HWY NE @ MCCLAVE DR,33.891457,-84.284859,marta
678,47100,BUFORD HWY NE @ MCCLAVE DR,33.891941,-84.284968,marta
679,47102,BUFORD HWY NE @ 5203,33.894445,-84.283253,marta
680,47104,BUFORD HWY NE @ 5269,33.896217,-84.281994,marta
681,47106,BUFORD HWY NE @ 5200,33.894243,-84.283694,marta
682,47108,BUFORD HWY NE @ 5280,33.896576,-84.282039,marta
683,47110,BUFORD HWY NE @ OAKMONT AVE,33.897788,-84.280174,marta
684,47112,BUFORD HWY NE @ OAKMONT AVE,33.898429,-84.279823,marta
685,47114,BUFORD HWY @ LONGMIRE,33.905387,-84.271187,marta
686,47116,BUFORD HWY NE @ JESSE NORMAN WAY,33.901407,-84.275993,marta
687,47123,PEACHTREE RD @ AMERICAN INDUSTRIAL W,33.892035,-84.300876,marta
688,47125,PEACHTREE RD @ BROAD ST,33.894044,-84.298702,marta
689,47128,N PEACHTREE RD @ PEACHTREE RD,33.896768,-84.293857,marta
690,47130,N PEACHTREE RD @ CLEMSON DR,33.898819,-84.2938,marta
691,47131,PEACHTREE RD @ BROAD ST,33.89387,-84.299407,marta
692,47132,N PEACHTREE RD @ PEACHTREE RD,33.896404,-84.294098,marta
693,47133,PEACHTREE RD @ BROAD ST,33.894593,-84.297396,marta
694,47134,SHALLOWFORD RD NE @ WOODSIDE WAY,33.873919,-84.290012,marta
695,47135,SHALLOWFORD RD NE @ SHALLOWFORD PL,33.878742,-84.287179,marta
696,47136,SHALLOWFORD RD NE @ BEVERLY HILLS DR,33.880004,-84.286895,marta
697,47137,SHALLOWFORD RD NE @ LAVENTURE DR,33.883345,-84.284812,marta
698,47139,SHALLOWFORD RD NE @ ADDISON DR,33.886088,-84.284942,marta
699,47140,CHAMBLEE DUNWOODY RD @ BUFORD HWY NE,33.889087,-84.286194,marta
700,47144,CHAMBLEE DUNWOODY RD @ CLAIRVIEW DR,33.890538,-84.289155,marta
701,47148,CHAMBLEE DUNWOODY RD @ CUMBERLAND DR,33.89172,-84.292226,marta
702,47150,CHAMBLEE DUNWOODY RD @ W HOSPITAL AVE,33.891864,-84.294578,marta
703,47152,CHAMBLEE TUCKER RD @ BARKSIDE CT,33.880539,-84.263179,marta
704,47158,CHAMBLEE TUCKER RD @ DEKALB TECHNOLOGY PKWY,33.880196,-84.274536,marta
705,47162,CHAMBLEE TUCKER RD @ HOLIDAY PL,33.882355,-84.278966,marta
706,47164,CHAMBLEE TUCKER RD @ BAGLEY DR,33.883282,-84.281937,marta
707,47166,CHAMBLEE TUCKER RD @ SHALLOWFORD RD,33.885647,-84.284843,marta
708,47168,CHAMBLEE TUCKER RD @ CARROLL CIR,33.88575,-84.28986,marta
709,47170,CHAMBLEE TUCKER RD @ CUMBERLAND DR,33.885757,-84.29155,marta
710,47174,CHAMBLEE TUCKER RD @ ALTON RD,33.880747,-84.262274,marta
711,47180,CHAMBLEE TUCKER RD @  DEKALB TECHNOLOGY PKWY,33.88055,-84.27514,marta
712,47184,CHAMBLEE TUCKER RD @ HOLIDAY PL,33.882409,-84.279576,marta
713,47186,CHAMBLEE TUCKER RD @ SHALLOWFORD RD,33.885606,-84.28515,marta
714,47192,CHAMBLEE TUCKER RD @ 2331,33.885635,-84.294406,marta
715,47204,CHAMBLEE DUNWOODY RD @ W HOSPITAL AVE,33.891748,-84.29424,marta
716,47206,CHAMBLEE DUNWOODY RD @ CUMBERLAND DR,33.891622,-84.292226,marta
717,47208,CHAMBLEE DUNWOODY RD @ BUFORD HWY NE,33.889356,-84.286934,marta
718,47210,SHALLOWFORD RD NE @ CHAMBLEE TUCKER RD,33.886187,-84.285106,marta
719,47212,SHALLOWFORD RD NE @ LA VENTURE DR,33.883744,-84.284933,marta
720,47214,SHALLOWFORD RD NE @ ORTEGA WAY,33.881498,-84.286012,marta
721,47216,SHALLOWFORD RD NE @ SHALLOWFORD PL,33.878966,-84.287244,marta
722,47218,SHALLOWFORD RD NE @ SHALLOWFORD TER,33.876568,-84.288465,marta
723,47220,SHALLOWFORD RD NE @ WOODSIDE WAY,33.87381,-84.290196,marta
724,47228,BUFORD HWY NE @ BEVERLY HILLS DR,33.882277,-84.290327,marta
725,47230,BUFORD HWY NE @ 4770,33.878277,-84.292582,marta
726,47246,I-85 ACCESS RD NORTH (N.E. EXPY) @ 3355,33.874607,-84.275673,marta
727,47248,I-85 ACCESS RD NORTH (N.E. EXPY) @ WOODCOCK BLVD,33.875918,-84.274582,marta
728,47266,SHALLOWFORD RD @ NEW PEACHTREE,33.898215,-84.283455,marta
729,47267,NEW PEACHTREE RD @ 5935,33.900317,-84.281537,marta
730,47268,BUFORD HWY NE @ CHAMBLEE DUNWOODY RD,33.889456,-84.286327,marta
731,47292,CHAMBLEE TUCKER RD @ PRESIDENTIAL PK,33.877807,-84.270681,marta
732,47293,CHAMBLEE TUCKER RD @ STANTONDALE DR,33.880113,-84.265477,marta
733,47298,CHAMBLEE TUCKER RD @ PRESIDENTIAL PKWY,33.877745,-84.271047,marta
734,47300,CHAMBLEE TUCKER RD @ CUMBERLAND DR,33.885625,-84.291324,marta
735,47310,CHAMBLEE TUCKER RD @ STANTONDALE DR,33.879869,-84.265684,marta
736,47312,CHAMBLEE TUCKER RD @ EMBRY CIR,33.883284,-84.258842,marta
737,47320,SHALLOWFORD RD @ BUFORD HWY,33.889919,-84.28579,marta
738,47322,SHALLOWFORD RD @ 3552,33.892604,-84.28641,marta
739,47326,PEACHTREE RD @ INGERSOLL RAND DR,33.895341,-84.295714,marta
740,47328,SHALLOWFORD RD NE @ WHISPERING HILLS DR,33.876157,-84.288632,marta
741,47330,SHALLOWFORD RD NE @ ORTEGA WAY,33.881422,-84.285877,marta
742,47338,SHALLOWFORD RD NE @ BEVERLY HILLS DR,33.880111,-84.286928,marta
743,47340,BUFORD HWY @ CHAMBLEE TUCKER RD,33.884653,-84.289001,marta
744,47342,CHAMBLEE TUCKER RD @ BUFORD HWY,33.885861,-84.287856,marta
745,47344,CHAMBLEE TUCKER RD @ MERCER UNIVERSI,33.877491,-84.270063,marta
746,47346,CHAMBLEE TUCKER RD @ ASCOT CT,33.881799,-84.277388,marta
747,47348,CHAMBLEE TUCKER RD @ ASCOT CT,33.881772,-84.277573,marta
748,48002,HENDERSON MILL RD @ ASHWOOD LN,33.879027,-84.248317,marta
749,48003,HENDERSON MILL RD @ CHAMBLEE TUCKER RD,33.881978,-84.24545,marta
750,48004,HENDERSON MILL RD @ SHABROMAT WAY,33.877597,-84.251214,marta
751,48008,CHAMBLEE TUCKER RD @ NORTHCREST RD,33.885533,-84.247842,marta
752,48026,CHAMBLEE TUCKER RD @ NORTHCREST RD,33.885417,-84.247712,marta
753,48034,CHAMBLEE TUCKER RD @ 3350,33.885213,-84.256218,marta
754,48040,CHAMBLEE TUCKER RD @ HENDERSON MILL,33.883043,-84.244915,marta
755,48042,HENDERSON MILL RD @ CHAMBLEE TUCKER,33.882122,-84.245524,marta
756,48044,HENDERSON MILL RD @ ASHWOOD LN,33.879612,-84.24762,marta
757,48046,HENDERSON MILL @ 3208,33.879078,-84.248886,marta
758,48048,HENDERSON MILL RD @ SHABROMAT WAY,33.877917,-84.25099,marta
759,48050,HENDERSON MILL RD @ EVANS RD,33.871784,-84.250648,marta
760,48052,FLOWERS RD S @ MERCER UNIVERSITY DR,33.875014,-84.256096,marta
761,48054,FLOWERS RD @ MERCER UNIVERSITY DR,33.874992,-84.255883,marta
762,48064,PLEASANTDALE RD @ 4000,33.899333,-84.243613,marta
763,48066,PLEASANTDALE RD @ 3930,33.897444,-84.242843,marta
764,48068,PLEASANTDALE RD @ 3930,33.8955,-84.24067,marta
765,48070,PLEASANTDALE RD @ 3810,33.895101,-84.239468,marta
766,48072,PLEASANTDALE RD @ 3772,33.89484,-84.23767,marta
767,48073,PLEASANTDALE RD @ 3754,33.89466,-84.23679,marta
768,48074,PLEASANTDALE RD @ 3722,33.894007,-84.235653,marta
769,48075,TUCKER NORCROSS RD @ BRITT RD,33.882736,-84.219653,marta
770,48076,CHAMBLEE TUCKER RD @ TUCKER NORCROSS RD,33.880946,-84.219111,marta
771,48078,CHAMBLEE TUCKER RD @ GLADNEY DR,33.878386,-84.218395,marta
772,48080,CHAMBLEE TUCKER RD @ MENLO DR,33.875378,-84.218084,marta
773,48081,CHAMBLEE TUCKER RD @ GLADNEY DR,33.878529,-84.218297,marta
774,48082,CHAMBLEE TUCKER RD @ MENLO DR,33.875298,-84.218008,marta
775,48084,CHAMBLEE TUCKER RD @ WEBB RD,33.872971,-84.217304,marta
776,48086,PLEASANTDALE RD @ 4025,33.898941,-84.24318,marta
777,48088,PLEASANTDALE RD @ 4021,33.89691,-84.24233,marta
778,48090,PLEASANTDALE RD @ 3845,33.895815,-84.241003,marta
779,48094,PLEASANTDALE RD @ 3772,33.89508,-84.237768,marta
780,48096,PLEASANTDALE RD @ 3722,33.894144,-84.235455,marta
781,48098,PLEASANTDALE RD @ VALLEY BLUFF WAY,33.89244,-84.23129,marta
782,48100,PLEASANTDALE RD @ VALLEY BLUFF WAY,33.89208,-84.22984,marta
783,48104,PLEASANTDALE RD @ WASHINGTON WAY,33.89192,-84.22878,marta
784,48108,PLEASANTDALE RD @ PLEASANTDALE PKWY,33.890503,-84.227701,marta
785,48110,PLEASANTDALE RD @ PLEASANTDALE PKWY,33.89041,-84.22745,marta
786,48112,PLEASANTDALE RD @ SPRING HARBOR LN,33.888801,-84.22681,marta
787,48114,PLEASANTDALE RD @ SPRING HARBOUR DR,33.889087,-84.22682,marta
788,48116,PLEASANTDALE RD @ PLEASANT SHADE DR,33.887216,-84.225364,marta
789,48118,PLEASANTDALE RD @ PLEASANT SHADE DR,33.88712,-84.225057,marta
790,48120,PLEASANTDALE RD @ SHADOW WALK,33.884949,-84.222252,marta
791,48124,PLEASANTDALE RD @ TUCKER NORCROSS RD,33.884691,-84.221218,marta
792,48126,PLEASANTDALE RD @ TUCKER NORCROSS RD,33.884104,-84.22069,marta
793,48127,TUCKER NORCROSS RD @ BRITT RD,33.882515,-84.219854,marta
794,48128,PLEASANTDALE RD @ VALLEY BLUFF WAY,33.89264,-84.23112,marta
795,48132,MERCER UNIVERSITY DR @ HENDERSON MILL RD,33.875262,-84.25334,marta
796,48134,HENDERSON MILL RD @ MERCER UNIVERSITY DR,33.875217,-84.252687,marta
797,48138,CHAMBLEE TUCKER RD @ N EMBRY CIR,33.882908,-84.261132,marta
798,48140,CHAMBLEE TUCKER RD @ EMBRY CIR,33.883383,-84.259645,marta
799,48142,CHAMBLEE TUCKER RD @ MERCER UNIVERSI,33.878314,-84.268548,marta
800,48144,CHAMBLEE TUCKER RD @ BUCKEYE RD,33.884537,-84.256515,marta
801,48146,FLOWERS RD S @ UNIVERSITY CIR W,33.870373,-84.263611,marta
802,48150,CHAMBLEE TUCKER RD @ BUCKEYE RD,33.88443,-84.257427,marta
803,48151,CHAMBLEE TUCKER RD @ STRATFORD ARMS,33.883404,-84.282239,marta
804,48152,CHAMBLEE TUCKER RD @ MERCER UNIVERSI,33.878604,-84.268809,marta
805,48154,CHAMBLEE TUCKER RD @ STANTONDALE DR,33.879523,-84.267008,marta
806,48160,HENDERSON MILL RD @ BOLERO DR,33.86585,-84.250879,marta
807,48162,CHAMBLEE TUCKER RD @ STONECREST CT,33.885517,-84.250684,marta
808,48164,HENDERSON MILL RD @ MERCER UNIVERSIT,33.87544,-84.252801,marta
809,48170,CHAMBLEE TUCKER RD @ 3365,33.88539,-84.255195,marta
810,48190,CHAMBLEE TUCKER RD @ HENDERSON MILL,33.883618,-84.245535,marta
811,48192,PLEASANTDALE RD @ 3637,33.89329,-84.23383,marta
812,48194,PLEASANTDALE RD @ 3680,33.892951,-84.233284,marta
813,48196,CHAMBLEE TUCKER RD @ FONTANA CT,33.874192,-84.217959,marta
814,48198,CHAMBLEE TUCKER RD @ FONTANA CT,33.874098,-84.217813,marta
815,49002,LAWRENCEVILLE HWY @ OLD NORCROSS RD,33.85698,-84.207218,marta
816,49004,LAWRENCEVILLE HWY @ OLD NORCROSS RD,33.857144,-84.207493,marta
817,49006,LAWRENCEVILLE HWY @ COFER CIR,33.858692,-84.20344,marta
818,49007,LAWRENCEVILLE HWY @ 4375,33.85768,-84.205448,marta
819,49008,LAWRENCEVILLE HWY @ N ROYAL ATLANTA DR,33.86054,-84.200588,marta
820,49010,N ROYAL ATLANTA DR @ LAWRENCEVILLE HWY,33.8602,-84.200077,marta
821,49012,N ROYAL ATLANTA DR @ TUCKERSTONE PKWY,33.859344,-84.199013,marta
822,49014,N ROYAL ATLANTA DR @ 4667,33.85956,-84.196524,marta
823,49016,N ROYAL ATLANTA DR @ 4707,33.859303,-84.194489,marta
824,49018,MOUNTAIN INDUSTRIAL BLVD @ TUCKERSTONE PKWY,33.857063,-84.198334,marta
825,49020,MOUNTAIN INDUSTRIAL BLVD @ 2530,33.857342,-84.195564,marta
826,49022,MOUNTAIN INDUSTRIAL BLVD @ 2550,33.857415,-84.193777,marta
827,49028,N ROYAL ATLANTA DR @ MOUNTAIN INDUSTRIAL BLVD,33.859215,-84.188316,marta
828,49030,N ROYAL ATLANTA DR @ 4823,33.859287,-84.191254,marta
829,49032,MOUNTAIN INDUSTRIAL BLVD @ GRANITE DR,33.844955,-84.200801,marta
830,49034,MOUNTAIN INDUSTRIAL BLVD @ 2145,33.847103,-84.200805,marta
831,49036,HUGH HOWELL RD @ MOUNTAIN IND BLVD,33.849136,-84.201484,marta
832,49038,HUGH HOWELL RD @ TUCKER IND RD,33.849132,-84.203186,marta
833,49040,HUGH HOWELL RD @ FULLER WAY,33.850191,-84.206461,marta
834,50004,NORTHSIDE PKWY NW @ 3419,33.847548,-84.429273,marta
835,50011,HOWELL MILL RD @ 3193,33.841736,-84.427569,marta
836,50021,NORTHSIDE PKWY NW @ 3487,33.850193,-84.430477,marta
837,50022,NORTHSIDE PKWY NW @ 3487,33.850212,-84.430214,marta
838,50024,NORTHSIDE PKWY NW @ 3330,33.847368,-84.429376,marta
839,50028,OLD MILTON PKWY @ HAYNES BRIDGE RD,34.070858,-84.292085,marta
840,51002,ROSWELL RD NE @ POWERS FERRY RD NW,33.855554,-84.382579,marta
841,51058,PEELER RD @ VILLAGE MILL RD,33.931574,-84.309588,marta
842,51066,ROSWELL RD NE @ IVY PKWY NE,33.858301,-84.381075,marta
843,51068,ROSWELL RD NE @ IVY PKWY NE,33.857882,-84.381481,marta
844,51069,PIEDMONT RD NE @ HABERSHAM RD NE,33.853317,-84.381663,marta
845,52002,PIEDMONT RD NE @ TOWER PLACE DR,33.846358,-84.372646,marta
846,52008,PIEDMONT RD NE @ 3525,33.849936,-84.37747,marta
847,52010,PIEDMONT RD NE @ 3565,33.85092,-84.378984,marta
848,52012,PIEDMONT RD NE @ HABERSHAM RD NE,33.852924,-84.381053,marta
849,52016,PIEDMONT RD NE @ 3500,33.849614,-84.377089,marta
850,52020,PIEDMONT RD NE @ CARSON LN NE,33.848452,-84.374182,marta
851,52022,PIEDMONT RD NE @ TOWER PLACE DR NE,33.84651,-84.372831,marta
852,52025,PIEDMONT RD NE @ PEACHTREE RD NE,33.844399,-84.371807,marta
853,52028,ROSWELL RD NE @ SHELDON DR NE,33.860558,-84.380416,marta
854,52030,ROSWELL RD NE @ LAND O LAKES DR NE,33.862831,-84.380189,marta
855,52032,ROSWELL RD NE @ LAKEMOORE DR NE,33.865024,-84.380746,marta
856,52034,ROSWELL RD NE @ CHASTAIN DR NE,33.867548,-84.381031,marta
857,52038,ROSWELL RD NE @ RICKENBACKER DR NE,33.870188,-84.380989,marta
858,52058,PIEDMONT RD NE @ 3558,33.851152,-84.379376,marta
859,52064,ROSWELL RD NE @ RICKENBACKER DR NE,33.870358,-84.381109,marta
860,52068,ROSWELL RD NE @ LE BRUN RD NE,33.861167,-84.38045,marta
861,52070,ROSWELL RD NE @ LAUREL FOREST CIR,33.862509,-84.380276,marta
862,52072,ROSWELL RD NE @ LAKEMOORE DR,33.864746,-84.380757,marta
863,52074,ROSWELL RD NE @ CHASTAIN DR NE,33.86753,-84.381151,marta
864,52076,PEACHTREE RD NE @ LENOX RD NE,33.850174,-84.362045,marta
865,52078,PEACHTREE RD NE @ LENOX RD,33.850395,-84.362343,marta
866,52080,PEACHTREE RD NE @ LENOX PKWY,33.849046,-84.363944,marta
867,52082,PEACHTREE RD NE @ 3414,33.84927,-84.36391,marta
868,52084,PEACHTREE RD NE @ STRATFORD RD NE,33.848877,-84.366311,marta
869,52086,PEACHTREE RD NE @ STRATFORD RD NE,33.84829,-84.366546,marta
870,52088,BUCKHEAD STATION - SOUTHBOUND,33.847874,-84.367296,marta
871,52090,BUCKHEAD STATION - NORTHBOUND,33.847366,-84.367542,marta
872,52092,PEACHTREE RD @ HIGHLAND DR,33.84536,-84.36898,marta
873,52098,PEACHTREE RD @ PIEDMONT RD,33.84339,-84.37162,marta
874,52150,PEACHTREE RD NE @ OAK VALLEY RD NE,33.85133,-84.36101,marta
875,52154,PEACHTREE RD @ ROXBORO RD NE,33.853934,-84.357278,marta
876,52156,PEACHTREE RD @ 3669,33.854168,-84.355561,marta
877,52158,PEACHTREE RD NE @ CANTRELL RD NE,33.854786,-84.353721,marta
878,52160,PEACHTREE RD NE @ KINGSBORO RD NE,33.85553,-84.351566,marta
879,52162,PEACHTREE RD NE @ CLUB DR NE,33.85672,-84.34947,marta
880,52164,PEACHTREE RD @ CLUB DR,33.85769,-84.34701,marta
881,52166,PEACHTREE RD @ BELLAIRE DR,33.857813,-84.347169,marta
882,52168,PEACHTREE RD @ CLUB DR,33.856978,-84.349441,marta
883,52170,PEACHTREE RD @ VERMONT RD,33.85557,-84.35195,marta
884,52172,PEACHTREE RD @ NARMORE DR,33.85478,-84.35422,marta
885,52174,PEACHTREE RD @ 3660,33.854138,-84.356283,marta
886,52178,PEACHTREE RD @ WIEUCA RD,33.85295,-84.36042,marta
887,52182,PEACHTREE RD NE @ MAPLE DR NE,33.843217,-84.372473,marta
888,52220,LENOX RD NE @ FERNCLIFF RD NE,33.843509,-84.358028,marta
889,52222,PIEDMONT RD NE @ PEACHTREE RD NE,33.844667,-84.371829,marta
890,52234,PEACHTREE RD @ PEACHTREE DUNWOODY RD,33.854163,-84.357725,marta
891,52500,LENOX STATION,33.845245,-84.358006,marta
892,53002,BRIARWOOD RD @ 1433,33.84958,-84.33204,marta
893,53010,N DRUID HILLS RD @ CHILDERS RD,33.836602,-84.342788,marta
894,53014,N DRUID HILLS RD NE @ CURTIS DR,33.843467,-84.340091,marta
895,53016,N DRUID HILLS RD NE @ CURTIS DR,33.843199,-84.340755,marta
896,53020,N DRUID HILLS RD NE @ LENOX PARK BLVD,33.845069,-84.339264,marta
897,53022,N DRUID HILLS RD NE @ BROOKSHIRE LN,33.846833,-84.339134,marta
898,53024,N DRUID HILLS RD @ DRUID KNOLL DR,33.841534,-84.342148,marta
899,53025,N DRUID HILLS RD @ GAIL DR,33.840531,-84.342496,marta
900,53026,N DRUID HILLS RD NE @ WRIGHT AVE,33.841874,-84.342082,marta
901,53028,N DRUID HILLS RD NE @ GOODWIN RD,33.839833,-84.342876,marta
902,53030,N DRUID HILLS RD NE @ SYLVAN CIR NE (N),33.856695,-84.339952,marta
903,53031,N DRUID HILLS RD NE @ STANDARD DR,33.856758,-84.340072,marta
904,53034,N DRUID HILLS RD NE @ THORNWELL DR,33.854708,-84.339407,marta
905,53036,N DRUID HILLS RD NE @ SYLVAN CIR NE (S),33.854861,-84.339331,marta
906,53042,N DRUID HILLS RD NE @ COLONIAL DR,33.850833,-84.338938,marta
907,53044,N DRUID HILLS RD NE @ BRIARWOOD RD,33.853179,-84.339135,marta
908,53045,N DRUID HILLS RD NE @ BROOKSHIRE LN,33.846909,-84.33931,marta
909,53052,BRIARWOOD RD @ BRIARWOOD HILLS,33.85128,-84.33446,marta
910,53058,PEACHTREE RD NE @ OSBORNE RD NE,33.865216,-84.337101,marta
911,53076,BUFORD HWY NE @ BRIARWOOD RD,33.844001,-84.327313,marta
912,53078,BUFORD HWY NE @ BRIARWOOD RD,33.844489,-84.327244,marta
913,53079,BRIARWOOD RD NE @ BUFORD HWY NE,33.844157,-84.326345,marta
914,53082,BUFORD HWY NE @ KNOLL PL NE,33.845859,-84.325756,marta
915,53084,BUFORD HWY NE @ AFTON LN,33.847316,-84.323639,marta
916,53088,BUFORD HWY NE @ AFTON LN NE,33.84793,-84.323417,marta
917,53090,BUFORD HWY NE @ 3557,33.849048,-84.321772,marta
918,53092,BUFORD HWY NE @ 3580,33.849297,-84.321867,marta
919,53094,BUFORD HWY NE @ 3567,33.8504,-84.320204,marta
920,53096,BUFORD HWY NE @ 3610,33.850388,-84.320664,marta
921,53098,BUFORD HWY NE @ 3649,33.851307,-84.31919,marta
922,53100,BUFORD HWY NE @ 3658,33.851521,-84.319416,marta
923,53102,BUFORD HWY NE @ 3691,33.852117,-84.318291,marta
924,53104,BUFORD HWY NE @ 3700,33.852363,-84.318457,marta
925,53108,BUFORD HWY NE @ DREW VALLEY RD,33.854524,-84.316035,marta
926,53110,BUFORD HWY NE @ DREW VALLEY RD,33.85407,-84.316133,marta
927,53112,BUFORD HWY NE @ 3799,33.85541,-84.31462,marta
928,53114,BUFORD HWY NE @ 3814,33.855573,-84.314874,marta
929,53116,BUFORD HWY NE @ CLAIRMONT TER,33.856545,-84.313786,marta
930,53118,BUFORD HWY NE @ CLAIRMONT TER,33.85636,-84.31359,marta
931,53120,BUFORD HWY NE @ CLAIRMONT RD,33.857492,-84.312302,marta
932,53122,BUFORD HWY NE @ CLAIRMONT RD NE,33.858533,-84.311544,marta
933,53126,BUFORD HWY NE @ DERING CIR,33.858921,-84.310703,marta
934,53128,BUFORD HWY NE @ 4075,33.86205,-84.307215,marta
935,53130,BUFORD HWY NE @ DERING CIR,33.860486,-84.309386,marta
936,53134,CLAIRMONT RD NE @ BARONE AVE NE,33.842818,-84.314469,marta
937,53136,CLAIRMONT RD NE @ CLAIRMONT WAY,33.845695,-84.315402,marta
938,53140,CLAIRMONT RD NE @ WILMONT DR,33.85027,-84.315518,marta
939,53142,CLAIRMONT RD NE @ CLAIRMONT NORTH NE,33.852493,-84.314717,marta
940,53144,CLAIRMONT RD NE @ TANGLEWOOD CIR,33.854658,-84.313218,marta
941,53146,CLAIRMONT RD NE @ CLAIRMONT TER,33.855829,-84.312506,marta
942,53148,CLAIRMONT RD NE @ BUFORD HWY,33.858531,-84.311933,marta
943,53172,PEACHTREE RD NE @ BROOKHAVEN DR NE,33.857527,-84.345308,marta
944,53174,PEACHTREE RD NE @ COLONIAL DR NE,33.85741,-84.34355,marta
945,53175,PEACHTREE RD @ N DRUID HILLS RD,33.858462,-84.341295,marta
946,53182,PEACHTREE RD NE @ OSBORNE RD NE,33.86506,-84.33705,marta
947,53186,PEACHTREE RD NE @ TOWN BLVD,33.86945,-84.334007,marta
948,53188,PEACHTREE RD @ TOWN BLVD,33.868447,-84.334892,marta
949,53196,PEACHTREE RD @ COLONIAL DR,33.857619,-84.343975,marta
950,53235,LAVISTA RD @ MAIN ST,33.855921,-84.214697,marta
951,53252,CLAIRMONT RD @ CENTURY PL,33.848104,-84.315439,marta
952,53254,CLAIRMONT RD @ MCJENKIN DR,33.850395,-84.315395,marta
953,53256,CLAIRMONT RD @ CLAIRMONT NORTH  NE,33.852337,-84.314611,marta
954,53258,CLAIRMONT RD @ TANGLEWOOD CIR,33.854682,-84.313065,marta
955,53260,CLAIRMONT RD @ CLAIRMONT TER,33.855935,-84.312303,marta
956,53262,CLAIRMONT RD @ BUFORD HWY,33.857852,-84.311785,marta
957,53267,N DRUID HILLS RD NE @ N CLIFF VALLEY WAY,33.844801,-84.339166,marta
958,53306,BRIARWOOD RD @ 1599 (ACROSS),33.84538,-84.32756,marta
959,53308,BRIARWOOD RD @ KEYS CROSSING,33.84701,-84.3283,marta
960,53310,BRIARWOOD RD @ PINE CONE LN,33.84797,-84.32928,marta
961,53312,BRIARWOOD RD @ BRIARWOOD WAY,33.848972,-84.330568,marta
962,53326,BRIARWOOD RD NE @ LIMEHURST DR,33.851746,-84.335227,marta
963,53328,BRIARWOOD RD NE @ YANCY LN NE,33.84942,-84.332016,marta
964,53330,BRIARWOOD RD NE @ BRIARWOOD WAY,33.848892,-84.330546,marta
965,53332,BRIARWOOD RD NE @ PINE CONE LN NE,33.847943,-84.329403,marta
966,53334,BRIARWOOD RD NE @ KEYS CROSSING,33.847111,-84.328511,marta
967,53336,BRIARWOOD RD NE @ 3446,33.845196,-84.327607,marta
968,53386,BUFORD HWY NE @ KNOLL PL,33.845554,-84.325681,marta
969,53516,N DRUID HILLS RD NE @ COLONIAL DR,33.850788,-84.338841,marta
970,53518,BRIARWOOD RD NE @ N DRUID HILLS RD,33.853169,-84.338776,marta
971,53520,CLAIRMONT RD NE @ CENTURY PL,33.847153,-84.315577,marta
972,53900,BROOKHAVEN/OGLETHORPE STATION,33.86025,-84.339147,marta
973,54024,BUFORD HWY NE @ OAK SHADOW CT NE,33.864988,-84.303891,marta
974,54026,BUFORD HWY NE @ PLASTER RD,33.8659,-84.302957,marta
975,54046,SHALLOWFORD RD NE @ FLAIR KNOLL DR NE,33.858389,-84.283727,marta
976,54048,SHALLOWFORD RD NE @ FLAIR KNOLL DR NE,33.858228,-84.283727,marta
977,54082,SHALLOWFORD RD NE @ MELINDA DR NE,33.855739,-84.281812,marta
978,54084,SHALLOWFORD RD NE @ LAKE FLAIR CIR NE,33.861048,-84.286175,marta
979,54086,SHALLOWFORD RD NE @ BRIARLAKE CT NE,33.862856,-84.287295,marta
980,54088,SHALLOWFORD RD NE @ FRONTIER TRL,33.865837,-84.289645,marta
981,54092,SHALLOWFORD RD NE @ DRESDEN DR NE,33.869919,-84.290264,marta
982,54094,SHALLOWFORD RD NE @ 2868,33.871458,-84.29047,marta
983,54096,SHALLOWFORD RD NE @ DRESDEN DR NE,33.869577,-84.290362,marta
984,54098,SHALLOWFORD RD NE @ 2728,33.867388,-84.28989,marta
985,54100,SHALLOWFORD RD NE @ FRONTIER TRL,33.8659,-84.289863,marta
986,54102,SHALLOWFORD RD NE @ BRIARLAKE CT NE,33.862686,-84.287306,marta
987,54120,BUFORD HWY NE @ BRAGG ST,33.86894,-84.299912,marta
988,54124,BUFORD HWY NE @ PLASTER RD,33.865422,-84.303865,marta
989,54128,BUFORD HWY NE @ OAK SHADOW DR NE,33.862618,-84.307001,marta
990,54132,I-85 ACCESS RD @ CENTURY BLVD NE,33.847752,-84.304855,marta
991,54134,I-85 ACCESS RD @ CENTURY BLVD,33.846251,-84.30585,marta
992,54136,I-85 ACCESS RD @ CENTURY BLVD NE,33.845127,-84.306496,marta
993,54138,I-85 ACCESS RD NORTH (N.E. EXPY) @ 3001,33.8664,-84.285998,marta
994,54140,I-85 ACCESS RD NORTH (N.E. EXPY) @ COLONIAL WAY,33.86861,-84.283438,marta
995,54142,I-85 ACCESS RD NORTH (N.E. EXPY) @ 3185,33.870319,-84.280792,marta
996,54148,CLAIRMONT RD @ SKYLAND RD,33.859944,-84.310691,marta
997,54150,CLAIRMONT RD @ RAVEN HILL DR,33.86155,-84.30968,marta
998,54152,CLAIRMONT RD @ CANMONT DR,33.86312,-84.30938,marta
999,54154,CLAIRMONT RD @ DRESDEN DR,33.8652,-84.30931,marta
1000,54156,CLAIRMONT RD @ BRAGG ST,33.867558,-84.309372,marta
1001,54158,CLAIRMONT RD @ YOUNG RD,33.868889,-84.309349,marta
1002,54160,CLAIRMONT RD NE @ YOUNG RD,33.869118,-84.30954,marta
1003,54162,CLAIRMONT RD NE @ BRAGG ST,33.86802,-84.309562,marta
1004,54164,CLAIRMONT RD NE @ DRESDEN DR,33.865561,-84.309585,marta
1005,54166,CLAIRMONT RD NE @ CANMONT DR,33.863287,-84.309558,marta
1006,54168,CLAIRMONT RD NE @ RAVEN HILL,33.861228,-84.30993,marta
1007,54170,CLAIRMONT RD NE @ SKYLAND RD,33.860184,-84.310685,marta
1008,54172,NORTHEAST EXPY @ 2501,33.848785,-84.30304,marta
1009,54174,NORTHEAST EXPY @ 2515 (ENTRANCE),33.853158,-84.298337,marta
1010,54176,NORTHEAST EXPY @ PEACHWOOD CIR S,33.856119,-84.294799,marta
1011,54178,NORTHEAST EXPY @ PEACHWOOD CIR N,33.857721,-84.293688,marta
1012,54180,NORTHEAST EXPY @ 2805,33.862088,-84.290855,marta
1013,54184,I-85 ACCESS RD SOUTH (N.E. EXPY) @ PLASTER RD,33.862217,-84.292091,marta
1014,54186,I-85 ACCESS RD SOUTH (N.E. EXPY) @ 2772,33.859896,-84.293436,marta
1015,54188,I-85 ACCESS RD SOUTH (N.E. EXPY) @ 2700,33.857972,-84.294504,marta
1016,54190,I-85 ACCESS RD SOUTH (N.E. EXPY) @ 2628,33.856091,-84.296135,marta
1017,54192,I-85 ACCESS RD SOUTH (N.E. EXPY) @ 2550,33.854198,-84.298416,marta
1018,54200,I-85 ACCESS RD SOUTH (N.E. EXPY) @ 3070,33.869693,-84.283318,marta
1019,54204,I-85 ACCESS RD NORTH (N.E. EXPY) @ 3265,33.872286,-84.277862,marta
1020,54208,BUFORD HWY @ BRAGG ST,33.868636,-84.29983,marta
1021,54228,SHALLOWFORD RD NE @ LAKE FLAIR CIR NE (N),33.861156,-84.286382,marta
1022,54230,BRIARCLIFF RD @ SHALLOWFORD RD,33.855444,-84.280648,marta
1023,54242,SHALLOWFORD RD NE @ 2865,33.871414,-84.29031,marta
1024,54510,CLAIRMONT RD @ W HARDEE AVE,33.870957,-84.309301,marta
1025,54511,NORTH DEKALB HEALTH CENTER,33.871622,-84.308468,marta
1026,54512,CLAIRMONT RD NE @ GEORGIAN DR E,33.871067,-84.30955,marta
1027,54514,SHALLOWFORD RD NE @ 2739,33.867548,-84.289714,marta
1028,54516,NORTHEAST EXPY @ 2515 (EXIT),33.854667,-84.296475,marta
1029,55006,HENDERSON MILL RD NE @ MILL RIDGE TRL,33.853652,-84.259259,marta
1030,55010,HENDERSON MILL RD NE @ MIDVALE RD,33.85939,-84.253036,marta
1031,55012,HENDERSON MILL RD @ HENDERSON RD,33.867443,-84.250397,marta
1032,55014,HENDERSON MILL RD @ EVANS RD,33.871627,-84.250548,marta
1033,55016,HENDERSON MILL RD @ HENDERSON RD,33.867813,-84.250961,marta
1034,55018,HENDERSON MILL RD @ BOLERO DR,33.865944,-84.2511,marta
1035,55020,HENDERSON MILL RD @ HENDERSON CREEK,33.863276,-84.251776,marta
1036,55022,HENDERSON MILL RD @ MIDVALE RD,33.861267,-84.25165,marta
1037,55024,HENDERSON MILL RD @ LESLIE DR,33.859623,-84.25325,marta
1038,55026,HENDERSON MILL RD @ LESLIE DR,33.857865,-84.254902,marta
1039,55028,HENDERSON MILL RD @ KINGS ARMS DR,33.856542,-84.257058,marta
1040,55030,HENDERSON MILL RD @ BRIARCLIFF WAY,33.855138,-84.259095,marta
1041,55034,HENDERSON MILL RD @ FIELDING DR,33.850976,-84.258652,marta
1042,55038,BRIARCLIFF RD @ HAWTHORNE DR,33.854822,-84.271091,marta
1043,55040,MONTREAL RD @ LAVISTA RD,33.843421,-84.2567,marta
1044,55048,NORTHLAKE PKWY @ LAVISTA RD,33.847342,-84.244538,marta
1045,55052,NORTHLAKE PKWY @ NORTHLAKE CENTER DR,33.850761,-84.244546,marta
1046,55054,NORTHLAKE PKWY @ PARKLAKE DR,33.851454,-84.249476,marta
1047,55056,NORTHLAKE PKWY @ 3350,33.85158,-84.25143,marta
1048,55058,NORTHLAKE PKWY @ NORTHLAKE CT,33.852242,-84.253747,marta
1049,55060,NORTHLAKE PKWY @ HENDERSON MILL RD,33.852432,-84.256889,marta
1050,55064,FLOWERS RD S @ UNIVERSITY CIR,33.870622,-84.260606,marta
1051,55066,FLOWERS RD S @ UNIVERSITY CIR,33.870265,-84.263448,marta
1052,55070,FLOWERS RD S @ HOLLINSWOOD DR,33.87027,-84.266113,marta
1053,55072,FLOWERS RD S @ 2971,33.870708,-84.266243,marta
1054,55084,NORTHLAKE PKWY @ 2180,33.847935,-84.24474,marta
1055,55086,NORTHLAKE PKWY @ 2190,33.848544,-84.244715,marta
1056,55090,NORTHLAKE PKWY @ PARKLAKE DR,33.85131,-84.249269,marta
1057,55092,NORTHLAKE PKWY NE @ 3330,33.851364,-84.252164,marta
1058,55104,LAVISTA RD @ HENDERSON MILL RD,33.845899,-84.254793,marta
1059,55114,LAVISTA RD @ HENDERSON MILL RD NE,33.845908,-84.254923,marta
1060,55116,LAVISTA RD @ MONTREAL RD,33.844585,-84.256862,marta
1061,55118,LAVISTA RD @ 3888,33.843413,-84.258441,marta
1062,55120,LAVISTA RD @ MONTREAL RD,33.844066,-84.257428,marta
1063,55124,HENDERSON MILL RD NE @ LAVISTA RD,33.846374,-84.255445,marta
1064,55138,NORTHLAKE PKWY @ NORTHLAKE CT NE,33.852226,-84.254156,marta
1065,55140,NORTHLAKE PKWY @ HENDERSON MILL RD,33.852226,-84.256528,marta
1066,55142,HENDERSON MILL RD @ NORTHLAKE PKWY,33.852132,-84.258882,marta
1067,55144,FIELDING DR NE @ HENDERSON MILL RD,33.850797,-84.258631,marta
1068,55148,BRIARCLIFF RD NE @ RANDOLPH RD NE,33.849789,-84.258698,marta
1069,55152,FLOWERS RD S @ UNIVERSITY CIR E,33.870988,-84.259757,marta
1070,55154,BRIARCLIFF RD @ HAWTHORNE DR,33.854759,-84.271341,marta
1071,55158,LAVISTA RD @ 3850,33.84293,-84.258909,marta
1072,55160,HENDERSON MILL RD @ MIDVALE RD,33.861038,-84.251534,marta
1073,55162,HENDERSON MILL RD @ GLENROSE DR,33.862308,-84.251358,marta
1074,55164,BRIARCLIFF RD @ CRAVEY DR,33.855732,-84.265201,marta
1075,55166,BRIARCLIFF RD @ CRAVEY DR,33.855803,-84.264983,marta
1076,55170,BRIARCLIFF RD @ BROOKDALE DR,33.855406,-84.276849,marta
1077,55172,LAVISTA RD @ RANCHWOOD DR,33.846497,-84.252038,marta
1078,55174,HENDERSON MILL RD @ GLENROSE DR,33.862304,-84.25164,marta
1079,55176,BRIARCLIFF RD @ BRIARCLIFF WAY,33.854164,-84.262699,marta
1080,55180,BRIARCLIFF RD @ BRIARCREST TRL,33.85508,-84.268271,marta
1081,55186,BRIARCLIFF RD @ BRIARCREST TRL,33.855062,-84.268075,marta
1082,55190,HENDERSON MILL RD @ KINGS ARMS DR,33.856237,-84.257245,marta
1083,55192,HENDERSON MILL RD @ LESLIE DR,33.857439,-84.255253,marta
1084,55194,HENDERSON MILL RD @ HENDERSON CREEK,33.863127,-84.251557,marta
1085,55196,FLOWERS RD S @ 3155,33.8719,-84.25772,marta
1086,55202,FLOWERS RD @ 3330,33.872224,-84.257099,marta
1087,55204,NORTHLAKE PKWY @ 3421,33.851166,-84.247419,marta
1088,55206,NORTHLAKE PKWY @ NORTHLAKE CENTER DR,33.850918,-84.244877,marta
1089,55208,HENDERSON MILL RD @ AMBLEWOOD CT,33.855514,-84.258595,marta
1090,55212,BRIARCLIFF RD @ BROOKDALE DR,33.85546,-84.276762,marta
1091,56002,LAWRENCEVILLE HWY @ SHADY LN,33.84771,-84.227402,marta
1092,56004,LAWRENCEVILLE HWY @ 3591,33.845242,-84.230797,marta
1093,56006,LAWRENCEVILLE HWY @ WOODBRIAR CIR,33.844728,-84.231306,marta
1094,56008,IDLEWOOD RD @ LAWRENCEVILLE HWY,33.850032,-84.213344,marta
1095,56012,IDLEWOOD RD @ 2115,33.84577,-84.21341,marta
1096,56017,CHAMBLEE TUCKER RD @ WEBB RD,33.872907,-84.217107,marta
1097,56018,CHAMBLEE TUCKER RD @ LIVSEY RD,33.869435,-84.217112,marta
1098,56020,CHAMBLEE TUCKER RD @ LIVSEY RD,33.868889,-84.217418,marta
1099,56022,CHAMBLEE TUCKER RD @ CASTLE PINES CT,33.866259,-84.218096,marta
1100,56023,CHAMBLEE TUCKER RD @ CASTLE PINES CT,33.866107,-84.217935,marta
1101,56024,CHAMBLEE TUCKER RD @ PARK DR,33.863797,-84.218216,marta
1102,56037,CHAMBLEE TUCKER RD @ HANNAH RD,33.860798,-84.219089,marta
1103,56040,CHAMBLEE TUCKER RD @ MORGAN RD,33.856682,-84.217837,marta
1104,56042,CHAMBLEE TUCKER RD @ LAVISTA RD,33.855867,-84.217386,marta
1105,56044,LAWRENCEVILLE HWY @ WOODBRIAR CIR,33.844594,-84.231252,marta
1106,56046,LAWRENCEVILLE HWY @ 3591,33.84514,-84.230501,marta
1107,56048,LAWRENCEVILLE HWY @ SHADY LN,33.847222,-84.227508,marta
1108,56050,LAWRENCEVILLE HWY @ BROCKETT RD,33.849447,-84.223181,marta
1109,56054,LAWRENCEVILLE HWY @ FELLOWSHIP RD,33.850016,-84.219381,marta
1110,56056,LAWRENCEVILLE HWY @ BROCKETT RD,33.849613,-84.222931,marta
1111,56060,LAWRENCEVILLE HWY @ MORRIS AVE,33.850159,-84.219543,marta
1112,56064,LAWRENCEVILLE HWY @ TOWNSHIP LN,33.850078,-84.216282,marta
1113,56080,LAVISTA RD @ LEHAVEN DR,33.856812,-84.212698,marta
1114,56086,HUGH HOWELL RD @ LAWRENCEVILLE HWY,33.851999,-84.208857,marta
1115,56088,LAWRENCEVILLE HWY @ MAIN ST,33.850731,-84.214897,marta
1116,56093,CHAMBLEE TUCKER RD @ BALL PARK DR,33.857631,-84.218021,marta
1117,57004,MARIETTA BLVD @ CORONET WAY,33.817514,-84.447838,marta
1118,57008,MARIETTA BLVD NW @ MOORES MILL RD NW,33.819344,-84.451044,marta
1119,57012,BOLTON RD NW @ MOORES MILL RD,33.820737,-84.452113,marta
1120,57014,BOLTON RD NW @ CORONET WAY NW,33.820318,-84.449893,marta
1121,57022,BOLTON RD NW @ MARIETTA BLVD NW,33.821341,-84.456166,marta
1122,57026,BOLTON RD NW @ 2356,33.819939,-84.460947,marta
1123,57032,HOWELL MILL RD NW @ DOWNWOOD CIR NW,33.840385,-84.426961,marta
1124,57034,HOWELL MILL RD NW @ WESTMINSTER CIR N,33.839407,-84.42438,marta
1125,57044,BOLTON RD NW @ HOLLYWOOD RD,33.814087,-84.467949,marta
1126,57050,BOLTON RD NW @ COLLINS RD NW,33.81669,-84.46486,marta
1127,57062,MARIETTA BLVD NW @ CORONET WAY NW,33.816713,-84.446824,marta
1128,57072,BOLTON RD NW @ 2353,33.820168,-84.460182,marta
1129,57074,BOLTON RD @ BARNETT DR,33.821052,-84.458544,marta
1130,57078,BOLTON RD NW @ BARNETT DR NW,33.821105,-84.45862,marta
1131,57082,BOLTON RD NW @ MARIETTA RD NW,33.818648,-84.46274,marta
1132,57086,BOLTON RD NW @ PAUL AVE NW,33.81493,-84.467354,marta
1133,57108,HOWELL MILL RD @ PEACHTREE BATTLE AV,33.825299,-84.416615,marta
1134,57116,HOWELL MILL RD NW @ MOORES MILL RD NW,33.837253,-84.420108,marta
1135,57212,DEFOORS FERRY RD @ PINE GROVE,33.820571,-84.447804,marta
1136,57214,BOLTON RD @ PAUL AVE,33.815215,-84.466721,marta
1137,57222,BOLTON RD @ COLLINS RD,33.817461,-84.464214,marta
1138,57234,BOLTON RD NW @ MARIETTA BLVD NW,33.821252,-84.456167,marta
1139,57236,BOLTON RD @ COLLINS DR,33.816166,-84.466056,marta
1140,57240,BOLTON RD @ MARIETTA RD,33.818407,-84.462604,marta
1141,57242,DEFOORS FERRY RD @ HILLS AVE,33.814512,-84.42981,marta
1142,57244,DEFOORS FERRY RD @ WESTOVER PLANTATION RD,33.821459,-84.437893,marta
1143,57246,DEFOORS FERRY RD @ WESTOVER PLANTATION RD,33.821371,-84.437911,marta
1144,57248,DEFOORS FERRY RD @ HILLS AVE,33.814476,-84.4298,marta
1145,57250,DEFOORS FERRY RD @ BOHLER RD,33.814057,-84.427416,marta
1146,58014,PEACHTREE RD NW @ PHARR RD NW,33.8372,-84.38148,marta
1147,58016,PEACHTREE RD NW @ PEACHTREE AVE,33.834173,-84.382922,marta
1148,58018,PEACHTREE RD NW @ SHERIDAN,33.83332,-84.38372,marta
1149,58019,PEACHTREE RD NW @ 2820,33.832359,-84.384879,marta
1150,58020,PEACHTREE RD NW @ RUMSON RD,33.831551,-84.385536,marta
1151,58022,PEACHTREE RD NW @ ANDREWS DR NW,33.829742,-84.387474,marta
1152,58024,PEACHTREE RD NW @ WESLEY RD NW,33.82846,-84.387532,marta
1153,58030,PEACHTREE RD @ LINDBERGH DR,33.823538,-84.387596,marta
1154,58032,PEACHTREE RD NW @ TERRACE DR NE,33.821506,-84.38805,marta
1155,58034,PEACHTREE RD @ PEACHTREE BATTLE AVE,33.819984,-84.388664,marta
1156,58036,PEACHTREE RD NW @ PEACHTREE HILLS AVE,33.818257,-84.389019,marta
1157,58038,PEACHTREE RD @ PEACHTREE MEMORIAL DR,33.816477,-84.390299,marta
1158,58040,PEACHTREE RD @ PEACHTREE MEMORIAL DR,33.815873,-84.391008,marta
1159,58044,PEACHTREE RD NW @ COLONIAL HOMES DR NW,33.81392,-84.392344,marta
1160,58056,PEACHTREE RD NW @ BISCAYNE DR NW,33.814449,-84.391815,marta
1161,58058,PEACHTREE RD @ PEACHTREE MEMORIAL DR,33.816537,-84.389916,marta
1162,58060,PEACHTREE RD NW @ PEACHTREE HILLS AVE,33.817801,-84.388868,marta
1163,58064,PEACHTREE RD NE @ PEACHTREE BATTLE AVE,33.819576,-84.388374,marta
1164,58066,PEACHTREE RD NW @ LINDBERGH DR NE,33.82269,-84.3874,marta
1165,58068,PEACHTREE RD NW @ LAKEVIEW AVE NE,33.825489,-84.387399,marta
1166,58074,PEACHTREE RD NW @ E WESLEY RD NE,33.82853,-84.38737,marta
1167,58076,PEACHTREE RD NW @ 2765,33.83058,-84.3862,marta
1168,58078,PEACHTREE RD NW @ RUMSON RD NE,33.83132,-84.38547,marta
1169,58079,PEACHTREE RD NW @ SHERIDAN DR NE,33.833,-84.38373,marta
1170,58080,PEACHTREE RD NW @ DELMONT DR,33.833716,-84.383064,marta
1171,58081,PEACHTREE RD NW @ PEACHTREE AVE NE,33.83479,-84.382422,marta
1172,58098,PEACHTREE RD @ 2626,33.82618,-84.38757,marta
1173,58102,HOWELL MILL RD NW @ WESLEY RD NW,33.828861,-84.415863,marta
1174,58116,HOWELL MILL RD NW @ LONGWOOD DR NW,33.816295,-84.415514,marta
1175,58118,HOWELL MILL RD NW @ WOODLEY DR NW,33.818196,-84.416256,marta
1176,58120,HOWELL MILL RD NW @ WELLESLEY DR NW,33.819683,-84.416774,marta
1177,58122,HOWELL MILL RD NW @ WESLEY DR NW,33.8225,-84.4158,marta
1178,58124,HOWELL MILL RD @ PEACHTREE BATTLE,33.82495,-84.416441,marta
1179,58126,HOWELL MILL RD NW @ WESLEY RD NW,33.828542,-84.41581,marta
1180,59004,PIEDMONT RD NE @ MIAMI CIR NE,33.82701,-84.367019,marta
1181,59006,PIEDMONT RD NE @ ALPINE RD NE,33.829409,-84.367652,marta
1182,59010,PIEDMONT RD NE @ ELLIOTT CIR NE,33.833553,-84.367959,marta
1183,59012,PIEDMONT RD NE @ BURKE RD NE,33.835906,-84.367927,marta
1184,59014,PIEDMONT RD NE @ PEACHTREE DR NE,33.837499,-84.368222,marta
1185,59016,PIEDMONT RD NE @ E PACES FERRY RD NE,33.838752,-84.368854,marta
1186,59018,PIEDMONT RD NE @ MARTINA DR NE,33.842269,-84.37063,marta
1187,59021,PIEDMONT RD NE @ MARTINA DR NE,33.84171,-84.37053,marta
1188,59022,PIEDMONT RD NE @ E PACES FERRY RD NE,33.839531,-84.369377,marta
1189,59023,PIEDMONT RD NE @ PHARR RD NE,33.837061,-84.368146,marta
1190,59024,PIEDMONT RD NE @ N HILLS DR NE,33.834197,-84.368046,marta
1191,59030,PIEDMONT RD NE @ WESLEY RD NE,33.831503,-84.368088,marta
1192,59032,PIEDMONT RD NE @ ALPINE RD NE,33.82965,-84.367782,marta
1193,59034,PIEDMONT RD NE @ MIAMI CIR NE,33.828013,-84.367303,marta
1194,59036,PIEDMONT RD NE @ SIDNEY MARCUS BLVD NE,33.825981,-84.367215,marta
1195,59042,PIEDMONT RD NE @ GARSON DR NE,33.817962,-84.366927,marta
1196,59052,PIEDMONT RD NE @ DARLINGTON RD,33.831619,-84.368001,marta
1197,59068,PEACHTREE RD NE @ MAPLE DR NE,33.84271,-84.37276,marta
1198,59070,PEACHTREE RD NW @ W SHADOWLAWN AVE,33.842022,-84.374199,marta
1199,59072,PEACHTREE RD NE @ E SHADOWLAWN AVE,33.841644,-84.37426,marta
1200,59074,PEACHTREE RD NW @ 3180,33.841171,-84.375565,marta
1201,59075,PEACHTREE RD @ MATHIESON DR NE,33.84047,-84.37726,marta
1202,59076,PEACHTREE RD NE @ E PACES FERRY RD,33.839827,-84.37949,marta
1203,59077,PEACHTREE RD @ BOLLING WAY NE,33.840135,-84.37867,marta
1204,59082,PEACHTREE RD @ E PACES FERRY RD NE,33.839284,-84.379912,marta
1205,59084,PEACHTREE RD @ BUCKHEAD AVE NE,33.838535,-84.380803,marta
1206,59216,SIDNEY MARCUS BLVD @ 740,33.82592,-84.364005,marta
1207,59218,SIDNEY MARCUS BLVD @ ADINA DR,33.825589,-84.362089,marta
1208,59220,SIDNEY MARCUS BLVD @ ADINA DR,33.825866,-84.362372,marta
1209,59222,SIDNEY MARCUS BLVD @ PINE TREE RD NE,33.824623,-84.358345,marta
1210,59224,SIDNEY MARCUS BLVD @ PINE TREE RD NE,33.824874,-84.358368,marta
1211,59226,BUFORD HWY NE @ LENOX RD,33.824867,-84.354527,marta
1212,59228,BUFORD HWY NE @ LENOX RD,33.825851,-84.352432,marta
1213,59230,BUFORD HWY NE @ SHADY VALLEY DR NE,33.82551,-84.351266,marta
1214,59232,BUFORD HWY NE @ RIVERS EDGE DR NE,33.826881,-84.348094,marta
1215,59234,BUFORD HWY NE @ RIVERS EDGE DR,33.827034,-84.347629,marta
1216,59236,BUFORD HWY NE @ 2715,33.828468,-84.345892,marta
1217,59242,WOODLAND AVE NE @ LENOX RD NE,33.814529,-84.351922,marta
1218,59244,CHESHIRE BRIDGE RD @ WOODLAND AVE NE,33.81547,-84.35271,marta
1219,59250,LAVISTA RD NE @ CITADEL DR NE,33.817287,-84.348529,marta
1220,59254,LAVISTA RD NE @ CHESHIRE BRIDGE RD,33.817859,-84.349737,marta
1221,59256,LAVISTA RD NE @ LAVISTA WALK,33.817931,-84.350433,marta
1222,59258,LINDBERGH DR NE @ CHESHIRE BRIDGE RD,33.818441,-84.351804,marta
1223,59260,LINDBERGH DR NE @ MELANTE DR NE,33.818897,-84.353012,marta
1224,59262,LINDBERGH DR NE @ MELANTE DR NE,33.818879,-84.353208,marta
1225,59266,LINDBERGH DR NE @ LINDRIDGE DR NE,33.820518,-84.357434,marta
1226,59268,LINDBERGH DR NE @ STRATHMORE DR NE,33.820006,-84.356461,marta
1227,59310,LINDBERGH DR NE @ ADINA DR NE,33.82076,-84.36308,marta
1228,59316,LENOX RD NE @ CANTER RD NE,33.841877,-84.358233,marta
1229,59318,LENOX RD NE @ CRANE RD NE,33.839749,-84.358167,marta
1230,59320,LENOX RD NE @ 3071,33.838326,-84.358167,marta
1231,59322,LENOX RD NE @ EMBASSY CT,33.835301,-84.357752,marta
1232,59324,LENOX RD NE @ BURKE RD NE,33.834148,-84.357477,marta
1233,59326,LENOX RD NE @ CANTERBURY RD,33.82853,-84.354909,marta
1234,59328,LENOX RD NE @ CANTERBURY RD NE,33.827729,-84.354844,marta
1235,59330,LENOX RD NE @ LENOX POINTE  NE,33.826703,-84.354027,marta
1236,59332,CHANTILLY DR NE @ CHESHIRE BRIDGE RD NE,33.823131,-84.351044,marta
1237,59334,LENOX RD NE @ CANTERBURY RD NE,33.827488,-84.354619,marta
1238,59338,LENOX RD NE @ 2791,33.830471,-84.355568,marta
1239,59340,LENOX RD NE @ LENOX WAY,33.833523,-84.357071,marta
1240,59342,LENOX RD NE @ PLANTATION DR NE,33.83543,-84.357658,marta
1241,59344,LENOX RD NE @ 3016,33.836581,-84.358014,marta
1242,59346,LENOX RD NE @ CRANE RD NE,33.839505,-84.358036,marta
1243,59348,LENOX RD NE @ CANTER RD NE,33.841519,-84.358036,marta
1244,59352,SIDNEY MARCUS BLVD NE @ PIEDMONT RD NE,33.82574,-84.366322,marta
1245,59364,BUFORD HWY NE @ LENOX POINTE,33.825257,-84.354299,marta
1246,59371,LENOX RD NE @ VALE CLOSE,33.831796,-84.356458,marta
1247,59373,LENOX RD NE @ VALE CLOSE,33.832232,-84.356792,marta
1248,59374,LENOX RD NE @ LENOX POINTE  NE,33.826862,-84.353931,marta
1249,59376,LENOX RD NE @ 2770,33.830369,-84.355697,marta
1250,59380,PEACHTREE RD @ GRANDVIEW AVE,33.840894,-84.375742,marta
1251,59766,LENOX RD NE @ FERNCLIFF RD NE,33.843676,-84.35828,marta
1252,59901,LINDBERGH CENTER STATION - NORTH LOOP/MOROSGO DR,33.823072,-84.36995,marta
1253,60004,BUFORD HWY NE @ W DRUID HILLS DR NE,33.830453,-84.343621,marta
1254,60010,BUFORD HWY NE @ 2865,33.832104,-84.341738,marta
1255,60011,BUFORD HWY NE @ W DRUID HILLS DR,33.830195,-84.344272,marta
1256,60012,BUFORD HWY NE @ 2858,33.832026,-84.342253,marta
1257,60016,BUFORD HWY NE @ N DRUID HILLS RD,33.834001,-84.339963,marta
1258,60018,BUFORD HWY NE @ N DRUID HILLS RD NE,33.834069,-84.339484,marta
1259,60026,BUFORD HWY @ CORPORATE BLVD NE,33.836246,-84.336889,marta
1260,60028,BUFORD HWY NE @ 3072,33.837418,-84.335697,marta
1261,60031,CLAIRMONT RD @ 2890,33.842199,-84.313919,marta
1262,60032,BUFORD HWY NE @ 3061,33.837588,-84.334942,marta
1263,60034,BUFORD HWY @ BRAMBLEWOOD DR NE,33.840031,-84.331841,marta
1264,60042,BUFORD HWY @ N CLIFF VALLEY  WAY NE,33.842243,-84.329305,marta
1265,60046,BRIARCLIFF RD NE @ 2195,33.81727,-84.33511,marta
1266,60047,BRIARCLIFF RD NE @ SHEFFIELD DR NE,33.819759,-84.33494,marta
1267,60050,BRIARCLIFF RD NE @ MAYFAIR DR NE,33.822784,-84.334717,marta
1268,60052,BRIARCLIFF RD NE @ SHERIDAN RD NE,33.824583,-84.334026,marta
1269,60056,BRIARCLIFF RD NE @ DRUID VALLEY DR NE,33.826159,-84.332764,marta
1270,60060,N DRUID HILLS RD NE @ EXECUTIVE PARK DR,33.829161,-84.332244,marta
1271,60062,N DRUID HILLS RD @ W DRUID HILLS DR,33.83305,-84.338359,marta
1272,60064,N DRUID HILLS RD NE @ BUFORD HWY NE,33.833733,-84.340619,marta
1273,60068,N DRUID HILLS RD NE @ CHILDERS RD,33.836289,-84.342734,marta
1274,60072,LAVISTA RD NE @ WOODLAND HILLS DR,33.815041,-84.341195,marta
1275,60076,LAVISTA RD NE @ BROOKFOREST DR NE,33.815757,-84.343175,marta
1276,60078,BUFORD HWY @ N CLIFF VALLEY WAY,33.842341,-84.329634,marta
1277,60080,CLAIRMONT RD NE @ BRIARCLIFF RD NE,33.837102,-84.311868,marta
1278,60084,N DRUID HILLS RD NE @ BUFORD HWY NE,33.833966,-84.340524,marta
1279,60090,N DRUID HILLS RD NE @ WOODCLIFF DR,33.82665,-84.32471,marta
1280,60092,N DRUID HILLS RD NE @ 2415,33.826413,-84.32487,marta
1281,60094,N DRUID HILLS RD NE @ HOLLY LN NE,33.825779,-84.32307,marta
1282,60096,N DRUID HILLS RD NE @ HOLLY NE,33.82545,-84.32282,marta
1283,60098,N DRUID HILLS RD @ KNOB HILL DR NE,33.824333,-84.320371,marta
1284,60100,N DRUID HILLS RD NE @ HIGH HAVEN CT,33.822829,-84.318358,marta
1285,60102,N DRUID HILLS RD @ HIGH HAVEN CT NE,33.822812,-84.318122,marta
1286,60106,N DRUID HILLS RD NE @ LAVISTA RD NE,33.81785,-84.31243,marta
1287,60108,N DRUID HILLS RD NE @ LAVISTA RD NE,33.81724,-84.31149,marta
1288,60110,N DRUID HILLS RD NE @ DRUID OAKS,33.82222,-84.31628,marta
1289,60112,BRIARCLIFF RD NE @ SHERIDAN RD NE,33.8241,-84.334462,marta
1290,60113,BRIARCLIFF RD NE @ MAYFAIR DR NE,33.822918,-84.334864,marta
1291,60114,BRIARCLIFF RD NE @ HOPKINS TER NE,33.821585,-84.334755,marta
1292,60116,BRIARCLIFF RD NE @ CITADEL DR NE,33.819643,-84.335125,marta
1293,60118,BRIARCLIFF RD NE @ 2178,33.817092,-84.33519,marta
1294,60148,BRIARCLIFF RD NE @ SOUTHLAND VISTA CT,33.813604,-84.333773,marta
1295,60150,LAVISTA RD NE @ BRIARCLIFF RD NE,33.815604,-84.33532,marta
1296,60152,LAVISTA RD NE @ VISTA VALLEY DR NE,33.814869,-84.336617,marta
1297,60154,LAVISTA RD NE @ BERNADETTE LN NE,33.814147,-84.338845,marta
1298,60158,LAVISTA RD NE @ WOODLAND HILLS DR,33.815018,-84.340805,marta
1299,60160,LAVISTA RD NE @ BROOKFOREST DR NE,33.815804,-84.342873,marta
1300,60162,LAVISTA RD NE @ CITADEL DR NE,33.817233,-84.347147,marta
1301,60164,LAVISTA RD @ BRIARVISTA WAY,33.81668,-84.330239,marta
1302,60166,LAVISTA RD @ ARBORVISTA DR,33.81668,-84.327987,marta
1303,60182,LAVISTA RD @ N DRUID HILLS RD,33.818219,-84.31133,marta
1304,60184,LAVISTA RD NE @ N DRUID HILLS RD NE,33.817716,-84.313869,marta
1305,60186,LAVISTA RD NE @ MERRY LN NE,33.815454,-84.317891,marta
1306,60188,LAVISTA RD @ CHRISTMAS LN,33.815141,-84.319664,marta
1307,60190,LAVISTA RD @ JODY LN,33.815094,-84.320908,marta
1308,60194,LAVISTA RD @ BILTMORE DR,33.815777,-84.323425,marta
1309,60196,LAVISTA RD @ BREEZY LN,33.816551,-84.325867,marta
1310,60198,LAVISTA RD @ CAROLYN DR,33.816757,-84.327271,marta
1311,60200,LAVISTA RD @ SHEFFIELD DR,33.81677,-84.329946,marta
1312,60202,LAVISTA RD @ 1688,33.816716,-84.331632,marta
1313,60208,LAVISTA RD NE @ BREEZY LN NE,33.816502,-84.325996,marta
1314,60210,LAVISTA RD NE @ BILTMORE DR NE,33.815651,-84.323428,marta
1315,60214,LAVISTA RD NE @ EMPIRE RD NE,33.815016,-84.3211,marta
1316,60216,LAVISTA RD NE @ HOUSTON MILL RD NE,33.815114,-84.319218,marta
1317,60218,LAVISTA RD NE @ MERRY LN NE,33.815391,-84.317836,marta
1318,60220,LAVISTA RD NE @ N DRUID HILLS RD NE,33.81748,-84.313299,marta
1319,60228,NORTHEAST EXPY @ BRIARWOOD RD NE,33.839809,-84.320351,marta
1320,60230,NORTHEAST EXPY @ BRIARWOOD CT NE,33.838978,-84.322136,marta
1321,60232,NORTHEAST EXPY @ 1690,33.837593,-84.325066,marta
1322,60240,BRIARCLIFF RD NE @ WOODLAKE DR NE,33.82708,-84.33121,marta
1323,60242,BRIARCLIFF RD NE @ DRUID VALLEY DR NE,33.825809,-84.33321,marta
1324,60249,BRIARCLIFF RD @ SOUTHLAND VISTA CT,33.813897,-84.33396,marta
1325,60258,CHANTILLY DR NE @ 1680,33.826399,-84.345126,marta
1326,60268,I-85 ACCESS RD @ CLIFF VALLEY WAY,33.836425,-84.325245,marta
1327,60270,NORTHEAST EXPY NE @ 1777,33.838306,-84.321274,marta
1328,60283,LAVISTA RD NE @ VISTA VALLEY DR NE,33.814756,-84.336517,marta
1329,60284,LAVISTA RD NE @ BRIARCLIFF RD NE,33.815615,-84.334896,marta
1330,60294,N DRUID HILLS RD NE @ DRUID OAKS DR,33.822194,-84.316443,marta
1331,60318,CHANTILLY DR NE @ 1700,33.825047,-84.347933,marta
1332,60320,LAVISTA RD @ 2133,33.816787,-84.316092,marta
1333,60340,LAVISTA RD NE @ 1679,33.816233,-84.333481,marta
1334,60342,CHANTILLY DR @ EXECUTIVE PARK S,33.826873,-84.343287,marta
1335,60344,EXECUTIVE PARK S @ EXECUTIVE PARK DR,33.828192,-84.339042,marta
1336,60346,WOODLAND HILLS DR @ COUNTRY LN,33.81326,-84.341706,marta
1337,60348,LAVISTA RD NE @ BERNADETTE LN NE,33.814021,-84.338551,marta
1338,60356,N DRUID HILLS RD @ N CROSSING  DR,33.823984,-84.319979,marta
1339,60360,CLAIRMONT RD @ CANNON FARM HILL RD,33.844006,-84.314696,marta
1340,60364,WOODLAND HILLS DR @ LAVISTA RD,33.814758,-84.340994,marta
1341,60366,BUFORD HWY NE @ 3160,33.83907,-84.333328,marta
1342,60368,BUFORD HWY NE @ 2750,33.828955,-84.34575,marta
1343,61002,CLAIRMONT RD @ AZALEA CIR,33.815712,-84.306347,marta
1344,61005,CLAIRMONT RD @ LAVISTA RD,33.819726,-84.304071,marta
1345,61006,CLAIRMONT RD NE @ PINE FOREST DR,33.824558,-84.307132,marta
1346,61008,CLAIRMONT RD NE @ BLACK FOX DR,33.826553,-84.307814,marta
1347,61010,CLAIRMONT RD NE @ COUNCIL BLUFF DR,33.830377,-84.309255,marta
1348,61012,CLAIRMONT RD NE @ AUDUBON DR,33.833962,-84.310488,marta
1349,61014,N DRUID HILLS RD NE @ 2941,33.815633,-84.310494,marta
1350,61016,N DRUID HILLS RD NE @ 2960,33.81547,-84.31006,marta
1351,61040,LAVISTA RD @ WINSTON PL,33.821377,-84.30134,marta
1352,61048,LAVISTA RD @ OAK GROVE DR,33.824337,-84.294237,marta
1353,61050,LAVISTA RD @ LEAFMORE PL,33.824874,-84.290121,marta
1354,61052,LAVISTA RD @ LAVISTA DR,33.824944,-84.285758,marta
1355,61054,LAVISTA RD @ OAKRIDGE CIR,33.825209,-84.284712,marta
1356,61056,LAVISTA RD @ RICHARD STOKES DR,33.826574,-84.282602,marta
1357,61058,LAVISTA RD @ PANGBORN RD,33.828783,-84.28052,marta
1358,61062,LAVISTA RD @ HARTLAND DR,33.829009,-84.280436,marta
1359,61066,LAVISTA RD @ OAKRIDGE CIR,33.825424,-84.284325,marta
1360,61068,LAVISTA RD @ LAVISTA DR,33.825015,-84.285812,marta
1361,61070,LAVISTA RD @ LEAFMORE PL,33.825071,-84.290447,marta
1362,61074,LAVISTA RD @ BRIANWOOD RD,33.823354,-84.296944,marta
1363,61076,LAVISTA RD @ SAGAMORE DR,33.82267,-84.298836,marta
1364,61080,LAVISTA RD @ WINSTON PL,33.821198,-84.30158,marta
1365,61082,LAVISTA RD @ CLAIRMONT RD,33.820124,-84.30392,marta
1366,61084,LAVISTA RD @ 2396,33.82016,-84.306564,marta
1367,61088,LAVISTA RD @ 2284,33.819017,-84.310717,marta
1368,61101,CLAIRMONT RD NE @ MT BRIAN RD,33.832523,-84.310124,marta
1369,61116,LAVISTA RD @ NALLEY CIR,33.822522,-84.298914,marta
1370,61118,LAVISTA RD @ BRIANWOOD RD,33.82322,-84.297053,marta
1371,61172,CLAIRMONT RD @ AZALEA CIR,33.815445,-84.3063,marta
1372,61174,CLAIRMONT RD @ TRAILMARK DR,33.817947,-84.305008,marta
1373,61176,CLAIRMONT RD @ LAVISTA RD,33.819864,-84.303888,marta
1374,61178,CLAIRMONT RD @ PINE FOREST DR,33.824555,-84.306965,marta
1375,61180,CLAIRMONT RD @ BLACK FOX DR,33.825638,-84.307281,marta
1376,61182,CLAIRMONT RD @ COUNCIL BLUFF DR,33.830642,-84.309216,marta
1377,61184,CLAIRMONT RD @ BRIARCLIFF RD,33.837077,-84.311693,marta
1378,61190,LAVISTA RD @ CLAIRMONT RD,33.820053,-84.304007,marta
1379,61192,CLAIRMONT RD @ AUDUBON DR,33.833477,-84.310101,marta
1380,61200,LAVISTA RD @ AMANDA CIR,33.82008,-84.308478,marta
1381,61202,CLAIRMONT RD NE @ GRACE ARBOR CT,33.829342,-84.308673,marta
1382,61204,CLAIRMONT RD @ WILANDREW DR,33.817999,-84.305177,marta
1383,61206,LAVISTA RD @ 2405,33.820062,-84.306368,marta
1384,61210,LAVISTA RD @ OAK GROVE RD,33.824463,-84.29424,marta
1385,61220,LAVISTA RD @ AMANDA CIR,33.820152,-84.308772,marta
1386,62002,LAWRENCEVILLE HWY @ VALLEY BROOK RD,33.815118,-84.268921,marta
1387,62004,LAWRENCEVILLE HWY @ ROBINWOOD RD,33.816444,-84.267929,marta
1388,62005,LAWRENCEVILLE HWY @ 2505,33.819898,-84.264734,marta
1389,62006,LAWRENCEVILLE HWY @ HARCOURT DR,33.817425,-84.267456,marta
1390,62007,LAWRENCEVILLE HWY @ MCLENDON DR,33.822409,-84.262947,marta
1391,62010,LAWRENCEVILLE HWY @ LINKWOOD,33.825342,-84.257488,marta
1392,62012,LAWRENCEVILLE HWY @ MONTREAL RD W,33.826245,-84.25518,marta
1393,62014,LAWRENCEVILLE HWY @ MONTREAL RD E,33.828086,-84.250489,marta
1394,62016,LAWRENCEVILLE HWY @ LEE WAY,33.829052,-84.249204,marta
1395,62018,LAWRENCEVILLE HWY @ LOVELY LN,33.831627,-84.246122,marta
1396,62020,LAWRENCEVILLE HWY @ SAINT LAWRENCE CV,33.833514,-84.243562,marta
1397,62022,LAWRENCEVILLE HWY @ SAINT LAWRENCE CV,33.833675,-84.243584,marta
1398,62024,LAWRENCEVILLE HWY @ LOVELY LN,33.831753,-84.246176,marta
1399,62026,LAWRENCEVILLE @ LEE WAY,33.830203,-84.248458,marta
1400,62028,LAWRENCEVILLE HWY @ MONTREAL RD E,33.828721,-84.250096,marta
1401,62030,LAWRENCEVILLE HWY @ MONTREAL RD W,33.826303,-84.255882,marta
1402,62034,LAWRENCEVILLE HWY @ FRAZIER RD,33.822356,-84.263277,marta
1403,62035,LAWRENCEVILLE HWY @ 2514,33.820017,-84.265033,marta
1404,62036,LAWRENCEVILLE @ HARCOURT DR,33.817982,-84.267352,marta
1405,62038,LAWRENCEVILLE @ ROBINWOOD RD,33.816826,-84.268295,marta
1406,62040,LAWRENCEVILLE HWY @ VALLEY BROOK RD,33.815258,-84.269211,marta
1407,62042,MONTREAL RD @ NOBLE VINES DR,33.81531,-84.244343,marta
1408,62044,MONTREAL RD @ CLARKSTON INDUSTRIAL BLVD,33.817463,-84.245651,marta
1409,62046,MONTREAL RD @ JUNEAU CT,33.818919,-84.247418,marta
1410,62048,MONTREAL RD @ CANADIAN WAY,33.823683,-84.25095,marta
1411,62049,MONTREAL RD @ ALCAN WAY,33.822241,-84.250353,marta
1412,62050,MONTREAL RD @ 1215,33.820083,-84.248897,marta
1413,62054,MONTREAL RD @ KENNERSLY CLOSE,33.831478,-84.258522,marta
1414,62056,MONTREAL RD @ MONTREAL CIR N,33.835378,-84.256795,marta
1415,62060,MONTREAL RD @ MONTREAL CIR S,33.826753,-84.257081,marta
1416,62062,MONTREAL RD @ WINDFIELD CIR,33.828578,-84.258745,marta
1417,62066,MONTREAL RD @ SIMPSON DR,33.834462,-84.257012,marta
1418,62067,MONTREAL RD @ KENNERSLY CLOSE,33.831322,-84.258723,marta
1419,62069,MONTREAL RD @ 1860,33.837229,-84.256734,marta
1420,62070,MONTREAL RD @ 1846,33.836933,-84.256912,marta
1421,62071,MONTREAL RD @ MONTREAL INDUSTRIAL WAY,33.840064,-84.256729,marta
1422,62072,MONTREAL RD @ MONTREAL INDUSTRIAL WAY,33.839973,-84.256904,marta
1423,62074,MONTREAL RD @ LAVISTA RD,33.843117,-84.256841,marta
1424,62076,MONTREAL RD @ 1468,33.826314,-84.250338,marta
1425,62078,MONTREAL RD @ 1200,33.820245,-84.249354,marta
1426,62079,MONTREAL RD @ ALCAN WAY,33.822153,-84.250457,marta
1427,62080,MONTREAL RD @ JUNEAU CT,33.818883,-84.247592,marta
1428,62082,MONTREAL RD @ CLARKSTON INDUSTRIAL BLVD,33.817459,-84.245831,marta
1429,62084,MONTREAL RD @ NOBLE VINES DR,33.815194,-84.244463,marta
1430,62088,LAVISTA RD @ LAVISTA WAY,33.835284,-84.271017,marta
1431,62090,LAVISTA RD @ CEDAR CANYON DR,33.837306,-84.269775,marta
1432,62092,LAVISTA RD @ BRIARLAKE CIR,33.838747,-84.26849,marta
1433,62094,LAVISTA RD @ CHESTERFIELD DR,33.840079,-84.266552,marta
1434,62096,LAVISTA RD @ HUDSON RD,33.840767,-84.263471,marta
1435,62098,LAVISTA RD @ HAROBI DR,33.841061,-84.260631,marta
1436,62100,LAVISTA RD @ 3825,33.842599,-84.259106,marta
1437,62104,LAVISTA RD @ HAROBI DR,33.841159,-84.260598,marta
1438,62108,LAVISTA RD @ CHESTERFIELD DR,33.840151,-84.266563,marta
1439,62110,LAVISTA RD @ CEDAR CANYON DR,33.837378,-84.269808,marta
1440,62112,LAVISTA RD @ FRAZIER RD,33.834237,-84.271889,marta
1441,62116,MONTREAL RD @ SIMPSON DR,33.834239,-84.256947,marta
1442,62220,LAVISTA RD @ BONANZA DR,33.833672,-84.272451,marta
1443,62222,LAVISTA RD @ HOLLIDON RD,33.840839,-84.264255,marta
1444,62224,LAVISTA RD @ BRIARLAKE RD,33.83923,-84.26812,marta
1445,62226,LAVISTA RD @ LAVISTA WAY,33.835338,-84.271093,marta
1446,62230,MONTREAL RD @ CANADIAN WAY,33.823763,-84.251113,marta
1447,62232,MONTREAL RD @ 1475,33.827139,-84.24972,marta
1448,62234,LAVISTA RD @ RESERVE WAY,33.831053,-84.275808,marta
1449,63002,LAWRENCEVILLE HWY @ TERRI LYNN CT,33.834989,-84.241852,marta
1450,63004,LAWRENCEVILLE HWY @ COOLEDGE RD,33.837457,-84.237975,marta
1451,63006,LAWRENCEVILLE HWY @ HEBRON HILLS DR,33.840815,-84.234365,marta
1452,63008,LAWRENCEVILLE HWY @ STEEL DR,33.842332,-84.233226,marta
1453,63010,LAWRENCEVILLE HWY @ STEEL DR,33.842381,-84.233673,marta
1454,63012,LAWRENCEVILLE HWY @ HEBRON HILLS DR,33.840659,-84.234666,marta
1455,63014,LAWRENCEVILLE HWY @ NORTHLAKE PKWY,33.837133,-84.238933,marta
1456,63016,LAWRENCEVILLE HWY @ TERRI LYNN CT,33.835177,-84.241841,marta
1457,63018,IDLEWOOD RD @ FELLOWSHIP RD,33.842637,-84.213379,marta
1458,63020,IDLEWOOD RD @ ELMDALE DR,33.840799,-84.213382,marta
1459,63023,IDLEWOOD RD @ BROWNING CHASE DR,33.837659,-84.21339,marta
1460,63024,IDLEWOOD RD @ DUESENBERG DR,33.835638,-84.213498,marta
1461,63025,SARR PKWY @ IDLEWOOD RD,33.8339,-84.21359,marta
1462,63026,SARR PKWY @ 4401,33.834102,-84.210847,marta
1463,63028,SARR PKWY @ GREER CIR,33.83424,-84.208427,marta
1464,63030,E PONCE DE LEON AVE @ 4352,33.815046,-84.235976,marta
1465,63032,E PONCE DE LEON AVE @ COBBLE MILL LN,33.816081,-84.235246,marta
1466,63034,E PONCE DE LEON AVE @ CHURCH ST,33.817669,-84.233795,marta
1467,63038,E PONCE DE LEON AVE @ BROCKETT RD,33.818835,-84.231309,marta
1468,63040,E PONCE DE LEON AVE @ BROCKETT RD,33.81901,-84.22957,marta
1469,63042,E PONCE DE LEON AVE @ COUNTRY ADDRESS,33.818814,-84.226659,marta
1470,63044,E PONCE DE LEON AVE @ IDLEWOOD RD,33.818283,-84.223106,marta
1471,63048,E PONCE DE LEON AVE @ RAYS RD,33.817704,-84.216977,marta
1472,63052,E PONCE DE LEON AVE @ ORCHARD PARK DR,33.818264,-84.212754,marta
1473,63054,E PONCE DE LEON AVE @ HAMBRICK RD,33.81901,-84.21104,marta
1474,63058,E PONCE DE LEON AVE @ 5130,33.820873,-84.208181,marta
1475,63060,E PONCE DE LEON AVE @ ROADHAVEN DR,33.824036,-84.203201,marta
1476,63064,E PONCE DE LEON AVE @ HAMBRICK RD,33.81902,-84.21132,marta
1477,63066,E PONCE DE LEON AVE @ ORCHARD PARK DR,33.81821,-84.21332,marta
1478,63070,E PONCE DE LEON AVE @ RAYS RD,33.81786,-84.21729,marta
1479,63074,E PONCE DE LEON AVE @ IDLEWOOD RD,33.818416,-84.222677,marta
1480,63076,E PONCE DE LEON AVE @ COUNTRY ADDRESS,33.81891,-84.22654,marta
1481,63078,E PONCE DE LEON AVE @ 4600,33.81913,-84.22941,marta
1482,63080,E PONCE DE LEON AVE @ BROCKETT RD,33.818619,-84.232439,marta
1483,63082,E PONCE DE LEON AVE @ WETHERBURN DR,33.81762,-84.23412,marta
1484,63084,E PONCE DE LEON AVE @ COBBLE MILL,33.81619,-84.23529,marta
1485,63086,E PONCE DE LEON AVE @ 4352,33.814677,-84.236401,marta
1486,63088,E PONCE DE LEON AVE @ W SMITH ST,33.812666,-84.237754,marta
1487,63092,E PONCE DE LEON AVE @ 4700,33.818711,-84.224694,marta
1488,63096,E PONCE DE LEON AVE @ 4700,33.818597,-84.22469,marta
1489,64004,GREER CIR @ 4478,33.832497,-84.205446,marta
1490,64006,GREER CIR @ ROADHAVEN DR,33.832434,-84.20352,marta
1491,64008,MOUNTAIN IND BLVD @ GREER CIR,33.831781,-84.197946,marta
1492,64010,MOUNTAIN IND BLVD @ LEWIS RD,33.829131,-84.196357,marta
1493,64012,MOUNTAIN INDUSTRIAL BLVD @ E PONCE DE LEON AVE,33.826246,-84.195958,marta
1494,64014,N HAIRSTON RD @ STONEGATE IND BLVD,33.822705,-84.195269,marta
1495,64016,N HAIRSTON RD @ SUMMIT LAKE DR,33.821091,-84.194449,marta
1496,64018,N HAIRSTON RD @ WEATHERLY DR,33.819005,-84.193778,marta
1497,64020,N HAIRSTON RD @ CHATFIELD DR N,33.817866,-84.193793,marta
1498,64022,N HAIRSTON RD @ CHATFIELD DR S,33.815219,-84.193763,marta
1499,64024,MOUNTAIN INDUSTRIAL BLVD @ LEWIS RD,33.828638,-84.195988,marta
1500,64026,MOUNTAIN INDUSTRIAL BLVD @ GREER CIR,33.832748,-84.198641,marta
1501,64028,MOUNTAIN INDUSTRIAL BLVD @ HAMMERMILL RD (S),33.837257,-84.200757,marta
1502,64030,MOUNTAIN INDUSTRIAL BLVD @ ROGER MARTEN WAY,33.840836,-84.200798,marta
1503,64032,MOUNTAIN INDUSTRIAL BLVD @ 2037,33.842915,-84.200807,marta
1504,64034,E PONCE DE LEON AVE @ KELTON DR,33.825517,-84.199186,marta
1505,64038,E PONCE DE LEON AVE @ N HAIRSTON RD,33.825836,-84.19628,marta
1506,64040,E PONCE DE LEON AVE @ LITTON DR,33.825008,-84.19339,marta
1507,64042,E PONCE DE LEON AVE @ STONE RIDGE DR,33.823933,-84.190669,marta
1508,64048,E PONCE DE LEON AVE @ JULIETTE RD,33.816001,-84.181837,marta
1509,64054,E PONCE DE LEON AVE @ JULIETTE RD,33.816246,-84.181656,marta
1510,64056,E PONCE DE LEON AVE @ ROCK MTN BLVD,33.81877,-84.1844,marta
1511,64060,E PONCE DE LEON AVE @ 5650,33.823045,-84.188735,marta
1512,64062,E PONCE DE LEON AVE @ STONE RIDGE DR,33.823953,-84.190443,marta
1513,64064,E PONCE DE LEON AVE @ LITTON DR,33.82523,-84.19348,marta
1514,64066,E PONCE DE LEON AVE @ MOUNTAIN INDUSTRIAL BLVD,33.82572,-84.194977,marta
1515,64068,E PONCE DE LEON AVE @ KELTON DR,33.825699,-84.198845,marta
1516,64070,E PONCE DE LEON AVE @ ROADHAVEN DR,33.823875,-84.203574,marta
1517,64072,E PONCE DE LEON AVE @ 5130,33.820891,-84.208333,marta
1518,64088,N HAIRSTON RD @ WEATHERLY DR,33.819145,-84.193451,marta
1519,64094,MOUNTAIN INDUSTRIAL BLVD @ E PONCE DE LEON AVE,33.826642,-84.195728,marta
1520,64098,E PONCE DE LEON AVE @ 5650,33.823051,-84.188972,marta
1521,64100,E PONCE DE LEON AVE @ BEVERAGE DR,33.820843,-84.186472,marta
1522,64102,E PONCE DE LEON AVE @ BEVERAGE DR,33.820713,-84.186221,marta
1523,64108,JULIETTE RD @ 1551,33.826211,-84.176822,marta
1524,64110,JULIETTE RD @ STONE MILL DR,33.824286,-84.179569,marta
1525,64112,JULIETTE RD @ WOOD BEND DR (N),33.823976,-84.179874,marta
1526,64114,JULIETTE RD @ STONE MILL WAY,33.818004,-84.180571,marta
1527,64116,JULIETTE RD @ WOOD BEND DR (S),33.817504,-84.181018,marta
1528,64118,JULIETTE RD @ TREE MOUNTAIN PKWY,33.821111,-84.180092,marta
1529,64120,JULIETTE RD @ TREE MOUNTAIN PKWY,33.821118,-84.179923,marta
1530,66003,ATLANTA INDUSTRIAL PKWY @ 3600,33.798799,-84.49659,marta
1531,66005,ATLANTA INDUSTRIAL PKWY @ 3555,33.798915,-84.496434,marta
1532,66016,PERRY BLVD NW @ MCCALLIE BLVD NW,33.799352,-84.454537,marta
1533,66018,PERRY BLVD NW @ MARY GEORGE AVE NW,33.802752,-84.458213,marta
1534,66020,PERRY BLVD NW @ 2210,33.803714,-84.459298,marta
1535,66022,PERRY BLVD NW @ 2250,33.804814,-84.460453,marta
1536,66024,PERRY BLVD NW @ 2245,33.805974,-84.463305,marta
1537,66030,BROWNTOWN RD NW @ HOLLYWOOD RD NW,33.803912,-84.47065,marta
1538,66032,BROWNTOWN RD NW @ 2571,33.80387,-84.47277,marta
1539,66040,BROWNTOWN RD NW @ AUDREY PL,33.801957,-84.476243,marta
1540,66042,BROWNTOWN RD NW @ 2741,33.80165,-84.477863,marta
1541,66044,BROWNTOWN RD NW @ 2783,33.801514,-84.479364,marta
1542,66062,PERRY BLVD NW @ MCCALLIE BLVD NW,33.799535,-84.454872,marta
1543,66064,MCCALLIE BLVD NW @ PERRY BLVD NW,33.799342,-84.454863,marta
1544,66066,MCCALLIE BLVD NW @ ABNER PL NW,33.800038,-84.457377,marta
1545,66068,MCCALLIE BLVD NW @ ABNER PL NW,33.799867,-84.457551,marta
1546,66070,AJAX DR NW @ MCCALLIE BLVD NW,33.798461,-84.458886,marta
1547,66072,AJAX DR @ 2208,33.799301,-84.459878,marta
1548,66074,AJAX DR NW @ ADDISON PL,33.799701,-84.461989,marta
1549,66076,AJAX DR NW @ ABNER TER NW,33.800094,-84.462294,marta
1550,66078,ABNER TER NW @ MARY GEORGE AVE NW,33.800945,-84.462002,marta
1551,66090,MARY GEORGE AVE NW @ ABNER PL NW,33.801826,-84.459186,marta
1552,66094,PERRY BLVD NW @ MARY GEORGE AVE NW,33.802681,-84.458235,marta
1553,66096,PERRY BLVD NW @ 2210,33.803696,-84.459396,marta
1554,66098,PERRY BLVD NW @ 2250,33.80476,-84.460485,marta
1555,66100,PERRY BLVD NW @ 2221,33.805439,-84.461291,marta
1556,66102,PERRY BLVD NW @ 2245,33.805911,-84.463229,marta
1557,66108,HOLLYWOOD RD NW @ BROWNTOWN RD NW,33.804259,-84.470362,marta
1558,66128,HOLLYWOOD RD NW @ FELKER WARD ST NW,33.809219,-84.472084,marta
1559,66130,HOLLYWOOD RD NW @ MAIN ST NW,33.810322,-84.471542,marta
1560,66132,HOLLYWOOD RD NW @ SPINK ST NW,33.811722,-84.470581,marta
1561,66134,HOLLYWOOD RD NW @ 2081,33.812359,-84.469994,marta
1562,66136,HOLLYWOOD RD NW @ BOLTON RD,33.813474,-84.468599,marta
1563,66138,HOLLYWOOD RD NW @ ARNO DR NW,33.799111,-84.469953,marta
1564,66140,HOLLYWOOD RD NW @ 1730,33.801231,-84.47023,marta
1565,66142,HIGHTOWER RD NW @ SAINT JAMES AVE NW,33.78569,-84.472565,marta
1566,66162,MALDO DR NW @ CARDO DR NW,33.800739,-84.481819,marta
1567,66164,MALDO DR NW @ ARGYLE DR NW,33.799881,-84.482493,marta
1568,66168,ARGYLE DR NW @ CARDO DR NW,33.799266,-84.480055,marta
1569,66170,ARGYLE DR NW @ MARCO DR NW,33.799492,-84.478381,marta
1570,66172,BRIDGEPORT DR NW @ ARGYLE DR,33.79953,-84.476717,marta
1571,66180,HOLLYWOOD RD NW @ 1730,33.801856,-84.470324,marta
1572,66182,HOLLYWOOD RD NW @ ARNO DR NW,33.799405,-84.470146,marta
1573,66183,HOLLYWOOD RD NW @ PERRY BLVD NW,33.805499,-84.470636,marta
1574,66192,DONALD L HOLLOWELL PKWY @ WATTS RD NW,33.784344,-84.488571,marta
1575,66194,DONALD L HOLLOWELL PKWY @ HARWELL RD,33.786094,-84.491199,marta
1576,66196,DONALD L HOLLOWELL PKWY @ HARWELL RD NW,33.786017,-84.491481,marta
1577,66200,DONALD L HOLLOWELL PKWY @ BOLTON RD NW,33.787924,-84.494542,marta
1578,66220,HOLLYWOOD RD NW @ BOLTON RD NW,33.813315,-84.469148,marta
1579,66222,HOLLYWOOD RD NW @ SPINK ST NW,33.812328,-84.470604,marta
1580,66224,HOLLYWOOD RD NW @ MAIN ST NW,33.810913,-84.471332,marta
1581,66228,HOLLYWOOD RD NW @ PERRY BLVD NW,33.805436,-84.470761,marta
1582,66242,JAMES JACKSON PKWY @ JAMES JACKSON CT,33.799467,-84.4756,marta
1583,66293,HIGHTOWER RD NW @ ETHERIDGE DR NW,33.787788,-84.470459,marta
1584,66295,HIGHTOWER RD NW @ WEST AVE NW,33.78876,-84.47013,marta
1585,66300,ATLANTA INDUSTRIAL PKWY @ 3755,33.802832,-84.49509,marta
1586,66303,ATLANTA INDUSTRIAL PKWY NW @ 3201,33.792711,-84.495357,marta
1587,66316,HOLLYWOOD RD NW @ BROOKS AVE NW,33.785265,-84.461256,marta
1588,66320,HOLLYWOOD RD NW @ ALVIN DR NW,33.78791,-84.464216,marta
1589,66322,HOLLYWOOD RD NW @ SPRING ST NW,33.788625,-84.465721,marta
1590,66324,HOLLYWOOD RD NW @ SAINT PAUL AVE NW,33.789886,-84.466311,marta
1591,66328,HIGHTOWER RD NW @ ETHERIDGE DR NW,33.787974,-84.470495,marta
1592,66330,HIGHTOWER RD @ SAINT JAMES AVE NW,33.785938,-84.472748,marta
1593,66338,NORTHWEST DR NW @ 1190,33.788421,-84.477257,marta
1594,66340,NORTHWEST DR NW @ 1285,33.789827,-84.478775,marta
1595,66342,NORTHWEST DR NW @ 1341,33.792728,-84.481106,marta
1596,66346,NORTHWEST DR NW @ MANGO CIR,33.793669,-84.48272,marta
1597,66348,BOLTON RD NW @ PARROTT AVE,33.801808,-84.486783,marta
1598,66352,BOLTON RD NW @ SAM ST,33.802832,-84.484501,marta
1599,66398,HOLLYWOOD RD NW @ SMITH ST NW,33.809346,-84.472188,marta
1600,66400,BRIDGEPORT DR NW @ MARCO DR NW,33.79876,-84.477596,marta
1601,66402,HOLLYWOOD RD NW @ BROWNTOWN RD NW,33.803436,-84.470552,marta
1602,66404,HOLLYWOOD RD @ MILTON AVE,33.782869,-84.45862,marta
1603,66410,NORTHWEST DR @ 1415,33.794741,-84.484242,marta
1604,66412,NORTHWEST DR @ 1514,33.796436,-84.485872,marta
1605,66416,BOLTON RD @ PEYTON RD,33.808001,-84.480726,marta
1606,66422,HOLLYWOOD RD @ ALVIN DR,33.787937,-84.464459,marta
1607,66432,AJAX DR NW @ ABNER TER NW,33.800256,-84.462218,marta
1608,66448,BOLTON RD @ REY ST,33.802159,-84.485696,marta
1609,66556,BOLTON RD @ 1051,33.78472,-84.49723,marta
1610,66558,DONALD L HOLLOWELL PKWY @ BOLTON RD,33.788087,-84.494642,marta
1611,66560,ATLANTA INDUSTRIAL PKWY @ DONALD L HOLLOWELL PKWY,33.790946,-84.496365,marta
1612,66562,ATLANTA IND PKWY @ ATLANTA IND DRNW,33.796792,-84.495921,marta
1613,66568,ATLANTA INDUSTRIAL PKWY @ 3710,33.800932,-84.496495,marta
1614,66570,ATLANTA INDUSTRIAL PKWY NW @ ATLANTA INDUSTRIAL DR,33.796147,-84.495963,marta
1615,66578,HOLLYWOOD RD @ SPRING ST,33.788651,-84.465885,marta
1616,66590,BRIDGEPORT DR @ MARCO DR,33.800166,-84.476718,marta
1617,66596,HIGHTOWER RD NW @ 7TH ST NW,33.784623,-84.473479,marta
1618,66598,HIGHTOWER RD @ HOLLYWOOD RD,33.79272,-84.469332,marta
1619,66604,NORTHWEST DR @ 1304,33.790981,-84.480127,marta
1620,66608,HIGHTOWER RD NW @ CENTER ST NW,33.790163,-84.47008,marta
1621,66610,JAMES JACKSON PKWY @ NORTHWEST DR,33.789043,-84.476591,marta
1622,66612,HOLLYWOOD RD @ GUN CLUB RD,33.794381,-84.469502,marta
1623,66614,HOLLYWOOD RD @ GUN CLUB RD,33.794692,-84.469322,marta
1624,67002,MARIETTA ST NW @ MARIETTA BLVD NW,33.786346,-84.42887,marta
1625,67008,PERRY BLVD NW @ JOHNSON RD NW,33.788638,-84.437008,marta
1626,67010,PERRY BLVD @ W HIGHLANDS BLVD NW,33.793701,-84.447267,marta
1627,67028,MARIETTA ST NW @ MARIETTA BLVD NW,33.786266,-84.428076,marta
1628,67030,MARIETTA ST NW @ ROCKDALE ST NW,33.786905,-84.4337,marta
1629,67032,PERRY BLVD NW @ JOHNSON RD NW,33.78837,-84.436714,marta
1630,67035,PERRY BLVD NW @ W HIGHLANDS BLVD NW,33.793547,-84.44726,marta
1631,67050,DEFOORS FERRY RD NW @ GLENN AVE NW,33.812752,-84.425532,marta
1632,67052,DEFOOR AVE NW @ COLLIER RD NW,33.8116,-84.426369,marta
1633,67055,DEFOOR AVE NW @ 1990,33.810012,-84.426911,marta
1634,67057,DEFOOR AVE NW @ RHOMBOID ST NW,33.807678,-84.425015,marta
1635,67058,DEFOOR AVE NW @ MANTISSA ST NW,33.805852,-84.424697,marta
1636,67061,DEFOOR AVE NW @ CLAREMONT ST NW,33.804727,-84.422433,marta
1637,67064,DEFOOR AVE NW @ TAYLOR ST NW,33.801936,-84.420025,marta
1638,67066,DEFOOR AVE NW @ MARVIN ST NW,33.801194,-84.418936,marta
1639,67069,BELLEMEADE AVE NW @ BUCHANAN ST NW,33.80037,-84.41332,marta
1640,67071,DEFOOR AVE NW @ SPRINGER ST NW,33.800488,-84.417163,marta
1641,67072,DEFOOR AVE NW @ MARVIN ST NW,33.801328,-84.419013,marta
1642,67074,DEFOOR AVE NW @ TAYLOR ST NW,33.802026,-84.420036,marta
1643,67076,DEFOOR AVE NW @ HARPER ST NW,33.80462,-84.421649,marta
1644,67080,DEFOOR AVE NW @ MANTISSA ST NW,33.806106,-84.424635,marta
1645,67082,DEFOOR AVE NW @ 1981,33.809726,-84.426497,marta
1646,67084,DEFOOR AVE NW @ COLLIER RD NW,33.810989,-84.426689,marta
1647,67086,DEFOORS FERRY RD @ GLENN AVE,33.812797,-84.425424,marta
1648,67114,W MARIETTA ST NW @ RICE ST NW,33.785946,-84.426788,marta
1649,67118,W MARIETTA ST NW @ LONGLEY AVE NW,33.785328,-84.424187,marta
1650,67120,W MARIETTA ST NW @ HERNDON ST NW,33.785076,-84.421493,marta
1651,67126,HUFF RD NW @ BOYD AVE NW,33.789554,-84.419086,marta
1652,67128,HUFF RD NW @ ENGLISH ST NW,33.789629,-84.420521,marta
1653,67130,HUFF RD NW @ FAIRMONT AVE NW,33.789627,-84.422022,marta
1654,67132,HUFF RD NW @ MENLO DR NW,33.78931,-84.42392,marta
1655,67134,HUFF RD NW @ ELLSWORTH IND BLVD,33.788971,-84.426181,marta
1656,67135,ELLSWORTH INDUSTRIAL BLVD @ 1320,33.791051,-84.427208,marta
1657,67137,ELLSWORTH INDUSTRIAL BLVD @ ELAINE AVE NW,33.792651,-84.426788,marta
1658,67138,ELLSWORTH INDUSTRIAL BLVD @ 1425,33.793823,-84.426757,marta
1659,67140,ELLSWORTH INDUSTRIAL BLVD @ 1455,33.795799,-84.426957,marta
1660,67142,ELLSWORTH INDUSTRIAL BLVD @ 1611,33.797309,-84.426915,marta
1661,67147,ELLSWORTH INDUSTRIAL BLVD @ CHATTAHOOCHEE AVE,33.800198,-84.426944,marta
1662,67148,CHATTAHOOCHEE AVE NW @ CARROLL DR NW,33.803268,-84.432123,marta
1663,67149,CHATTAHOOCHEE AVE @ 1391,33.804464,-84.433268,marta
1664,67150,CHATTAHOOCHEE AVE NW @ LOGAN CIR NW,33.805316,-84.433932,marta
1665,67154,CHATTAHOOCHEE AVE NW @ COLLIER RD NW,33.808054,-84.43504,marta
1666,67157,CHATTAHOOCHEE AVE @ 1495,33.809388,-84.43706,marta
1667,67158,CHATTAHOOCHEE AVE NW @ MARIETTA BLVD,33.810288,-84.438541,marta
1668,67160,MARIETTA BLVD @ 2095,33.812825,-84.439287,marta
1669,67161,MARIETTA BLVD @ BOLTON PL,33.814527,-84.440842,marta
1670,67165,HUFF RD NW @ BOYD AVE NW,33.789513,-84.419262,marta
1671,67166,HUFF RD NW @ ENGLISH ST NW,33.789557,-84.420391,marta
1672,67169,HUFF RD NW @ ELLSWORTH INDUSTRIAL BLVD NW,33.788863,-84.425991,marta
1673,67170,HUFF RD NW @ FAIRMONT AVE NW,33.789456,-84.422297,marta
1674,67172,ELLSWORTH INDUSTRIAL BLVD @ ELAINE AVE NW,33.792049,-84.426963,marta
1675,67174,ELLSWORTH INDUSTRIAL BLVD @ 1510,33.796312,-84.427168,marta
1676,67176,ELLSWORTH INDUSTRIAL BLVD @ 1530,33.797324,-84.427144,marta
1677,67180,CHATTAHOOCHEE AVE NW @ ELLSWORTH INDUSTRIAL BLVD,33.800709,-84.427259,marta
1678,67182,CHATTAHOOCHEE AVE NW @ SOUTHLAND CIR NW,33.801638,-84.43018,marta
1679,67184,CHATTAHOOCHEE AVE NW @ CARROLL DR NW,33.803187,-84.432156,marta
1680,67186,CHATTAHOOCHEE AVE NW @ 1396,33.804282,-84.433423,marta
1681,67188,CHATTAHOOCHEE AVE NW @ LOGAN CIR NW,33.805182,-84.433995,marta
1682,67192,CHATTAHOOCHEE AVE NW @ COLLIER RD NW,33.808485,-84.435925,marta
1683,67194,CHATTAHOOCHEE AVE NW @ MARIETTA BLVD,33.809796,-84.43792,marta
1684,67196,MARIETTA BLVD NW @ 2130,33.813656,-84.44002,marta
1685,67200,HOWELL MILL RD NW @ GARRAUX ST NW,33.797961,-84.416203,marta
1686,67232,W MARIETTA ST NW @ LONGLEY AVE NW,33.785523,-84.423791,marta
1687,67234,W MARIETTA ST NW @ HERNDON ST,33.785249,-84.421812,marta
1688,67236,PERRY BLVD @ 1600,33.790342,-84.440459,marta
1689,67238,PERRY BLVD @ 1600,33.79052,-84.441135,marta
1690,67240,DEFOOR AVE @ HOWELL MILL RD,33.80042,-84.41625,marta
1691,67260,DEFOOR AVE @ RHOMBOID ST,33.807624,-84.424917,marta
1692,67278,MARIETTA BLVD NW @ W MARIETTA ST NW,33.78558,-84.427901,marta
1693,67280,HUFF RD @ BOOTH ST,33.788352,-84.416702,marta
1694,67282,HUFF RD @ N ASHBY ST,33.78844,-84.417165,marta
1695,67284,HUFF RD @ FOSTER ST,33.78761,-84.413418,marta
1696,67286,CHATTAHOOCHEE AVE @ SOUTHLAND CIR,33.802303,-84.430817,marta
1697,67290,DEFOORS FERRY RD @ NOBLE CREEK DR,33.813674,-84.425816,marta
1698,67292,HUFF RD @ 1088,33.78924,-84.42366,marta
1699,68016,PEACHTREE RD NW @ BENNETT ST NW,33.81259,-84.39252,marta
1700,68018,PEACHTREE RD NW @ PEACHTREE VALLEY RD,33.809405,-84.393296,marta
1701,68020,PEACHTREE RD NW @ BRIGHTON RD,33.807977,-84.393872,marta
1702,68024,PEACHTREE RD NE @ PALISADES RD NE,33.804908,-84.393725,marta
1703,68026,PEACHTREE ST NE @ 26TH ST NW,33.80281,-84.39304,marta
1704,68028,PEACHTREE ST NE @ 25TH ST NW,33.80161,-84.39287,marta
1705,68032,PEACHTREE ST @ PEACHTREE CONN,33.798158,-84.390902,marta
1706,68034,PEACHTREE ST NE @ PEACHTREE CIR NE,33.79593,-84.38785,marta
1707,68038,PEACHTREE ST NE @ PEACHTREE ST NW,33.79477,-84.38783,marta
1708,68042,PEACHTREE ST NE @ 17TH ST NE,33.79263,-84.3866,marta
1709,68044,PEACHTREE ST NE @ 16TH ST NE,33.79077,-84.38535,marta
1710,68050,15TH ST NE @ PEACHTREE ST NE,33.788435,-84.384803,marta
1711,68052,PEACHTREE RD @ PHARR RD NE,33.836966,-84.381379,marta
1712,68056,15TH ST NE @ ARTS CENTER WAY NE,33.788298,-84.38568,marta
1713,68057,15TH ST NE @ PEACHTREE ST NE,33.78831,-84.383976,marta
1714,68058,PEACHTREE ST NE @ 15TH ST NE,33.78955,-84.384343,marta
1715,68060,PEACHTREE ST NE @ 16TH ST NE,33.790215,-84.384773,marta
1716,68062,PEACHTREE ST NE @ 17TH ST NE,33.792347,-84.386177,marta
1717,68064,PEACHTREE ST NE @ W PEACHTREE ST NW,33.794458,-84.387505,marta
1718,68066,PEACHTREE ST NW @ PEACHTREE CIR NE,33.795555,-84.387615,marta
1719,68067,PEACHTREE ST NE @ SPRING ST NW,33.797304,-84.388911,marta
1720,68070,PEACHTREE ST NE @ DEERING RD,33.799852,-84.392317,marta
1721,68072,PEACHTREE ST NE @ 25TH ST NW,33.801308,-84.392715,marta
1722,68074,PEACHTREE ST NE @ HUNTINGTON RD NE,33.802181,-84.392693,marta
1723,68075,PEACHTREE RD @ PALISADES RD,33.80463,-84.39346,marta
1724,68076,PEACHTREE RD NW @ COLLIER RD NW,33.806571,-84.393818,marta
1725,68078,PEACHTREE RD NW @ BRIGHTON RD NE,33.808683,-84.393266,marta
1726,68079,PEACHTREE RD NW @ BROOKWOOD VALLEY CIR NE,33.809901,-84.392823,marta
1727,68084,PEACHTREE RD NW @ PEACHTREE PARK DR N,33.81205,-84.392128,marta
1728,68088,BELLEMEADE AVE NW @ TALLULAH ST NW,33.800296,-84.411267,marta
1729,68138,BELLEMEADE AVE NW @ BUCHANAN ST NW,33.80045,-84.4131,marta
1730,68160,HUFF RD NW @ HOWELL MILL RD NW,33.787729,-84.412134,marta
1731,68219,NORTHSIDE DR NW @ 17TH ST NW,33.790614,-84.407928,marta
1732,68220,HOWELL MILL RD NW @ MORRIS ST NW,33.796501,-84.416088,marta
1733,68225,HOLLYWOOD RD @ SAINT PAUL AVE,33.78994,-84.46642,marta
1734,68242,HOWELL MILL RD NW @ HUFF RD NW,33.788155,-84.411858,marta
1735,68244,HOWELL MILL RD NW @ 17TH ST,33.790556,-84.4122,marta
1736,68248,HOWELL MILL RD NW @ TRABERT AVE NW,33.793335,-84.41417,marta
1737,68250,HOWELL MILL RD NW @ TRABERT AVE NW,33.793858,-84.414652,marta
1738,68252,HOWELL MILL RD NW @ FORREST ST NW,33.796032,-84.4158,marta
1739,68254,HOWELL MILL RD NW @ ANTONE ST NW,33.79781,-84.4161,marta
1740,68256,HOWELL MILL RD NW @ BELLEMEADE AVE NW,33.801059,-84.415734,marta
1741,68258,HOWELL MILL RD NW @ WHITE ST NW,33.801454,-84.415643,marta
1742,68259,HOWELL MILL RD NW @ VERNER ST NW,33.798867,-84.41613,marta
1743,68260,HOWELL MILL RD NW @ 1775,33.803003,-84.414422,marta
1744,68262,HOWELL MILL RD NW @ CHANNING DR,33.807756,-84.412604,marta
1745,68266,HOWELL MILL RD NW @ COLLIER RD NW,33.810212,-84.412703,marta
1746,68267,HOWELL MILL RD NW @ SPRING LAKE PL NW,33.812502,-84.414141,marta
1747,68276,HOWELL MILL RD NW @ 14TH ST NW,33.786304,-84.411605,marta
1748,68278,HOWELL MILL RD NW @ HUFF RD NW,33.787646,-84.411742,marta
1749,68300,NORTHSIDE DR NW @ NORTHSIDE CIR NW,33.797148,-84.407811,marta
1750,68302,BELLEMEADE AVE @ NORTHSIDE DR NW,33.80035,-84.40851,marta
1751,68304,BELLEMEADE AVE NW @ COMMERCE DR NW,33.800419,-84.41111,marta
1752,68306,BELLEMEADE AVE NW @ HOWELL MILL RD NW,33.800548,-84.415732,marta
1753,68340,HOWELL MILL RD NW @ 14TH ST NW,33.785957,-84.411749,marta
1754,68342,HOWELL MILL RD NW @ COLLIER RD NW,33.809113,-84.412922,marta
1755,68346,HOWELL MILL RD NW @ BECK ST NW,33.807125,-84.412886,marta
1756,68348,HOWELL MILL RD NW @ SPRING GROVE AVE,33.803863,-84.414102,marta
1757,68350,HOWELL MILL RD NW @ RIDGEWAY AVE NW,33.802241,-84.415081,marta
1758,68354,HUFF RD NW @ FOSTER ST NW,33.787799,-84.41333,marta
1759,68370,BELLEMEADE AVE @ NORTHSIDE DR,33.800217,-84.408053,marta
1760,68900,ARTS CENTER STATION,33.789283,-84.387125,marta
1761,69001,PIEDMONT RD NE @ PIEDMONT CIR NE,33.810954,-84.36676,marta
1762,69015,PIEDMONT RD NE @ GARSON DR NE,33.818159,-84.367123,marta
1763,69027,PIEDMONT AVE NE @ MORNINGSIDE DR NE,33.799359,-84.367998,marta
1764,69028,PIEDMONT AVE NE @ MONROE DR NE,33.79665,-84.369551,marta
1765,69029,PIEDMONT AVE NE @ 1502,33.795676,-84.370476,marta
1766,69030,PIEDMONT AVE NE @ AVERY DR NE,33.79446,-84.3717,marta
1767,69031,PIEDMONT AVE NE @ WESTMINSTER DR NE,33.793364,-84.372764,marta
1768,69032,PIEDMONT AVE NE @ THE PRADO NE,33.791388,-84.374556,marta
1769,69034,PIEDMONT AVE NE @ 15TH ST NE,33.78826,-84.377483,marta
1770,69042,PIEDMONT RD NE @ CHESHIRE BRIDGE RD N,33.807596,-84.365932,marta
1771,69056,PIEDMONT CIR NE @ 1911,33.808944,-84.366699,marta
1772,69058,MONROE DR NE @ PIEDMONT CIR,33.810643,-84.368213,marta
1773,69060,MONROE DR NE @ MONROE PL NE,33.810693,-84.370383,marta
1774,69064,MONROE DR NE @ 1942,33.80917,-84.375,marta
1775,69068,MONROE DR NE @ ROCK SPRINGS RD NE,33.805554,-84.374732,marta
1776,69070,MONROE DR NE @ PIEDMONT WAY NE,33.803657,-84.373588,marta
1777,69072,MONROE DR NE @ MONTGOMERY FERRY DR NE,33.801894,-84.372401,marta
1778,69074,MONROE DR NE @ 1705,33.800677,-84.371791,marta
1779,69076,MONROE DR @ 1544,33.799299,-84.370757,marta
1780,69080,MONROE DR NE @ PIEDMONT AVE NE,33.797551,-84.369487,marta
1781,69084,MONROE DR NE @ YORKSHIRE RD NE,33.795683,-84.367863,marta
1782,69088,MONROE DR NE @ PARK DR NE,33.785946,-84.367485,marta
1783,69092,MONROE DR NE @ AMSTERDAM AVE NE,33.78832,-84.36734,marta
1784,69116,MONROE DR NE @ YORKSHIRE RD NE,33.7951,-84.367347,marta
1785,69129,MONROE DR NE @ DUTCH VALLEY RD NE,33.791678,-84.366917,marta
1786,69132,MONROE DR NE @ AMSTERDAM AVE NE,33.7881,-84.36715,marta
1787,69140,MONROE DR NE @ 1605 (ANSLEY MALL),33.798869,-84.370289,marta
1788,69144,MONROE DR NE @ 1705,33.801536,-84.372075,marta
1789,69146,MONROE DR NE @ ALLEN RD NE,33.802386,-84.37263,marta
1790,69148,MONROE DR NE @ PIEDMONT WAY NE,33.803665,-84.373501,marta
1791,69150,MONROE DR NE @ ROCK SPRINGS RD NE,33.805183,-84.374382,marta
1792,69152,MONROE DR NE @ WIMBLEDON RD NE,33.806708,-84.375222,marta
1793,69154,MONROE DR NE @ 1925,33.808106,-84.375314,marta
1794,69156,MONROE DR NE @ 2075,33.810002,-84.373527,marta
1795,69160,MONROE DR NE @ ARMOUR DR NE,33.810547,-84.371598,marta
1796,69166,CHESHIRE BRIDGE RD NE @ WINDEMERE DR,33.808377,-84.364203,marta
1797,69168,CHESHIRE BRIDGE RD NE @ MANCHESTER ST,33.80912,-84.36243,marta
1798,69170,CHESHIRE BRIDGE RD NE @ LIDDELL DR NE,33.810186,-84.359591,marta
1799,69174,CHESHIRE BRIDGE RD NE @ FAULKNER RD N,33.811539,-84.35611,marta
1800,69194,CHESHIRE BRIDGE RD NE @ FAULKNER RD NE,33.81158,-84.35641,marta
1801,69198,CHESHIRE BRIDGE NE @ WELLBOURNE DR NE,33.810163,-84.360016,marta
1802,69200,CHESHIRE BRIDGE RD NE @ MANCHESTER ST,33.809212,-84.3626,marta
1803,69204,CHESHIRE BRIDGE RD NE @ PIEDMONT RD NE,33.808166,-84.364993,marta
1804,69222,N HIGHLAND AVE NE @ AMSTERDAM AVE,33.787579,-84.355296,marta
1805,69224,N HIGHLAND AVE NE @ MCLYNN AVE NE,33.788418,-84.355362,marta
1806,69226,N HIGHLAND AVE NE @ COURTENAY DR NE,33.789513,-84.355576,marta
1807,69228,N HIGHLAND AVE NE @ MORNINGSIDE DR,33.790676,-84.355416,marta
1808,69230,N HIGHLAND AVE NE @ LANIER PL NE,33.791848,-84.353742,marta
1809,69232,N HIGHLAND AVE NE @ UNIVERSITY DR,33.792865,-84.351784,marta
1810,69234,N HIGHLAND AVE NE @ REEDER CIR NE,33.794399,-84.351021,marta
1811,69236,N HIGHLAND AVE NE @ CUMBERLAND RD,33.795311,-84.350655,marta
1812,69238,N HIGHLAND AVE @ E ROCK SPRINGS RD,33.79649,-84.35006,marta
1813,69240,JOHNSON RD NE @ BEECH VALLEY RD NE,33.798052,-84.348925,marta
1814,69242,JOHNSON RD NE @ PASADENA AVE NE,33.79867,-84.347827,marta
1815,69244,JOHNSON RD NE @ NOBLE DR NE,33.799001,-84.346674,marta
1816,69270,E ROCK SPRINGS RD NE @ JOHNSON RD,33.796806,-84.349815,marta
1817,69284,JOHNSON RD NE @ HOMESTEAD AVE,33.798688,-84.348023,marta
1818,69286,JOHNSON RD NE @ BEECH VALLEY RD,33.798172,-84.348946,marta
1819,69288,N HIGHLAND AVE @  E ROCK SPRINGS RD,33.796566,-84.350187,marta
1820,69290,N HIGHLAND AVE NE @ CUMBERLAND RD,33.795725,-84.350622,marta
1821,69300,N HIGHLAND AVE NE @ REEDER CIR,33.794794,-84.351024,marta
1822,69302,N HIGHLAND AVE @ UNIVERSITY DR,33.79332,-84.35155,marta
1823,69304,N HIGHLAND AVE @ LANIER PL,33.791947,-84.353688,marta
1824,69306,N HIGHLAND AVE @ MORNINGSIDE DR,33.791016,-84.355438,marta
1825,69308,N HIGHLAND AVE NE @ COURTENAY DR NE,33.789941,-84.35571,marta
1826,69310,N HIGHLAND AVE NE @ MCLYNN AVE,33.788733,-84.355514,marta
1827,69312,N HIGHLAND AVE NE @ AMSTERDAM AVE,33.787623,-84.355394,marta
1828,69316,N HIGHLAND AVE NE @ GLEN ARDEN WAY,33.784938,-84.354925,marta
1829,69320,CHESHIRE BRIDGE RD @ 2170,33.813965,-84.353674,marta
1830,69325,PIEDMONT AVE NE @ 14TH ST NE,33.78709,-84.37807,marta
1831,69326,PIEDMONT AVE NE @ 15TH ST NE,33.788224,-84.377418,marta
1832,69328,PIEDMONT AVE NE @ PRADO,33.7892,-84.376309,marta
1833,69330,PIEDMONT AVE NE @ THE PRADO,33.791533,-84.374201,marta
1834,69332,PIEDMONT AVE NE @ WESTMINSTER DR NE,33.793095,-84.37282,marta
1835,69334,PIEDMONT AVE NE @ AVERY DR NE,33.79451,-84.371451,marta
1836,69341,PIEDMONT AVE NE @ MORNINGSIDE DR NE,33.799792,-84.367744,marta
1837,69356,14TH ST @ JUNIPER ST,33.78645,-84.381713,marta
1838,69360,MONROE DR @ 2025,33.809127,-84.374821,marta
1839,69362,N HIGHLAND AVE @ WESSYNGTON RD,33.791678,-84.354753,marta
1840,69366,MONROE DR NE @ PIEDMONT AVE NE,33.797018,-84.368809,marta
1841,69368,CHESHIRE BRIDGE RD @ 2171,33.81397,-84.353538,marta
1842,69374,ARMOUR DR @ ARMOUR CIR,33.812795,-84.374181,marta
1843,69378,ARMOUR DR @ OTTLEY DR,33.812408,-84.376988,marta
1844,69380,OTTLEY DR @ 125,33.807061,-84.383438,marta
1845,69382,ARMOUR DR @ ARMOUR CIR,33.812705,-84.374127,marta
1846,69386,MONROE DR @ WIMBLEDON RD,33.806672,-84.375298,marta
1847,69388,MONROE DR NE @ DUTCH VALLEY RD NE,33.791489,-84.367097,marta
1848,69390,PIEDMONT AVE @ PRADO  NE,33.789335,-84.376277,marta
1849,69394,MONROE DR @ PARK DR,33.78602,-84.36724,marta
1850,70018,BRIARCLIFF RD NE @ BRIARDALE LN NE,33.789352,-84.338913,marta
1851,70020,BRIARCLIFF RD NE @ N DECATUR RD NE,33.790759,-84.338123,marta
1852,70032,BRIARCLIFF RD NE @ JOHNSON RD NE,33.805044,-84.337146,marta
1853,70036,BRIARCLIFF RD NE @ SHEPHERDS LN NE,33.806977,-84.335556,marta
1854,70040,BRIARCLIFF RD NE @ STEPHENS DR NE,33.811772,-84.33422,marta
1855,70042,E ROCK SPRINGS RD @ ROCK SPRINGS CR,33.79305,-84.340516,marta
1856,70044,WOODLAND HILLS DR NE @ WOODLAND AVE,33.81223,-84.346275,marta
1857,70046,WOODLAND HILLS DR NE @ PALAFOX DR,33.812159,-84.346297,marta
1858,70048,WOODLAND HILLS DR NE @ JANES LN,33.812132,-84.344491,marta
1859,70050,WOODLAND HILLS DR NE @ VISTA TRL NE,33.811864,-84.342728,marta
1860,70052,WOODLAND HILLS DR NE @ RALPH RD,33.811721,-84.34312,marta
1861,70054,WOODLAND HILLS DR NE @ COUNTRY LN,33.813296,-84.341793,marta
1862,70064,BRIARCLIFF RD NE @ 1256,33.788,-84.339666,marta
1863,70072,JOHNSON RD NE @ MEADOWDALE AVE NE,33.799745,-84.344205,marta
1864,70074,JOHNSON RD NE @ PASADENA AVE NE,33.80106,-84.342659,marta
1865,70076,JOHNSON RD NE @ NOBLE DR,33.802618,-84.340997,marta
1866,70078,JOHNSON RD NE @ HELEN DR NE,33.803514,-84.339876,marta
1867,70089,BRIARCLIFF RD @ SHEPHERDS LN,33.807813,-84.335429,marta
1868,70090,BRIARCLIFF RD NE @ CLIFTON RD NE,33.805841,-84.336287,marta
1869,70108,BRIARCLIFF RD NE @ UNIVERSITY DR NE,33.790025,-84.338712,marta
1870,70116,BRIARCLIFF RD NE @ OAK PARK DR  NE,33.785451,-84.341015,marta
1871,70122,N DECATUR RD NE @ DOWMAN DR NE,33.788356,-84.32524,marta
1872,70144,CLIFTON RD NE @ GAMBRELL DR,33.79032,-84.320844,marta
1873,70148,CLIFTON RD NE @ UPPER GATE DR NE,33.792911,-84.320856,marta
1874,70150,CLIFTON RD NE @ HAYGOOD DR NE,33.795103,-84.321132,marta
1875,70152,CLIFTON RD NE @ GATEWOOD RD NE,33.796928,-84.322083,marta
1876,70154,CLIFTON RD NE @ HOUSTON MILL RD NE,33.798161,-84.323313,marta
1877,70156,CLIFTON RD NE @ 1599,33.799291,-84.324482,marta
1878,70160,CLIFTON RD NE @ TURNER LN,33.800597,-84.326725,marta
1879,70162,CLIFTON RD NE @ EMORY POINT DR,33.800888,-84.329019,marta
1880,70164,CLIFTON RD NE @ 1749,33.801235,-84.330552,marta
1881,70166,CLIFTON RD NE @ OLD BRIARCLIFF WAY,33.803577,-84.333502,marta
1882,70168,CLIFTON RD NE @ BILTMORE DR NE,33.805027,-84.334949,marta
1883,70170,CLIFTON RD NE @ BRIARCLIFF RD NE,33.806038,-84.335874,marta
1884,70174,BRIARCLIFF RD NE @ BRIAR VISTA TER NE,33.809317,-84.334287,marta
1885,70178,E ROCK SPRINGS RD NE @ CUMBERLAND RD NE,33.795126,-84.344606,marta
1886,70180,E ROCK SPRINGS RD NE @ MARKAN DR NE,33.794267,-84.343083,marta
1887,70181,E ROCK SPRINGS RD NE @ ROCK SPRINGS CIR NE,33.792988,-84.340451,marta
1888,70183,E ROCK SPRINGS RD NE @ N DECATUR RD NE,33.791457,-84.339015,marta
1889,70184,N DECATUR RD NE @ BRIARCLIFF RD NE,33.790974,-84.338134,marta
1890,70186,N DECATUR RD NE @ SPRINGDALE RD NE,33.79012,-84.335139,marta
1891,70188,N DECATUR RD NE @ OXFORD RD NE,33.789184,-84.332957,marta
1892,70190,N DECATUR RD NE @ OAKDALE RD NE,33.78866,-84.33197,marta
1893,70200,N DECATUR RD NE @ LULLWATER RD,33.787503,-84.328174,marta
1894,70201,N DECATUR RD @ WASH LIVELY CIR,33.791979,-84.283468,marta
1895,70202,N DECATUR RD NE @ S OXFORD RD NE,33.788141,-84.325943,marta
1896,70204,N DECATUR RD NE @ 1641,33.788263,-84.323331,marta
1897,70206,N DECATUR RD NE @ CLIFTON RD,33.788764,-84.321004,marta
1898,70210,N DECATUR RD NE @ HEALTHGATE DR,33.790202,-84.317798,marta
1899,70212,N DECATUR RD NE @ RIDGEWOOD DR NE,33.791261,-84.316185,marta
1900,70216,N DECATUR RD NE @ PRINCETON WAY,33.792075,-84.31203,marta
1901,70218,N DECATUR RD @ HAYGOOD DR,33.79208,-84.314682,marta
1902,70220,N DECATUR RD NE @ RIDGEWOOD DR,33.79121,-84.31646,marta
1903,70224,N DECATUR RD NE @ HEALTHGATE DR,33.789802,-84.318622,marta
1904,70226,N DECATUR RD @ 1660,33.78834,-84.32359,marta
1905,70230,N DECATUR RD @ LULLWATER RD,33.787475,-84.328802,marta
1906,70232,N DECATUR RD NE @ OAKDALE RD,33.788648,-84.331738,marta
1907,70234,N DECATUR RD @ OXFORD RD,33.789179,-84.332728,marta
1908,70236,N DECATUR RD @ SPRINGDALE RD,33.78998,-84.33422,marta
1909,70238,N DECATUR RD NE @ BRIARCLIFF RD NE,33.791001,-84.337901,marta
1910,70240,N DECATUR RD @ E ROCK SPRINGS RD,33.791395,-84.338884,marta
1911,70246,E ROCK SPRINGS RD @ MARKAN DR,33.79414,-84.34264,marta
1912,70248,E ROCK SPRINGS RD @ BEECH VALLEY WY,33.79526,-84.34474,marta
1913,70260,BRIARCLIFF RD NE @ 1255,33.787581,-84.339686,marta
1914,70264,BRIARCLIFF RD NE @ OAK PARK DR NE,33.78538,-84.340982,marta
1915,70274,JOHNSON RD NE @ NOBLE DR NE,33.803308,-84.340299,marta
1916,70276,JOHNSON RD NE @ PASADENA AVE,33.801687,-84.342324,marta
1917,70278,JOHNSON RD NE @ MEADOWDALE AVE,33.799915,-84.344096,marta
1918,70280,JOHNSON RD NE @ NOBLE DR NE,33.799057,-84.346664,marta
1919,70284,BRIARCLIFF RD NE @ BRIAR VISTA TER NE,33.81052,-84.334957,marta
1920,70288,CLIFTON RD @ BRIARCLIFF RD,33.805618,-84.335752,marta
1921,70290,CLIFTON RD @ OLD BRIARCLIFF WAY,33.803434,-84.333578,marta
1922,70292,CLIFTON RD @ 1762,33.801402,-84.331337,marta
1923,70294,CLIFTON RD @ CDC PKWY,33.800634,-84.328764,marta
1924,70296,CLIFTON RD @ CLIFTON WAY,33.800597,-84.326975,marta
1925,70298,CLIFTON RD NE @ 1615,33.799773,-84.32555,marta
1926,70300,CLIFTON RD @ HOUSTON MILL RD,33.798565,-84.323799,marta
1927,70304,CLIFTON RD @ EAGLE ROW,33.794662,-84.321199,marta
1928,70308,CLIFTON RD @ WOODRUFF CIR,33.793403,-84.32109,marta
1929,70354,CLIFTON RD @ FISHBURNE DR,33.790637,-84.321059,marta
1930,70358,N DECATUR RD NE @ HAYGOOD DR NE,33.792048,-84.314282,marta
1931,71002,CHURCH ST @ GLENLAKE COMMONS DR,33.78569,-84.291748,marta
1932,71004,CHURCH ST @ FORKNER DR,33.786593,-84.290171,marta
1933,71005,WINN WAY @ 455,33.787591,-84.279248,marta
1934,71006,CHURCH ST @ 1391,33.788097,-84.289017,marta
1935,71008,CHURCH ST @ 1429,33.789183,-84.28785,marta
1936,71010,CHURCH ST @ 1471,33.790279,-84.286615,marta
1937,71012,CHURCH ST @ SYCAMORE DR,33.791019,-84.285912,marta
1938,71013,N DECATUR RD @ WINN WAY,33.79247,-84.28145,marta
1939,71014,N DECATUR RD @ 2787,33.793218,-84.279103,marta
1940,71020,DEKALB INDUSTRIAL WAY @ 685,33.797115,-84.279093,marta
1941,71022,DEKALB INDUSTRIAL WAY @ 751,33.798619,-84.27993,marta
1942,71024,DEKALB INDUSTRIAL WAY @ LAWRENCEVILLE HWY,33.80013,-84.280607,marta
1943,71026,LAWRENCEVILLE HWY @ JORDAN LN,33.801635,-84.279493,marta
1944,71028,NORTH DEKALB MALL,33.810021,-84.277388,marta
1945,71030,N DRUID HILLS RD @ DRUID WOODS CT,33.811775,-84.278366,marta
1946,71062,CLAIREMONT AVE @ MAEDIRIS DR,33.786907,-84.306618,marta
1947,71064,CLAIREMONT AVE @ CLAIRMONT RUN,33.78883,-84.30696,marta
1948,71066,CLAIRMONT RD @ N DECATUR RD,33.790574,-84.306474,marta
1949,71068,CLAIRMONT RD @ POWELL LN,33.791972,-84.305947,marta
1950,71070,CLAIRMONT RD @ LADSON CT,33.793532,-84.30564,marta
1951,71072,CLAIRMONT RD @ CLAIRMONT CIR,33.795195,-84.305702,marta
1952,71074,CLAIRMONT RD @ STARVINE WAY,33.798326,-84.307055,marta
1953,71082,CLAIRMONT RD @ BUTLER LN,33.804958,-84.31077,marta
1954,71084,CLAIRMONT RD @ MASON MILL RD,33.806687,-84.310513,marta
1955,71086,CLAIRMONT RD @ MCCONNELL DR,33.80977,-84.30921,marta
1956,71088,CLAIRMONT RD @ N DRUID HILLS RD,33.813194,-84.307741,marta
1957,71090,N DRUID HILLS RD @ JAMESTOWN RD,33.812652,-84.306885,marta
1958,71092,N DRUID HILLS RD @ BLACKSHEAR DR,33.812594,-84.300817,marta
1959,71096,N DRUID HILLS RD @ SPRING CREEK RD,33.812569,-84.297568,marta
1960,71098,N DRUID HILLS RD @ N CROSSING WAY,33.810329,-84.291194,marta
1961,71100,N DRUID HILLS RD @ WILLIVEE DR,33.810213,-84.289496,marta
1962,71104,N DRUID HILLS RD @ VALLEY DR,33.811814,-84.285405,marta
1963,71106,N DRUID HILLS RD @ DRUID HILLS CIR,33.812537,-84.281271,marta
1964,71108,N DRUID HILLS RD @ LAUREL HILL DR,33.812699,-84.282043,marta
1965,71112,N DRUID HILLS RD @ VALLEY DR,33.811921,-84.285351,marta
1966,71114,N DRUID HILLS RD @ ARBORDALE DR,33.810875,-84.287549,marta
1967,71116,N DRUID HILLS RD @ WILLIVEE DR,33.81039,-84.289261,marta
1968,71118,N DRUID HILLS RD @ N CROSSING WAY,33.810634,-84.291672,marta
1969,71120,N DRUID HILLS RD @ SPRING CREEK RD,33.812658,-84.297187,marta
1970,71122,N DRUID HILLS RD @ AZALEA CIR,33.812686,-84.300516,marta
1971,71124,N DRUID HILLS RD @ CLAIRMONT RD,33.812862,-84.306929,marta
1972,71134,N DECATUR RD NE @ PRINCETON WAY,33.791332,-84.31029,marta
1973,71136,N DECATUR RD @ CLAIRMONT RD,33.790268,-84.30679,marta
1974,71138,N DECATUR RD @ WEBSTER DR,33.790284,-84.304417,marta
1975,71140,N DECATUR RD @ SHERMAN WAY,33.790641,-84.301981,marta
1976,71142,N DECATUR RD @ CLAIRMONT CIR,33.790704,-84.302122,marta
1977,71144,N DECATUR RD @ CLAIRMONT CIR,33.79097,-84.30139,marta
1978,71146,N DECATUR RD @ N SUPERIOR AVE,33.791177,-84.299632,marta
1979,71150,N DECATUR RD @ WENDAN DR,33.792457,-84.296781,marta
1980,71152,N DECATUR RD @ WENDAN DR,33.79268,-84.29674,marta
1981,71156,N DECATUR RD @ SUZANNE DR,33.79364,-84.294075,marta
1982,71158,N DECATUR RD @ SUZANNE DR,33.793513,-84.293996,marta
1983,71160,N DECATUR RD @ SUNSTEDE DR,33.793691,-84.29094,marta
1984,71162,N DECATUR RD @ SCOTT BLVD,33.793506,-84.290441,marta
1985,71167,N DECATUR RD @ SCOTT BLVD,33.793225,-84.289167,marta
1986,71170,N DECATUR RD @ BLACKMON DR,33.792812,-84.288342,marta
1987,71172,N DECATUR RD @ CHURCH ST,33.792338,-84.285664,marta
1988,71180,N DECATUR RD @ WEBSTER DR,33.790405,-84.304222,marta
1989,71182,N DECATUR RD @ CLAIRMONT RD,33.790641,-84.307134,marta
1990,71184,N DECATUR RD @ PRINCETON WAY,33.791377,-84.310192,marta
1991,71186,N DECATUR RD @ PRINCETON WAY,33.79206,-84.31178,marta
1992,71188,WINN WAY @ 440,33.786535,-84.279414,marta
1993,71192,WINN WAY @ IRVIN WAY,33.788791,-84.279446,marta
1994,71194,WINN WAY @ IRVIN WAY,33.788934,-84.27937,marta
1995,71196,WINN WAY @ BILL THRASHER DR,33.78983,-84.27982,marta
1996,71198,WINN WAY @ BILL THRASHER DR,33.78999,-84.279989,marta
1997,71200,WINN WAY @ N DECATUR RD,33.79246,-84.28112,marta
1998,71206,WINN WAY @ RUFUS EVANS DR,33.791656,-84.280771,marta
1999,71208,RUFUS EVANS DR @ SYCAMORE DR,33.790521,-84.285329,marta
2000,71212,SYCAMORE DR @ RUFUS EVANS DR,33.790464,-84.285429,marta
2001,71234,N DECATUR RD @ 2806,33.793756,-84.27817,marta
2002,71244,CHURCH ST @ SYCAMORE DR,33.790478,-84.286774,marta
2003,71246,CHURCH ST @ 1438,33.789568,-84.287683,marta
2004,71248,CHURCH ST @ 1380,33.788221,-84.289177,marta
2005,71250,CHURCH ST @ MEDLOCK RD,33.787114,-84.289962,marta
2006,71252,CHURCH ST @ GLENLAKE COMMONS DR,33.785752,-84.291826,marta
2007,71282,CLAIREMONT AVE @ MAEDIRIS DR,33.78651,-84.305992,marta
2008,71284,CLAIREMONT AVE @ CLAIRMONT RUN,33.788109,-84.306791,marta
2009,71286,CLAIRMONT RD @ N DECATUR RD,33.789457,-84.306586,marta
2010,71288,CLAIRMONT RD @ POWELL LN,33.791398,-84.305945,marta
2011,71300,CLAIRMONT RD @ LADSON CT,33.79253,-84.30559,marta
2012,71302,CLAIRMONT RD @ CLAIRMONT CIR,33.794874,-84.305411,marta
2013,71304,CLAIRMONT RD @ DESMOND DR,33.797167,-84.305742,marta
2014,71306,CLAIRMONT RD @ STARVINE WAY,33.798608,-84.307123,marta
2015,71312,CLAIRMONT RD @ BUTLER LN,33.805232,-84.310462,marta
2016,71316,CLAIRMONT RD @ MCCONNELL DR,33.809577,-84.309092,marta
2017,71318,CLAIRMONT RD @ WILLIAMSBURG DR,33.810856,-84.308552,marta
2018,71320,CLAIRMONT RD @ N DRUID HILLS RD,33.812435,-84.307831,marta
2019,71328,DEKALB INDUSTRIAL WAY @ MILSCOTT DR,33.796471,-84.278771,marta
2020,71330,N DECATUR RD @ SUPERIOR AVE,33.79099,-84.299783,marta
2021,71332,CLAIRMONT RD @ CLAIRMONT LK,33.801409,-84.309463,marta
2022,71334,DEKALB INDUSTRIAL WAY @ MILSCOTT DR,33.79623,-84.27808,marta
2023,71342,N DECATUR RD @ WINN WAY,33.7929,-84.2807,marta
2024,71344,CHURCH ST @ N DECATUR RD,33.792033,-84.285253,marta
2025,71350,CHURCH ST @ WILLOW LN,33.785022,-84.292887,marta
2026,71352,CLAIRMONT RD @ N WILLIAMSBURG DR,33.811175,-84.308672,marta
2027,71354,VA HOSPITAL,33.802142,-84.310897,marta
2028,71356,CLAIRMONT RD @ CLAIRMONT LAKE,33.801213,-84.309559,marta
2029,71364,CLAIRMONT RD @ SOUTHERN LN,33.803493,-84.310773,marta
2030,71366,CLAIRMONT RD @ BUTLER LN,33.806257,-84.310386,marta
2031,72004,N DRUID HILLS RD @ MISTLETOE RD,33.810897,-84.275603,marta
2032,72008,N DRUID HILLS RD @ OAK TREE RD,33.811238,-84.276843,marta
2033,72010,N DRUID HILLS RD @ ORION DR,33.807681,-84.268436,marta
2034,72012,VALLEY BROOK RD @ 908,33.80526,-84.267794,marta
2035,72014,VALLEY BROOK RD @ HOLLYWOOD DR,33.804404,-84.267492,marta
2036,72016,VALLEY BROOK RD @ VISTA BROOK DR,33.802363,-84.266852,marta
2037,72018,VALLEY BROOK RD @ FANTASY LN,33.800761,-84.266342,marta
2038,72020,VALLEY BROOK RD @ WESTBURY DR,33.798451,-84.265593,marta
2039,72022,VALLEY BROOK RD @ CEDAR BROOK DR,33.796857,-84.263821,marta
2040,72024,VALLEY BROOK RD @ E PONCE DE LEON AVE,33.795434,-84.263148,marta
2041,72026,E PONCE DE LEON AVE @ LAREDO DR,33.785229,-84.268987,marta
2042,72028,E PONCE DE LEON AVE @ PATTERSON AVE,33.785721,-84.26598,marta
2043,72030,E PONCE DE LEON AVE @ EXCHANGE AVE,33.790941,-84.264772,marta
2044,72034,VALLEY BROOK RD @ E PONCE DE LEON AVE,33.79588,-84.26323,marta
2045,72036,VALLEY BROOK RD @ FORD PL,33.79709,-84.263821,marta
2046,72038,VALLEY BROOK RD @ JUDYLYN DR,33.797842,-84.265006,marta
2047,72040,VALLEY BROOK RD @ FANTASY LN,33.80058,-84.26611,marta
2048,72042,VALLEY BROOK RD @ VISTA BROOK DR,33.802151,-84.266594,marta
2049,72044,VALLEY BROOK RD @ HOLLYWOOD DR,33.804297,-84.267318,marta
2050,72046,VALLEY BROOK RD @ 923,33.805147,-84.267633,marta
2051,72048,VALLEY BROOK RD @ CEDAR CREEK DR,33.807645,-84.268328,marta
2052,72049,N DRUID HILLS RD @ LAWRENCEVILLE HWY,33.81057,-84.273753,marta
2053,72050,E PONCE DE LEON AVE @ N DECATUR RD,33.793748,-84.263997,marta
2054,72052,E PONCE DE LEON AVE @ EXCHANGE AVE,33.790834,-84.264881,marta
2055,72053,E PONCE DE LEON AVE @ PALOMA DR,33.786967,-84.264808,marta
2056,72056,E PONCE DE LEON AVE @ LAREDO DR,33.785342,-84.269297,marta
2057,72058,LAWRENCEVILLE HWY @ WHITE BLVD,33.811474,-84.271667,marta
2058,72060,LAWRENCEVILLE HWY @ 2295,33.814125,-84.269683,marta
2059,72064,LAWRENCEVILLE HWY @ WHITE BLVD,33.811946,-84.272006,marta
2060,72066,DEKALB INDUSTRIAL WAY @ STRATFORD CMNS,33.792441,-84.276344,marta
2061,72068,DEKALB INDUSTRIAL WAY @ STRATFORD CMNS,33.791833,-84.276029,marta
2062,72070,DEKALB INDUSTRIAL WAY @ IRVIN WAY,33.788358,-84.276403,marta
2063,72074,DEKALB INDUSTRIAL WAY @ 375,33.786436,-84.27663,marta
2064,72076,DEKALB INDUSTRIAL WAY @ RIMINGTON LN,33.785326,-84.276446,marta
2065,72078,N DECATUR RD @ JORDAN LN,33.793675,-84.271818,marta
2066,72080,N DECATUR RD @ E PONCE DE LEON AVE,33.793501,-84.264329,marta
2067,72082,N DECATUR RD @ GIFFORD DR,33.791949,-84.258278,marta
2068,72084,N DECATUR RD @ GLENDALE RD,33.789762,-84.252755,marta
2069,72086,N DECATUR RD @ CREEKVIEW CT,33.78882,-84.249971,marta
2070,72088,N DECATUR RD @ NORTHERN AVE,33.787149,-84.24711,marta
2071,72090,N DECATUR RD @ NORTHERN AVE,33.786499,-84.245515,marta
2072,72092,N INDIAN CREEK DR @ HILL ST,33.808488,-84.242435,marta
2073,72094,MONTREAL RD @ MONTREAL CREEK CT,33.813152,-84.242952,marta
2074,72098,MONTREAL RD @ SAMS RD,33.812418,-84.242572,marta
2075,72100,N INDIAN CREEK DR @ HILL ST,33.808649,-84.242479,marta
2076,72102,N DECATUR RD @ 3711,33.785746,-84.243188,marta
2077,72104,N DECATUR RD @ NORTHERN AVE,33.786723,-84.245775,marta
2078,72105,N DECATUR RD @ NORTHERN AVE,33.787561,-84.247475,marta
2079,72108,N DECATUR RD @ GLENDALE RD,33.789864,-84.252419,marta
2080,72110,N DECATUR RD @ PARKDALE DR,33.791259,-84.256288,marta
2081,72112,N DECATUR RD @ GIFFORD DR,33.792119,-84.258311,marta
2082,72114,N DECATUR RD @ CHURCH ST,33.793611,-84.262917,marta
2083,72116,N DECATUR RD @ KENTUCKY ST,33.793808,-84.269379,marta
2084,72118,N DECATUR RD @ JORDAN LN,33.793737,-84.271612,marta
2085,72120,N DECATUR RD @ DEKALB INDUSTRIAL WAY,33.793922,-84.276115,marta
2086,72150,N CLARENDON AVE @ CEDAR ST,33.785267,-84.26325,marta
2087,72152,CEDAR ST @ N CLARENDON AVE,33.785437,-84.263192,marta
2088,72154,CEDAR ST @ 3RD AVE,33.785363,-84.260491,marta
2089,72158,CEDAR ST @ REED ST,33.785353,-84.258392,marta
2090,72160,7TH AVE @ CHAPEL ST,33.786497,-84.256282,marta
2091,72162,GLENDALE RD @ BROWNELL AVE,33.78672,-84.25519,marta
2092,72164,GLENDALE RD @ BROWNELL AVE,33.786568,-84.254911,marta
2093,72166,GLENDALE RD @ HATTON DR,33.78714,-84.25416,marta
2094,72170,GLENDALE RD @ N DECATUR RD,33.78944,-84.25263,marta
2095,72204,DEKALB INDUSTRIAL WAY @ N DECATUR RD,33.794017,-84.276638,marta
2096,72205,N DECATUR RD @ DEKALB INDUSTRIAL WAY,33.793752,-84.276698,marta
2097,72208,E PONCE DE LEON AVE @ VALLEY BROOK RD,33.794941,-84.262942,marta
2098,72210,E PONCE DE LEON AVE @ MILTON ST,33.796185,-84.261635,marta
2099,72212,E PONCE DE LEON AVE @ NEEDHAM DR,33.797855,-84.25946,marta
2100,72214,E PONCE DE LEON AVE @ MCLENDON DR,33.799387,-84.257684,marta
2101,72216,E PONCE DE LEON AVE @ VERDI WAY,33.801181,-84.255259,marta
2102,72220,E PONCE DE LEON AVE @ MILAM CIR,33.80244,-84.25312,marta
2103,72222,E PONCE DE LEON AVE @ CREEKDALE DR,33.80285,-84.25163,marta
2104,72224,E PONCE DE LEON AVE @ MELL AVE,33.803452,-84.248131,marta
2105,72226,E PONCE DE LEON AVE @ PECAN ST,33.803772,-84.246407,marta
2106,72228,E PONCE DE LEON AVE @ JOLLY AVE,33.805115,-84.243178,marta
2107,72230,E PONCE DE LEON AVE @ N INDIAN CREEK DR,33.807258,-84.241349,marta
2108,72232,E PONCE DE LEON AVE @ JOLLY AVE,33.80532,-84.24308,marta
2109,72234,E PONCE DE LEON AVE @ PECAN ST,33.80397,-84.246445,marta
2110,72236,E PONCE DE LEON AVE @ MELL AVE,33.803638,-84.248131,marta
2111,72238,E PONCE DE LEON AVE @ CREEKDALE DR,33.802972,-84.251546,marta
2112,72240,E PONCE DE LEON AVE @ MILAM CIR,33.802418,-84.253472,marta
2113,72244,E PONCE DE LEON AVE @ VERDI WAY,33.801395,-84.255363,marta
2114,72246,E PONCE DE LEON AVE @ GLENDALE RD,33.800219,-84.256835,marta
2115,72248,E PONCE DE LEON AVE @ MURPHEY ST,33.797517,-84.260231,marta
2116,72250,E PONCE DE LEON AVE @ MILTON ST,33.79636,-84.26167,marta
2117,72252,E PONCE DE LEON AVE @ VALLEY BROOK RD,33.795366,-84.262882,marta
2118,72260,N DECATUR RD @ MCHENRY AVE,33.791304,-84.256604,marta
2119,72262,N DECATUR RD @ KENTUCKY ST,33.793629,-84.269578,marta
2120,72264,N DECATUR RD @ CHURCH ST,33.793518,-84.262736,marta
2121,72268,N DECATUR RD @ FRANCES ST,33.793601,-84.267783,marta
2122,72270,N DECATUR RD @ DEKALB INDUSTRIAL WAY,33.793757,-84.275451,marta
2123,72272,N DECATUR RD @ E PONCE DE LEON AVE,33.793689,-84.26477,marta
2124,72274,N DECATUR RD @ FRANCES ST,33.793751,-84.267647,marta
2125,72276,DEKALB INDUSTRIAL WAY @ N DECATUR RD,33.794455,-84.276614,marta
2126,72278,N DRUID HILLS RD @ LAWRENCEVILLE HWY,33.810243,-84.27348,marta
2127,72284,DEKALB INDUSTRIAL WAY @ IRVIN WAY,33.789268,-84.276476,marta
2128,72286,DEKALB INDUSTRIAL WAY @ 455,33.790166,-84.27608,marta
2129,73004,N DECATUR RD @ 3799,33.785596,-84.239314,marta
2130,73006,N INDIAN CREEK DR @ 449,33.788225,-84.23537,marta
2131,73007,N INDIAN CREEK DR @ MILLIGAN DR,33.790079,-84.236037,marta
2132,73008,N INDIAN CREEK DR @ 555,33.791388,-84.235729,marta
2133,73010,N INDIAN CREEK DR @ INDIAN CREEK LN,33.793823,-84.236098,marta
2134,73012,N INDIAN CREEK DR @ MEMORIAL COLLEGE AVE,33.796159,-84.236357,marta
2135,73016,N INDIAN CREEK DR @ JAMISON PL,33.802041,-84.238385,marta
2136,73020,N INDIAN CREEK DR @ DEBELLE ST,33.803796,-84.238818,marta
2137,73022,N INDIAN CREEK DR @ ROGERS ST,33.80513,-84.239273,marta
2138,73024,N INDIAN CREEK DR @ CHURCH ST,33.806395,-84.240895,marta
2139,73026,N INDIAN CREEK DR @ MARKET ST,33.810215,-84.241541,marta
2140,73030,N INDIAN CREEK DR @ MARKET ST,33.81034,-84.24165,marta
2141,73032,N INDIAN CREEK DR @ E PONCE DE LEON AVE,33.806725,-84.241904,marta
2142,73034,N INDIAN CREEK DR @ ROWLAND ST,33.806178,-84.24086,marta
2143,73038,N INDIAN CREEK DR @ DEBELLE ST,33.803948,-84.239013,marta
2144,73042,N INDIAN CREEK DR @ JAMISON PL,33.802247,-84.238569,marta
2145,73044,N INDIAN CREEK DR @ 752,33.798018,-84.237047,marta
2146,73046,N INDIAN CREEK DR @ MEMORIAL COLLEGE AVE,33.795837,-84.236466,marta
2147,73050,N INDIAN CREEK DR @ INDIAN CREEK LN,33.793877,-84.236251,marta
2148,73052,N INDIAN CREEK DR @ 555,33.791576,-84.235884,marta
2149,73053,N INDIAN CREEK DR @ MILLIGAN DR,33.790251,-84.236114,marta
2150,73056,N INDIAN CREEK DR @ DIAL DR,33.786868,-84.236041,marta
2151,73057,N INDIAN CREEK DR @ DIAL DR,33.78654,-84.236119,marta
2152,73058,N DECATUR RD @ N INDIAN CREEK DR,33.78578,-84.23797,marta
2153,73060,N DECATUR RD @ 3770,33.785711,-84.241186,marta
2154,73062,MEMORIAL DR @ VILLAGE SQUARE DR,33.800725,-84.213836,marta
2155,73064,MEMORIAL DR @ 5400,33.799866,-84.217262,marta
2156,73066,MEMORIAL DR @ RAYS RD,33.798527,-84.22185,marta
2157,73068,MEMORIAL DR @ 5158 (MEMORIAL BEND SC),33.797243,-84.224025,marta
2158,73070,MEMORIAL DR @ MEMORIAL COLLEGE AVE,33.79544,-84.225921,marta
2159,73072,MEMORIAL DR @ SPRING CHASE CIR,33.790264,-84.230662,marta
2160,73074,MEMORIAL DR @ GEORGIA PIEDMONT TECH COLLEGE DR,33.788646,-84.2322,marta
2161,73076,MEMORIAL DR @ ROCKBRIDGE RD,33.786204,-84.234411,marta
2162,73078,MEMORIAL DR @ ROCKBRIDGE RD,33.785122,-84.234782,marta
2163,73080,MEMORIAL DR @ GEORGIA PIEDMONT TECH COLLEGE DR,33.788056,-84.232299,marta
2164,73084,MEMORIAL DR @ DOYAL MILLS CT,33.794595,-84.226177,marta
2165,73086,MEMORIAL DR @ 5211 (STONEMONT VILLAGE SC),33.797448,-84.223177,marta
2166,73090,MEMORIAL DR @ 5405,33.799625,-84.217342,marta
2167,73092,MEMORIAL DR @ VILLAGE SQUARE DR,33.800622,-84.211725,marta
2168,73118,ROCKBRIDGE RD @ SUSAN CREEK DR,33.785833,-84.225719,marta
2169,73120,ROCKBRIDGE RD @ KENRIDGE CIR,33.786015,-84.222393,marta
2170,73122,ROCKBRIDGE RD @ ALLGOOD RD,33.78696,-84.20869,marta
2171,73124,ROCKBRIDGE RD @ HAMBRICK RD,33.787154,-84.212639,marta
2172,73126,ROCKBRIDGE RD @ RAYS RD,33.786723,-84.217892,marta
2173,73128,ROCKBRIDGE RD @ KENRIDGE CIR,33.786205,-84.222298,marta
2174,73132,ROCKBRIDGE RD @ N INDIAN CREEK DR,33.786498,-84.235084,marta
2175,73134,N INDIAN CREEK DR @ ROCKBRIDGE RD,33.785258,-84.236826,marta
2176,73138,E PONCE DE LEON AVE @ MARKET ST,33.809033,-84.240215,marta
2177,73140,E PONCE DE LEON AVE @ MONTREAL RD,33.810598,-84.239093,marta
2178,73142,E PONCE DE LEON AVE @ SMITH ST,33.812351,-84.237862,marta
2179,73146,E PONCE DE LEON AVE @ MONTREAL RD,33.81021,-84.23947,marta
2180,73152,E PONCE DE LEON AVE @ N INDIAN CREEK DR,33.806995,-84.241704,marta
2181,73154,MEMORIAL DR @ SPRING CHASE CIR,33.790175,-84.230374,marta
2182,73156,N INDIAN CREEK DR @ 819,33.799731,-84.237571,marta
2183,73162,N INDIAN CREEK DR @ 450,33.788094,-84.235463,marta
2184,73167,ROCKBRIDGE RD @ HAMBRICK RD,33.786997,-84.212034,marta
2185,73170,MEMORIAL DR @ 4988 (GPTC - NORTH ENTRANCE),33.791397,-84.229589,marta
2186,73172,ROCKBRIDGE RD @ S INDIAN CREEK DR,33.786726,-84.231512,marta
2187,73174,N DECATUR RD @ 3770,33.785556,-84.240708,marta
2188,73176,N INDIAN CREEK DR @ 751,33.798028,-84.236841,marta
2189,73178,N INDIAN CREEK DR @ 816,33.800456,-84.238006,marta
2190,73182,ROCKBRIDGE RD @ ALLGOOD CIR,33.787024,-84.210124,marta
2191,73188,N DECATUR RD @ 3711,33.785854,-84.244123,marta
2192,73192,ROCKBRIDGE RD @ ROCKBRIDGE TRL,33.786873,-84.230408,marta
2193,74003,ROCKBRIDGE RD @ WINLEY DR,33.79017,-84.18091,marta
2194,74004,N HAIRSTON RD @ CENTRAL DR,33.810994,-84.193824,marta
2195,74006,N HAIRSTON RD @ MARINERS CT,33.809034,-84.193784,marta
2196,74008,N HAIRSTON RD @ FELLSRIDGE CT,33.807412,-84.193772,marta
2197,74010,N HAIRSTON RD @ FELLSRIDGE DR,33.805264,-84.193779,marta
2198,74014,MEMORIAL DR @ LAUREN PKWY,33.800491,-84.196982,marta
2199,74016,MEMORIAL DR @ HEARTHSTONE DR,33.800829,-84.202316,marta
2200,74018,MEMORIAL DR @ HAMBRICK RD,33.801198,-84.206687,marta
2201,74022,ROCKBRIDGE RD @ S HAIRSTON RD,33.7869,-84.196689,marta
2202,74024,ROCKBRIDGE RD @ MARTIN RD,33.79051,-84.17508,marta
2203,74026,ROCKBRIDGE RD @ ROCKBOROUGH TER,33.790646,-84.173622,marta
2204,74028,ROCKBRIDGE RD @ ROCKBOROUGH DR,33.790486,-84.17688,marta
2205,74030,ROCKBRIDGE RD @ SAN MARCOS WAY,33.790257,-84.179359,marta
2206,74036,ROCKBRIDGE RD @ HICKORY HILLS DR,33.78777,-84.19209,marta
2207,74040,ROCKBRIDGE RD @ HALWICK WAY,33.786577,-84.199344,marta
2208,74042,ROCKBRIDGE RD @ THOMAS JEFFERSON DR,33.786424,-84.20088,marta
2209,74044,ROCKBRIDGE RD @ POPLAR RD,33.78637,-84.20341,marta
2210,74046,ROCKBRIDGE RD @ CLUB HOUSE DR,33.7864,-84.20621,marta
2211,74048,E PONCE DE LEON AVE @ TUGGLE DR,33.812671,-84.174249,marta
2212,74054,MEMORIAL DR @ MOUNTAIN VIEW DR,33.805402,-84.187926,marta
2213,74056,W MOUNTAIN ST @ MEADOW ROCK DR,33.806883,-84.183931,marta
2214,74058,W MOUNTAIN ST @ PINE ROC WAY,33.806921,-84.1814,marta
2215,74059,W MOUNTAIN ST @ SEXTON DR,33.806448,-84.178451,marta
2216,74064,W MOUNTAIN ST @ 5100,33.806941,-84.18032,marta
2217,74066,W MOUNTAIN ST @ MEADOW ROCK DR,33.807035,-84.183257,marta
2218,74068,MEMORIAL DR @ MOUNTAIN VIEW DR,33.806207,-84.187109,marta
2219,74088,MEMORIAL DR @ SUMMIT CREEK DR,33.800484,-84.201997,marta
2220,74092,N HAIRSTON RD @ ANDERSON RD,33.803869,-84.193553,marta
2221,74096,N HAIRSTON RD @ FELLSRIDGE CT,33.807485,-84.193558,marta
2222,74100,N HAIRSTON RD @ CENTRAL DR,33.812131,-84.193539,marta
2223,74104,N HAIRSTON RD @ CHATFIELD DR,33.814911,-84.193487,marta
2224,74112,N HAIRSTON RD @ STONEGATE IND BLVD,33.822305,-84.194727,marta
2225,74117,ROCKBRIDGE RD @ EDDINGTON WAY,33.78998,-84.18152,marta
2226,74119,ROCKBRIDGE RD @ SAN MARCOS WAY,33.79017,-84.1793,marta
2227,74123,ROCKBRIDGE RD @ MAPLECLIFF DR,33.78756,-84.19233,marta
2228,74125,ROCKBRIDGE RD @ ROWLAND RD,33.78628,-84.202748,marta
2229,74127,ROCKBRIDGE RD @ CLUB HOUSE DR,33.786334,-84.206513,marta
2230,74129,ROCKBRIDGE RD @ RAYS RD,33.786599,-84.218066,marta
2231,74131,W MOUNTAIN ST @ SEXTON DR,33.806518,-84.178068,marta
2232,74132,ROCKBRIDGE RD @ ROCKBOROUGH DR,33.790335,-84.177577,marta
2233,74136,W MOUNTAIN ST @ RIDGE AVE,33.807904,-84.172069,marta
2234,74262,E PONCE DE LEON AVE @ TUGGLE DR,33.812672,-84.174057,marta
2235,74264,ROCKBRIDGE RD @ SHEPPARD RD,33.78911,-84.185736,marta
2236,74270,W MOUNTAIN ST @ RIDGE AVE,33.80802,-84.172284,marta
2237,75002,ROCKBRIDGE RD @ RIDGE AVE,33.790175,-84.171443,marta
2238,75006,ROCKBRIDGE RD @ ORCHARD DR,33.78715,-84.1659,marta
2239,75024,ROCKBRIDGE RD @ ROCK MEADOW DR,33.788586,-84.168063,marta
2240,75026,ROCKBRIDGE RD @ RIDGE AVE,33.790421,-84.17186,marta
2241,75030,MAIN ST @ W MOUNTAIN ST,33.808285,-84.170686,marta
2242,75068,E PONCE DE LEON AVE @ JAMES B RIVERS MEMORIAL DR,33.81191,-84.172096,marta
2243,75071,ROCKBRIDGE RD @ ORCHARD DR,33.787383,-84.165976,marta
2244,75073,ROCKBRIDGE RD @ OROARKE DR,33.788972,-84.1689,marta
2245,75075,ROCKBRIDGE RD @ BARBASHELA DR,33.788675,-84.186639,marta
2246,77002,DELMAR LN NW @ STRATFORD DR,33.755475,-84.487582,marta
2247,77003,KINGSTON RD @ HARWELL RD,33.779573,-84.494621,marta
2248,77004,DELMAR LN NW @ DELMOOR DR NW,33.755699,-84.489656,marta
2249,77006,DELMAR LN NW @ ALLEN TEMPLE CT NW,33.755711,-84.491028,marta
2250,77008,DELMAR LN NW @ HARWELL RD NW,33.756092,-84.493157,marta
2251,77010,DELMAR LN NW @ HARWELL RD NW,33.756271,-84.496017,marta
2252,77012,DELMAR LN @ 3362,33.756409,-84.49794,marta
2253,77024,DELMAR LN NW @ STRATFORD DR NW,33.75571,-84.488199,marta
2254,77025,DELMAR LN NW @ DELMOOR DR NW,33.755937,-84.4895,marta
2255,77026,MARTIN L KING JR DR SW @ HOWELL DR SW,33.758078,-84.503055,marta
2256,77027,DELMAR LN NW @ ALLEN TEMPLE CT NW,33.756084,-84.490514,marta
2257,77029,DELMAR LN NW @ ARLINGTON DR NW,33.75628,-84.492809,marta
2258,77031,DELMAR LN NW @ HARWELL RD NW,33.756555,-84.495661,marta
2259,77033,DELMAR LN NW @ 3345,33.756735,-84.497343,marta
2260,77035,DELMAR LN NW @ BROWNLEE RD NW,33.756854,-84.49926,marta
2261,77058,DONALD L HOLLOWELL PKWY @ WATTS RD NW,33.784335,-84.488214,marta
2262,77060,DONALD L HOLLOWELL PKWY @ AZLEE PL NW,33.78277,-84.486809,marta
2263,77062,DONALD L HOLLOWELL PKWY @ AZLEE PL NW,33.782761,-84.486896,marta
2264,77094,BAKERS FERRY RD @ CORNELL BLVD,33.759581,-84.514485,marta
2265,77096,BAKERS FERRY RD SW @ 3796,33.760204,-84.513428,marta
2266,77098,BAKERS FERRY RD SW @ OAKSIDE DR SW,33.760436,-84.511878,marta
2267,77100,BAKERS FERRY RD SW @ CHARTER OAK DR S,33.760258,-84.511147,marta
2268,77102,BAKERS FERRY RD SW @ WISTERIA LN SW,33.760216,-84.509735,marta
2269,77104,BAKERS FERRY RD SW @ KENNER DR,33.760281,-84.508279,marta
2270,77116,COLLIER DR NW @ HARWELL RD NW,33.767944,-84.494013,marta
2271,77118,COLLIER DR NW @ COLLIER CT,33.767978,-84.496999,marta
2272,77120,COLLIER DR NW @ 3368,33.768361,-84.498033,marta
2273,77122,FAIRBURN RD NW @ FAIRLANE DR NW,33.767042,-84.500124,marta
2274,77124,MARTIN L KING JR DR SW @ BOLTON RD NW,33.766148,-84.51125,marta
2275,77140,CROFT PL NW @ BOLTON RD NW,33.774973,-84.505736,marta
2276,77148,MERCURY DR NW @ VENUS PL,33.775982,-84.508942,marta
2277,77150,MERCURY DR NW @ BOLFAIR DR NW,33.779533,-84.508683,marta
2278,77152,FAIRBURN RD NW @ 1076,33.779392,-84.507405,marta
2279,77156,FAIRBURN RD NW @ 992,33.779413,-84.505096,marta
2280,77160,FAIRBURN RD NW @ SANDY CREEK DR NW,33.779686,-84.502604,marta
2281,77166,BOLTON RD NW @ 901,33.779617,-84.49898,marta
2282,77172,BOLTON RD NW @ 1020,33.784831,-84.497328,marta
2283,77178,BOLTON RD NW @ BOLTON PKWY,33.780623,-84.498332,marta
2284,77180,BOLTON RD NW @ 902,33.779351,-84.49933,marta
2285,77182,BOLTON RD NW @ FAIRBURN RD NW,33.778956,-84.499753,marta
2286,77186,MERCURY DR NW @ BOLFAIR DR NW,33.779339,-84.508922,marta
2287,77190,MERCURY DR NW @ SATURN DR NW,33.776894,-84.509217,marta
2288,77192,CROFT PL NW @ CLOVIS CT NW,33.775139,-84.508074,marta
2289,77194,CROFT PL NW @ BOLTON RD NW,33.774785,-84.505616,marta
2290,77196,BOLTON RD NW @ CLOVIS CT NW,33.774265,-84.506234,marta
2291,77198,BOLTON RD NW @ FAIRBURN CIR NW,33.773306,-84.507124,marta
2292,77200,BOLTON RD NW @ ADKINS RD NW,33.772374,-84.507676,marta
2293,77228,BOLTON RD NW @ MARTIN L KING JR DR,33.76588,-84.510619,marta
2294,77230,BOLTON RD NW @ FAIRLANE DR NW,33.766392,-84.509228,marta
2295,77231,FAIRLANE DR NW @ FAIRLOCK LN NW,33.766525,-84.50779,marta
2296,77232,FAIRLANE DR NW @ CAMROSE WAY NW,33.766554,-84.506443,marta
2297,77234,FAIRLANE DR NW @ 3572,33.766642,-84.504542,marta
2298,77236,FAIRLANE DR NW @ 3524,33.76685,-84.502847,marta
2299,77238,FAIRLANE DR NW @ FAIRLANE CIR NW,33.766897,-84.501205,marta
2300,77240,FAIRLANE DR NW @ FAIRBURN RD NW,33.766899,-84.500107,marta
2301,77244,FAIRBURN RD NW @ COLLIER DR NW,33.768706,-84.50001,marta
2302,77248,COLLIER DR NW @ COLLIER CT NW,33.767933,-84.497032,marta
2303,77250,COLLIER DR NW @ HARWELL RD NW,33.767893,-84.493781,marta
2304,77254,COLLIER DR NW @ 3075,33.764445,-84.487807,marta
2305,77278,HARWELL RD NW @ SKIPPER DR NW,33.782709,-84.492355,marta
2306,77282,HARWELL RD NW @ DOGWOOD DR NW,33.780673,-84.494863,marta
2307,77284,KINGSTON RD NW @ SKIPPER DR NW,33.77981,-84.491088,marta
2308,77298,MARTIN L KING JR DR SW @ BROWNLEE RD SW,33.755978,-84.500419,marta
2309,77304,MARTIN L KING JR DR SW @ FAIRBURN RD NW,33.76032,-84.506115,marta
2310,77306,MARTIN L KING JR DR SW @ BAKERS FERRY RD SW,33.76137,-84.507284,marta
2311,77310,MARTIN L KING JR DR SW @ ADAMSVILLE PLACE PKWY,33.76402,-84.509592,marta
2312,77318,MARTIN L KING JR DR SW @ OLD GORDON RD,33.768266,-84.513321,marta
2313,77320,MARTIN LUTHER KING JR DR @ WENDELL DR,33.769672,-84.515999,marta
2314,77321,FULTON INDUSTRIAL BLVD @ MARTIN L KING JR DR,33.769192,-84.521511,marta
2315,77323,FULTON INDUSTRIAL BLVD @ WENDELL DR,33.76815,-84.524143,marta
2316,77324,WENDELL DR @ INTERCHANGE DR,33.769202,-84.525914,marta
2317,77326,WENDELL DR @ 4295,33.769735,-84.528014,marta
2318,77328,FULTON INDUSTRIAL BLVD @ SHIRLEY DR,33.765238,-84.530547,marta
2319,77332,FULTON INDUSTRIAL BLVD @ FREDERICK DR,33.764007,-84.533132,marta
2320,77344,FULTON INDUSTRIAL BLVD @ PATTON DR,33.761394,-84.537474,marta
2321,77346,FULTON INDUSTRIAL BLVD @ MARVIN MILLER DR,33.759769,-84.540057,marta
2322,77347,FULTON INDUSTRIAL BLVD @ ROBINSON DR,33.757597,-84.543062,marta
2323,77350,FULTON INDUSTRIAL BLVD @ WHARTON DR,33.755032,-84.546012,marta
2324,77360,FULTON INDUSTRIAL BLVD @ MENDEL DR,33.754799,-84.545896,marta
2325,77362,FULTON INDUSTRIAL BLVD @ ROBINSON DR,33.757715,-84.542486,marta
2326,77364,FULTON INDUSTRIAL BLVD @ MARVIN MILLER DR,33.759833,-84.539448,marta
2327,77366,FULTON INDUSTRIAL BLVD @ PATTON DR,33.76135,-84.536973,marta
2328,77368,FULTON INDUSTRIAL BLVD @ COMMERCE DR (S),33.762077,-84.535779,marta
2329,77369,FULTON INDUSTRIAL BLVD @ COMMERCE DR (N),33.76425,-84.532067,marta
2330,77380,FULTON INDUSTRIAL BLVD @ SHIRLEY DR,33.765077,-84.530123,marta
2331,77382,FULTON INDUSTRIAL BLVD @ WENDELL DR,33.767638,-84.52429,marta
2332,77384,MARTIN L KING JR DR @ FULTON INDUSTRIAL BLVD,33.769732,-84.519072,marta
2333,77386,MARTIN L KING JR DR SW @ WENDELL DR SW,33.769497,-84.515716,marta
2334,77388,MARTIN L KING JR DR SW @ OLD GORDON RD SW,33.768087,-84.513277,marta
2335,77392,MARTIN L KING JR DR SW @ BOLTON RD NW,33.765933,-84.511217,marta
2336,77398,MARTIN L KING JR DR SW @ ADAMSVILLE DR SW,33.76166,-84.507803,marta
2337,77400,MARTIN L KING JR DR SW @ FAIRBURN RD SW,33.75998,-84.505951,marta
2338,77402,MARTIN L KING JR DR SW @ HOWELL DR SW,33.758042,-84.503261,marta
2339,77404,MARTIN L KING JR DR SW @ BROWNLEE RD SW,33.755451,-84.499831,marta
2340,77450,BAKERS FERRY RD @ CORNELL BLVD,33.759474,-84.514604,marta
2341,77454,FAIRBURN RD @ BONNEVILLE TER,33.779858,-84.50379,marta
2342,77456,FAIRBURN RD @ MARK PL,33.77397,-84.500188,marta
2343,77458,FAIRBURN RD @ MARK PL,33.773523,-84.500089,marta
2344,77460,COLLIER DR @ 3114,33.765828,-84.489565,marta
2345,77462,COLLIER DR @ FAIRBURN RD,33.768976,-84.500003,marta
2346,77464,FAIRLANE DR @ FAIRLANE CIR,33.766969,-84.501194,marta
2347,77466,FAIRLANE DR @ 3523,33.766922,-84.502781,marta
2348,77468,FAIRLANE DR @ FEDORA WAY,33.766611,-84.506902,marta
2349,77470,FAIRLANE DR @ FAIRLOCK LN,33.766592,-84.507815,marta
2350,77472,FAIRLANE DR @ BOLTON RD,33.766536,-84.509174,marta
2351,77474,BOLTON RD @ MARTIN LUTHER KING J DR,33.765942,-84.511064,marta
2352,77484,BOLTON RD NW @ FAIRBURN CIR,33.773524,-84.506857,marta
2353,77486,BOLTON RD @ CLOVIS CT,33.774229,-84.506074,marta
2354,77488,BOLTON RD @ BOLTON PKWY,33.780871,-84.498014,marta
2355,77492,FAIRBURN RD @ BOLTON PL,33.779554,-84.500864,marta
2356,77494,FAIRBURN RD @ 1001,33.779386,-84.5053,marta
2357,77498,MERCURY DR @ CLOVIS CT,33.775439,-84.509194,marta
2358,77518,BAKERS FERRY RD @ WISTERIA LN,33.760287,-84.509735,marta
2359,77520,BAKERS FERRY RD @ OAKSIDE DR,33.760499,-84.511791,marta
2360,77522,BAKERS FERRY RD @ 3783,33.760326,-84.513486,marta
2361,77530,CORNELL BLVD @ CANDLELIGHT LN,33.758928,-84.519528,marta
2362,77532,CANDLELIGHT LN @ KENORA DR,33.757916,-84.519841,marta
2363,77534,CANDLELIGHT LN @ SARNIA LN,33.756761,-84.520044,marta
2364,77536,CANDLELIGHT LN @ BAKERS FERRY RD,33.754593,-84.521431,marta
2365,77538,WILSON MILL RD @ 606,33.746138,-84.517683,marta
2366,77542,WENDELL DR @ 4050,33.766465,-84.519764,marta
2367,77544,WENDELL DR SW @ 4050,33.766602,-84.518242,marta
2368,77546,WENDELL DR @ FULTON INDUSTRIAL BLVD,33.767737,-84.524051,marta
2369,77562,FAIRBURN RD @ 762,33.776174,-84.500185,marta
2370,77564,FAIRBURN RD @ 795,33.775933,-84.500013,marta
2371,78002,BURTON RD NW @ HAMILTON E HOLMES DR N,33.755725,-84.468894,marta
2372,78004,BURTON RD NW @ WESTLAND BLVD NW,33.755704,-84.472718,marta
2373,78006,BURTON RD NW @ HOLLIS TER NW,33.755826,-84.475186,marta
2374,78008,BURTON RD NW @ HEDGEWOOD DR NW,33.755834,-84.476132,marta
2375,78010,BURTON RD NW @ 2736,33.755841,-84.477567,marta
2376,78012,BURTON RD NW @ 2811,33.755802,-84.480078,marta
2377,78014,BURTON RD NW @ LINKWOOD RD NW,33.755835,-84.481709,marta
2378,78016,BURTON RD NW @ HOLLIS TER NW,33.755947,-84.474976,marta
2379,78018,BURTON RD NW @ HEDGEWOOD DR NW,33.755981,-84.475807,marta
2380,78019,HIGHTOWER RD NW @ WHITING ST NW,33.778969,-84.475037,marta
2381,78020,BURTON RD NW @ 2746,33.755981,-84.477815,marta
2382,78022,BURTON RD NW @ 2811,33.755939,-84.479889,marta
2383,78023,BURTON RD NW @ LINKWOOD RD NW,33.756079,-84.481878,marta
2384,78026,JOSEPH E BOONE BLVD @ ANDERSON AVE NW,33.764698,-84.451424,marta
2385,78030,JOSEPH E BOONE BLVD @ SPELLMAN ST NW,33.763675,-84.45364,marta
2386,78062,HAMILTON E HOLMES DR @ HARVEL DR NW,33.759612,-84.469308,marta
2387,78064,HAMILTON E HOLMES DR NW @ JOSEPH E BOONE BLVD NW,33.763184,-84.469719,marta
2388,78066,HAMILTON E HOLMES DR @ SANTA BARBARA,33.764736,-84.469795,marta
2389,78068,HAMILTON E HOLMES DR NW @ RYNE ST,33.766405,-84.469867,marta
2390,78074,HAMILTON E HOLMES DR NW @ BAKER RD NW,33.769106,-84.471873,marta
2391,78076,HAMILTON E HOLMES DR NW @ OLDKNOW DR,33.771653,-84.473444,marta
2392,78078,HAMILTON E HOLMES DR NW @ WASHINGTON ST NW,33.773327,-84.473531,marta
2393,78082,DONALD L HOLLOWELL PKWY NW @ HOLLYWOOD RD NW,33.776856,-84.450471,marta
2394,78084,DONALD L HOLLOWELL PKWY @ N EUGENIA PL NW,33.776764,-84.452814,marta
2395,78090,DONALD L HOLLOWELL PKWY @ WOOD ST NW,33.776614,-84.457139,marta
2396,78092,DONALD L HOLLOWELL PKWY @ COMMODORE DR NW,33.77677,-84.458943,marta
2397,78094,DONALD L HOLLOWELL PKWY @ GARY RD NW,33.777195,-84.461372,marta
2398,78098,DONALD L HOLLOWELL PKWY @ OAK ST NW,33.777269,-84.463178,marta
2399,78102,DONALD L HOLLOWELL PKWY @ HALL ST NW,33.776326,-84.465884,marta
2400,78104,DONALD L HOLLOWELL PKWY @ PEYTON AVE NW,33.775902,-84.467339,marta
2401,78106,DONALD L HOLLOWELL PKWY @ WOODS DR NW,33.775517,-84.469167,marta
2402,78108,DONALD L HOLLOWELL PKWY @ BELLVIEW AVE NW,33.775445,-84.471558,marta
2403,78110,DONALD L HOLLOWELL PKWY @ HAMILTON E HOLMES DR,33.776651,-84.474323,marta
2404,78112,DONALD L HOLLOWELL PKWY @ OZBURN RD NW,33.777646,-84.476772,marta
2405,78114,DONALD L HOLLOWELL PKWY @ PEEK RD NW,33.778152,-84.477638,marta
2406,78116,DONALD L HOLLOWELL PKWY @ YATES DR NW,33.779522,-84.47956,marta
2407,78118,HAMILTON E HOLMES DR NW @ DONALD L HOLLOWELL PKWY,33.775699,-84.473582,marta
2408,78120,JAMES JACKSON PKWY @ HIGHTOWER RD,33.777623,-84.47414,marta
2409,78122,HIGHTOWER RD NW @ NORTHWEST DR NW,33.784435,-84.47349,marta
2410,78124,JOSEPH E BOONE BLVD @ DIXIE HILLS CIR NW,33.763698,-84.449358,marta
2411,78126,JOSEPH E BOONE BLVD @ ANDERSON AVE NW,33.764662,-84.45113,marta
2412,78182,TIGER FLOWERS DR NW @ CARVER CIR NW,33.760288,-84.457039,marta
2413,78184,TIGER FLOWERS DR NW @ WADLEY ST NW,33.760841,-84.458822,marta
2414,78194,VERBENA ST NW @ PENELOPE ST NW,33.755087,-84.457344,marta
2415,78196,VERBENA ST NW @ 2208,33.755817,-84.46077,marta
2416,78198,VERBENA ST NW @ 2240,33.756559,-84.461272,marta
2417,78200,HYACINTH AVE NW @ PANSY ST NW,33.758197,-84.46122,marta
2418,78202,CARVER DR NW @ HYACINTH AVE NW,33.759898,-84.461223,marta
2419,78204,CARVER DR NW @ DAHLIA AVE NW,33.759897,-84.462202,marta
2420,78206,TIGER FLOWERS DR NW @ JOE LOUIS DR NW,33.760975,-84.460495,marta
2421,78208,TIGER FLOWERS DR NW @ 2269,33.761023,-84.461943,marta
2422,78210,TIGER FLOWERS DR NW @ 2219,33.760784,-84.46373,marta
2423,78212,CARVER DR NW @ FAIRFIELD PL NW,33.759905,-84.463158,marta
2424,78232,JOSEPH E BOONE BLVD @ SPELLMAN ST NW,33.763541,-84.45364,marta
2425,78234,DONALD L HOLLOWELL PKWY @ WOODMERE DR NW,33.781677,-84.484499,marta
2426,78236,DONALD L HOLLOWELL PKWY @ WOODMERE DR,33.781851,-84.484904,marta
2427,78242,DONALD L HOLLOWELL PKWY @ KINGS GRANT DR NW,33.779369,-84.479544,marta
2428,78244,DONALD L HOLLOWELL PWKY @ PEEK RD NW,33.777672,-84.477124,marta
2429,78245,DONALD L HOLLOWELL PKWY @ HAMILTON E HOLMES DR,33.776724,-84.474768,marta
2430,78246,DONALD L HOLLOWELL PKWY @ REGINA DR NW,33.775761,-84.473244,marta
2431,78250,DONALD L HOLLOWELL PKWY @ COMMERCIAL AVE NW,33.775239,-84.471356,marta
2432,78254,DONALD L HOLLOWELL PKWY @ PEYTON AVE NW,33.775669,-84.467369,marta
2433,78258,DONALD L HOLLOWELL PKWY NW @ CENTER HILL AVE NW,33.776765,-84.464412,marta
2434,78260,DONALD L HOLLOWELL PKWY @ OAK ST NW,33.777128,-84.463333,marta
2435,78264,DONALD L HOLLOWELL PKWY @ GARY RD NW,33.776942,-84.460824,marta
2436,78266,DONALD L HOLLOWELL PKWY @ COMMODORE DR NW,33.776675,-84.459034,marta
2437,78268,DONALD L HOLLOWELL PKWY NW @ MILDRED PL NW,33.776509,-84.456651,marta
2438,78274,DONALD L HOLLOWELL PKWY @ EMILY PL NW,33.776609,-84.453229,marta
2439,78278,HIGHTOWER RD NW @ JAMES DR NW,33.782764,-84.47374,marta
2440,78284,JAMES JACKSON PKWY @ HIGHTOWER RD,33.777497,-84.474233,marta
2441,78286,HAMILTON E HOLMES DR NW @ DONALD L HOLLOWELL PKWY,33.775609,-84.473767,marta
2442,78288,HOLLYWOOD RD NW @ BROOKS AVE NW,33.785229,-84.461322,marta
2443,78292,HOLLYWOOD RD NW @ GRAND AVE NW,33.783039,-84.458979,marta
2444,78294,HOLLYWOOD RD NW @ HOLLYWOOD DR NW,33.782565,-84.45825,marta
2445,78296,HOLLYWOOD RD NW @ MILDRED PL NW,33.781913,-84.456629,marta
2446,78298,HOLLYWOOD RD NW @ CATO ST NW,33.780957,-84.455811,marta
2447,78300,HOLLYWOOD RD NW @ SUMLIN AVE NW,33.780045,-84.455481,marta
2448,78306,HOLLYWOOD RD NW @ EUGENIA PL NW,33.77815,-84.453179,marta
2449,78308,HOLLYWOOD RD NW @ 843,33.777676,-84.451782,marta
2450,78312,LINKWOOD RD NW @ HEDGEWOOD DR NW,33.757841,-84.482986,marta
2451,78314,LINKWOOD RD NW @ TRIBBLE LN NW,33.759235,-84.482716,marta
2452,78316,LINKWOOD RD NW @ 183,33.760686,-84.48248,marta
2453,78317,LINKWOOD RD NW @ LINKWOOD PL NW,33.761831,-84.482754,marta
2454,78320,COLLIER DR NW @ LARCHMONT DR NW,33.763078,-84.485516,marta
2455,78323,LINKWOOD RD NW @ HEDGEWOOD DR NW,33.757384,-84.482723,marta
2456,78324,COLLIER DR NW @ HAMILTON E HOLMES DR,33.763682,-84.470721,marta
2457,78378,COLLIER DR NW @ HAMILTON E HOLMES DR,33.763521,-84.470417,marta
2458,78380,HOLLYWOOD RD NW @ 829,33.777748,-84.451793,marta
2459,78382,HOLLYWOOD RD NW @ EUGENIA PL NW,33.778149,-84.452979,marta
2460,78384,HOLLYWOOD RD NW @ LOUISE PL NW,33.778632,-84.453861,marta
2461,78388,HOLLYWOOD RD NW @ JOHNSON RD NW,33.77969,-84.455231,marta
2462,78392,HOLLYWOOD RD NW @ GUN CLUB RD NW,33.781887,-84.456357,marta
2463,78396,BAKER RD NW @ CENTER HILL AVE NW,33.769508,-84.463762,marta
2464,78400,BAKER RD NW @ GARY RD NW,33.770138,-84.461469,marta
2465,78406,BAKER RD NW @ BAKER CIR,33.770268,-84.458205,marta
2466,78436,COLLIER DR NW @ CHALMERS DR,33.76378,-84.477452,marta
2467,78438,COLLIER DR NW @ COLLIER RIDGE DR NW,33.763808,-84.476658,marta
2468,78472,HAMILTON E HOLMES DR NW @ BAKER RIDGE DR NW,33.770177,-84.472887,marta
2469,78474,BAKER RD NW @ HAMILTON E HOLMES DR NW,33.769391,-84.4717,marta
2470,78476,BAKER RD NW @ HOOD AVE NW,33.769465,-84.470232,marta
2471,78478,BAKER RD NW @ HOOD AVE NW,33.769566,-84.470024,marta
2472,78484,BAKER RD NW @ CHURCH ST NW,33.769585,-84.466883,marta
2473,78486,BAKER RD NW @ LINCOLN DR NW,33.769496,-84.466687,marta
2474,78492,BAKER RD NW @ CENTER HILL AVE,33.769768,-84.463502,marta
2475,78494,BAKER RD NW @ GARY RD NW,33.77021,-84.461187,marta
2476,78497,HAMILTON E HOLMES DR NW @ HIGHTOWER CT,33.761741,-84.469524,marta
2477,78498,BAKER RD NW @ TWILLEY RD NW,33.77034,-84.458656,marta
2478,78500,HAMILTON E HOLMES DR NW @ RYNE ST NW,33.767769,-84.470775,marta
2479,78502,LINKWOOD RD @ TRIBBLE LN,33.759069,-84.483036,marta
2480,78510,HIGHTOWER RD NW @ WHITING ST NW,33.778947,-84.474752,marta
2481,78512,HIGHTOWER RD @ 954,33.781283,-84.474419,marta
2482,78516,HIGHTOWER RD NW @ JAMES DR NW,33.782673,-84.473399,marta
2483,78522,COLLIER DR NW @ LARCHMONT DR NW,33.763144,-84.485444,marta
2484,78524,COLLIER DR @ 3075,33.76468,-84.487707,marta
2485,78526,COLLIER DR NW @ LINKWOOD RD NW,33.762931,-84.484469,marta
2486,78528,LINKWOOD RD @ LINKWOOD PL,33.761858,-84.483066,marta
2487,78530,DONALD L HOLLOWELL PKWY @ CENTER HILL AVE,33.776784,-84.464667,marta
2488,78532,DONALD L HOLLOWELL PKWY @ HALL ST,33.776135,-84.466081,marta
2489,79001,LENA ST @ MAYSON TURNER RD,33.75658,-84.41673,marta
2490,79002,CARTER ST @ LIBERTY COMMONS DR,33.756446,-84.414849,marta
2491,79004,DONALD L HOLLOWELL PKWY @ STIFF ST,33.771792,-84.427103,marta
2492,79008,MARIETTA BLVD NW @ JEFFERSON ST NW,33.775518,-84.426017,marta
2493,79009,JAMES P BRAWLEY DR @ CARTER ST,33.756257,-84.412784,marta
2494,79010,MARIETTA BLVD NW @ RICE ST NW,33.7778,-84.4265,marta
2495,79012,MARIETTA BLVD NW @ 860,33.779687,-84.428299,marta
2496,79013,DONALD L HOLLOWELL PKWY @ ADDIE ST,33.773233,-84.419943,marta
2497,79020,MARIETTA BLVD NW @ JEFFERSON ST NW,33.776,-84.426146,marta
2498,79022,MARIETTA BLVD NW @ RICE ST,33.777424,-84.426491,marta
2499,79024,MARIETTA BLVD NW @ 860,33.779365,-84.428175,marta
2500,79026,MARIETTA BLVD NW @ 930,33.782658,-84.429801,marta
2501,79028,ASHBY STATION - NORTHBOUND,33.756066,-84.417371,marta
2502,79040,JOSEPH E LOWERY BLVD @ WHEELER ST,33.774334,-84.417408,marta
2503,79050,JOSEPH E LOWERY BLVD NW @ NEAL ST NW,33.766449,-84.417481,marta
2504,79058,JOSEPH E LOWERY BLVD NW @ THURMOND ST NW,33.760434,-84.417529,marta
2505,79064,JOSEPH E BOONE BLVD @ FLOWERS PL,33.763572,-84.421501,marta
2506,79068,JOSEPH E BOONE BLVD @ ARCHER WAY NW,33.76357,-84.42432,marta
2507,79072,JOSEPH E BOONE BLVD @ TROY ST NW,33.76366,-84.427091,marta
2508,79073,JOSEPH E BOONE BLVD @ MAYSON TURNER RD NW,33.763601,-84.429775,marta
2509,79076,JOSEPH E BOONE BLVD @ CHAPPELL RD NW,33.763607,-84.432842,marta
2510,79080,JOSEPH E BOONE BLVD NW @ WOODLAWN AVE NW,33.763605,-84.435135,marta
2511,79082,HOLLY RD NW @ JOSEPH E BOONE BLVD,33.763316,-84.437777,marta
2512,79084,HOLLY RD NW @ 236,33.761169,-84.438019,marta
2513,79086,HOLLY RD NW @ ANDREWS ST NW,33.760178,-84.438011,marta
2514,79088,HOLLY RD NW @ WILLIS ST NW,33.758984,-84.437996,marta
2515,79092,HOLLY RD NW @ EZRA CHURCH DR NW,33.756709,-84.437891,marta
2516,79094,JOSEPH E BOONE BLVD @ SIMPSON TER NW,33.763755,-84.447159,marta
2517,79098,JOSEPH E BOONE BLVD @ DIXIE HILLS CIR NW,33.763734,-84.449205,marta
2518,79106,W LAKE AVE NW @ PORTER DR NW,33.755961,-84.444159,marta
2519,79108,W LAKE AVE NW @ CALLOWAY DR NW,33.758019,-84.444194,marta
2520,79126,DONALD L HOLLOWELL PKWY @ MATILDA PL NW,33.773595,-84.443316,marta
2521,79128,DONALD L HOLLOWELL PKWY @ GERTRUDE PL NW,33.774103,-84.444719,marta
2522,79130,DONALD L HOLLOWELL PKWY @ EVELYN PL NW,33.774255,-84.4456,marta
2523,79132,DONALD L HOLLOWELL PKWY @ ELIZABETH PL NW,33.775176,-84.4477,marta
2524,79134,DONALD L HOLLOWELL PKWY @ EDWIN PL NW,33.776131,-84.448952,marta
2525,79154,DONALD L HOLLOWELL PKWY @ SIMMONS ST,33.773151,-84.420229,marta
2526,79158,DONALD L HOLLOWELL PKWY @ PAINES AVE NW,33.772985,-84.414227,marta
2527,79176,MARIETTA BLVD @ DONALD L HOLLOWELL PKWY,33.77332,-84.425452,marta
2528,79184,DONALD L HOLLOWELL PKWY @ CHAPPELL RD NW,33.771349,-84.433787,marta
2529,79188,DONALD L HOLLOWELL PKWY @ PIERCE AVE NW,33.771852,-84.431178,marta
2530,79190,JOSEPH E BOONE BLVD @ JOSEPH E LOWERY BLVD,33.763566,-84.416662,marta
2531,79192,JOSEPH E BOONE BLVD @ JOSEPH E LOWERY BLVD,33.763527,-84.4179,marta
2532,79194,JOSEPH E BOONE BLVD @ CAIRO ST NW,33.763545,-84.419542,marta
2533,79202,ANDERSON AVE NW @ 83,33.75617,-84.449269,marta
2534,79204,ANDERSON AVE NW @ CALLOWAY DR NW,33.758201,-84.45012,marta
2535,79208,TIGER FLOWERS DR @ ANDERSON AVE NW,33.760133,-84.451004,marta
2536,79218,JOSEPH E BOONE BLVD NW @ SIMPSON TER NW,33.763584,-84.447269,marta
2537,79232,W LAKE AVE NW @ CALLOWAY DR NW,33.7581,-84.444249,marta
2538,79234,W LAKE AVE NW @ PORTER DR NW,33.755907,-84.444235,marta
2539,79246,EASON ST NW @ HOLLY RD NW,33.757507,-84.437605,marta
2540,79247,HOLLY RD NW @ AKRIDGE ST NW,33.758375,-84.437737,marta
2541,79248,HOLLY RD NW @ ANDREWS ST NW,33.760246,-84.43774,marta
2542,79252,JOSEPH E BOONE BLVD @ WOODLAWN AVE,33.763488,-84.435287,marta
2543,79254,JOSEPH E BOONE BLVD @ CHAPPELL RD,33.763479,-84.433143,marta
2544,79256,JOSEPH E BOONE BLVD @ BURBANK DR NW,33.763484,-84.429862,marta
2545,79258,JOSEPH E BOONE BLVD NW @ TROY ST NW,33.76348,-84.42689,marta
2546,79262,JOSEPH E BOONE BLVD @ MAYSON TURNER,33.763402,-84.425488,marta
2547,79264,JOSEPH E BOONE BLVD @ ARCHER WAY NW,33.763481,-84.423479,marta
2548,79266,JOSEPH E BOONE BLVD NW @ TEMPLE ST NW,33.763437,-84.422177,marta
2549,79270,JOSEPH E BOONE BLVD @ CAIRO ST NW,33.763441,-84.419947,marta
2550,79272,JOSEPH E BOONE BLVD @ JOSEPH E LOWERY BLVD,33.763426,-84.417669,marta
2551,79274,DONALD L HOLLOWELL PKWY @ EDWIN PL NW,33.776095,-84.449039,marta
2552,79276,DONALD L HOLLOWELL PKWY @  ELIZABETH PL NW,33.774933,-84.447526,marta
2553,79278,DONALD L HOLLOWELL PKWY @ EVELYN PL NW,33.774263,-84.446013,marta
2554,79280,DONALD L HOLLOWELL PKWY @ GERTRUDE PL NW,33.774014,-84.444599,marta
2555,79282,DONALD L HOLLOWELL PKWY @ MATILDA PL NW,33.773395,-84.443431,marta
2556,79284,DONALD L HOLLOWELL PKWY @ W LAKE AVE NW,33.772942,-84.442282,marta
2557,79286,DONALD L HOLLOWELL PKWY @ HORTENSE PL,33.77198,-84.440559,marta
2558,79288,DONALD L HOLLOWELL PKWY @ ELMWOOD RD NW,33.77142,-84.438904,marta
2559,79290,DONALD L HOLLOWELL PKWY @ HOLLY ST NW,33.77142,-84.437791,marta
2560,79294,DONALD L HOLLOWELL PKWY @ CHAPPELL RD NW,33.771137,-84.434227,marta
2561,79298,LAKE AVE NW @ MADRONA ST NW,33.770616,-84.441887,marta
2562,79304,LAKE AVE NW @ NORTH AVE NW,33.768074,-84.441035,marta
2563,79306,W LAKE AVE NW @ NEKOMA ST NW,33.76683,-84.441011,marta
2564,79308,W LAKE AVE NW @ CARLISLE ST,33.76581,-84.441031,marta
2565,79310,W LAKE AVE NW @ JOSEPH E BOONE BLVD,33.764494,-84.441073,marta
2566,79316,W LAKE AVE NW @ LAKE CT NW,33.759169,-84.443736,marta
2567,79318,W LAKE AVE NW @ TIGER FLOWERS DR NW,33.759586,-84.443686,marta
2568,79322,W LAKE AVE NW @ SPRINGVIEW RD NW,33.760571,-84.443078,marta
2569,79324,W LAKE AVE NW @ EZRA CHURCH DR NW,33.761522,-84.441732,marta
2570,79326,W LAKE AVE NW @ EZRA CHURCH DR NW,33.761665,-84.441688,marta
2571,79332,W LAKE AVE NW @ JOSEPH E BOONE BLVD NW,33.763366,-84.440973,marta
2572,79334,JOSEPH E BOONE BLVD NW @ LANIER ST NW,33.763631,-84.439441,marta
2573,79336,W LAKE AVE NW @ 359,33.76461,-84.440926,marta
2574,79338,W LAKE AVE NW @ CARLISLE ST NW,33.76581,-84.440944,marta
2575,79340,W LAKE AVE NW @ NEKOMA ST NW,33.766594,-84.440903,marta
2576,79342,W LAKE AVE NW @ NORTH AVE NW,33.767765,-84.440918,marta
2577,79348,W LAKE AVE NW @ MADRONA ST NW,33.770912,-84.441882,marta
2578,79352,HOLLYWOOD RD NW @ MARGARET PL NW,33.777221,-84.450379,marta
2579,79362,NORTH AVE NW @ MARKTWO PL NW,33.768399,-84.447124,marta
2580,79364,NORTH AVE NW @ BLANCHE ST NW,33.768366,-84.444482,marta
2581,79366,NORTH AVE NW @ 1676,33.768028,-84.442568,marta
2582,79368,NORTH AVE NW @ W LAKE AVE NW,33.768012,-84.441013,marta
2583,79372,NORTH AVE NW @ ELMWOOD RD,33.768005,-84.438936,marta
2584,79382,NORTH AVE NW @ MARKTWO PL NW,33.768471,-84.446961,marta
2585,79384,NORTH AVE NW @ EVELYN PL NW,33.768472,-84.445994,marta
2586,79386,NORTH AVE NW @ BLANCHE ST NW,33.76842,-84.444384,marta
2587,79388,NORTH AVE NW @ 1667,33.7681,-84.442307,marta
2588,79389,NORTH AVE NW @ WLAKE AVE NW,33.768083,-84.440904,marta
2589,79393,NORTH AVE NW @ WOODLAWN AVE NW,33.768017,-84.436109,marta
2590,79394,NORTH AVE NW @ CHAPPELL RD NW,33.767939,-84.43313,marta
2591,79431,NORTH AVE NW @ CHAPPELL RD,33.767867,-84.43314,marta
2592,79434,NORTH AVE NW @ EVELYN PL NW,33.768401,-84.445874,marta
2593,79438,DONALD L HOLLOWELL PKWY @ HOLLY ST NW,33.771542,-84.437528,marta
2594,79440,DONALD L HOLLOWELL PKWY @ ELMWOOD RD NW,33.77171,-84.439061,marta
2595,79442,DONALD L HOLLOWELL PKWY @ FLORENCE PL NW,33.772781,-84.441757,marta
2596,79444,HOLLYWOOD RD NW @ DONALD L HOLLOWELL PKWY NW,33.777102,-84.450392,marta
2597,79448,DONALD L HOLLOWELL PKWY @ PIERCE AVE NW,33.771829,-84.43048,marta
2598,79450,JOSEPH E LOWERY BLVD NW @ FOX ST NW,33.771989,-84.417447,marta
2599,79454,JOSEPH E LOWERY BLVD NW @ NORTH AVE NW,33.770083,-84.417431,marta
2600,79460,JOSEPH E LOWERY BLVD NW @ JOSEPH E BOONE BLVD,33.762968,-84.417543,marta
2601,79464,JOSEPH E LOWERY BLVD NW @ THURMOND ST NW,33.760255,-84.417441,marta
2602,79466,JOSEPH E LOWERY BLVD NW @ MAYSON TURNER RD NW,33.75808,-84.417569,marta
2603,79468,JOSEPH E LOWERY BLVD NW @ MAGNOLIA ST NW,33.75842,-84.417483,marta
2604,79472,JOSEPH E LOWERY BLVD NW @ JOSEPH E BOONE BLVD,33.763372,-84.417427,marta
2605,79480,JOSEPH E LOWERY BLVD NW @ NEAL ST NW,33.767004,-84.417385,marta
2606,79484,JOSEPH E LOWERY BLVD NW @ NORTH AVE NW,33.76994,-84.417355,marta
2607,79488,JOSEPH E LOWERY BLVD NW @ FOX ST NW,33.772124,-84.417336,marta
2608,79496,ASHBY STATION - SOUTHBOUND,33.756281,-84.417724,marta
2609,79512,W LAKE AVE @ DONALD L HOLLOWELL PKWY,33.772352,-84.441944,marta
2610,79516,DONALD L HOLLOWELL PKWY @ MARIETTA BLVD,33.772724,-84.425553,marta
2611,79528,JOSEPH E LOWERY BLVD NW @ WHEELER ST NW,33.774039,-84.417305,marta
2612,79554,MARIETTA BLVD NW @ 1079,33.783307,-84.429201,marta
2613,79900,BANKHEAD STATION,33.772621,-84.428966,marta
2614,80060,HOWELL MILL RD NW @ 17TH ST,33.790316,-84.411986,marta
2615,80082,MARIETTA ST @ 615,33.769058,-84.398489,marta
2616,80101,MARIETTA ST @ HOWELL MILL RD,33.778529,-84.409557,marta
2617,80116,DONALD L HOLLOWELL PKWY @ ECHO ST NW,33.773156,-84.410825,marta
2618,80120,DONALD L HOLLOWELL PKWY @ JAMES P BRAWLEY DR,33.773131,-84.412786,marta
2619,80124,DONALD L HOLLOWELL PKWY @ PAINES AVE,33.773057,-84.414368,marta
2620,80126,DONALD L HOLLOWELL PKWY @ OLIVER ST,33.773065,-84.415401,marta
2621,80128,DONALD L HOLLOWELL PKWY @ JOSEPH E LOWERY BLVD,33.773081,-84.417304,marta
2622,80130,DONALD L HOLLOWELL PKWY @ LINDSAY ST,33.77301,-84.416565,marta
2623,80132,DONALD L HOLLOWELL PKWY @ OLIVER ST,33.772993,-84.415488,marta
2624,80136,DONALD L HOLLOWELL PKWY @ GRIFFIN ST NW,33.773009,-84.41121,marta
2625,80171,10TH ST NW @ HIRSCH ST NW,33.781538,-84.401956,marta
2626,80236,ENGLISH AVE NW @ PELHAM ST NW,33.771223,-84.413398,marta
2627,80240,10TH ST NW @ STATE ST NW,33.78146,-84.39863,marta
2628,80243,10TH ST NW @ STATE ST NW,33.781554,-84.39975,marta
2629,80247,10TH ST NW @ GREENFIELD ST NW,33.78148,-84.400936,marta
2630,80251,10TH ST NW @ HEMPHILL AVE NW,33.781612,-84.404663,marta
2631,80296,MARIETTA ST NW @ HAMPTON ST NW,33.777245,-84.408516,marta
2632,80302,MARIETTA ST NW @ BOSS ST NW,33.774306,-84.406084,marta
2633,80306,MARIETTA ST NW @ MEANS ST NW,33.773163,-84.403484,marta
2634,80308,MARIETTA ST NW @ WALLACE ST NW,33.772287,-84.401766,marta
2635,80330,MARIETTA ST NW @ WALLACE ST NW,33.772252,-84.401482,marta
2636,80332,MARIETTA ST NW @ MEANS ST NW,33.773172,-84.403081,marta
2637,80336,MARIETTA ST NW @ MCMILLAN ST NW,33.774585,-84.406193,marta
2638,80338,MARIETTA ST NW @ NORTHSIDE DR NW,33.77568,-84.40679,marta
2639,80340,MARIETTA ST NW @ HAMPTON ST,33.777161,-84.408066,marta
2640,80386,BRADY AVE @ HOWELL MILL RD,33.783683,-84.412597,marta
2641,80392,10TH ST NW @ HEMPHILL AVE NW,33.781478,-84.403496,marta
2642,80394,10TH ST NW @ NORTHSIDE DR NW,33.781501,-84.407777,marta
2643,80396,10TH ST @ NORTHSIDE DR,33.78164,-84.40713,marta
2644,80398,MARIETTA ST @ HOWELL MILL RD,33.778554,-84.40937,marta
2645,80400,BRADY AVE @ HOWELL MILL RD,33.78367,-84.41254,marta
2646,80402,10TH ST @ IMAGE AVE,33.781581,-84.410169,marta
2647,80404,10TH ST NW @ IMAGE AVE,33.781514,-84.410336,marta
2648,80406,10TH ST @ BRADY AVE,33.781625,-84.413197,marta
2649,80408,10TH ST @ BRADY AVE,33.781531,-84.412936,marta
2650,81005,10TH ST NE @ WILLIAMS ST,33.781629,-84.390228,marta
2651,81013,PEACHTREE ST NE @ NORTH AVE NE,33.770967,-84.385088,marta
2652,81018,NORTH AVE @ PIEDMONT AVE,33.771266,-84.381521,marta
2653,81022,NORTH AVE @ PIEDMONT AVE,33.77144,-84.382238,marta
2654,81028,PONCE DE LEON AVE NE @ PIEDMONT AVE,33.772451,-84.381855,marta
2655,81038,NORTH AVE NW @ SPRING ST NW,33.771331,-84.388609,marta
2656,81039,NORTH AVE NW @ TECHWOOD DR NW,33.771318,-84.392043,marta
2657,81040,NORTH AVE NW @ FOWLER ST,33.771275,-84.394047,marta
2658,81044,NORTH AVE NW @ TECH PKWY NW,33.771402,-84.395891,marta
2659,81045,NORTH AVE NW @ STRONG ST NW,33.770103,-84.402763,marta
2660,81047,NORTH AVE NW @ LUCKIE ST NW,33.771311,-84.39643,marta
2661,81053,CENTENNIAL OLYMPIC PARK DR @ NORTH AVE NW,33.770915,-84.391944,marta
2662,81055,CENTENNIAL OLYMPIC PARK DR @ NORTH AVE,33.7707,-84.39214,marta
2663,81056,NORTH AVE @ CENTENNIAL OLYMPIC PARK DR,33.771246,-84.392554,marta
2664,81080,10TH ST NW @ WILLIAMS ST NW,33.781431,-84.38998,marta
2665,81082,10TH ST NW @ TECHWOOD DR NW,33.781557,-84.392606,marta
2666,81083,10TH ST @ HOLLY ST,33.781528,-84.396467,marta
2667,81086,10TH ST NW @ FOWLER ST NW,33.781465,-84.393967,marta
2668,81090,10TH ST NW @ HOLLY ST NW,33.781484,-84.39571,marta
2669,81122,PEACHTREE ST @ 3RD ST,33.773552,-84.384715,marta
2670,81124,PEACHTREE ST @ 3RD ST NE,33.773846,-84.384873,marta
2671,81126,PEACHTREE ST @ 4TH ST,33.77486,-84.384575,marta
2672,81128,PEACHTREE ST @ 5TH ST,33.77621,-84.384538,marta
2673,81130,PEACHTREE ST @ 6TH ST,33.77739,-84.384425,marta
2674,81132,PEACHTREE ST @ PEACHTREE PL,33.780929,-84.384181,marta
2675,81134,PEACHTREE ST NE @ 10TH ST NE,33.781895,-84.38412,marta
2676,81136,PEACHTREE ST @ 11TH ST,33.78283,-84.383842,marta
2677,81138,PEACHTREE ST @ 12TH ST NE,33.784498,-84.383125,marta
2678,81142,PEACHTREE ST @ 14TH ST,33.786098,-84.382998,marta
2679,81144,PEACHTREE ST @ 14TH ST NE,33.786153,-84.383073,marta
2680,81145,NORTH AVE NW @ FOWLER ST,33.771335,-84.39363,marta
2681,81146,NORTH AVE @ CHERRY ST,33.771342,-84.395446,marta
2682,81149,PONCE DE LEON AVE NE @ JUNIPER ST NE,33.772543,-84.383141,marta
2683,81150,PONCE DE LEON AVE NE @ PIEDMONT AVE NE,33.772678,-84.38142,marta
2684,81152,PEACHTREE ST @ NORTH AVE,33.771554,-84.384888,marta
2685,81162,LUCKIE ST @ NORTH AVE,33.770759,-84.395875,marta
2686,81166,LUCKIE ST @ NORTH AVE,33.77091,-84.396237,marta
2687,81900,NORTH AVE STATION,33.77179,-84.38674,marta
2688,81910,MIDTOWN STATION,33.78111,-84.386697,marta
2689,82006,PEACHTREE ST @ 12TH ST,33.784221,-84.383049,marta
2690,82007,PEACHTREE ST NE @ 11TH ST NE,33.78352,-84.383805,marta
2691,82008,PEACHTREE ST @ 10TH ST,33.781452,-84.383912,marta
2692,82009,PEACHTREE ST NE @ 8TH ST NE,33.779431,-84.384154,marta
2693,82010,PEACHTREE ST @ 7TH ST,33.778581,-84.384339,marta
2694,82011,PEACHTREE ST NE @ 5TH ST NE,33.776066,-84.3845,marta
2695,82014,PEACHTREE ST NE @ PONCE DE LEON AVE,33.772376,-84.385003,marta
2696,82016,PEACHTREE ST @ 4TH ST NE,33.774978,-84.384737,marta
2697,82018,PEACHTREE ST NE @ 6TH ST NE,33.777273,-84.384377,marta
2698,82019,PEACHTREE ST NE @ 7TH ST NE,33.778357,-84.384262,marta
2699,82020,PEACHTREE ST NE @ 8TH ST NE,33.779651,-84.384282,marta
2700,82026,NORTH AVE NE @ HUNT ST NE,33.771312,-84.37464,marta
2701,82030,PONCE DE LEON AVE NE @ MYRTLE ST NE,33.772514,-84.379995,marta
2702,82032,PONCE DE LEON  AVE NE @ ARGONNE AVE NE,33.772498,-84.377146,marta
2703,82034,PONCE DE LEON AVE NE @ DURANT PL NE,33.772257,-84.375363,marta
2704,82036,PONCE DE LEON AVE NE @ PARKWAY DR NE,33.77292,-84.373297,marta
2705,82038,PONCE DE LEON AVE NE @ BOULEVARD  NE,33.773548,-84.371014,marta
2706,82040,PONCE DE LEON AVE NE @ KENNESAW AVE NE,33.773781,-84.369666,marta
2707,82042,PONCE DE LEON AVE NE @ GLEN IRIS DR NE,33.773434,-84.367791,marta
2708,82044,PONCE DE LEON AVE NE @ 675,33.773254,-84.365216,marta
2709,82046,PONCE DE LEON AVE NE @ PONCE DE LEON PL,33.773649,-84.363402,marta
2710,82048,PONCE DE LEON AVE NE @ BONAVENTURE AVE,33.77374,-84.361136,marta
2711,82058,10TH ST NE @ ARGONNE AVE NE,33.781753,-84.377446,marta
2712,82070,VIRGINIA AVE NE @ 630,33.781551,-84.366636,marta
2713,82072,PONCE DE LEON AVE NE @ ARGONNE AVE NE,33.772633,-84.377579,marta
2714,82074,PONCE DE LEON AVE NE @ DURANT PL NE,33.772436,-84.376255,marta
2715,82076,PONCE DE LEON AVE NE @ CHARLES ALLEN DR NE,33.773373,-84.372429,marta
2716,82078,PONCE DE LEON AVE NE @ MONROE DR NE,33.773743,-84.370636,marta
2717,82080,PONCE DE LEON AVE NE @ PONCE DE LEON CT,33.773666,-84.368042,marta
2718,82084,PONCE DE LEON AVE NE @ 680,33.773445,-84.365273,marta
2719,82086,BOULEVARD NE @ NORTH AVE NE,33.770869,-84.37191,marta
2720,82090,MONROE DR NE @ GREENWOOD AVE NE,33.777009,-84.370366,marta
2721,82098,MONROE DR NE @ 10TH ST NE,33.781498,-84.368847,marta
2722,82104,MONROE DR NE @ COOLEDGE AVE NE,33.78249,-84.368364,marta
2723,82112,MONROE DR NE @ GREENWOOD AVE NE,33.776772,-84.370238,marta
2724,82114,MONROE DR NE @ SAINT CHARLES AVE NE,33.775192,-84.370598,marta
2725,82116,MONROE DR NE @ PONCE DE LEON AVE NE,33.774228,-84.370836,marta
2726,82118,BOULEVARD NE @ PONCE DE LEON AVE NE,33.772709,-84.371225,marta
2727,82125,10TH ST NE @ TAFT AVE NE,33.781656,-84.374575,marta
2728,82130,8TH ST NE @ VEDADO WAY NE,33.779446,-84.371191,marta
2729,82132,MONROE DR NE @ VIRGINIA AVE NE,33.78,-84.36912,marta
2730,82134,VIRGINIA AVE NE @ MONROE DR NE,33.780655,-84.368767,marta
2731,82136,VIRGINIA AVE NE @ 660,33.781552,-84.365755,marta
2732,82140,MONROE DR NE @ 8TH ST NE,33.779959,-84.369371,marta
2733,82141,8TH ST NE @ VEDADO WAY NE,33.779536,-84.370595,marta
2734,82142,8TH ST NE @ CHARLES ALLEN DR NE,33.779545,-84.372307,marta
2735,82170,NORTH AVE @ HUNT ST,33.771116,-84.374886,marta
2736,82174,NORTH AVE @ PENN AVE,33.771157,-84.378814,marta
2737,82176,NORTH AVE @ PENN AVE,33.77136,-84.379022,marta
2738,82178,PONCE DE LEON AVE NE @ PENN AVE NE,33.772595,-84.379539,marta
2739,82180,NORTH AVE NE @ PARKWAY DR NE,33.771041,-84.373315,marta
2740,82181,NORTH AVE NE @ BOULEVARD NE,33.771048,-84.372206,marta
2741,82192,CHARLES ALLEN DR @ 8TH ST,33.779804,-84.372964,marta
2742,83006,VIRGINIA AVE NE @ MARYLAND AVE NE,33.782172,-84.356881,marta
2743,83026,BRIARCLIFF RD NE @ BRIARCLIFF PL NE,33.776691,-84.347496,marta
2744,83030,PONCE DE LEON AVE NE @ PONCE DE LEON PL,33.773699,-84.36362,marta
2745,83032,PONCE DE LEON AVE NE @ BONAVENTURE AVE,33.77396,-84.360657,marta
2746,83034,PONCE DE LEON AVE NE @ BARNETT ST NE,33.773975,-84.358505,marta
2747,83036,PONCE DE LEON AVE NE @ FREEDOM PKWY NE,33.77374,-84.359401,marta
2748,83042,PONCE DE LEON AVE NE @ FREDERICA ST NE,33.773741,-84.355808,marta
2749,83045,PONCE DE LEON AVE NE @ N HIGHLAND AVE NE,33.77376,-84.351974,marta
2750,83046,PONCE DE LEON AVE NE @ FREDERICA ST NE,33.773941,-84.355507,marta
2751,83048,PONCE DE LEON AVE @ N HIGHLAND AVE NE,33.773849,-84.352322,marta
2752,83054,PONCE DE LEON AVE NE @ BRIARCLIFF RD,33.773921,-84.349245,marta
2753,83056,PONCE DE LEON AVE NE @ MORELAND AVE NE,33.773728,-84.349186,marta
2754,83058,VIRGINIA AVE NE @ PONCE DE LEON PL NE,33.781669,-84.363613,marta
2755,83060,VIRGINIA AVE NE @ GREENCOVE AVE NE,33.781929,-84.360307,marta
2756,83062,VIRGINIA AVE @ BARNETT ST,33.782019,-84.358741,marta
2757,83066,VIRGINIA AVE NE @ TODD RD NE,33.78225,-84.35515,marta
2758,83076,N HIGHLAND AVE NE @ LOS ANGELES AVE,33.783372,-84.354413,marta
2759,83078,N HIGHLAND AVE NE @ GLEN ARDEN WAY,33.784965,-84.354849,marta
2760,83086,VIRGINIA AVE NE @ MARYLAND AVE NE,33.78233,-84.356705,marta
2761,83088,VIRGINIA AVE @ BARNETT ST,33.782162,-84.358597,marta
2762,83090,VIRGINIA AVE NE @ PARK DR NE,33.781767,-84.363428,marta
2763,83095,MORELAND AVE NE @ FAIRVIEW RD NE,33.7721,-84.34885,marta
2764,83098,MORELAND AVE NE @ BLUE RIDGE AVE NE,33.772499,-84.349092,marta
2765,83100,MORELAND AVE NE @ PONCE DE LEON AVE N,33.773529,-84.348824,marta
2766,83102,BRIARCLIFF RD NE @ PONCE DE LEON AVE,33.773986,-84.349086,marta
2767,83108,BRIARCLIFF RD NE @ SAINT LOUIS PL NE,33.77632,-84.347995,marta
2768,83112,BRIARCLIFF RD NE @ BRIARCLIFF PL NE,33.77709,-84.347386,marta
2769,83113,BRIARCLIFF RD NE @ VIRGINIA AVE,33.778864,-84.345612,marta
2770,83114,BRIARCLIFF RD NE @ 869,33.778156,-84.346331,marta
2771,83116,BRIARCLIFF RD NE @ 869,33.778039,-84.346331,marta
2772,83118,N HIGHLAND AVE NE @ ST AUGUSTINE PL,33.774547,-84.352572,marta
2773,83132,BRIARCLIFF RD @ SAINT CHARLES PL NE,33.77573,-84.348386,marta
2774,83138,N HIGHLAND AVE NE @ VIRGINIA AVE NE,33.78212,-84.354118,marta
2775,83140,N HIGHLAND AVE NE @ LOS ANGELES AVE,33.7839,-84.354685,marta
2776,83141,N HIGHLAND AVE NE @ ADAIR AVE NE,33.780311,-84.353553,marta
2777,83142,N HIGHLAND AVE NE @ ROSEDALE DR,33.779747,-84.353379,marta
2778,83144,N HIGHLAND AVE NE @ DREWRY ST,33.778494,-84.352932,marta
2779,83146,N HIGHLAND AVE NE @ BRIARCLIFF PL,33.776974,-84.3526,marta
2780,83150,N HIGHLAND AVE NE @ BLUE RIDGE AVE NE,33.772471,-84.352528,marta
2781,83152,N HIGHLAND AVE @ NORTH AVE,33.77086,-84.35245,marta
2782,83154,N HIGHLAND AVE NE @ BLUE RIDGE AVE,33.772171,-84.352325,marta
2783,83156,N HIGHLAND AVE @ PONCE DE LEON AVE,33.77364,-84.352341,marta
2784,83158,N HIGHLAND AVE NE @ ST CHARLES PL,33.775154,-84.352386,marta
2785,83160,N HIGHLAND AVE NE @ BRIARCLIFF PL,33.777188,-84.352442,marta
2786,83161,N HIGHLAND AVE NE @ HUDSON DR NE,33.780768,-84.353618,marta
2787,83162,N HIGHLAND AVE NE @ HIGHLAND VW NE,33.778772,-84.352878,marta
2788,83165,BRIARCLIFF RD @ SAINT CHARLES PL NE,33.775479,-84.348668,marta
2789,83166,N HIGHLAND AVE NE @ DREWRY ST NE,33.777931,-84.352519,marta
2790,83170,VIRGINIA AVE NE @ ARCADIA ST NE,33.781994,-84.360832,marta
2791,83190,N HIGHLAND AVE NE @ ROSEDALE DR,33.779729,-84.353281,marta
2792,83192,N HIGHLAND AVE @ VIRGINIA AVE,33.782677,-84.354515,marta
2793,83194,N HIGHLAND AVE N @ SAINT CHARLES AVE,33.775618,-84.352642,marta
2794,83196,N HIGHLAND AVE @ NORTH AVE,33.77111,-84.35256,marta
2795,83198,N HIGHLAND AVE N @ VIRGINIA AVE,33.781719,-84.354142,marta
2796,84130,BRIARCLIFF RD NE @ VIRGINIA AVE NE,33.778918,-84.345366,marta
2797,84132,BRIARCLIFF RD @ 939,33.780254,-84.344426,marta
2798,84134,BRIARCLIFF RD NE @ STILLWOOD DR,33.782318,-84.343298,marta
2799,84136,BRIARCLIFF RD NE @ STILLWOOD DR NE,33.783007,-84.342896,marta
2800,84137,BRIARCLIFF RD @ THE BY WAY NE,33.783508,-84.342484,marta
2801,84142,PONCE DE LEON AVE @ SPRINGDALE RD,33.774647,-84.345058,marta
2802,84146,PONCE DE LEON AVE NE @ OAKDALE RD NE,33.775122,-84.341611,marta
2803,84148,PONCE DE LEON AVE @ SPRINGDALE RD,33.774918,-84.344826,marta
2804,84151,PONCE DE LEON AVE @ OAKDALE RD NE,33.7752,-84.341356,marta
2805,84154,PONCE DE LEON AVE @ LULLWATER RD NE,33.77406,-84.336597,marta
2806,84162,PONCE DE LEON AVE NE @ CLIFTON RD,33.773664,-84.330954,marta
2807,84167,PONCE DE LEON AVE NE @ FAIRVIEW RD NE,33.773852,-84.337326,marta
2808,84168,PONCE DE LEON AVE @ CLIFTON RD,33.773664,-84.330693,marta
2809,84170,PONCE DE LEON AVE @ S PONCE DE LEON AVE,33.772427,-84.327248,marta
2810,84172,PONCE DE LEON AVE NE @ LAKESHORE DR NE,33.771404,-84.324661,marta
2811,84173,PONCE DE LEON AVE @ N PONCE DE LEON AVE,33.771805,-84.324557,marta
2812,84174,PONCE DE LEON AVE @ PONCE DE LEON MNR,33.771561,-84.321374,marta
2813,84178,PONCE DE LEON AVE @ PONCE DE LEON MNR,33.771695,-84.321744,marta
2814,84179,PONCE DE LEON AVE @ S PONCE DE LEON AVE,33.772189,-84.327485,marta
2815,84316,BRIARCLIFF RD NE @ STILLWOOD DR NE,33.783106,-84.342907,marta
2816,84318,BRIARCLIFF RD @ STILLWOOD DR,33.782372,-84.343407,marta
2817,84372,MARION PL NE @ CAROLINE ST NE,33.75851,-84.345185,marta
2818,84378,MARION PL NE @ LA FRANCE ST NE,33.760204,-84.345009,marta
2819,84380,LA FRANCE ST NE @ MARION PL NE,33.760523,-84.344967,marta
2820,84382,LA FRANCE ST NE @ FLORA AVE NE,33.76033,-84.34396,marta
2821,84384,LA FRANCE ST NE @ FLORA AVE NE,33.760407,-84.343761,marta
2822,84388,LA FRANCE ST NE @ WHITEFOORD AVE NE,33.76039,-84.34212,marta
2823,84454,CAROLINE ST @ MARION PL,33.758235,-84.345365,marta
2824,84900,EDGEWOOD/CANDLER PARK STATION - NORTH LOOP,33.762363,-84.340671,marta
2825,84901,EDGEWOOD/CANDLER PARK STATION - SOUTH LOOP,33.761534,-84.338979,marta
2826,84902,EAST LAKE STATION - SOUTH LOOP,33.764534,-84.31272,marta
2827,85003,WINN WAY @ PINEHURST ST,33.78,-84.27948,marta
2828,85024,CHURCH ST @ 711,33.778825,-84.294763,marta
2829,85030,CHURCH ST @ LUCERNE ST,33.783843,-84.293901,marta
2830,85032,CHURCH ST @ NORRIS ST,33.784657,-84.293105,marta
2831,85050,CLAIREMONT AVE @ HUNTER ST,33.77914,-84.29669,marta
2832,85052,CLAIREMONT AVE @ 446,33.780029,-84.297256,marta
2833,85054,CLAIREMONT AVE @ PONCE DE LEON PL,33.78104,-84.29812,marta
2834,85056,CLAIREMONT AVE @ WILTON DR,33.782066,-84.29958,marta
2835,85058,CLAIREMONT AVE @ LAMONT DR,33.782818,-84.300874,marta
2836,85060,CLAIREMONT AVE @ GARDEN LN,33.783499,-84.302059,marta
2837,85062,CLAIREMONT AVE @ SCOTT BLVD,33.78497,-84.304253,marta
2838,85066,W TRINITY PL @ COMMERCE DR,33.773634,-84.297897,marta
2839,85068,N MCDONOUGH ST @ E MAPLE ST,33.771826,-84.296636,marta
2840,85070,N MCDONOUGH ST @ E MAPLE ST,33.77172,-84.296337,marta
2841,85076,S MCDONOUGH ST @ E COLLEGE AVE,33.76966,-84.296485,marta
2842,85078,S MCDONOUGH ST @ ANSLEY ST,33.767878,-84.296312,marta
2843,85080,S MCDONOUGH ST @ ANSLEY ST,33.767582,-84.296562,marta
2844,85082,S MCDONOUGH ST @ DOUGHERTY ST,33.766813,-84.296301,marta
2845,85084,S MCDONOUGH ST @ DOUGHERTY ST,33.765972,-84.296646,marta
2846,85086,S MCDONOUGH ST @ HANCOCK ST,33.764736,-84.296621,marta
2847,85088,S MCDONOUGH ST @ W HANCOCK ST,33.764289,-84.296287,marta
2848,85090,S MCDONOUGH ST @ DAVIS ST,33.763473,-84.296527,marta
2849,85092,S MCDONOUGH ST @ OAKVIEW RD,33.76256,-84.296511,marta
2850,85094,S MCDONOUGH ST @ BENSON ST,33.760815,-84.296547,marta
2851,85096,W HILL ST @ S MCDONOUGH ST,33.759836,-84.29729,marta
2852,85098,W HILL ST @ MCKOY ST,33.759716,-84.300185,marta
2853,85100,W HILL ST @ 317,33.759682,-84.301064,marta
2854,85102,W HILL ST @ OAKVIEW RD,33.759723,-84.302997,marta
2855,85114,E PONCE DE LEON AVE @ GROVE PL,33.776743,-84.279203,marta
2856,85124,W HOWARD AVE @ GREENWOOD CIR,33.767904,-84.303102,marta
2857,85126,COMMERCE DR @ W HOWARD AVE,33.769532,-84.299423,marta
2858,85134,COMMERCE DR @ W TRINITY PL,33.772485,-84.298931,marta
2859,85136,W HOWARD AVE @ GREENWOOD CIR,33.76814,-84.30296,marta
2860,85138,COMMERCE DR @ ROBIN ST,33.77226,-84.29878,marta
2861,85145,COMMERCE DR @ W PONCE DE LEON AVE,33.775343,-84.298798,marta
2862,85152,COMMERCE DR @ CLAIREMONT AVE,33.777811,-84.296769,marta
2863,85158,COMMERCE DR @ W HOWARD AVE,33.76919,-84.29957,marta
2864,85198,E LAKE DR @ FAYETTEVILLE RD,33.758866,-84.302708,marta
2865,85200,E LAKE DR @ UNDERWOOD ST,33.757576,-84.301758,marta
2866,85202,E LAKE DR @ SPRING ST,33.756298,-84.301735,marta
2867,85216,E LAKE DR @ SPRING ST,33.756001,-84.301292,marta
2868,85218,E LAKE DR @ UNDERWOOD ST,33.757532,-84.301414,marta
2869,85220,E LAKE DR @ OAKVIEW RD,33.759277,-84.302994,marta
2870,85242,S COLUMBIA DR @ TALLEY ST,33.769433,-84.28647,marta
2871,85244,S COLUMBIA DR @ DERRYDOWN WAY,33.768211,-84.284711,marta
2872,85246,S COLUMBIA DR @ MISSIONARY DR,33.766784,-84.282395,marta
2873,85248,S COLUMBIA DR @ INMAN DR,33.764741,-84.28009,marta
2874,85250,S COLUMBIA DR @ KIRK RD,33.763279,-84.279067,marta
2875,85252,S COLUMBIA DR @ THOMAS RD,33.76075,-84.27712,marta
2876,85254,COLUMBIA DR @ CONWAY RD,33.761283,-84.27734,marta
2877,85256,COLUMBIA DR @ KIRK RD,33.763705,-84.279155,marta
2878,85258,COLUMBIA DR @ INMAN DR,33.7654,-84.28032,marta
2879,85260,COLUMBIA DR @ MISSIONARY DR,33.766882,-84.282356,marta
2880,85262,COLUMBIA DR @ DERRYDOWN WAY,33.768057,-84.284302,marta
2881,85264,COLUMBIA DR @ TALLEY ST,33.769241,-84.286013,marta
2882,85266,2ND AVE @ E LAKE DR,33.759859,-84.310582,marta
2883,85268,2ND AVE @ BRYAN PL,33.75843,-84.310576,marta
2884,85270,2ND AVE @ 342,33.755035,-84.310234,marta
2885,85272,2ND AVE @ BEATY PL,33.756519,-84.310448,marta
2886,85274,2ND AVE @ BRYAN PL,33.758282,-84.310463,marta
2887,85276,2ND AVE @ E LAKE DR,33.759621,-84.310471,marta
2888,85278,E LAKE DR @ JOHNSTON PL,33.761114,-84.311122,marta
2889,85280,E LAKE DR @ 3RD AVE,33.76297,-84.311035,marta
2890,85282,E LAKE DR @ 3RD AVE,33.763263,-84.311176,marta
2891,85332,WINN WAY @ PINEHURST ST,33.78027,-84.279386,marta
2892,85336,WINN WAY @ COALTER WAY,33.782848,-84.279449,marta
2893,85338,WINN WAY @ 320,33.78479,-84.279437,marta
2894,85360,W HILL ST @ OAKVIEW RD,33.759627,-84.302903,marta
2895,85364,W HILL ST @ MCKOY ST,33.759627,-84.30038,marta
2896,85366,W HILL ST @ MCDONOUGH ST,33.759373,-84.296646,marta
2897,85368,S MCDONOUGH ST @ BENSON ST,33.760578,-84.296288,marta
2898,85370,S MCDONOUGH ST @ GREEN ST,33.762302,-84.296265,marta
2899,85372,S MCDONOUGH ST @ DAVIS ST,33.762993,-84.296219,marta
2900,85376,CHURCH ST @ LUCERNE ST,33.784197,-84.293747,marta
2901,85378,CHURCH ST @ GENEVA ST,33.783358,-84.294414,marta
2902,85380,CHURCH ST @ 921,33.78072,-84.294966,marta
2903,85381,COMMERCE DR @ CLAIREMONT AVE,33.777996,-84.297453,marta
2904,85382,CHURCH ST @ BELL ST,33.779519,-84.294868,marta
2905,85383,COMMERCE DR @ BEAUMONT AVE,33.777492,-84.29869,marta
2906,85385,COMMERCE DR @ W PONCE DE LEON AVE,33.775872,-84.298918,marta
2907,85400,CLAIREMONT AVE @ HUNTER ST,33.778973,-84.296422,marta
2908,85402,CLAIREMONT AVE @ 441,33.78018,-84.297069,marta
2909,85404,CLAIREMONT AVE @ ERIE AVE,33.78127,-84.298151,marta
2910,85406,CLAIREMONT AVE @ MICHIGAN AVE,33.781943,-84.299105,marta
2911,85410,CLAIREMONT AVE @ GARDEN LN,33.783635,-84.302071,marta
2912,85411,CLAIREMONT AVE @ SCOTT BLVD,33.784836,-84.303697,marta
2913,85416,E TRINITY PL @ CHURCH ST,33.772738,-84.294798,marta
2914,85420,S CANDLER ST @ COLLEGE AVE,33.770584,-84.292389,marta
2915,85422,S CANDLER ST @ 184,33.76811,-84.292658,marta
2916,85424,S CANDLER ST @ 206,33.767815,-84.292582,marta
2917,85426,S CANDLER ST @ E DOUGHERTY ST,33.766884,-84.292713,marta
2918,85428,S CANDLER ST @ DOUGHERTY ST,33.766812,-84.292615,marta
2919,85430,S CANDLER ST @ E HANCOCK ST,33.764548,-84.292714,marta
2920,85432,S CANDLER ST @ HANCOCK ST,33.764172,-84.292465,marta
2921,85434,S CANDLER ST @ E DAVIS ST,33.763348,-84.292562,marta
2922,85436,S CANDLER ST @ DAVIS ST,33.763027,-84.292313,marta
2923,85440,S CANDLER ST @ KIRK RD,33.761254,-84.292606,marta
2924,85441,S CANDLER ST @ MIDWAY RD,33.757616,-84.291196,marta
2925,85442,S CANDLER ST @ BUCHANAN TER,33.759016,-84.291335,marta
2926,85446,S CANDLER ST @ BUCHANAN TER,33.759123,-84.291488,marta
2927,85447,S CANDLER ST @ MIDWAY RD,33.757945,-84.291384,marta
2928,85450,S CANDLER ST @ BROWER ST,33.756357,-84.291532,marta
2929,85456,N ARCADIA AVE @ E PONCE DE LEON AVE,33.777575,-84.28062,marta
2930,85458,N ARCADIA AVE @ E PONCE DE LEON AVE,33.776847,-84.280354,marta
2931,85460,E PONCE DE LEON AVE @ N ARCADIA AVE,33.777124,-84.278534,marta
2932,85462,CHURCH ST @ BELL ST,33.780645,-84.294789,marta
2933,85464,W HOWARD AVE @ ADAIR ST,33.76681,-84.30692,marta
2934,85506,WINN WAY @ 341,33.784933,-84.279307,marta
2935,85522,S COLUMBIA DR @ FORREST BLVD,33.757188,-84.272065,marta
2936,85536,E COLLEGE AVE @ NEW ST,33.773624,-84.285129,marta
2937,85546,S CANDLER ST @ KIRK RD,33.760701,-84.292503,marta
2938,85548,2ND AVE @ BEATY PL,33.756939,-84.310582,marta
2939,85550,COMMERCE DR @ E COLLEGE AVE,33.77219,-84.2876,marta
2940,85556,WINN WAY @ COALTER WAY,33.783,-84.279325,marta
2941,85900,DECATUR STATION - BUS LOOP,33.774663,-84.297516,marta
2942,85902,AVONDALE STATION - NORTH LOOP,33.775634,-84.28177,marta
2943,85904,AVONDALE STATION - E COLLEGE AVE (SOUTH),33.774493,-84.282238,marta
2944,86002,E PONCE DE LEON AVE @ 2775,33.77896,-84.27608,marta
2945,86004,E PONCE DE LEON AVE @ DEKALB INDUSTRIAL WAY,33.780895,-84.274429,marta
2946,86006,E PONCE DE LEON AVE @ 2947,33.782887,-84.27285,marta
2947,86008,E PONCE DE LEON AVE @ 2995,33.784183,-84.271538,marta
2948,86012,KENSINGTON RD @ MEMORIAL DR,33.77212,-84.247762,marta
2949,86019,MEMORIAL DR @ NOTTINGHAM DR,33.767175,-84.253066,marta
2950,86020,MEMORIAL DR @ COVINGTON HWY,33.76929,-84.251056,marta
2951,86024,COVINGTON HWY @ MIDWAY RD,33.765997,-84.251537,marta
2952,86026,MIDWAY RD @ COVINGTON HWY,33.764201,-84.251553,marta
2953,86028,COVINGTON DR @ LA COSTA DR,33.76201,-84.256393,marta
2954,86030,COVINGTON DR @ 3246,33.76163,-84.254154,marta
2955,86032,MIDWAY RD @ COVINGTON DR,33.761507,-84.251633,marta
2956,86034,MIDWAY RD @ LARK LN,33.760281,-84.251549,marta
2957,86036,MIDWAY RD @ CRESCENTWOOD LN,33.759531,-84.251652,marta
2958,86038,MIDWAY RD @ BEECH DR,33.758449,-84.251668,marta
2959,86040,MIDWAY RD @ BEECH DR,33.758122,-84.251589,marta
2960,86042,PEACHCREST RD @ BENNINGTON DR,33.756634,-84.251447,marta
2961,86044,MIDWAY RD @ PEACHCREST RD,33.757598,-84.251692,marta
2962,86046,E PONCE DE LEON AVE @ 2995,33.784429,-84.271585,marta
2963,86048,E PONCE DE LEON AVE @ 2942,33.782917,-84.273098,marta
2964,86050,E PONCE DE LEON AVE @ DEKALB INDUSTRIAL WAY,33.78153,-84.27427,marta
2965,86052,E PONCE DE LEON AVE @ 2818,33.779541,-84.275978,marta
2966,86056,KENSINGTON RD @ MEMORIAL DR,33.772311,-84.24822,marta
2967,86060,COVINGTON HWY @ MEMORIAL DR,33.766922,-84.251297,marta
2968,86062,COVINGTON HWY @ E CLUBHOUSE CIR,33.763738,-84.250665,marta
2969,86066,COVINGTON HWY @ BEECH DR,33.761483,-84.247301,marta
2970,86068,COVINGTON HWY @ BEECH DR,33.761536,-84.247138,marta
2971,86070,COVINGTON HWY @ RICHARD RD,33.761106,-84.245986,marta
2972,86072,COVINGTON HWY @ RICHARD RD,33.760837,-84.244954,marta
2973,86074,COVINGTON HWY @ WESTON DR,33.760469,-84.243573,marta
2974,86076,COVINGTON HWY @ PORTER RD,33.7608,-84.24425,marta
2975,86078,COVINGTON HWY @ CANAL ST,33.759942,-84.242209,marta
2976,86080,COVINGTON HWY @ DOVE VALLEY RD,33.76044,-84.24284,marta
2977,86082,DEKALB INDUSTRIAL WAY @ N ARCADIA AVE,33.783643,-84.276436,marta
2978,86084,N ARCADIA AVE @ COALTER WAY,33.782543,-84.277111,marta
2979,86085,N ARCADIA AVE @ WINN WAY,33.779396,-84.279199,marta
2980,86096,COVINGTON RD @ STRATFORD GRN,33.774188,-84.259506,marta
2981,86100,MEMORIAL DR @ KENSINGTON RD,33.772984,-84.248672,marta
2982,86102,MEMORIAL DR @ MOUNTAIN DR,33.774229,-84.247756,marta
2983,86104,MEMORIAL DR @ CAMP RD,33.776458,-84.244387,marta
2984,86108,S COLUMBIA DR @ CARTER RD,33.759445,-84.275728,marta
2985,86110,COLUMBIA DR @ RUSSELL DR,33.759135,-84.275093,marta
2986,86114,COLUMBIA DR @ FORREST BLVD,33.75722,-84.27184,marta
2987,86116,COLUMBIA DR @ MIDWAY RD,33.755954,-84.269374,marta
2988,86120,S COLUMBIA DR @ CLARENDON AVE,33.756502,-84.270767,marta
2989,86122,MEMORIAL DR @ MOUNTAIN DR,33.773979,-84.248213,marta
2990,86123,MEMORIAL DR @ NOTTINGHAM DR,33.767006,-84.252861,marta
2991,86126,KENSINGTON RD @ COVINGTON HWY,33.771789,-84.254411,marta
2992,86128,COVINGTON RD @ STRATFORD GRN,33.774255,-84.259023,marta
2993,86133,COVINGTON RD @ S AVONDALE PLZ,33.77566,-84.265248,marta
2994,86140,N CLARENDON AVE @ LAREDO DR,33.777264,-84.267029,marta
2995,86142,N CLARENDON AVE @ LAREDO DR,33.778447,-84.26638,marta
2996,86144,N CLARENDON AVE @ OLD ROCKBRIDGE RD,33.779735,-84.264552,marta
2997,86146,N CLARENDON AVE @ ROCKBRIDGE RD,33.781328,-84.263355,marta
2998,86169,N CLARENDON AVE @ LAREDO DR,33.777951,-84.266852,marta
2999,86170,N CLARENDON AVE @ LAREDO DR,33.778999,-84.266046,marta
3000,86172,N CLARENDON AVE @ OLD ROCKBRIDGE RD,33.78027,-84.26417,marta
3001,86174,N CLARENDON AVE @ ROCKBRIDGE RD,33.781677,-84.263366,marta
3002,86176,N CLARENDON AVE @ CHESTNUT ST,33.783162,-84.263332,marta
3003,86178,N CLARENDON AVE @ CHESTNUT ST,33.783109,-84.263212,marta
3004,86179,NORTHERN AVE @ MEMORIAL DR,33.777932,-84.244001,marta
3005,86180,NORTHERN AVE @ 260 (BLDG 10),33.780332,-84.245042,marta
3006,86184,NORTHERN AVE @ 281,33.781784,-84.247375,marta
3007,86186,NORTHERN AVE @ ROCKBRIDGE RD,33.783043,-84.248474,marta
3008,86188,ROCKBRIDGE RD @ WILLOW RIDGE WAY,33.78318,-84.247258,marta
3009,86192,ROCKBRIDGE RD @ WILLOW RIDGE WAY,33.783269,-84.247149,marta
3010,86194,NORTHERN AVE @ 280,33.781775,-84.247683,marta
3011,86196,NORTHERN AVE @ 260 (BLDG 20),33.781416,-84.246792,marta
3012,86198,NORTHERN AVE @ 260 (BLDG 10)),33.780421,-84.245249,marta
3013,86202,MEMORIAL DR @ COVINGTON DR,33.762547,-84.258293,marta
3014,86204,MEMORIAL DR @ 3850,33.760582,-84.260452,marta
3015,86206,MEMORIAL DR @ BOBBIE LN,33.759138,-84.262079,marta
3016,86208,MEMORIAL DR @ BEECH DR,33.758472,-84.262848,marta
3017,86213,MEMORIAL DR @ MIDWAY RD,33.755982,-84.265652,marta
3018,86214,MEMORIAL DR @ BEECH DR,33.758333,-84.262862,marta
3019,86216,MEMORIAL DR @ BOBBIE LN,33.759012,-84.262079,marta
3020,86218,MEMORIAL DR @ 3850,33.760445,-84.260231,marta
3021,86220,MEMORIAL DR @ COVINGTON DR,33.762482,-84.25809,marta
3022,86222,KENSINGTON RD @ 3560,33.771708,-84.245128,marta
3023,86224,N ARCADIA AVE @ GRAYSON PL,33.780207,-84.278276,marta
3024,86560,COVINGTON HWY @ 3597,33.76315,-84.250398,marta
3025,86566,MIDWAY RD @ LARK LN,33.760431,-84.251654,marta
3026,86568,PEACHCREST RD @ COLUMBIA TRCE,33.744139,-84.25319,marta
3027,86578,MEMORIAL DR @ 3982,33.765139,-84.25505,marta
3028,86580,COVINGTON DR @ MEMORIAL DR,33.762581,-84.257879,marta
3029,86584,MEMORIAL DR @ KENSINGTON RD,33.772229,-84.249431,marta
3030,86900,KENSINGTON STATION,33.772472,-84.252236,marta
3031,87002,KENSINGTON RD @ 3560,33.77121,-84.243584,marta
3032,87003,KENSINGTON RD @ CAMP RD,33.771079,-84.242015,marta
3033,87004,KENSINGTON RD @ PORTER RD,33.770994,-84.241659,marta
3034,87006,KENSINGTON RD @ 3675,33.77126,-84.238342,marta
3035,87008,KENSINGTON RD @ DURHAM PARK RD,33.770722,-84.23718,marta
3036,87010,KENSINGTON RD @ KENSINGTON CT,33.76951,-84.235604,marta
3037,87012,KENSINGTON RD @ 3841,33.768674,-84.234988,marta
3038,87014,KENSINGTON RD @ KENSINGWOOD TRCE,33.766987,-84.233933,marta
3039,87016,HOLCOMBE RD @ REDAN RD,33.764552,-84.233751,marta
3040,87020,REDAN RD @ SAGEHILL DR,33.763428,-84.227763,marta
3041,87022,REDAN RD @ S INDIAN CREEK DR,33.763625,-84.223515,marta
3042,87024,REDAN RD @ AVONRIDGE DR,33.762488,-84.217086,marta
3043,87028,REDAN RD @ VALERIE WOODS DR,33.76243,-84.212737,marta
3044,87030,REDAN RD @ SHARONTON WAY,33.762894,-84.211029,marta
3045,87032,REDAN RD @ ALLGOOD RD,33.763367,-84.209086,marta
3046,87034,REDAN RD @ ALLGOOD RD,33.7634,-84.20962,marta
3047,87036,REDAN RD @ SHARONTON WAY,33.762972,-84.211052,marta
3048,87038,REDAN RD @ VALERIE WOODS DR,33.762511,-84.212671,marta
3049,87042,REDAN RD @ AVONRIDGE DR,33.76255,-84.217053,marta
3050,87044,REDAN RD @ S INDIAN CREEK DR,33.763773,-84.223064,marta
3051,87046,REDAN RD @ SAGEHILL DR,33.763545,-84.227685,marta
3052,87048,HOLCOMBE RD @ REDAN RD,33.764552,-84.233664,marta
3053,87050,KENSINGTON RD @ HOLCOMBE RD,33.766561,-84.233692,marta
3054,87052,KENSINGTON RD @ 3836,33.76857,-84.234566,marta
3055,87054,KENSINGTON RD @ KENSINGTON CT,33.769342,-84.235365,marta
3056,87058,KENSINGTON RD @ CAMP RD,33.771605,-84.240076,marta
3057,87062,COVINGTON HWY @ CANAL ST,33.759918,-84.2416,marta
3058,87064,COVINGTON HWY @ REDAN RD,33.759035,-84.240781,marta
3059,87066,COVINGTON HWY @ REDAN RD,33.758543,-84.240086,marta
3060,87070,COVINGTON HWY @ 3952,33.757619,-84.239336,marta
3061,87072,COVINGTON HWY @ PAUL EDWIN DR,33.756523,-84.238129,marta
3062,87074,MEMORIAL DR @ GEORGE LUTHER DR,33.780595,-84.238234,marta
3063,87076,MEMORIAL DR @ LADONNA DR,33.782823,-84.236688,marta
3064,87078,MEMORIAL DR @ N INDIAN CREEK DR,33.78344,-84.236578,marta
3065,87080,MEMORIAL DR @ GEORGE LUTHER DR,33.780327,-84.238746,marta
3066,87081,MEMORIAL DR @ NORTHERN AVE,33.776903,-84.244361,marta
3067,87082,ROCKBRIDGE RD @ N INDIAN CREEK DR,33.784913,-84.236855,marta
3068,87084,ROCKBRIDGE RD @ 3656,33.78234,-84.24122,marta
3069,87088,REDAN RD @ 4168,33.76321,-84.21981,marta
3070,87090,REDAN RD @ 4209,33.762991,-84.219651,marta
3071,87092,ROCKBRIDGE RD @ SAFARI CIR,33.786288,-84.227026,marta
3072,87094,ROCKBRIDGE RD @ SAFARI CIR,33.786342,-84.226961,marta
3073,87102,ROCKBRIDGE RD @ 3672,33.782323,-84.240693,marta
3074,87900,INDIAN CREEK STATION - INSIDE BUS LOOP,33.769764,-84.229424,marta
3075,87901,INDIAN CREEK STATION - OUTSIDE BUS LOOP,33.76912,-84.22996,marta
3076,88002,REDAN RD @ TO LANI FARM RD,33.76364,-84.205635,marta
3077,88004,REDAN RD @ TO LANI DR,33.76349,-84.202915,marta
3078,88005,REDAN RD @ REDAN WAY,33.759918,-84.182885,marta
3079,88007,REDAN RD @ REDAN WAY,33.7598,-84.18308,marta
3080,88008,REDAN RD @ SHEPPARD PL,33.762891,-84.199917,marta
3081,88010,REDAN RD @ S HAIRSTON RD,33.76211,-84.197929,marta
3082,88012,REDAN RD @ REDAN TRL,33.759855,-84.176025,marta
3083,88034,REDAN RD @ S HAIRSTON RD,33.76225,-84.197945,marta
3084,88036,REDAN RD @ AUTUMN CREST DR,33.763091,-84.200092,marta
3085,88040,REDAN RD @ ELLIS RD,33.763715,-84.204744,marta
3086,88042,REDAN RD @ TO LANI FARM RD,33.763766,-84.206483,marta
3087,88056,REDAN RD @ MARTIN RD,33.75973,-84.17789,marta
3088,88058,REDAN RD @ FIELDGREEN DR,33.759747,-84.175884,marta
3089,88060,REDAN RD @ MUIRFIELD DR,33.759718,-84.174622,marta
3090,88066,REDAN RD @ MAINSTREET VALLEY DR,33.760053,-84.190043,marta
3091,88076,REDAN RD @ N REDAN CIR,33.76008,-84.18824,marta
3092,88078,REDAN RD @ REDAN CIR,33.759817,-84.18855,marta
3093,88093,REDAN RD @ ADCOX RD,33.760758,-84.193778,marta
3094,88096,S HAIRSTON RD @ ADCOX RD,33.756859,-84.19728,marta
3095,88098,S HAIRSTON RD @ ADCOX RD,33.756653,-84.196997,marta
3096,88100,S HAIRSTON RD @ 1235,33.759643,-84.197007,marta
3097,88102,S HAIRSTON RD @ 1235,33.759361,-84.19673,marta
3098,88104,REDAN RD @ ADCOX RD,33.761112,-84.194938,marta
3099,88106,REDAN RD @ MAINSTREET VALLEY DR,33.759822,-84.190293,marta
3100,88110,REDAN RD @ S HAIRSTON RD,33.761529,-84.19531,marta
3101,88112,REDAN RD @ MARTIN RD,33.759921,-84.177924,marta
3102,89002,REDAN RD @ DUSTIN CT,33.758207,-84.167532,marta
3103,89004,REDAN RD @ REDAN STATION,33.759803,-84.170491,marta
3104,89006,REDAN RD @ PERRY WAY,33.759868,-84.172263,marta
3105,89008,REDAN RD @ PERRY WAY,33.759752,-84.172455,marta
3106,89010,REDAN RD @ REDAN STA,33.75969,-84.170522,marta
3107,89012,REDAN RD @ KEMPER PL,33.757951,-84.167613,marta
3108,90024,NORTH AVE NE @ PARKWAY DR NE,33.771277,-84.372648,marta
3109,92064,JOSEPH E BOONE BLVD @ SCIPLE TER NW,33.763531,-84.415014,marta
3110,92068,JOSEPH E BOONE BLVD @ JAMES P BRAWLEY DR NW,33.763515,-84.412512,marta
3111,92070,JOSEPH E BOONE BLVD @ GRIFFIN ST NW,33.763515,-84.411114,marta
3112,92074,JOSEPH E BOONE BLVD @ ELM ST NW,33.763503,-84.409024,marta
3113,92076,JOSEPH E BOONE BLVD @ VINE ST NW,33.763505,-84.407634,marta
3114,92080,JOSEPH E BOONE BLVD @ MAPLE ST NW,33.76351,-84.405416,marta
3115,92086,JOSEPH E BOONE BLVD @ SCIPLE TER NW,33.763417,-84.414907,marta
3116,92090,JOSEPH E BOONE BLVD NW @ JAMES P BRAWLEY,33.763408,-84.413327,marta
3117,92092,JOSEPH E BOONE BLVD NW @ GRIFFIN ST NW,33.763241,-84.411346,marta
3118,92094,JOSEPH E BOONE BLVD @ SUNSET AVE NW,33.76338,-84.40976,marta
3119,92098,JOSEPH E BOONE BLVD @ VINE ST NW,33.763412,-84.407518,marta
3120,92102,JOSEPH E BOONE BLVD @ MAPLE ST NW,33.763373,-84.405373,marta
3121,92104,JOSEPH E BOONE BLVD @ NORTHSIDE DR,33.763367,-84.403204,marta
3122,92106,NORTHSIDE DR NW @ THURMOND ST NW,33.760838,-84.402797,marta
3123,92128,CAMERON M ALEXANDER BLVD @ NORTHSIDE DR,33.768239,-84.405001,marta
3124,92134,CAMERON M ALEXANDER BLVD @ VINE ST NW,33.768193,-84.407763,marta
3125,92136,CAMERON M ALEXANDER BLVD NW @ VINE ST NW,33.768255,-84.407654,marta
3126,92142,CAMERON M ALEXANDER BLVD @ SUNSET AVE NW,33.768164,-84.410002,marta
3127,92144,CAMERON M ALEXANDER BLVD @ SUNSET AVE NW,33.768236,-84.41009,marta
3128,92146,CAMERON M ALEXANDER BLVD @ GRIFFIN ST NW,33.768235,-84.411155,marta
3129,92148,CAMERON M ALEXANDER BLVD @ GRIFFIN ST NW,33.768163,-84.411242,marta
3130,92150,CAMERON M ALEXANDER BLVD @ JAMES P BRAWLEY DR,33.76818,-84.412688,marta
3131,92152,CAMERON M ALEXANDER BLVD @ J P BRAWLEY DR,33.768261,-84.412482,marta
3132,92154,ENGLISH AVE @ CAMERON M ALEXANDER BLVD NW,33.768569,-84.413372,marta
3133,92156,ENGLISH AVE NW @ NORTH AVE NW,33.769979,-84.413408,marta
3134,92158,NORTH AVE NW @ NORTH YARDS DR NW,33.770031,-84.402861,marta
3135,92160,MARIETTA ST NW @ 584,33.769363,-84.39899,marta
3136,92184,NORTHSIDE DR NW @ THURMOND ST NW,33.761277,-84.402656,marta
3137,92901,VINE CITY STATION (ELECTRIC AVE),33.756545,-84.404411,marta
3138,93006,PEACHTREE ST NE @ RENAISSANCE PKWY NE,33.768448,-84.385342,marta
3139,93008,PEACHTREE ST NE @ IVAN ALLEN JR BLVD,33.76478,-84.385803,marta
3140,93010,PEACHTREE ST @ JOHN PORTMAN BLVD,33.761272,-84.387645,marta
3141,93012,PEACHTREE ST NW @ BAKER ST,33.76262,-84.387295,marta
3142,93024,PEACHTREE ST @ JOHN PORTMAN BLVD (P'TREE CTR STATION),33.760408,-84.387695,marta
3143,93039,CENTENNIAL OLYMPIC PARK DR @ MERRITSS AVE,33.76874,-84.392084,marta
3144,93041,CENTENNIAL OLYMPIC PARK DR @ HUNNICUTT ST,33.766803,-84.392052,marta
3145,93045,CENTENNIAL OLYMPIC PARK DR @ HUNNICUTT ST,33.766487,-84.391669,marta
3146,93048,CENTENNIAL OLYMPIC PARK DR @ MILLS ST,33.765428,-84.391961,marta
3147,93070,CENTENNIAL OLYMPIC PARK DR @ PINE ST NW,33.767693,-84.391741,marta
3148,93072,CENTENNIAL OLYMPIC PARK DR @ MILLS ST,33.765309,-84.391818,marta
3149,93078,RALPH D ABERNATH BLVD @ CENTRAL AVE,33.736936,-84.393252,marta
3150,93088,RALPH MCGILL BLVD NE @ COURTLAND ST,33.76432,-84.38319,marta
3151,93172,MARIETTA ST NW @ PARKER ST NW,33.766279,-84.397413,marta
3152,93178,PEACHTREE ST @ ANDREW YOUNG INTL BLVD (PEACHTREE CTR STN),33.76056,-84.387488,marta
3153,93180,PEACHTREE ST @ ANDREW YOUNG INTL BLVD,33.759541,-84.387575,marta
3154,93182,MARIETTA ST NW @ TED TURNER DR,33.756897,-84.392443,marta
3155,93198,PEACHTREE ST @ ELLIS ST,33.75822,-84.387699,marta
3156,93200,PEACHTREE ST @ BAKER ST,33.762631,-84.387209,marta
3157,93202,PEACHTREE ST @ RALPH MCGILL BLVD,33.764878,-84.385443,marta
3158,93204,PEACHTREE ST @ PINE ST NE,33.767243,-84.385325,marta
3159,93206,PEACHTREE ST @ RENAISSANCE PKWY NE,33.768487,-84.385218,marta
3160,93250,EDGEWOOD AVE @ PEACHTREE ST,33.754527,-84.389462,marta
3161,94004,BOULEVARD NE @ MORGAN ST NE,33.768699,-84.371983,marta
3162,94008,BOULEVARD NE @ ANGIER AVE NE,33.766516,-84.372029,marta
3163,94011,BOULEVARD NE @ RALPH MCGILL BLVD NE,33.764074,-84.372078,marta
3164,94014,BOULEVARD NE @ CAIN ST NE,33.759818,-84.372098,marta
3165,94015,JACKSON ST NE @ IRWIN ST NE,33.757462,-84.374364,marta
3166,94016,BOULEVARD NE @ HIGHLAND AVE NE,33.761696,-84.372073,marta
3167,94019,JACKSON ST SE @ CHAMBERLAIN ST SE,33.753648,-84.374394,marta
3168,94022,JACKSON ST NE @ IRWIN ST NE,33.757435,-84.374255,marta
3169,94026,BOULEVARD NE @ HIGHLAND AVE NE,33.761139,-84.371857,marta
3170,94028,BOULEVARD NE @ EAST AVE NE,33.763031,-84.371879,marta
3171,94030,BOULEVARD NE @ RALPH MCGILL BLVD NE,33.763851,-84.371856,marta
3172,94032,BOULEVARD NE @ ANGIER AVE NE,33.766221,-84.371785,marta
3173,94035,BOULEVARD NE @ MORGAN ST NE,33.768672,-84.371767,marta
3174,94060,RALPH MCGILL BLVD NE @ PIEDMONT AVE N,33.764118,-84.381066,marta
3175,94062,RALPH MCGILL BLVD NE @ PIEDMONT AVE NE,33.764183,-84.378815,marta
3176,94064,RALPH MCGILL BLVD NE @ PARK CENTRAL P,33.764057,-84.378054,marta
3177,94066,RALPH MCGILL BLVD NE @ CENTRAL PARK PL,33.764138,-84.377445,marta
3178,94070,RALPH MCGILL BLVD NE @ FELTON DR NE,33.763986,-84.37564,marta
3179,94072,RALPH MCGILL BLVD NE @ FELTON DR NE,33.764053,-84.375465,marta
3180,94074,RALPH MCGILL BLVD NE @ PARKWAY DR NE,33.763933,-84.373661,marta
3181,94075,RALPH MCGILL BLVD @ BOULEVARD NE,33.763879,-84.371375,marta
3182,94076,RALPH MCGILL BLVD NE @ PARKWAY DR NE,33.76403,-84.373405,marta
3183,94077,RALPH MCGILL BLVD @ 542,33.763901,-84.369659,marta
3184,94078,RALPH MCGILL BLVD NE @ BOULEVARD NE,33.764032,-84.371739,marta
3185,94080,RALPH MCGILL BLVD NE @ 530,33.763989,-84.369486,marta
3186,94082,RALPH MCGILL BLVD NE @ GLEN IRIS DR NE,33.763918,-84.367834,marta
3187,94084,RALPH MCGILL BLVD NE @ GLEN IRIS DR N,33.763989,-84.368192,marta
3188,94086,RALPH MCGILL BLVD NE @ FORTUNE ST NE,33.764041,-84.366447,marta
3189,94088,RALPH MCGILL BLVD NE @ 680,33.764957,-84.364942,marta
3190,94090,RALPH MCGILL BLVD NE @ WILLOUGHBY WAY,33.763999,-84.366475,marta
3191,94092,RALPH MCGILL BLVD NE @ 697,33.76476,-84.365148,marta
3192,94094,RALPH MCGILL BLVD NE @ ASHLEY AVE NE,33.765853,-84.363518,marta
3193,94140,IRWIN ST NE @ RANDOLPH ST NE,33.757564,-84.368549,marta
3194,94160,IRWIN ST NE @ BOULEVARD NE,33.757561,-84.371646,marta
3195,94164,JOHN WESLEY DOBBS AVE @ JACKSON ST,33.758966,-84.373669,marta
3196,94168,NORTH AVE @ GLEN IRIS DR,33.771177,-84.368175,marta
3197,94174,BOULEVARD NE @ FREEDOM PKWY NE,33.759951,-84.371762,marta
3198,95010,MORELAND AVE NE @ WADE ST NE,33.756601,-84.349239,marta
3199,95012,SEABOARD AVE NE @ BRANTLEY ST NE,33.758418,-84.349892,marta
3200,95014,MORELAND AVE NE @ BOULEVARD DR NE,33.753722,-84.349315,marta
3201,95015,MORELAND AVE NE @ WYLIE ST SE,33.752185,-84.34931,marta
3202,95017,MORELAND AVE SE @ KIRKWOOD AVE SE,33.749798,-84.349318,marta
3203,95019,MORELAND AVE SE @ MEMORIAL DR SE,33.74778,-84.34935,marta
3204,95021,MORELAND AVE SE @ FAITH AVE SE,33.743426,-84.349323,marta
3205,95069,RALPH MCGILL BLVD @ ASHLEY AVE,33.766155,-84.363435,marta
3206,95070,RALPH MCGILL BLVD NE @ 760,33.766981,-84.362442,marta
3207,95075,RALPH MCGILL BLVD NE @ JOHN LEWIS FREEDOM PKWY NE,33.768044,-84.358965,marta
3208,95076,RALPH MCGILL BLVD NE @ JOHN LEWIS FREEDOM PKWY NE,33.76802,-84.359406,marta
3209,95078,JOHN LEWIS FREEDOM PKWY NE @ 441,33.766485,-84.35493,marta
3210,95080,JOHN LEWIS FREEDOM PKWY NE @ CARTER CENTER ENTR,33.76878,-84.354698,marta
3211,95090,DEKALB AVE NE @ HARALSON AVE NE,33.759811,-84.349945,marta
3212,95098,N HIGHLAND AVE NE @ JOHN LEWIS FREEDOM PKWY NE,33.769138,-84.352753,marta
3213,95100,N HIGHLAND AVE NE @ JOHN LEWIS FREEDOM PKWY NE,33.769516,-84.352371,marta
3214,95130,DEKALB AVE NE @ DEGRESS AVE NE,33.758713,-84.351392,marta
3215,95212,BOULEVARD NE @ OLD WHEAT ST NE,33.756034,-84.372228,marta
3216,95900,INMAN PARK/REYNOLDSTOWN STATION - NORTH LOOP,33.757726,-84.353409,marta
3217,95901,INMAN PARK/REYNOLDSTOWN STATION - SOUTH LOOP,33.756288,-84.352768,marta
3218,96004,FULTON INDUSTRIAL BLVD @ BAKERS FERRY RD,33.75034,-84.551336,marta
3219,96006,FULTON INDUSTRIAL BLVD @ PHILLIP LEE,33.748171,-84.554338,marta
3220,96008,FULTON INDUSTRIAL BLVD @ GREAT SOUTHWEST PKWY,33.744835,-84.560288,marta
3221,96036,BAKERS FERRY RD SW @ FULTON INDUSTRIAL BLVD,33.729355,-84.572448,marta
3222,96040,BAKERS FERRY RD @ S MONTE VISTA DR SW,33.726467,-84.571796,marta
3223,96044,LAGRANGE BLVD @ BOAT ROCK BLVD,33.72619,-84.590308,marta
3224,96050,FULTON INDUSTRIAL BLVD SW @ CASCADE RD SW,33.732605,-84.568154,marta
3225,96052,FULTON INDUSTRIAL BLVD @ GREAT SOUTHWEST PKWY,33.732983,-84.568262,marta
3226,96054,FULTON INDUSTRIAL BLVD @ WESTPARK PL,33.735956,-84.566143,marta
3227,96056,FULTON INDUSTRIAL BLVD @ VILLANOVA DR,33.735952,-84.566489,marta
3228,96058,FULTON INDUSTRIAL BLVD @ BUCKNELL DR,33.739562,-84.564881,marta
3229,96060,FULTON INDUSTRIAL BLVD @ BUCKNELL DR,33.738864,-84.564846,marta
3230,96063,FULTON INDUSTRIAL BLVD @ WESTGATE DR,33.741892,-84.563845,marta
3231,96064,FULTON INDUSTRIAL BLVD @ WESTGATE DR,33.741692,-84.563446,marta
3232,96067,FULTON INDUSTRIAL BLVD @ GREAT SOUTHWEST PKWY,33.745017,-84.55893,marta
3233,96070,FULTON INDUSTRIAL BLVD @ SELIG DR,33.747512,-84.554544,marta
3234,96072,FULTON INDUSTRIAL BLVD @ BAKERS FERRY RD (N),33.750368,-84.550913,marta
3235,96084,WESTPARK DR SW @ BOULDER RIDGE DR SW,33.731422,-84.566617,marta
3236,96088,BOAT ROCK BLVD @ 6040,33.726552,-84.587332,marta
3237,96090,FULTON INDUSTRIAL BLVD @ BAKERS FERRY RD (S),33.730293,-84.571753,marta
3238,96092,FULTON INDUSTRIAL BLVD SW @ BAKERS FERRY RD (S),33.73007,-84.57343,marta
3239,96102,BAKERS FERRY RD @ BOAT ROCK RD,33.72492,-84.57088,marta
3240,97008,FAIRBURN RD SW @ HOWELL DR SW,33.752801,-84.506032,marta
3241,97010,FAIRBURN RD SW @ WISTERIA LN SW,33.750087,-84.507461,marta
3242,97011,FAIRBURN RD SW @ BOULDER PARK DR SW,33.748466,-84.508311,marta
3243,97014,FAIRBURN RD SW @ 405,33.743745,-84.509375,marta
3244,97016,FAIRBURN RD SW @ 400,33.74284,-84.509865,marta
3245,97018,FAIRBURN RD SW @ BENJAMIN E MAYS DR SW,33.740601,-84.510267,marta
3246,97028,FAIRBURN RD SW @ HOWELL DR SW,33.752962,-84.506076,marta
3247,97029,FAIRBURN RD SW @ WISTERIA LN SW,33.750024,-84.507624,marta
3248,97031,FAIRBURN RD SW @ BOULDER PARK DR SW,33.748865,-84.508277,marta
3249,97032,FAIRBURN RD SW @ 320,33.745529,-84.508646,marta
3250,97034,FAIRBURN RD SW @ 405,33.743179,-84.509823,marta
3251,97038,FAIRBURN RD SW @ BENJAMIN E MAYS DR SW,33.740937,-84.510465,marta
3252,97046,CASCADE RD SW @ BERACAH WALK,33.72644,-84.517122,marta
3253,97052,CASCADE RD SW @ DANFORTH RD SW,33.726716,-84.517894,marta
3254,97055,CASCADE RD SW @ 4245,33.732438,-84.527179,marta
3255,97056,CASCADE RD SW @ MANOR HILLS LN SW,33.730206,-84.523849,marta
3256,97070,CASCADE RD SW @ 4355,33.733765,-84.530953,marta
3257,97074,CASCADE RD SW @ 4355,33.73364,-84.530823,marta
3258,97110,WILSON MILL RD SW @ WILDWOOD LAKE DR,33.744362,-84.51725,marta
3259,97112,WILDWOOD LAKE DR SW @ PLAINVILLE DR S,33.743265,-84.518793,marta
3260,97114,WILSON MILL RD @ BOULDER PARK DR,33.747223,-84.517977,marta
3261,97136,FAIRBURN RD SW @ 320,33.745696,-84.508534,marta
3262,97142,BOULDER PARK DR SW @ HOWELL TER SW,33.75013,-84.504578,marta
3263,97144,BOULDER PARK DR SW @ HOWELL TER,33.749817,-84.505676,marta
3264,97146,BOULDER PARK DR SW @ 3631,33.749397,-84.506767,marta
3265,97148,BOULDER PARK DR SW @ FAIRBURN RD SW,33.74877,-84.508099,marta
3266,97152,BOULDER PARK DR SW @ BRANCH DR SW,33.748558,-84.511588,marta
3267,97156,BOULDER PARK DR SW @ LINE RD SW,33.74669,-84.515682,marta
3268,97158,BOULDER PARK DR SW @ WILSON MILL RD SW,33.747268,-84.517945,marta
3269,97160,BOULDER PARK DR SW @ 4098,33.747841,-84.522491,marta
3270,97161,BOULDER PARK DR @ 4230,33.746234,-84.526051,marta
3271,97162,BOULDER PARK DR SW @ DOLLAR MILL RD S,33.746258,-84.52728,marta
3272,97164,UTOY CIR SW @ DOLLAR MILL RD,33.74453,-84.527677,marta
3273,97166,UTOY CIR SW @ DOLLAR MILL WAY,33.743232,-84.527511,marta
3274,97168,UTOY CIR SW @ DOLLAR MILL WAY SW,33.742276,-84.526943,marta
3275,97170,UTOY CIR SW @ DOLLAR MILL RD SW,33.741571,-84.525507,marta
3276,97174,DOLLAR MILL RD SW @ UTOY CT SW,33.745045,-84.5271,marta
3277,97176,DOLLAR MILL RD SW @ BOULDER PARK DR SW,33.746177,-84.52791,marta
3278,97200,BOULDER PARK DR SW @ HOWELL TER SW,33.749677,-84.505591,marta
3279,97202,BOULDER PARK DR SW @ 3630,33.74934,-84.506416,marta
3280,97204,BOULDER PARK DR SW @ FAIRBURN RD SW,33.74868,-84.508078,marta
3281,97208,BOULDER PARK DR SW @ BRANCH DR SW,33.74837,-84.51149,marta
3282,97212,BOULDER PARK DR SW @ LINE RD SW,33.746493,-84.515334,marta
3283,97214,BOULDER PARK DR SW @ WILSON MILL RD SW,33.747214,-84.518075,marta
3284,97215,BOULDER PARK DR @ 4230,33.746163,-84.525421,marta
3285,97216,BOULDER PARK DR @ 4104,33.74778,-84.522033,marta
3286,97218,PLAINVILLE DR @ 658,33.742653,-84.520955,marta
3287,97220,PLAINVILLE DR @ 658,33.742438,-84.520889,marta
3288,97222,PLAINVILLE DR @ PLAINVILLE TRL,33.741839,-84.520855,marta
3289,97224,PLAINVILLE DR @ PLAINVILLE WAY,33.741302,-84.520267,marta
3290,97226,PLAINVILLE DR SW @ PLAINVILLE WAY SW,33.741363,-84.520244,marta
3291,97228,PLAINVILLE DR SW @ PLAINVILLE CIR,33.74035,-84.519256,marta
3292,97230,PLAINVILLE CIR @ PLAINVILLE DR,33.740104,-84.519557,marta
3293,97232,PLAINVILLE CIR @ PLAINVILLE TER,33.739003,-84.519696,marta
3294,97234,PLAINVILLE CIR @ 819,33.738549,-84.518456,marta
3295,97236,PLAINVILLE CIR @ PLAINVILLE DR,33.738436,-84.516282,marta
3296,97238,PLAINVILLE DR @ PLAINVILLE PL,33.738893,-84.516163,marta
3297,97240,PLAINVILLE DR @ 828,33.739445,-84.517632,marta
3298,97241,CASCADE RD SW @ 4245,33.732429,-84.527374,marta
3299,97246,CASCADE RD @ 4375,33.73413,-84.53266,marta
3300,97250,DOLLAR MILL RD @ 396,33.74378,-84.526491,marta
3301,97252,WILDWOOD LAKE DR @ PLAINVILLE DR,33.743382,-84.518848,marta
3302,97260,WAITS DR @ ESTER DR,33.754037,-84.521777,marta
3303,97262,WAITS DR @ DOSTER DR,33.753133,-84.521807,marta
3304,97264,WAITS DR @ BREWER DR,33.751961,-84.521804,marta
3305,97266,ALEX DR @ ALEX WAY,33.751205,-84.520332,marta
3306,97274,BOULDER PARK DR @ DOLLAR MILL RD,33.746187,-84.527345,marta
3307,98003,BENJAMIN E MAYS DR SW @ BRAEMAR AVE SW,33.736329,-84.495517,marta
3308,98004,DELMAR LN NW @ LINKWOOD RD NW,33.754863,-84.482101,marta
3309,98006,DELMAR LN NW @ 2971,33.755126,-84.484423,marta
3310,98011,DELMAR LN NW @ 2971,33.755423,-84.484473,marta
3311,98012,HAMILTON E HOLMES DR NW @ BURTON RD NW,33.755727,-84.468511,marta
3312,98015,DELMAR LN NW @ 3060,33.755661,-84.487219,marta
3313,98020,HAMILTON E HOLMES STATION - OUTSIDE LOOP,33.754334,-84.470229,marta
3314,98021,MARTIN L KING JR DR SW @ 2500,33.752718,-84.469668,marta
3315,98024,MARTIN L KING JR DR SW @ WESTLAND BLVD NW,33.753583,-84.472355,marta
3316,98028,MARTIN L KING JR DR SW @ PEYTON PL SW,33.754337,-84.476135,marta
3317,98030,MARTIN L KING JR DR SW @ 2800,33.754443,-84.478597,marta
3318,98034,MARTIN L KING J DR SW @ LINKWOOD RD NW,33.754448,-84.48175,marta
3319,98036,MARTIN LUTHER KING J DR @ 2950,33.753967,-84.484599,marta
3320,98038,MARTIN L KING JR DR SW @ LYNHURST DR SW,33.751996,-84.487311,marta
3321,98050,WILKINS LN SW @ SCOTT ST SW,33.748791,-84.494826,marta
3322,98054,SCOTT ST SW @ 108,33.74666,-84.494648,marta
3323,98058,SCOTT ST SW @ BROWNLEE RD SW,33.746577,-84.49655,marta
3324,98070,LYNHURST DR SW @ SPREADING OAK DR SW,33.73052,-84.489212,marta
3325,98074,LYNHURST DR SW @ HAZELWOOD DR SW,33.727442,-84.488444,marta
3326,98076,MARTIN L KING JR DR SW @ MIDDLETON RD NW,33.751865,-84.491365,marta
3327,98082,MARTIN L KING JR DR SW @ TREADWELL CIR SW,33.75434,-84.496996,marta
3328,98086,MARTIN L KING JR DR SW @ TREADWELL CIR SW,33.754363,-84.497491,marta
3329,98090,MARTIN L KING JR DR SW @ MIDDLETON RD NW,33.751731,-84.491278,marta
3330,98092,LYNHURST DR SW @ HAZELWOOD DR SW,33.727844,-84.4885,marta
3331,98096,LYNHURST DR SW @ SPREADING OAK DR SW,33.730278,-84.489135,marta
3332,98098,LYNHURST DR @ BENJAMIN E MAYS DR,33.732594,-84.488861,marta
3333,98108,SCOTT ST SW @ BROWNLEE RD SW,33.746495,-84.496659,marta
3334,98112,SCOTT ST SW @ 309,33.746194,-84.494767,marta
3335,98116,SCOTT ST SW @ WILKINS LN SW,33.748647,-84.494707,marta
3336,98118,WILKINS LN SW @ CUSHMAN CIR SW,33.749293,-84.493969,marta
3337,98120,CUSHMAN CIR SW @ BOULDER PARK DR SW,33.750743,-84.493972,marta
3338,98124,MARTIN L KING JR DR SW @ LYNHURST DR SW,33.751207,-84.488603,marta
3339,98126,MARTIN L KING JR DR SW @ 3050,33.752562,-84.486377,marta
3340,98128,MARTIN L KING JR DR SW @ 2950,33.753763,-84.484662,marta
3341,98130,MARTIN L KING JR DR SW @ LINKWOOD RD NW,33.754356,-84.481399,marta
3342,98134,MARTIN L KING J DR SW @ 2800,33.754318,-84.478042,marta
3343,98136,MARTIN L KING JR DR SW @ PEYTON PL,33.754249,-84.476466,marta
3344,98138,MARTIN L KING JR DR @ WESTLAND BLVD NW,33.753734,-84.473551,marta
3345,98140,MARTIN L KING JR DR @ 2600,33.753458,-84.472257,marta
3346,98142,LYNHURST DR @ MARTIN L KING JR DR,33.750644,-84.488221,marta
3347,98144,LYNHURST DR @ 155,33.748888,-84.488707,marta
3348,98146,LYNHURST DR SW @ LYNHURST CIR SW,33.746892,-84.489192,marta
3349,98148,LYNHURST DR SW @ REBECCA DR SW,33.74545,-84.489775,marta
3350,98150,LYNHURST DR SW @ IVAN HILL DR SW,33.742924,-84.491085,marta
3351,98152,LYNHURST DR SW @ RABUN DR SW,33.74107,-84.491408,marta
3352,98155,LYNHURST DR SW @ LYNN CIR SW,33.73864,-84.49006,marta
3353,98156,LYNHURST DR SW @ LYNN DR SW,33.736517,-84.489181,marta
3354,98158,LYNHURST DR @ BENJAMIN E MAYS DR,33.734351,-84.488937,marta
3355,98160,LYNHURST DR @ MARTIN LUTHER KING J DR,33.751199,-84.488005,marta
3356,98162,LYNHURST DR @ 155,33.748817,-84.488641,marta
3357,98164,LYNHURST DR SW @ LYNHURST CIR SW,33.746883,-84.489094,marta
3358,98166,LYNHURST DR SW @ REBECCA DR SW,33.745288,-84.489808,marta
3359,98168,LYNHURST DR SW @ IVAN HILL DR SW,33.742906,-84.491009,marta
3360,98170,LYNHURST DR SW @ RABUN DR SW,33.740921,-84.491295,marta
3361,98172,LYNHURST DR SW @ LYNN CIR SW,33.739456,-84.49025,marta
3362,98174,LYNHURST DR SW @ LYNN DR SW,33.736517,-84.489083,marta
3363,98176,LYNHURST DR SW @ BENJAMIN E MAYS DR S,33.733814,-84.488827,marta
3364,98180,PEYTON PL SW @ MARTIN L KING JR DR,33.75264,-84.47626,marta
3365,98184,PEYTON PL SW @ 99,33.751036,-84.475959,marta
3366,98188,PEYTON PL SW @ 150,33.749328,-84.474782,marta
3367,98194,PEYTON RD SW @ 294,33.747481,-84.476779,marta
3368,98196,PEYTON RD SW @ 360,33.745857,-84.478188,marta
3369,98200,BROWNLEE RD @ MARTIN LUTHER KING J D,33.755626,-84.500316,marta
3370,98202,BROWNLEE PL SW @ BROWNLEE RD SW,33.754098,-84.500861,marta
3371,98206,NATHAN RD SW @ BOULDER PARK DR SW,33.750122,-84.501689,marta
3372,98208,NATHAN RD SW @ BROWNLEE PL SW,33.753761,-84.502052,marta
3373,98210,NATHAN RD SW @ 179,33.751895,-84.501812,marta
3374,98212,NATHAN RD SW @ BOULDER PARK DR SW,33.750006,-84.501841,marta
3375,98232,BROWNLEE RD SW @ BENJAMIN E MAYS DR SW,33.737027,-84.496015,marta
3376,98234,BROWNLEE RD SW @ RABUN DR SW,33.740132,-84.496645,marta
3377,98236,BROWNLEE RD SW @ DAMERON CIR SW,33.742745,-84.496792,marta
3378,98238,BROWNLEE RD SW @ DAMERON CIR SW,33.742538,-84.496718,marta
3379,98240,BENJAMIN E MAYS DR SW @ W MANOR CIR SW,33.734839,-84.492329,marta
3380,98242,BENJAMIN E MAYS DR SW @ LYNHURST DR SW,33.732991,-84.488988,marta
3381,98244,BENJAMIN E MAYS DR SW @ LAURELMONT DR SW,33.734553,-84.492035,marta
3382,98246,BROWNLEE RD SW @ RABUN DR SW,33.739802,-84.496336,marta
3383,98248,BOULDER PARK DR SW @ MARTIN L KING JR DR,33.75106,-84.491037,marta
3384,98252,HARLAN RD SW @ TEE RD SW,33.750848,-84.482536,marta
3385,98254,LYNHURST DR @ WESTPORT WAY,33.744123,-84.490805,marta
3386,98256,LYNHURST DR @ WESTPORT WAY,33.743918,-84.490772,marta
3387,98258,BROWNLEE RD SW @ CEDAR ISLAND DR SW,33.738172,-84.496184,marta
3388,98260,BENJAMIN E MAYS DR SW @ TUCKAWANNA DR SW,33.731868,-84.485345,marta
3389,98505,HAMILTON E HOLMES @ MARTIN L KING JR DR,33.752336,-84.467482,marta
3390,98510,LYNHURST DR @ LYNN CIR,33.73833,-84.48961,marta
3391,98512,LYNHURST DR @ BENJAMIN E MAYS DR,33.733198,-84.488978,marta
3392,98900,HAMILTON E HOLMES STATION - BUS LOOP,33.754259,-84.469058,marta
3393,99008,DONNELLY AVE SW @ CASCADE AVE SW,33.738032,-84.435153,marta
3394,99010,WESTWOOD AVE SW @ WILLARD AVE SW,33.738552,-84.437172,marta
3395,99012,WESTWOOD AVE SW @ ONTARIO AVE SW,33.738699,-84.439143,marta
3396,99014,WESTWOOD AVE SW @ MANSON AVE SW,33.738428,-84.441241,marta
3397,99016,WESTWOOD AVE SW @ AKRIDGE PL SW,33.738516,-84.442991,marta
3398,99020,WESTWOOD AVE SW @ S GORDON ST SW,33.738826,-84.446448,marta
3399,99022,S GORDON ST SW @ ROGERS AVE SW,33.737348,-84.446858,marta
3400,99024,S GORDON ST SW @ S OLYMPIAN WAY SW,33.735441,-84.447192,marta
3401,99027,S GORDON ST SW @ BEECHER ST SW,33.733866,-84.447483,marta
3402,99029,BEECHER ST SW @ KENNOLIA DR SW,33.733782,-84.448825,marta
3403,99031,BEECHER ST SW @ SHIRLEY ST SW (E),33.733665,-84.450787,marta
3404,99042,BOULDER PARK DR SW @ MARTIN L KING JR DR,33.751175,-84.491864,marta
3405,99046,CUSHMAN CIR SW @ BOULDER PARK DR SW,33.75055,-84.494132,marta
3406,99048,CUSHMAN CIR SW @ WILKINS LN SW,33.7494,-84.493991,marta
3407,99059,WESTWOOD AVE SW @ ONTARIO AVE SW,33.738555,-84.439174,marta
3408,99064,S GORDON ST SW @ WESTWOOD AVE SW,33.73857,-84.446462,marta
3409,99066,WESTWOOD AVE SW @ AKRIDGE PL SW,33.738568,-84.444719,marta
3410,99068,WESTWOOD AVE SW @ AKRIDGE PL SW,33.738435,-84.44311,marta
3411,99070,WESTWOOD AVE SW @ MANSON AVE SW,33.73833,-84.441099,marta
3412,99076,HAMILTON E HOLMES @ MARTIN L KING JR DR,33.75249,-84.46717,marta
3413,99077,BURTON RD NW @ LAUREL CIR NW,33.755852,-84.471253,marta
3414,99084,MARTIN L KING JR DR NW @ 1457,33.753768,-84.434686,marta
3415,99086,MARTIN L KING JR DR NW @ MATHEWSON PL SW,33.753471,-84.436012,marta
3416,99088,MARTIN L KING JR DR NW @ WELLINGTON ST SW,33.752987,-84.437336,marta
3417,99090,MARTIN L KING JR DR NW @ WELLINGTON ST SW,33.752859,-84.438861,marta
3418,99092,MARTIN L KING JR DR NW @ BROWNING ST SW,33.751999,-84.440413,marta
3419,99101,WYNNWOOD DR SW @ LARCHWOOD ST,33.747886,-84.458421,marta
3420,99102,BEECHER RD SW @ MT AIRY DR SW,33.726856,-84.463632,marta
3421,99104,BEECHER RD SW @ HIGHVIEW RD SW,33.72821,-84.46232,marta
3422,99106,BEECHER RD SW @ BEECHER CIR SW,33.730103,-84.460587,marta
3423,99110,BEECHER RD SW @ HIGHVIEW RD SW,33.732923,-84.458111,marta
3424,99122,RALPH D ABERNATHY BLVD @ W LAKE AVE SW,33.749695,-84.444008,marta
3425,99126,ANDERSON AVE SW @ PENELOPE RD NW,33.75373,-84.445982,marta
3426,99128,ANDERSON AVE SW @ 25,33.754777,-84.445918,marta
3427,99130,WATERBURY DR NW @ 56,33.755152,-84.447451,marta
3428,99132,WATERBURY DR @ ANDERSON AVE SW,33.75515,-84.448734,marta
3429,99134,VERBENA ST NW @ WADLEY ST NW,33.755086,-84.458279,marta
3430,99136,VERBENA ST NW @ LAMAR AVE NW,33.755085,-84.459203,marta
3431,99142,PENELOPE RD NW @ ANDERSON AVE SW,33.753783,-84.446177,marta
3432,99144,PENELOPE RD NW @ HELENA AVE NW,33.753818,-84.447536,marta
3433,99148,PENELOPE RD NW @ PENELOPE DR NW,33.753789,-84.449515,marta
3434,99150,PENELOPE ST NW @ AARON ST NW,33.752838,-84.451514,marta
3435,99166,MARTIN LUTHER KING J DR @ CHAPPELL RD,33.753751,-84.433436,marta
3436,99168,MARTIN L KING JR DR NW @ MATHEWSON PL SW,33.753328,-84.436186,marta
3437,99170,MARTIN L KING JR DR NW @ WELLINGTON ST SW,33.752834,-84.43799,marta
3438,99172,MARTIN L KING JR DR SW @ LAUREL AVE SW,33.751926,-84.440374,marta
3439,99174,MARTIN L KING JR DR NW @ RACINE ST SW,33.75164,-84.441282,marta
3440,99176,MARTIN L KING JR DR NW @ GORDON TER,33.751289,-84.443075,marta
3441,99178,MARTIN L KING JR DR NW @ 1444,33.753651,-84.434947,marta
3442,99186,BARFIELD AVE SW @ WINGATE ST SW,33.748888,-84.461715,marta
3443,99188,BARFIELD AVE SW @ LARCHWOOD ST SW,33.747635,-84.461723,marta
3444,99190,LARCHWOOD ST SW @ CAMFIELD CT SW,33.747501,-84.461049,marta
3445,99192,LARCHWOOD ST SW @ AUTUMN LN SW,33.747503,-84.459614,marta
3446,99193,WYNNWOOD DR @ WINGATE ST,33.748879,-84.458394,marta
3447,99194,WYNNWOOD DR @ TELHURST DR,33.750082,-84.458358,marta
3448,99196,MARTIN LUTHER KING J DR @ LARCHWOOD,33.750272,-84.456923,marta
3449,99200,MARTIN LUTHER KING J DR SW @ 2021,33.750025,-84.452094,marta
3450,99206,HAMILTON E HOLMES DR NW @ WASHINGTON,33.773515,-84.473611,marta
3451,99208,HAMILTON E HOLMES DR NW @ OLDKNOW DR NW,33.771596,-84.473561,marta
3452,99212,HAMILTON E HOLMES DR @ BAKER RIDGE DR,33.770471,-84.473235,marta
3453,99214,HAMILTON E HOLMES DR NW @ BAKER RD NW,33.769176,-84.472037,marta
3454,99216,HAMILTON E HOLMES DR NW @ RENFRO DR N,33.768407,-84.471285,marta
3455,99217,HAMILTON E HOLMES DR NW @ RYNE ST NW,33.767579,-84.470259,marta
3456,99220,HAMILTON E HOLMES DR @ SANTA BARBARA,33.766739,-84.470451,marta
3457,99222,HAMILTON E HOLMES DR @ SANTA BARBARA,33.765347,-84.47036,marta
3458,99224,HAMILTON E HOLMES DR NW @ COLLIER DR,33.763901,-84.4702,marta
3459,99227,HAMILTON E HOLMES DR NW @ HIGHTOWER CT,33.761717,-84.469838,marta
3460,99228,HAMILTON E HOLMES DR NW @ GODFREY DR,33.759597,-84.469538,marta
3461,99230,HAMILTON E HOLMES DR NW @ BURTON RD NW,33.756162,-84.468916,marta
3462,99238,MARTIN L KING JR DR SW @ ANDERSON AVE NW,33.750515,-84.447651,marta
3463,99242,MARTIN L KING JR DR SW @ 2001,33.750207,-84.451042,marta
3464,99244,MARTIN L KING JR DR SW @ 2051,33.750052,-84.453292,marta
3465,99246,MARTIN L KING JR DR SW @ 2085,33.749951,-84.455194,marta
3466,99248,MARTIN L KING JR DR @ WILLIS MILL RD SW,33.751706,-84.466815,marta
3467,99250,MARTIN L KING JR DR SW @ WILSON AVE,33.750377,-84.456898,marta
3468,99258,BARFIELD AVE @ MARTIN L KING JR DR SW,33.751126,-84.461686,marta
3469,99260,MARTIN L KING JR DR @ FLORIDA AVE,33.75217,-84.464395,marta
3470,99262,MARTIN L KING JR DR SW @ FAIRFIELD PL NW,33.752296,-84.462546,marta
3471,99264,MARTIN L KING JR DR NW @ FLORIDA AVE SW,33.752158,-84.464798,marta
3472,99266,MARTIN L KING JR DR SW @ HAMILTON E HOLMES DR NW,33.751839,-84.466318,marta
3473,99268,MARTIN L KING JR DR SW @ BARFIELD AVE SW,33.751922,-84.461855,marta
3474,99272,WESTVIEW DR SW @ WESTVIEW PL SW,33.74735,-84.434525,marta
3475,99280,MIMS ST SW @ MATHEWSON PL SW,33.749551,-84.436544,marta
3476,99282,MIMS ST SW @ WELLINGTON ST SW,33.749576,-84.43804,marta
3477,99284,MIMS ST SW @ WELLINGTON ST SW,33.749833,-84.437966,marta
3478,99285,WELLINGTON ST SW @ ARCHER ST SW,33.750927,-84.438281,marta
3479,99286,WELLINGTON ST SW @ MOZLEY PL SW,33.751941,-84.438326,marta
3480,99288,WELLINGTON ST @ MARTIN L KING JR DR,33.752451,-84.43835,marta
3481,99292,LAUREL AVE SW @ ARCHER ST SW,33.750663,-84.440032,marta
3482,99294,MIMS ST SW @ LAUREL AVE SW,33.749829,-84.439784,marta
3483,99298,MARTIN L KING JR DR NW @ FEDERAL DR SW,33.751611,-84.44244,marta
3484,99300,MARTIN L KING JR DR NW @ W LAKE AVE SW,33.751296,-84.443443,marta
3485,99304,LUCILE AVE SW @ LANGHORN ST SW,33.74225,-84.432442,marta
3486,99306,LUCILE AVE SW @ MUSE ST SW,33.742374,-84.433716,marta
3487,99308,LUCILE AVE SW @ MUSE ST SW,33.742258,-84.433583,marta
3488,99310,LUCILE AVE SW @ ALTOONA PL SW,33.742546,-84.43499,marta
3489,99312,LUCILE AVE SW @ ALTOONA PL SW,33.742498,-84.435062,marta
3490,99314,LUCILE AVE SW @ MATHEWSON PL SW,33.742775,-84.43615,marta
3491,99320,RALPH D ABERNATHY BLVD @ WELLINGTON ST SW,33.744278,-84.43866,marta
3492,99322,RALPH D ABERNATHY BLVD @ WELLINGTON ST,33.744294,-84.438804,marta
3493,99330,CASCADE AVE SW @ ORLANDO ST SW,33.727827,-84.443085,marta
3494,99334,CASCADE AVE SW @ PINEVIEW TER SW,33.729683,-84.440666,marta
3495,99338,CASCADE AVE SW @ RICHLAND RD SW,33.731419,-84.439169,marta
3496,99358,CASCADE AVE SW @ ALLEGHENY ST SW,33.734879,-84.436554,marta
3497,99364,CASCADE AVE SW @ DONNELLY AVE SW,33.737832,-84.435339,marta
3498,99366,CASCADE AVE @ RALPH D ABERNATHY BLVD,33.73874,-84.4336,marta
3499,99370,CASCADE AVE SW @ WESTWOOD AVE SW,33.738094,-84.435317,marta
3500,99372,CASCADE AVE @ ROGERS AVE,33.737154,-84.435783,marta
3501,99374,CASCADE AVE SW @ OLYMPIAN WAY SW,33.735372,-84.436595,marta
3502,99378,CASCADE AVE SW @ BEECHER ST SW,33.733473,-84.437538,marta
3503,99380,CASCADE AVE SW @ WESTHAVEN DR SW,33.732389,-84.438363,marta
3504,99381,CASCADE AVE SW @ RICHLAND RD,33.731556,-84.439176,marta
3505,99386,CASCADE AVE SW @ ALTADENA PL SW,33.729692,-84.440967,marta
3506,99389,CASCADE AVE SW @ CASCADE TER SW,33.727907,-84.443353,marta
3507,99394,CASCADE AVE SW @ CASCADE CIR,33.726519,-84.44532,marta
3508,99396,ANDERSON AVE @ 93,33.75232,-84.445906,marta
3509,99402,RALPH D ABERNATHY BLVD @ 1701,33.748112,-84.44256,marta
3510,99403,RALPH D ABERNATHY BLVD SW @ WESTVIEW DR SW,33.747236,-84.441721,marta
3511,99404,RALPH D ABERNATHY BLVD @ LAUREL AVE,33.745948,-84.440437,marta
3512,99426,BEECHER RD SW @ SHIRLEY ST SW,33.733949,-84.453037,marta
3513,99430,BEECHER RD SW @ BEECHER CIR SW,33.7334,-84.457216,marta
3514,99432,RALPH D ABERNATHY BLVD @ 1701,33.748166,-84.442527,marta
3515,99434,RALPH D ABERNATH BLVD @ WESTVIEW DR SW,33.747078,-84.441345,marta
3516,99436,RALPH D ABERNATHY BLVD @ LAUREL AVE SW,33.746109,-84.440475,marta
3517,99438,RALPH D ABERNATHY BLVD @ W ONTARIO AVE SW,33.745063,-84.439392,marta
3518,99457,BEECHER ST SW @ KENNOLIA DR SW,33.733685,-84.448907,marta
3519,99458,BEECHER ST SW @ SHIRLEY ST SW,33.733576,-84.4507,marta
3520,99460,BEECHER RD SW @ SHIRLEY ST SW,33.733895,-84.453113,marta
3521,99463,BEECHER RD SW @ HIGHVIEW RD SW,33.728084,-84.462341,marta
3522,99464,BEECHER RD SW @ HIGHVIEW RD SW,33.732842,-84.458111,marta
3523,99465,S GORDON ST SW @ ROGERS AVE SW,33.737172,-84.446688,marta
3524,99466,BEECHER RD SW @ BEECHER CIR,33.733452,-84.456993,marta
3525,99467,BEECHER RD SW @ RECTOR DR SW,33.733507,-84.456243,marta
3526,99473,AARON ST @ PENELOPE RD,33.753724,-84.451602,marta
3527,99475,ANDERSON AVE @ MARTIN LUTHER KING J D,33.750812,-84.446151,marta
3528,99477,WESTWOOD AVE SW @ WILLARD AVE SW,33.738551,-84.438023,marta
3529,99479,RALPH D ABERNATHY BLVD SW @ W ONTARIO AVE SW,33.745211,-84.439785,marta
3530,99496,LUCILE AVE @ RALPH D ABERNATHY BLVD,33.742944,-84.437095,marta
3531,99512,HAMILTON E HOLMES DR @ RENFRO DR,33.768239,-84.47086,marta
3532,99518,S GORDON ST SW @ S OLYMPIAN WAY SW,33.73537,-84.447073,marta
3533,99520,WESTWOOD AVE @ CASCADE AVE,33.737954,-84.435557,marta
3534,99532,RALPH D ABERNATHY BLVD @ MARTIN L KING JR DR,33.750419,-84.444998,marta
3535,99538,HARLAN RD SW @ HALDANE DR SW,33.744476,-84.482034,marta
3536,99900,WEST LAKE STATION - WEST LOOP,33.752833,-84.445389,marta
3537,99901,WEST LAKE STATION - EAST LOOP,33.75305,-84.44497,marta
3538,99906,MARTIN LUTHER KING J DR @ 2085,33.749842,-84.454711,marta
3539,99908,MARTIN LUTHER KING J DR @ ANDERSON AVE SW,33.750476,-84.446902,marta
3540,99912,CASCADE AVE SW @ BEECHER ST SW,33.732851,-84.43784,marta
3541,100004,JOSEPH E LOWERY BLVD @ BECKWITH ST SW,33.752569,-84.4176,marta
3542,100006,JOSEPH E LOWERY BLVD @ PARSONS ST SW,33.751178,-84.417612,marta
3543,100008,JOSEPH E LOWERY BLVD @ ASHBY GRV SW,33.750004,-84.417604,marta
3544,100010,JOSEPH E LOWERY BLVD @ FAIR ST SW,33.749212,-84.417594,marta
3545,100012,JOSEPH E LOWERY BLVD SW @ WESTVIEW DR SW,33.746833,-84.417615,marta
3546,100014,JOSEPH E LOWERY BLVD @ SELLS AVE SW,33.745569,-84.417616,marta
3547,100016,WEST END AVE SW @ ASHBY ST SW,33.744403,-84.417246,marta
3548,100017,WEST END AVE SW @ WELLBORN ST SW,33.744304,-84.415499,marta
3549,100022,W END AVE SW @ ASHBY ST SW,33.74457,-84.417367,marta
3550,100024,JOSEPH E LOWERY BLVD @ ATLANTA STUDENT MOVEMENT BLVD,33.749008,-84.417466,marta
3551,100026,JOSEPH E LOWERY BLVD @ PARSONS ST SW,33.750616,-84.417473,marta
3552,100028,JOSEPH E LOWERY BLVD @ BECKWITH ST SW,33.752044,-84.417511,marta
3553,100030,ATLANTA STUDENT MOVEMENT BLVD @ EUHRLEE ST SW,33.749264,-84.416015,marta
3554,100032,ATLANTA STUDENT MOVEMENT BLVD @ OGDEN ST SW,33.749236,-84.416809,marta
3555,100035,FAIR ST SW @ JOSEPH E LOWERY BLVD,33.748985,-84.418059,marta
3556,100036,FAIR ST SW @ ABBOTT ST SW,33.748959,-84.419167,marta
3557,100038,FAIR ST SW @ AGNES JONES PL SW,33.748981,-84.420273,marta
3558,100040,FAIR ST SW @ JOSE ST SW,33.74892,-84.421694,marta
3559,100042,FAIR ST SW @ LAWTON ST SW,33.749088,-84.423135,marta
3560,100043,FAIR ST SW @ SAINT JOSE ST SW,33.74913,-84.421746,marta
3561,100044,ATLANTA STUDENT MOVEMENT BLVD @ EUHARLEE ST SW,33.749192,-84.416048,marta
3562,100045,FAIR ST SW @ AGNES JONES PL SW,33.749162,-84.420461,marta
3563,100046,JOSEPH E LOWERY BLVD @ MITCHELL ST SW,33.753318,-84.417466,marta
3564,100048,JOSEPH E LOWERY BLVD @ MARTIN L KING JR DR,33.754583,-84.417463,marta
3565,100050,MARTIN LUTHER KING J @ CHICAMAUGA AVE,33.75369,-84.432088,marta
3566,100052,MARTIN LUTHER KING J DR SW @ CERRO ST,33.753549,-84.429794,marta
3567,100054,MARTIN LUTHER KING J DR SW @ BURBANK,33.753443,-84.428174,marta
3568,100058,HOLDERNESS ST SW @ FAIR ST SW,33.748933,-84.426351,marta
3569,100060,FAIR ST SW @ HOLDERNESS ST SW,33.749076,-84.426353,marta
3570,100061,HOLDERNESS ST SW @ WESTVIEW DR SW,33.747532,-84.426611,marta
3571,100062,HOLDERNESS ST SW @ WESTVIEW DR SW,33.747425,-84.426987,marta
3572,100063,WESTVIEW DR SW @ LANGHORN ST SW,33.747154,-84.427994,marta
3573,100066,WESTVIEW DR SW @ ATWOOD ST SW,33.747192,-84.429146,marta
3574,100067,WESTVIEW DR SW @ HOPKINS ST SW,33.747363,-84.430916,marta
3575,100069,WESTVIEW DR SW @ CHICAMAUGA AVE SW,33.747379,-84.432101,marta
3576,100070,WESTVIEW DR SW @ CHICAMAUGA AVE SW,33.74728,-84.432645,marta
3577,100074,LUCILE AVE SW @ JOSEPH E LOWERY BLVD,33.742268,-84.418137,marta
3578,100076,LUCILE AVE SW @ PEEPLES ST SW,33.742294,-84.420334,marta
3579,100078,LUCILE AVE SW @ LAWTON ST SW,33.742327,-84.422489,marta
3580,100080,LUCILE AVE SW @ LAWTON ST SW,33.742329,-84.423914,marta
3581,100082,LUCILE AVE SW @ DARGAN PL SW,33.742332,-84.425133,marta
3582,100084,LUCILE AVE SW @ HOPKINS ST SW,33.74237,-84.43048,marta
3583,100086,LUCILE AVE SW @ LANGHORN ST SW,33.742336,-84.432297,marta
3584,100088,LUCILE AVE SW @ HOPKINS ST SW,33.742252,-84.430414,marta
3585,100090,LUCILE AVE SW @ ATWOOD ST SW,33.742262,-84.428855,marta
3586,100092,LUCILE AVE SW @ HOLDERNESS ST SW,33.742246,-84.427138,marta
3587,100094,LUCILE AVE SW @ DARGAN PL SW,33.742257,-84.424801,marta
3588,100096,LUCILE AVE SW @ LAWTON ST SW,33.742213,-84.423366,marta
3589,100098,LUCILE AVE SW @ LAWTON ST SW,33.742169,-84.422714,marta
3590,100100,LUCILE AVE SW @ PEEPLES ST SW,33.741464,-84.420484,marta
3591,100102,LUCILE AVE SW @ ATWOOD ST SW,33.742346,-84.428771,marta
3592,100114,JOSEPH E LOWERY BLVD @ SELLS AVE SW,33.745323,-84.417492,marta
3593,100115,JOSEPH E LOWERY BLVD @ WESTVIEW DR SW,33.746337,-84.417504,marta
3594,100124,MARTIN L KING JR DR NW @ CERRO ST SW,33.753645,-84.42959,marta
3595,100126,MARTIN L KING JR DR NW @ BURBANK DR NW,33.753515,-84.428,marta
3596,100128,MARTIN LUTHER KING J @ STAFFORD ST,33.753444,-84.426522,marta
3597,100130,MARTIN L KING JR DR NW @ STAFFORD ST SW,33.753516,-84.426489,marta
3598,100132,MARTIN L KING JR DR @ MORRIS BROWN,33.75384,-84.424968,marta
3599,100134,MARTIN L KING JR DR NW @ MORRIS BROWN DR SW,33.753893,-84.425011,marta
3600,100136,MARTIN LUTHER KING J @ HUNTER PL N,33.754395,-84.423827,marta
3601,100137,MARTIN LUTHER KING J DR @ WHITEHOUSE DR,33.754709,-84.41994,marta
3602,100138,MARTIN L KING JR DR NW @ HUNTER PL NW,33.754431,-84.423892,marta
3603,100142,MARTIN L KING JR DR NW @ BOOKER ST NW,33.754796,-84.420311,marta
3604,100148,MARTIN L KING JR DR NW @ CHICAMAUGA AVE NW,33.753823,-84.431838,marta
3605,100150,MARTIN L KING JR DR NW @ CHAPPELL RD,33.753851,-84.433255,marta
3606,100152,FAIR ST SW @ 1ST ST SW,33.748905,-84.425545,marta
3607,100154,FAIR ST @ FIRST ST,33.749077,-84.425298,marta
3608,100160,FAIR ST SW @ LAWTON ST SW,33.74901,-84.42337,marta
3609,100162,FAIR ST @ ABBOTT ST,33.749191,-84.419426,marta
3610,100164,MARTIN LUTHER KING J DR @ OLLIE ST,33.754747,-84.421316,marta
3611,100166,LUCILE AVE @ HOLDERNESS ST,33.742389,-84.426658,marta
3612,100168,FAIR ST SW @ JOSEPH E LOWERY BLVD,33.749074,-84.418167,marta
3613,100170,WESTVIEW DR SW @ WESTVIEW PL,33.74744,-84.434656,marta
3614,101002,LEE ST SW @ W END AV SW,33.743875,-84.414113,marta
3615,101006,LEE ST SW @ NORCROSS ST SW,33.74334,-84.413999,marta
3616,101008,W END AVE SW @ WELLBORN ST SW,33.744547,-84.415271,marta
3617,101010,PETERS ST SW @ HAYNES ST SW,33.749241,-84.399785,marta
3618,101016,ATLANTA STUDENT MOVEMENT BLVD @ WALNUT ST SW,33.749214,-84.406476,marta
3619,101022,ATLANTA STUDENT MOVEMENT BLVD @ LAWSHE ST SW,33.749397,-84.410312,marta
3620,101024,ATLANTA STUDENT MOVEMENT BLVD @ JAMES P BRAWLEY DR SW,33.749392,-84.412586,marta
3621,101026,ATLANTA STUDENT MOVEMENT BLVD @ MILTON ST SW,33.749457,-84.414271,marta
3622,101030,PETERS ST SW @ FAIR ST SW,33.748085,-84.401161,marta
3623,101036,ATLANTA STUDENT MOVEMENT BLVD @ WALNUT ST SW,33.749137,-84.40674,marta
3624,101040,ATLANTA STUDENT MOVEMENT BLVD @ ELM ST SW,33.749286,-84.408905,marta
3625,101042,ATLANTA STUDENT MOVEMENT BLVD @ JOHN HOPE DR SW,33.74927,-84.41067,marta
3626,101044,ATLANTA STUDENT MOVEMENT BLVD @ JAMES P BRAWLEY DR SW,33.749295,-84.413042,marta
3627,101046,ATLANTA STUDENT MOVEMENT BLVD @ MILTON ST SW,33.749244,-84.414545,marta
3628,101069,MARTIN L KING JR DR @ JOSEPH E LOWERY BLVD,33.754678,-84.417739,marta
3629,101092,WHITEHALL ST SW @ SPRING ST SW,33.746056,-84.399034,marta
3630,101096,WHITEHALL ST SW @ TED TURNER DR SW,33.745915,-84.399015,marta
3631,101098,WHITEHALL ST SW @ 385,33.745305,-84.400559,marta
3632,101100,WHITEHALL ST SW @ 400,33.745123,-84.400643,marta
3633,101104,WHITEHALL ST SW @ WHITEHALL TERR SW,33.744147,-84.40299,marta
3634,101108,MCDANIEL ST SW @ FULTON ST SW,33.741302,-84.402942,marta
3635,101110,WHITEHALL ST SW @ WHITEHALL TER SW,33.744002,-84.402927,marta
3636,101124,PETERS ST SW @ FAIR ST SW,33.747851,-84.401219,marta
3637,101126,PETERS ST SW @ HAYNES ST SW,33.749075,-84.39975,marta
3638,101133,MARTIN L KING JR DR NW @ PASCHAL BLVD SW,33.754779,-84.414293,marta
3639,101135,NORTHSIDE DR @ LARKIN ST,33.74813,-84.40523,marta
3640,101137,NORTHSIDE DR SW @ GREENSFERRY AVE SW,33.746084,-84.406794,marta
3641,101139,MARTIN L KING JR DR @ PASCHAL BLVD SW,33.754663,-84.41443,marta
3642,101144,MARTIN L KING JR DR @ SUNSET AVE,33.754604,-84.410245,marta
3643,101156,NORTHSIDE DR SW @ MITCHELL ST SW,33.753928,-84.402845,marta
3644,101162,NORTHSIDE DR SW @ CHAPEL ST SW,33.750867,-84.403255,marta
3645,101165,NORTHSIDE DR SW @ ATLANTA STUDENT MOVEMENT BLVD SW,33.749396,-84.404349,marta
3646,101166,NORTHSIDE DR SW @ NELSON ST SW,33.750679,-84.403211,marta
3647,101168,MARTIN L KING JR DR @ JAMES P BRAWLEY  DR SW,33.754673,-84.412825,marta
3648,101446,MARTIN L KING JR DR @ GRIFFIN ST,33.754536,-84.411523,marta
3649,101448,MARTIN L KING JR DR NW @ SUNSET AVE NW,33.754738,-84.409923,marta
3650,101460,MCDANIEL ST SW @ WHITEHALL ST SW,33.743433,-84.40383,marta
3651,101464,MARTIN L KING JR DR NW @ JAMES P BRAWLEY DR NW,33.754736,-84.41263,marta
3652,101466,MARTIN L KING JR DR NW @ JOSEPH E LOWERY BLVD NW,33.754759,-84.417391,marta
3653,101468,W END AVE @ LEE ST,33.744504,-84.41427,marta
3654,102005,MEMORIAL DR SE @ CAPITOL AVE,33.746845,-84.386727,marta
3655,102006,MEMORIAL DR SE @ KING ST,33.746826,-84.38282,marta
3656,102009,MEMORIAL DR SE @ HILL ST SE,33.746792,-84.378882,marta
3657,102011,HILL ST SE @ WOODWARD AVE SE,33.74572,-84.379415,marta
3658,102022,PEACHTREE ST SW @ MITCHELL ST SW,33.750787,-84.393057,marta
3659,102026,PRYOR ST SW @ MEMORIAL DR SW,33.747202,-84.39437,marta
3660,102028,PRYOR ST SW @ GARNETT ST SW,33.748089,-84.393686,marta
3661,102042,DECATUR ST SE @ PEACHTREE CENTER AVE,33.753105,-84.38757,marta
3662,102044,DECATUR ST SE @ COLLINS ST SE,33.7523,-84.386449,marta
3663,102046,DECATUR ST @ PIEDMONT AVE,33.75143,-84.384945,marta
3664,102052,PRYOR ST SW @ ALICE ST SW,33.742933,-84.39454,marta
3665,102053,PRYOR ST SW @ FULTON ST SW,33.74202,-84.39455,marta
3666,102054,CENTRAL AVE SW @ ALICE ST SW,33.742935,-84.393322,marta
3667,102062,MARTIN LUTHER KING J DR SW @ PRYOR ST,33.75141,-84.39075,marta
3668,102074,FORSYTH ST SW @ TRINITY AVE SW,33.750699,-84.395176,marta
3669,102078,TRINITY AVE SW @ TED TURNER DR SW,33.750548,-84.396284,marta
3670,102110,WINDSOR ST SW @ EUGENIA ST SW,33.743068,-84.398382,marta
3671,102112,WINDSOR ST SW @ FULTON ST SW,33.74199,-84.39838,marta
3672,102148,MITCHELL ST SW @ PRYOR ST SW,33.750329,-84.392066,marta
3673,102152,MARTIN L KING J DR @ WASHINGTON ST SW,33.750043,-84.388393,marta
3674,102156,MARTIN L KING JR DR SW @ PEACHTREE ST,33.751932,-84.391726,marta
3675,102170,DECATUR ST SE @ PIEDMONT AVE SE,33.75154,-84.385666,marta
3676,102172,DECATUR ST SE @ BELL ST SE,33.749797,-84.380316,marta
3677,102173,DECATUR ST SE @ JESSE HILL JR DR SE,33.7506,-84.384285,marta
3678,102174,DECATUR ST SE @ PRATT ST SE,33.749894,-84.382914,marta
3679,102178,EDGEWOOD AVE SE @ COURTLAND ST SE,33.754539,-84.38419,marta
3680,102180,EDGEWOOD AVE @ PEACHTREE CENTER AVE,33.754513,-84.386169,marta
3681,102222,WINDSOR ST SW @ EUGENIA ST SW,33.743098,-84.398064,marta
3682,102224,WINDSOR ST SW @ FULTON ST SW,33.74169,-84.39812,marta
3683,102228,DECATUR ST @ KIMBALL WAY,33.753597,-84.388581,marta
3684,102252,CAPITOL AVE SE @ POLLARD BLVD SW,33.742724,-84.387693,marta
3685,102253,CAPITOL AVE @ MEMORIAL DR,33.746281,-84.387703,marta
3686,102262,MITCHELL ST SW @ SHIRLEY C FRANKLIN BLVD,33.74963,-84.390687,marta
3687,102282,DECATUR ST SE @ COLLINS ST SE,33.752282,-84.386602,marta
3688,102289,FORSYTH ST SW @ ALABAMA ST SW (FIVE POINTS STATION),33.754297,-84.392211,marta
3689,102292,FORSYTH ST SW @ ALABAMA ST SW (FIVE POINTS STATION),33.754048,-84.392581,marta
3690,102294,FORSYTH ST @ MARTIN L KING JR DR,33.752547,-84.393592,marta
3691,102534,MITCHELL ST SW @ PEACHTREE ST,33.750977,-84.393194,marta
3692,102544,PRYOR ST @ RAWSON ST,33.744606,-84.39452,marta
3693,102546,CENTRAL AVE @ PULLIAM ST,33.743984,-84.393218,marta
3694,102554,TED TURNER DR SW @ BROTHERTON ST SW,33.749164,-84.398123,marta
3695,103024,MEMORIAL DR SE @ MARTIN ST SE,33.746986,-84.383724,marta
3696,103026,MEMORIAL DR SE @ FRASER ST SE,33.746965,-84.386347,marta
3697,103032,JACKSON ST SE @ LUCY ST,33.752351,-84.374122,marta
3698,103034,JACKSON ST SE @ DECATUR ST SE,33.750722,-84.373631,marta
3699,103052,AUBURN AVE NE @ JESSE HILL JR DR NE,33.755472,-84.379962,marta
3700,103060,BOULEVARD NE @ OLD WHEAT ST NE,33.755851,-84.37208,marta
3701,103083,HILL ST SE @ WOODWARD AVE SE,33.745359,-84.379217,marta
3702,103092,MEMORIAL DR SE @ BEREAN AVE SE,33.746743,-84.366483,marta
3703,103094,MEMORIAL DR SE @ CAMERON ST SE,33.746603,-84.365114,marta
3704,103100,MEMORIAL DR SE @ PARK AVE SE,33.746651,-84.36935,marta
3705,103108,DECATUR ST SE @ HILL ST,33.749681,-84.37974,marta
3706,103130,MARIETTA ST NW @ FAIRLIE ST NW,33.755685,-84.391479,marta
3707,103134,MARIETTA ST NW @ PEACHTREE ST,33.754393,-84.390071,marta
3708,103138,DECATUR ST SE @ SHIRLEY C FRANKLIN BLVD,33.75306,-84.3877,marta
3709,103162,AUBURN AVE NE @ HILLIARD ST NE,33.755447,-84.376613,marta
3710,103168,MEMORIAL DR @ PARK AVE,33.746777,-84.370146,marta
3711,103169,MEMORIAL DR SE @ HILL ST SE,33.746948,-84.380186,marta
3712,103170,MEMORIAL DR @ GRANT ST,33.746892,-84.377048,marta
3713,103190,JACKSON ST SE @ TODD ST SE,33.751438,-84.373643,marta
3714,103193,JACKSON ST SE @ CHAMBERLAIN ST SE,33.753756,-84.374264,marta
3715,103196,AUBURN AVE @ WILLIAM H BORDERS SR DR,33.755465,-84.375167,marta
3716,103198,MEMORIAL DR @ GRANT ST SE,33.746757,-84.375944,marta
3717,103202,MEMORIAL DR @ CHEROKEE AVE,33.746713,-84.373182,marta
3718,104012,MORELAND AVE SE @ SANDERS AVE SE,33.741948,-84.349267,marta
3719,104013,MORELAND AVE SE @ GLENWOOD AVE,33.740623,-84.349403,marta
3720,104048,MEMORIAL DR SE @ MORELAND AVE SE,33.74769,-84.34854,marta
3721,104050,MEMORIAL DR SE @ MORELAND AVE SE,33.74753,-84.34822,marta
3722,104052,MEMORIAL DR SE @ FLAT SHOALS AVE SE,33.747425,-84.350372,marta
3723,104054,MEMORIAL DR SE @ HOWELL DR SE,33.747238,-84.350682,marta
3724,104056,MEMORIAL DR SE @ WILBUR AVE SE,33.747028,-84.352554,marta
3725,104058,MEMORIAL DR SE @ WILBUR AVE SE,33.746806,-84.352775,marta
3726,104064,MEMORIAL DR SE @ GIBSON ST SE,33.746505,-84.35546,marta
3727,104066,MEMORIAL DR SE @ GIBSON ST SE,33.74662,-84.355386,marta
3728,104068,MEMORIAL DR SE @ CHESTER AVE SE,33.746652,-84.35896,marta
3729,104070,MEMORIAL DR SE @ BILL KENNEDY WAY,33.746556,-84.358497,marta
3730,104076,MEMORIAL DR SE @ PEARL ST SE,33.746695,-84.361935,marta
3731,104078,MEMORIAL DR SE @ PEARL ST SE,33.746591,-84.361791,marta
3732,104436,MEMORIAL DR SE @ VENICE DR,33.747217,-84.286047,marta
3733,105002,FLAT SHOALS AVE SE @ MAY AVE SE,33.739058,-84.344049,marta
3734,105004,FLAT SHOALS AVE SE @ MILTON PL SE,33.736149,-84.341777,marta
3735,105006,FLAT SHOALS AVE SE @ EAST SIDE AVE,33.733852,-84.34021,marta
3736,105016,FLAT SHOALS RD SE @ LEAH LN SE,33.729303,-84.328669,marta
3737,105018,FLAT SHOALS RD SE @ 1909,33.727647,-84.325332,marta
3738,105038,GLENWOOD AVE SE @ MAYNARD TER SE,33.739963,-84.334886,marta
3739,105040,GLENWOOD AVE SE @ CLIFTON ST SE,33.739919,-84.33231,marta
3740,105042,GLENWOOD AVE SE @ WINTHROP DR SE,33.739874,-84.330647,marta
3741,105044,GLENWOOD AVE SE @ HOWARD ST SE,33.73972,-84.32632,marta
3742,105074,GLENWOOD AVE SE @ WINTHROP DR SE,33.739928,-84.330071,marta
3743,105075,GLENWOOD AVE SE @ CLIFTON ST SE,33.73999,-84.33256,marta
3744,105076,GLENWOOD AVE SE @ MAYNARD TER SE,33.740035,-84.334778,marta
3745,105094,FLAT SHOALS RD SE @ 1930,33.72776,-84.325432,marta
3746,105096,FLAT SHOALS RD SE @ HILLBURN DR SE,33.728766,-84.326887,marta
3747,105098,FLAT SHOALS RD SE @ LEAH LN SE,33.729249,-84.32831,marta
3748,105107,FLAT SHOALS RD SE @ HILLBURN DR SE,33.728712,-84.327234,marta
3749,105118,FLAT SHOALS AVE SE @ EAST SIDE AVE,33.733804,-84.339994,marta
3750,105120,FLAT SHOALS AVE SE @ VAN EPPS AVE SE,33.736749,-84.342005,marta
3751,105122,FLAT SHOALS AVE SE @ NEWTON AVE SE,33.737617,-84.342476,marta
3752,105124,BOULDERCREST DR SE @ PIPER CIR SE,33.72686,-84.33315,marta
3753,105126,BOULDERCREST DR SE @ STALLINGS AVE SE,33.727843,-84.333635,marta
3754,105130,BOULDERCREST DR SE @ FLAT SHOALS RD SE,33.730708,-84.336396,marta
3755,105152,FLAT SHOALS AVE SE @ NEWTON AVE SE,33.738065,-84.342842,marta
3756,105158,FLAT SHOALS AVE SE @ CAVANAUGH AVE SE,33.731236,-84.337211,marta
3757,105160,BOULDERCREST DR SE @ FLAT SHOALS RD SE,33.72995,-84.335724,marta
3758,105161,BOULDERCREST DR SE @ WINFIELD AVE SE,33.72902,-84.33418,marta
3759,105162,BOULDERCREST DR SE @ BLACK OAK DR SE,33.72911,-84.3345,marta
3760,105164,BOULDERCREST DR SE @ STALLINGS AVE SE,33.727795,-84.333918,marta
3761,105166,BOULDERCREST DR SE @ WILLOW PL SE,33.72709,-84.33357,marta
3762,105172,HOSEA L WILLIAMS DR @ LAKEVIEW DR NE,33.751125,-84.314222,marta
3763,105174,HOSEA L WILLIAMS DR NE @ ROCKYFORD RD NE,33.751144,-84.316101,marta
3764,105176,HOSEA L WILLIAMS DR NE @ BATES AVE NE,33.751144,-84.31739,marta
3765,105178,HOSEA L WILLIAMS DR NE @ BRANHAM ST NE,33.751161,-84.318723,marta
3766,105180,HOSEA L WILLIAMS DR NE @ NORWOOD AVE NE,33.751171,-84.320145,marta
3767,105182,HOSEA L WILLIAMS DR @ KIRKWOOD RD,33.751175,-84.321533,marta
3768,105184,HOSEA L WILLIAMS DR @ DOYLE ST SE,33.75272,-84.324722,marta
3769,105186,HOSEA L WILLIAMS DR @ WARREN ST NE,33.753239,-84.325806,marta
3770,105188,HOSEA L WILLIAMS DR @ ROGERS ST NE,33.75339,-84.329028,marta
3771,105190,HOSEA L WILLIAMS DR NE @ CLAY ST NE,33.75339,-84.330333,marta
3772,105192,HOSEA L WILLIAMS DR @ CLIFTON ST NE,33.753399,-84.331616,marta
3773,105194,HOSEA L WILLIAMS DR @ WYMAN ST NE,33.753408,-84.333007,marta
3774,105196,HOSEA L WILLIAMS DR @ WOODBINE AVE,33.753417,-84.334573,marta
3775,105198,HOSEA L WILLIAMS DR @ ANNISTON AVE SE,33.753443,-84.337573,marta
3776,105200,HOSEA L WILLIAMS DR SE @ MAYSON AVE,33.753443,-84.338497,marta
3777,105208,HOSEA L WILLIAMS DR @ HOWARD ST NE,33.751984,-84.323425,marta
3778,105210,MEMORIAL DR SE @ TRENTON ST SE,33.747552,-84.345855,marta
3779,105212,MEMORIAL DR SE @ HAAS AVE SE,33.747535,-84.344388,marta
3780,105214,MEMORIAL DR SE @ PATTERSON AVE SE,33.747535,-84.343247,marta
3781,105216,MEMORIAL DR SE @ MEMORIAL TER SE,33.747535,-84.342344,marta
3782,105218,MEMORIAL DR SE @ DOUGLAS ST SE,33.747313,-84.319886,marta
3783,105220,MEMORIAL DR SE @ 2154,33.747295,-84.317255,marta
3784,105222,MEMORIAL DR SE @ WATSON CIR,33.747294,-84.315429,marta
3785,105226,MEMORIAL DR SE @ DIXIE ST SE,33.747464,-84.335137,marta
3786,105228,MEMORIAL DR SE @ WILKINSON DR SE,33.747447,-84.328539,marta
3787,105232,MEMORIAL DR SE @ CLIFTON ST SE,33.747518,-84.33172,marta
3788,105234,MEMORIAL DR SE @ WYMAN ST SE,33.747554,-84.333918,marta
3789,105236,MEMORIAL DR SE @ DIXIE ST SE,33.747545,-84.3358,marta
3790,105238,MEMORIAL DR SE @ 1560,33.747635,-84.337524,marta
3791,105240,MEMORIAL DR SE @ LAMON AVE SE,33.747555,-84.338493,marta
3792,105242,MEMORIAL DR SE @ EASTSIDE AVE SE,33.747654,-84.339737,marta
3793,105246,MEMORIAL DR SE @ PATTERSON AVE SE,33.747638,-84.342842,marta
3794,105250,MEMORIAL DR SE @ DAHLGREEN ST SE,33.747612,-84.345329,marta
3795,105251,GLENWOOD AVE SE @ TERRY MILL RD SE,33.739668,-84.322115,marta
3796,105252,GLENWOOD AVE SE @ LOMITA RD,33.73985,-84.32074,marta
3797,105254,GLENWOOD AVE SE @ LOMITA RD SE,33.740017,-84.320694,marta
3798,105260,GLENWOOD AVE SE @ EVA DAVIS WAY,33.74009,-84.31417,marta
3799,105264,GLENWOOD AVE SE @ EVA DAVIS WAY,33.740196,-84.313865,marta
3800,105302,LA FRANCE ST @ WHITEFOORD AVE,33.760443,-84.342532,marta
3801,105339,MEMORIAL DR SE @ S HOWARD ST,33.747402,-84.32356,marta
3802,105349,GLENWOOD AVE SE @ HOWARD ST SE,33.739838,-84.326354,marta
3803,105372,HOSEA L WILLIAMS DR @ ANNISTON AVE SE,33.753372,-84.337649,marta
3804,105374,HOSEA L WILLIAMS DR @ WOODBINE AVE SE,33.753345,-84.334692,marta
3805,105376,HOSEA L WILLIAMS DR @ WYMAN ST SE,33.753345,-84.33317,marta
3806,105378,HOSEA L WILLIAMS DR @ CLIFTON ST NE,33.753328,-84.331583,marta
3807,105380,HOSEA L WILLIAMS DR @ CLAY ST NE,33.753328,-84.33042,marta
3808,105382,HOSEA L WILLIAMS DR @ ROGERS ST SE,33.753319,-84.329268,marta
3809,105383,HOSEA L WILLIAMS DR SE @ WARREN ST SE,33.753301,-84.326561,marta
3810,105384,HOSEA L WILLIAMS DR @ DOYLE ST SE,33.752415,-84.324343,marta
3811,105386,HOSEA L WILLIAMS DR @ HOWARD ST SE,33.751466,-84.322854,marta
3812,105390,HOSEA L WILLIAMS DR NE @ NORWOOD AVE NE,33.75109,-84.320669,marta
3813,105392,HOSEA L WILLIAMS DR NE @ BATES AVE SE,33.751072,-84.317701,marta
3814,105394,HOSEA L WILLIAMS DR @ ROCKYFORD RD SE,33.751061,-84.316641,marta
3815,105396,HOSEA L WILLIAMS DR NE @ LAKEVIEW DR SE,33.751036,-84.31432,marta
3816,105412,MEMORIAL DR SE @ EASTSIDE AVE SE,33.747518,-84.339703,marta
3817,105416,MEMORIAL DR SE @ 1599,33.747491,-84.33755,marta
3818,105422,MEMORIAL DR SE @ CLIFTON ST SE,33.747429,-84.33193,marta
3819,105426,MEMORIAL DR SE @ WILKINSON DR SE,33.747371,-84.328737,marta
3820,105428,MEMORIAL DR SE @ WARREN ST SE,33.747366,-84.326321,marta
3821,105430,MEMORIAL DR SE @ ELEANOR ST,33.74734,-84.324859,marta
3822,105432,FLAT SHOALS AVE SE @ MAY AVE SE,33.739058,-84.343918,marta
3823,105448,MEMORIAL DR SE @ WARREN ST SE,33.747429,-84.326234,marta
3824,105452,MEMORIAL DR @ PALATKA ST SE,33.747425,-84.321313,marta
3825,105455,MEMORIAL DR SE @ DOUGLAS ST SE,33.747366,-84.319451,marta
3826,105456,MEMORIAL DR SE @ 2154,33.747366,-84.317201,marta
3827,105462,GLENWOOD AVE SE @ PATTERSON AVE SE,33.740079,-84.343658,marta
3828,105464,GLENWOOD AVE @ PATTERSON AVE,33.740159,-84.343114,marta
3829,105466,GLENWOOD AVE SE @ EASTSIDE AVE SE,33.74001,-84.34003,marta
3830,105468,GLENWOOD AVE SE @ EASTSIDE AVE SE,33.74014,-84.33985,marta
3831,105470,GLENWOOD AVE @ PASLEY AVE SE,33.740004,-84.337659,marta
3832,105471,GLENWOOD AVE @ MCWILLIAMS AVE,33.739938,-84.336171,marta
3833,105472,GLENWOOD AVE @ BLAKE AVE,33.740079,-84.338288,marta
3834,105474,GLENWOOD AVE SE @ FLAT SHOALS AVE SE,33.740105,-84.345593,marta
3835,105476,FLAT SHOALS AVE @ GLENWOOD AVE,33.739864,-84.345011,marta
3836,105478,GLENWOOD AVE SE @ FLAT SHOALS AVE SE,33.740168,-84.34531,marta
3837,105512,GLENWOOD AVE @ MCWILLIAMS AVE,33.740062,-84.336017,marta
3838,105517,EVA DAVIS WAY @ LAKESIDE VILLAGE DR SE,33.743794,-84.314723,marta
3839,105523,EVA DAVIS WAY @ HILLSIDE VILLAGE DR,33.741028,-84.314363,marta
3840,105570,HOSEA WILLIAMS DR @ WHITEFOORD AVE,33.753368,-84.3411,marta
3841,105572,MEMORIAL DR @ E LAKE TER,33.7474,-84.31397,marta
3842,105574,GLENWOOD AVE SE @ BERNICE ST SE,33.740259,-84.317984,marta
3843,105578,EVA DAVIS WAY SE @ MEMORIAL DR SE,33.746417,-84.314558,marta
3844,106002,MCAFEE RD @ MARION CIR,33.731925,-84.293762,marta
3845,106004,MCAFEE RD @ STANTON ST,33.73183,-84.292727,marta
3846,106006,MCAFEE RD @ HOOPER ST,33.731741,-84.291467,marta
3847,106008,MCAFEE RD @ NORMAL ST,33.731731,-84.290326,marta
3848,106012,MCAFEE RD @ WINDYHILL RD,33.73168,-84.28543,marta
3849,106014,MCAFEE RD @ CANDLER RD,33.731685,-84.28347,marta
3850,106016,MCAFEE RD @ WILLA DR,33.731623,-84.280553,marta
3851,106018,MCAFEE RD @ DON JUAN LN,33.731706,-84.279162,marta
3852,106020,MCAFEE RD @ WILLA WAY,33.731719,-84.277023,marta
3853,106022,MCAFEE RD @ DANIEL AVE,33.73226,-84.299204,marta
3854,106024,MCAFEE RD @ PARKER AVE,33.732281,-84.300411,marta
3855,106026,MCAFEE RD @ MCAFEE PL,33.73222,-84.30187,marta
3856,106028,MCAFEE RD @ STARMOUNT,33.732159,-84.303864,marta
3857,106030,MCAFEE RD @ DELPHINE DR,33.73213,-84.305758,marta
3858,106032,MCAFEE RD @ 2ND AVE,33.732283,-84.309289,marta
3859,106036,MCAFEE RD @ WILLA WAY,33.73193,-84.27696,marta
3860,106038,MCAFEE RD @ DON JUAN LN,33.73198,-84.27888,marta
3861,106040,MCAFEE RD @ WILLA DR,33.73201,-84.28008,marta
3862,106042,MCAFEE RD @ CANDLER RD,33.731882,-84.283142,marta
3863,106048,MCAFEE RD @ NORMAL ST,33.73209,-84.28991,marta
3864,106050,MCAFEE RD @ HOOPER ST,33.732145,-84.291051,marta
3865,106052,MCAFEE RD @ STANTON ST,33.73219,-84.29237,marta
3866,106054,MCAFEE RD @ MARION CIR,33.73202,-84.293836,marta
3867,106056,MCAFEE RD @ W LAKESIDE DR,33.73202,-84.296216,marta
3868,106058,MCAFEE RD @ QUILLIAN AVE,33.732244,-84.298234,marta
3869,106064,MCAFEE RD @ 2ND AVE,33.732083,-84.309224,marta
3870,106066,MCAFEE RD @ DELPHINE WAY,33.731895,-84.305046,marta
3871,106068,MCAFEE RD @ GARDEN CIR,33.731964,-84.303442,marta
3872,106070,MCAFEE RD @ MCAFEE PL,33.732022,-84.302226,marta
3873,106072,MCAFEE RD @ PARKER AVE,33.731905,-84.300515,marta
3874,106074,MCAFEE RD @ DANIEL AVE,33.73185,-84.29961,marta
3875,106076,MCAFEE RD @ QUILLIAN AVE,33.731858,-84.298169,marta
3876,106078,MCAFEE RD @ KEHELEY DR,33.731803,-84.296169,marta
3877,106082,CANDLER RD @ TUPELO ST SE,33.748785,-84.292383,marta
3878,106084,CANDLER RD @ MEMORIAL DR SE,33.747263,-84.292145,marta
3879,106086,CANDLER RD @ ALSTON DR SE,33.744775,-84.291048,marta
3880,106088,CANDLER RD @ WHITE OAK DR,33.743214,-84.290451,marta
3881,106090,CANDLER RD @ DAWES AVE,33.742168,-84.289925,marta
3882,106092,CANDLER RD @ SALMON AVE SE,33.740809,-84.289137,marta
3883,106094,CANDLER RD @ GLENWOOD RD,33.739045,-84.288318,marta
3884,106096,CANDLER RD @ HILLSIDE AVE,33.737281,-84.287323,marta
3885,106098,CANDLER RD @ NORTHVIEW AVE,33.734537,-84.285588,marta
3886,106100,CANDLER RD @ MELLVILLE AVE,33.73319,-84.284478,marta
3887,106102,CANDLER RD @ MCAFEE RD,33.731891,-84.283359,marta
3888,106104,CANDLER RD @ TILSON RD,33.729867,-84.281719,marta
3889,106106,CANDLER RD @ RALEIGH RUCKER WAY,33.727405,-84.279992,marta
3890,106108,CANDLER RD @ TILSON RD,33.729975,-84.28161,marta
3891,106110,CANDLER RD @ MCAFEE RD,33.732321,-84.283587,marta
3892,106112,CANDLER RD @ MELLVILLE AVE,33.733655,-84.284695,marta
3893,106114,CANDLER RD @ NORTHVIEW AVE,33.734444,-84.285278,marta
3894,106116,CANDLER RD @ HILLSIDE AVE,33.736988,-84.286934,marta
3895,106118,CANDLER RD @ GLENWOOD RD,33.739457,-84.2883,marta
3896,106120,CANDLER RD @ EASTWOOD DR,33.740746,-84.288995,marta
3897,106122,CANDLER RD @ AMELIA AVE,33.741758,-84.289473,marta
3898,106124,CANDLER RD @ WHITE OAK DR,33.742948,-84.290027,marta
3899,106126,CANDLER RD @ ALSTON DR,33.74464,-84.290885,marta
3900,106128,CANDLER RD @ 240,33.745876,-84.291403,marta
3901,106130,CANDLER RD @ TUPELO ST,33.748078,-84.292166,marta
3902,106132,CANDLER RD @ CHEVELLE LN NE,33.751533,-84.292219,marta
3903,106134,CANDLER RD @ CANDLER PKWY,33.72856,-84.280709,marta
3904,106136,CANDLER RD @ OAKLAND TER,33.727925,-84.280155,marta
3905,106148,HOSEA L WILLIAMS DR @ 1ST AVE,33.751098,-84.3112,marta
3906,106150,MEMORIAL DR SE @ 2ND AVE SE,33.747231,-84.30894,marta
3907,106154,MEMORIAL DR SE @ COTTAGE GROVE AVE SE,33.747201,-84.306779,marta
3908,106156,MEMORIAL DR SE @ CARTER AVE SE,33.747184,-84.305267,marta
3909,106158,MEMORIAL DR SE @ GREEN AVE SE,33.747149,-84.301461,marta
3910,106160,MEMORIAL DR SE @ DANIEL AVE SE,33.747131,-84.299276,marta
3911,106162,MEMORIAL DR SE @ DANIEL AVE SE,33.747104,-84.298385,marta
3912,106164,MEMORIAL DR SE @ SPENCE AVE SE,33.747076,-84.296265,marta
3913,106166,MEMORIAL DR SE @ OAKRIDGE AVE SE,33.747053,-84.294226,marta
3914,106168,MEMORIAL DR SE @ CANDLER RD SE,33.747,-84.291039,marta
3915,106170,MEMORIAL DR @ RICHARD ALLEN DR,33.74703,-84.289123,marta
3916,106172,MEMORIAL DR @ VENICE DR,33.747136,-84.28609,marta
3917,106174,MEMORIAL DR @ DELANO DR,33.74747,-84.283107,marta
3918,106176,MEMORIAL DR @ LINE ST,33.748163,-84.280274,marta
3919,106178,GLENWOOD AVE SE @ 2ND AVE SE,33.740008,-84.309756,marta
3920,106180,GLENWOOD AVE SE @ 2ND AVE SE,33.74007,-84.309637,marta
3921,106182,GLENWOOD AVE SE @ SUMMIT DR,33.739998,-84.306495,marta
3922,106184,GLENWOOD AVE SE @ SUMMIT DR,33.739906,-84.306665,marta
3923,106186,GLENWOOD AVE SE @ CARTER AVE SE,33.73989,-84.304919,marta
3924,106188,GLENWOOD AVE SE @ CARTER AVE SE,33.740093,-84.305435,marta
3925,106190,GLENWOOD AVE SE @ PARKER AVE,33.739791,-84.300463,marta
3926,106196,GLENWOOD AVE SE @ QUILLIAN AVE,33.73971,-84.29717,marta
3927,106198,GLENWOOD AVE SE @ QUILLIAN AVE,33.739845,-84.297623,marta
3928,106200,GLENWOOD AVE SE @ ALLENDALE DR SE,33.739289,-84.294985,marta
3929,106202,GLENWOOD AVE SE @ ALLENDALE DR SE,33.739426,-84.295128,marta
3930,106204,GLENWOOD AVE SE @ ASHBURTON AVE,33.739011,-84.293877,marta
3931,106206,GLENWOOD AVE SE @ ASHBURTON AVE,33.73906,-84.29332,marta
3932,106208,GLENWOOD AVE SE @ HOOPER ST SE,33.738929,-84.291083,marta
3933,106210,GLENWOOD AVE SE @ HOOPER ST SE,33.738853,-84.291556,marta
3934,106212,GLENWOOD RD @ MORGAN PL SE,33.738875,-84.289475,marta
3935,106216,GLENWOOD RD @ MORGAN PL SE,33.738729,-84.288792,marta
3936,106218,GLENWOOD RD @ CANDLER RD,33.738666,-84.287145,marta
3937,106222,GLENWOOD RD @ OLD HICKORY ST,33.738573,-84.283673,marta
3938,106226,GLENWOOD RD @ LINE ST,33.738463,-84.280025,marta
3939,106228,GLENWOOD RD @ THOMAS ST,33.738525,-84.277359,marta
3940,106230,GLENWOOD RD @ LINE ST,33.738622,-84.280731,marta
3941,106234,GLENWOOD RD @ OLD HICKORY ST,33.738699,-84.283234,marta
3942,106238,GLENWOOD RD @ CANDLER RD,33.738859,-84.287846,marta
3943,106240,E LAKE DR @ W PHARR RD,33.754845,-84.301489,marta
3944,106242,E LAKE DR NE @ KNOX ST NE,33.752685,-84.301487,marta
3945,106244,E LAKE DR SE @ HOSEA L WILLIAMS DR,33.751365,-84.301481,marta
3946,106246,HOSEA L WILLIAMS DR @ DANIEL AVE SE,33.751302,-84.298579,marta
3947,106248,HOSEA L WILLIAMS DR @ SPENCE AVE SE,33.751382,-84.296155,marta
3948,106252,HOSEA L WILLIAMS DR @ CANDLER RD,33.751533,-84.292339,marta
3949,106268,FAIRLEE DR @ MELANIE CT,33.747026,-84.277763,marta
3950,106270,LINE ST @ LINE CIR,33.745533,-84.280052,marta
3951,106272,WHITE OAK DR @ LINE ST,33.742936,-84.279625,marta
3952,106274,WHITE OAK DR @ THOMAS ST,33.743061,-84.277115,marta
3953,106278,HOSEA L WILLIAMS DR @ SPENCE AVE,33.751534,-84.296013,marta
3954,106280,HOSEA L WILLIAMS DR @ DANIEL AVE,33.751454,-84.298427,marta
3955,106282,HOSEA L WILLIAMS DR @  E LAKE DR,33.751377,-84.301259,marta
3956,106284,E LAKE DR @ KNOX ST,33.752258,-84.301216,marta
3957,106286,E LAKE DR @ W PHARR RD,33.754598,-84.301384,marta
3958,106292,2ND AVE @ NORTHERN ST,33.752022,-84.309883,marta
3959,106294,2ND AVE @ HOSEA L WILLIAMS DR,33.750785,-84.309798,marta
3960,106296,2ND AVE SE @ COTTAGE GROVE AVE,33.749478,-84.309809,marta
3961,106298,2ND AVE SE @ MEMORIAL DR SE,33.747347,-84.309787,marta
3962,106308,2ND AVE @ SWAZEY DR,33.738987,-84.309853,marta
3963,106310,2ND AVE @ 1900,33.736534,-84.309692,marta
3964,106312,2ND AVE @ KHALIL DR,33.734315,-84.309812,marta
3965,106316,2ND AVE @ LILAC LN,33.731531,-84.309649,marta
3966,106324,TILSON RD @ CANDLER RD,33.72951,-84.281828,marta
3967,106326,TILSON RD @ CANDLER RD,33.729492,-84.281513,marta
3968,106330,TILSON RD @ WINDYHILL RD,33.729144,-84.285817,marta
3969,106334,TILSON RD @ 2580,33.727624,-84.290393,marta
3970,106342,2ND AVE @ CAMELLIA DR,33.728633,-84.308827,marta
3971,106346,2ND AVE @ MCAFEE RD,33.731987,-84.309595,marta
3972,106350,2ND AVE @ COGAR DR,33.734383,-84.309448,marta
3973,106352,2ND AVE @ 1900,33.736485,-84.309433,marta
3974,106354,2ND AVE @ SWAZEY DR,33.738924,-84.30968,marta
3975,106362,2ND AVE SE @ ALSTON DR SE,33.745029,-84.309525,marta
3976,106366,2ND AVE SE @ 90,33.749272,-84.309689,marta
3977,106370,2ND AVE @ NORTHERN ST,33.752098,-84.309547,marta
3978,106380,HOSEA L WILLIAMS DR NE @ 1ST AVE SE,33.751009,-84.311298,marta
3979,106390,CANDLER ST @ CANDLER DR,33.755059,-84.291718,marta
3980,106392,S CANDLER ST @ OVERLOOK BLUFF,33.756223,-84.291402,marta
3981,106394,CANDLER ST @ E PHARR RD,33.753878,-84.291914,marta
3982,106396,S CANDLER ST @ CANDLER DR,33.754496,-84.291707,marta
3983,106398,S CANDLER ST @ E PHARR RD,33.753296,-84.291936,marta
3984,106400,CANDLER RD @ HOSEA L WILLIAMS DR,33.751678,-84.292442,marta
3985,106402,2ND AVE @ GORDON ST,33.753857,-84.309601,marta
3986,106404,2ND AVE @ 351,33.7551,-84.31045,marta
3987,106406,2ND AVE @ OAKVIEW RD,33.754222,-84.309985,marta
3988,106412,MEMORIAL DR @ CARTER AVE,33.747239,-84.30507,marta
3989,106414,MEMORIAL DR @ LAKE DR SE,33.747158,-84.302678,marta
3990,106416,MEMORIAL DR @ LAKE DR SE,33.747221,-84.302624,marta
3991,106420,MEMORIAL DR SE @ DANIEL AVE,33.74736,-84.2995,marta
3992,106422,MEMORIAL DR SE @ DANIEL AVE,33.747213,-84.298185,marta
3993,106424,MEMORIAL DR SE @ SPENCE AVE,33.747191,-84.296033,marta
3994,106426,MEMORIAL DR SE @ OAKRIDGE AVE SE,33.747168,-84.294047,marta
3995,106428,MEMORIAL DR SE @ 1ST AVE,33.747339,-84.311157,marta
3996,106430,MEMORIAL DR SE @ 1ST AVE,33.747278,-84.311029,marta
3997,106433,MEMORIAL DR SE @ CANDLER RD SE,33.747189,-84.29135,marta
3998,106434,MEMORIAL DR SE @ ELLINGTON ST,33.747246,-84.289169,marta
3999,106438,MEMORIAL DR SE @ DELANO DR,33.747502,-84.283644,marta
4000,106440,MEMORIAL DR SE @ WOODFERN DR,33.7482,-84.280771,marta
4001,106444,GLENWOOD AVE SE @ PARKER AVE,33.739902,-84.300262,marta
4002,106446,MCAFEE RD @ WINDYHILL RD,33.732083,-84.285337,marta
4003,106452,FAIRLEE DR @ CONWAY RD,33.747036,-84.279156,marta
4004,106464,2ND AVE @ CAMELLIA DR,33.728789,-84.309067,marta
4005,106466,TILSON RD @ WINDYHILL RD,33.729037,-84.285643,marta
4006,106468,TILSON RD @ 2580,33.727722,-84.290186,marta
4007,106478,GLENWOOD AVE @ FAYETTEVILLE RD,33.74002,-84.31207,marta
4008,107012,SHAMROCK DR @ SANDUSKY DR,33.730348,-84.257353,marta
4009,107014,MCAFEE RD @ DELLWOOD PL,33.731697,-84.275058,marta
4010,107016,MCAFEE RD @ HOLLY HILL DR,33.73156,-84.273773,marta
4011,107018,MCAFEE RD @ SEAVEY DR,33.731502,-84.272592,marta
4012,107022,GLENDALE DR @ 2106,33.72848,-84.26318,marta
4013,107026,MCAFEE RD @ LAUREL LN,33.731487,-84.260742,marta
4014,107028,MCAFEE RD @ BANDERA DR,33.73138,-84.25925,marta
4015,107044,MCAFEE RD @ LONG DR,33.73175,-84.272079,marta
4016,107046,MCAFEE RD @ DELLWOOD PL,33.73193,-84.27469,marta
4017,107048,MCAFEE RD @ HOLLY HILL DR,33.731781,-84.273499,marta
4018,107050,MEMORIAL DR @ CARTER RD,33.749791,-84.27596,marta
4019,107052,MEMORIAL DR @ RUPERT RD,33.750515,-84.274761,marta
4020,107054,PEACHCREST RD @ GLENN RD,33.755237,-84.250775,marta
4021,107056,PEACHCREST RD @ GLENN RD,33.755192,-84.250631,marta
4022,107058,PEACHCREST RD @ ORCHARD CIR,33.753357,-84.24994,marta
4023,107060,PEACHCREST RD @ MARYVALE DR,33.752136,-84.249557,marta
4024,107062,PEACHCREST RD @ MARYVALE DR,33.751777,-84.249664,marta
4025,107064,PEACHCREST RD @ MAPLEHURST DR,33.750789,-84.249617,marta
4026,107066,PEACHCREST RD @ MAPLEHURST DR,33.750689,-84.24953,marta
4027,107068,PEACHCREST RD @ JACKSON DR,33.749608,-84.250114,marta
4028,107070,PEACHCREST RD @ JACKSON DR,33.74942,-84.250085,marta
4029,107072,PEACHCREST RD @ PINEHILL DR,33.748479,-84.250945,marta
4030,107074,PEACHCREST RD @ PINEHILL DR,33.748207,-84.2509,marta
4031,107076,PEACHCREST RD @ LONGLEAF DR,33.747323,-84.251742,marta
4032,107078,PEACHCREST RD @ WILD FLOWER CV,33.746154,-84.252348,marta
4033,107080,PEACHCREST RD @ WILD FLOWER CV,33.74573,-84.25242,marta
4034,107082,PEACHCREST RD @ COLUMBIA TRCE,33.744122,-84.253112,marta
4035,107084,PEACHCREST RD @ PHILLIP CIR,33.743005,-84.253142,marta
4036,107086,PEACHCREST RD @ MISTY VALLEY RD,33.741882,-84.253098,marta
4037,107088,PEACHCREST RD @ PHILLIP CIR,33.7431,-84.253242,marta
4038,107090,COLUMBIA DR @ PEACHCREST RD,33.740644,-84.253165,marta
4039,107091,COLUMBIA DR @ PEACHCREST RD,33.741248,-84.253681,marta
4040,107092,COLUMBIA DR @ 1757,33.73935,-84.252784,marta
4041,107094,COLUMBIA DR @ GLENWOOD RD,33.738763,-84.25229,marta
4042,107096,COLUMBIA DR @ GLENWOOD RD,33.737759,-84.251905,marta
4043,107098,COLUMBIA DR @ GLENWOOD RD,33.736918,-84.25211,marta
4044,107100,COLUMBIA DR @ SPRING LAKE DR,33.73506,-84.252141,marta
4045,107101,COLUMBIA DR @ ELGIN DR,33.736199,-84.25184,marta
4046,107102,COLUMBIA DR @ SPRING LAKE DR,33.734586,-84.251981,marta
4047,107104,COLUMBIA DR @ SNAPFINGER RD,33.73299,-84.25197,marta
4048,107106,COLUMBIA DR @ WICKHAM DR,33.731838,-84.251984,marta
4049,107108,COLUMBIA DR @ HOMERA PL,33.730907,-84.252064,marta
4050,107110,COLUMBIA DR @ HYLAND DR,33.729897,-84.252029,marta
4051,107112,COLUMBIA DR @ IRISH LN,33.728802,-84.251961,marta
4052,107114,COLUMBIA DR @ IRISH LN,33.727697,-84.25185,marta
4053,107116,COLUMBIA DR @ IRISH LN,33.727123,-84.251495,marta
4054,107118,GLENWOOD RD @ THOMAS ST,33.738363,-84.276521,marta
4055,107120,GLENWOOD RD @ WELIKA DR,33.738301,-84.274367,marta
4056,107122,GLENWOOD RD @ MEADOW LN,33.738214,-84.270291,marta
4057,107124,GLENWOOD RD @ HILLSDALE DR,33.738131,-84.267423,marta
4058,107128,GLENWOOD RD @ GLENDALE DR,33.738052,-84.263634,marta
4059,107132,GLENWOOD RD @ SHAMROCK DR,33.73795,-84.25864,marta
4060,107134,GLENWOOD RD @ GLENVALE PL,33.738001,-84.256759,marta
4061,107136,GLENWOOD RD @ COLUMBIA PL,33.737974,-84.255444,marta
4062,107138,GLENWOOD RD @ S COLUMBIA PL,33.737955,-84.254542,marta
4063,107140,GLENWOOD RD @ COLUMBIA DR,33.737861,-84.252192,marta
4064,107142,GLENWOOD RD @ 4115,33.737876,-84.24996,marta
4065,107146,GLENWOOD RD @ GLENMAR DR,33.73768,-84.244053,marta
4066,107150,GLENWOOD RD @ MISTY VALLEY RD,33.737878,-84.246042,marta
4067,107155,GLENWOOD RD @ 4100,33.737956,-84.24928,marta
4068,107156,GLENWOOD RD @ COLUMBIA DR,33.737962,-84.251748,marta
4069,107158,GLENWOOD RD @ S COLUMBIA PL,33.738057,-84.254407,marta
4070,107160,GLENWOOD RD @ GLENVALE PL,33.738103,-84.256977,marta
4071,107162,GLENWOOD RD @ DERRILL DR,33.738125,-84.258912,marta
4072,107164,GLENWOOD RD @ PARKHILL DR,33.738151,-84.261297,marta
4073,107166,GLENWOOD RD @ GLENDALE DR,33.738148,-84.263324,marta
4074,107170,GLENWOOD RD @ SANTA CRUZ DR,33.738262,-84.267272,marta
4075,107172,GLENWOOD RD @ MEADOW LN,33.738338,-84.270233,marta
4076,107174,GLENWOOD RD @ WELIKA DR,33.73842,-84.273706,marta
4077,107212,FAIRLEE DR @ CARTER RD,33.746998,-84.276187,marta
4078,107227,BELVEDERE LN @ RUPERT RD,33.750293,-84.27346,marta
4079,107228,SAN GABRIEL AVE @ SAN JUAN DR,33.745294,-84.268514,marta
4080,107230,S COLUMBIA DR @ MIDWAY RD,33.75562,-84.269204,marta
4081,107232,COLUMBIA DR @ MEMORIAL DR,33.754977,-84.26813,marta
4082,107234,COLUMBIA DR @ MEMORIAL DR,33.754789,-84.267407,marta
4083,107236,COLUMBIA DR @ COLUMBIA VILLAGE CTR,33.753674,-84.266411,marta
4084,107238,COLUMBIA DR @ HAMILTON RD,33.752127,-84.265359,marta
4085,107240,COLUMBIA DR @ ROBIN RD,33.749845,-84.263746,marta
4086,107246,COLUMBIA DR @ CANARY CT,33.748256,-84.262407,marta
4087,107248,COLUMBIA DR @ BOBOLINK DR,33.747269,-84.261893,marta
4088,107250,COLUMBIA DR @ SANTA MONICA DR,33.744949,-84.260264,marta
4089,107254,COLUMBIA DR @ COLUMBIA CIR,33.743502,-84.258019,marta
4090,107256,COLUMBIA DR @ MCKENZIE DR,33.743074,-84.257303,marta
4091,107258,COLUMBIA DR @ COLUMBIA PL,33.742298,-84.255498,marta
4092,107260,COLUMBIA DR @ PEACHCREST RD,33.741489,-84.253653,marta
4093,107262,SNAPFINGER RD @ COLUMBIA DR,33.733182,-84.251112,marta
4094,107264,SNAPFINGER RD @ HYLAND DR,33.733011,-84.249177,marta
4095,107266,SNAPFINGER RD @ LA MESA LN,33.732462,-84.246191,marta
4096,107267,SNAPFINGER RD @ GLENMAR DR,33.732027,-84.243938,marta
4097,107270,COLUMBIA DR @ COLUMBIA VILLAGE CTR,33.753697,-84.266636,marta
4098,107272,COLUMBIA DR @ HAMILTON RD,33.751943,-84.265489,marta
4099,107274,COLUMBIA DR @ BELVEDERE LN,33.75018,-84.264256,marta
4100,107276,COLUMBIA DR @ CANARY CT,33.748455,-84.262793,marta
4101,107278,COLUMBIA DR @ SANTA MONICA DR,33.744815,-84.260384,marta
4102,107280,COLUMBIA DR @ DERRILL DR,33.7437,-84.258639,marta
4103,107281,COLUMBIA DR @ S COLUMBIA PL,33.741963,-84.254988,marta
4104,107284,SNAPFINGER RD @ COLUMBIA DR,33.733126,-84.251512,marta
4105,107286,SNAPFINGER RD @ HYLAND DR,33.732946,-84.24923,marta
4106,107288,SNAPFINGER RD @ WILLAMETTE WAY,33.732319,-84.245946,marta
4107,107290,SNAPFINGER RD @ GLENMAR DR,33.731987,-84.244266,marta
4108,107294,MEMORIAL DR @ COLUMBIA DR,33.755371,-84.267212,marta
4109,107296,MEMORIAL DR @ 3480,33.753217,-84.270606,marta
4110,107302,CAPISTRANA PL @ WHITE OAK DR,33.742466,-84.269147,marta
4111,107304,MEMORIAL DR @ CARTER RD,33.750158,-84.275756,marta
4112,107306,MEMORIAL DR @ RUPERT RD,33.750649,-84.274663,marta
4113,107308,MEMORIAL DR @ BELVEDERE PLAZA,33.752665,-84.271056,marta
4114,107314,PEACHCREST RD @ LONGLEAF DR,33.7472,-84.251617,marta
4115,107318,COLUMBIA DR @ MCKENZIE DR,33.742982,-84.257523,marta
4116,107320,COLUMBIA DR @ SNAPFINGER RD,33.733417,-84.252207,marta
4117,107322,COLUMBIA DR @ HYLAND DR,33.730118,-84.252287,marta
4118,107324,MCAFEE RD @ SHAMROCK DR,33.731485,-84.257417,marta
4119,107326,MCAFEE RD @ ROSEWOOD RD,33.731399,-84.262407,marta
4120,107328,GLENWOOD RD @ FARRIS DR,33.738042,-84.261669,marta
4121,107332,COLUMBIA DR @ BOBOLINK DR,33.747362,-84.26234,marta
4122,107334,PEACHCREST RD @ ORCHARD CIR,33.75393,-84.250222,marta
4123,107336,PEACHCREST RD @ MISTY VALLEY RD,33.741948,-84.253268,marta
4124,107338,COLUMBIA DR @ MCAFEE RD,33.731643,-84.252239,marta
4125,107346,MEMORIAL DR @ COLUMBIA DR,33.754236,-84.268627,marta
4126,107348,SNAPFINGER RD @ DR CRAWFORD LEWIS DR,33.732732,-84.24776,marta
4127,107350,SNAPFINGER RD @ DR CRAWFORD LEWIS DR,33.732745,-84.247276,marta
4128,108002,GLENWOOD RD @ HOLLYHOCK TER,33.737598,-84.241977,marta
4129,108004,GLENWOOD RD @ 4371,33.73744,-84.23894,marta
4130,108006,GLENWOOD RD @ HIGH COURT PL,33.73737,-84.236163,marta
4131,108008,GLENWOOD RD @ AUSTIN DR,33.737227,-84.233662,marta
4132,108010,GLENWOOD RD @ GLEN ACRES CT,33.737149,-84.229359,marta
4133,108012,GLENWOOD RD @ GLENFAIR RD,33.737064,-84.229357,marta
4134,108014,GLENWOOD RD @ ARTHURS CT,33.737003,-84.227384,marta
4135,108016,GLENWOOD RD @ MEADOWGLADES DR,33.737112,-84.227946,marta
4136,108018,GLENWOOD RD @ ATHERTON DR,33.736929,-84.224237,marta
4137,108020,GLENWOOD RD @ ATHERTON DR,33.73703,-84.223929,marta
4138,108022,GLENWOOD RD @ LINDSEY DR,33.736821,-84.222632,marta
4139,108024,GLENWOOD RD @ LEE ST,33.736947,-84.222925,marta
4140,108032,GLENWOOD RD @ SELWYN DR,33.73678,-84.218504,marta
4141,108046,GLENWOOD RD @ AUSTIN DR,33.737406,-84.233943,marta
4142,108047,GLENWOOD RD @ IRIS LN,33.737477,-84.236663,marta
4143,108050,GLENWOOD RD @ HOLLYHOCK TER,33.73773,-84.24174,marta
4144,108052,COVINGTON HWY @ REDWING CIR,33.755928,-84.237669,marta
4145,108064,REDWING CIR @ AUSTIN DR,33.750768,-84.233897,marta
4146,108070,REDWING CIR @ COVINGTON HWY,33.75071,-84.229582,marta
4147,108072,REDWING CIR @ COVINGTON HWY,33.750637,-84.228841,marta
4148,108074,COVINGTON HWY @ 4319,33.74978,-84.227152,marta
4149,108076,COVINGTON HWY @ 4360,33.749529,-84.226259,marta
4150,108078,COVINGTON HWY @ S INDIAN CREEK DR,33.747195,-84.222433,marta
4151,108080,COVINGTON HWY @ S INDIAN CREEK DR,33.747528,-84.222713,marta
4152,108082,COVINGTON HWY @ 4523,33.745994,-84.220369,marta
4153,108084,COVINGTON HWY @ 4537,33.745851,-84.220033,marta
4154,108086,COVINGTON HWY @ BELVEDERE SQ,33.744507,-84.219045,marta
4155,108088,COVINGTON HWY @ MERCER RD,33.744041,-84.218763,marta
4156,108090,COVINGTON HWY @ WELBRON DR,33.741517,-84.218256,marta
4157,108092,COVINGTON HWY @ WELBRON DR,33.74098,-84.218246,marta
4158,108094,COVINGTON HWY @ GLENWOOD RD,33.737076,-84.217106,marta
4159,108096,COVINGTON HWY @ GLENWOOD RD,33.736703,-84.216555,marta
4160,108098,COVINGTON HWY @ HANES DR,33.735203,-84.21508,marta
4161,108100,COVINGTON HWY @ WESLEY CHAPEL RD,33.73495,-84.214382,marta
4162,108112,SNAPFINGER RD @ CHESTNUT HILL CIR,33.73146,-84.241496,marta
4163,108114,SNAPFINGER RD @ GLEN MORA DR,33.729611,-84.238671,marta
4164,108116,SNAPFINGER RD @ CHERRYBROOK DR,33.728578,-84.237278,marta
4165,108118,SNAPFINGER RD @ CHESTNUT HILL CIR (W),33.731415,-84.241641,marta
4166,108120,SNAPFINGER RD @ CHESTNUT HILL CIR (E),33.729323,-84.238426,marta
4167,108122,SNAPFINGER RD @ ROLLINGVIEW DR,33.728575,-84.237443,marta
4168,108124,WESLEY CHAPEL RD @ WESJAY LN,33.727243,-84.213939,marta
4169,108126,WESLEY CHAPEL RD @ JOHN WESLEY DR,33.729458,-84.213889,marta
4170,108128,WESLEY CHAPEL RD @ GREGORY RD,33.731383,-84.213806,marta
4171,108130,WESLEY CHAPEL RD @ COVINGTON HWY,33.733876,-84.213949,marta
4172,108132,WESLEY CHAPEL RD @ LINDSEY DR,33.731823,-84.214045,marta
4173,108134,WESLEY CHAPEL RD @ MAPLEWOOD DR,33.729454,-84.214088,marta
4174,108136,WESLEY CHAPEL RD @ NEWGATE DR,33.727085,-84.214216,marta
4175,108146,COVINGTON HWY @ 4407,33.748204,-84.224241,marta
4176,108148,COVINGTON HWY @ 4414,33.748164,-84.224008,marta
4177,108150,COVINGTON HWY @ MARGARETTE DR,33.751247,-84.229396,marta
4178,108157,COVINGTON HWY @ MARGARETTE DR,33.751041,-84.229277,marta
4179,108161,COVINGTON HWY @ 4770,33.738222,-84.217521,marta
4180,108164,WESLEY CHAPEL RD @ BRENDA DR,33.732973,-84.213801,marta
4181,108166,COVINGTON HWY @ LAMAR ST,33.739878,-84.217954,marta
4182,108168,GLENWOOD RD @ 4371,33.73759,-84.23885,marta
4183,108170,GLENWOOD RD @ LEDO AVE,33.73691,-84.221708,marta
4184,109004,COVINGTON HWY @ LENOX AVE,33.732311,-84.19868,marta
4185,109005,S HAIRSTON RD @ MANLY CT,33.74499,-84.195836,marta
4186,109007,S HAIRSTON RD @ MANLY CT,33.745204,-84.196243,marta
4187,109012,COVINGTON HWY @ S HAIRSTON RD,33.730533,-84.193259,marta
4188,109015,COVINGTON HWY @ HIDDEN CREEK DR,33.727659,-84.188017,marta
4189,109016,COVINGTON HWY @ HIDDEN CHASE,33.728152,-84.188712,marta
4190,109018,COVINGTON HWY @ YOUNG RD,33.727542,-84.186958,marta
4191,109020,S HAIRSTON RD @ TREEHILLS PKWY,33.752618,-84.196884,marta
4192,109022,S HAIRSTON RD @ COVINGTON HWY,33.731637,-84.194122,marta
4193,109028,S HAIRSTON RD @ BISHOP MING BLVD,33.73758,-84.194371,marta
4194,109030,S HAIRSTON RD @ WOODWAY DR,33.737607,-84.19411,marta
4195,109032,S HAIRSTON RD @ MERCER RD,33.753111,-84.197321,marta
4196,109034,S HAIRSTON RD @ 1365,33.754574,-84.197426,marta
4197,109036,S HAIRSTON RD @ COVINGTON HWY,33.731333,-84.19449,marta
4198,109038,S HAIRSTON RD @ BIG VALLEY RD,33.740817,-84.195865,marta
4199,109040,S HAIRSTON RD @ BIG VALLEY RD,33.74068,-84.195397,marta
4200,109042,S HAIRSTON RD @ BIRCH RIDGE TRL,33.747812,-84.196857,marta
4201,109044,S HAIRSTON RD @ BIRCH RIDGE TRL,33.748039,-84.197165,marta
4202,109046,COVINGTON HWY @ S HAIRSTON RD,33.73079,-84.193346,marta
4203,109048,COVINGTON HWY @ 5181,33.732685,-84.203704,marta
4204,110002,S STONE MOUNTAIN LITHONIA RD @ SHADOW ROCK DR,33.746348,-84.139119,marta
4205,110004,S STONE MOUNTAIN LITHONIA RD @ WELLBORN RD,33.746738,-84.140968,marta
4206,110006,REDAN RD @ DUREN FARMS DR,33.747307,-84.14546,marta
4207,110008,REDAN RD @ YOUNG RD,33.748957,-84.149128,marta
4208,110010,REDAN RD @ BENTLEY WOODS LN,33.750845,-84.152681,marta
4209,110012,REDAN RD @ BENTLEY WOODS TRL,33.751817,-84.154796,marta
4210,110014,REDAN RD @ SORENSON DR,33.754837,-84.161909,marta
4211,110016,REDAN RD @ REDAN CIR,33.754845,-84.162266,marta
4212,110018,REDAN RD @ BENTLEY WOODS TRL,33.75161,-84.154608,marta
4213,110020,REDAN RD @ BENTLEY WOODS LANE,33.750773,-84.152907,marta
4214,110022,REDAN RD @ YOUNG RD,33.74862,-84.14877,marta
4215,110024,REDAN RD @ DURAN FARMS DR,33.747461,-84.146307,marta
4216,110026,S STONE MOUNTAIN LITHONIA RD @ WELLBORN RD,33.746575,-84.14089,marta
4217,110028,S STONE MOUNTAIN LITHONIA RD @ SHADOW ROC,33.746078,-84.138988,marta
4218,110030,REDAN RD @ PANOLA RD,33.755952,-84.165728,marta
4219,110032,REDAN RD @ PANOLA RD,33.755779,-84.164639,marta
4220,110034,REDAN RD @ REDAN CIR,33.75214,-84.155817,marta
4221,110036,REDAN RD @ REDAN CIR,33.752553,-84.156464,marta
4222,111002,S STONE MOUNTAIN LITHONIA RD @ LITHONIA INDUSTRIAL BLVD,33.735554,-84.115818,marta
4223,111004,S STONE MOUNTAIN LITHONIA RD @ 2222,33.742556,-84.124851,marta
4224,111008,S STONE MOUNTAIN LITHONIA RD @ S DESHON RD,33.744976,-84.133391,marta
4225,111010,S STONE MOUNTAIN LITHONIA RD @ RICE RD,33.745082,-84.136745,marta
4226,111012,S STONE MOUNTAIN LITHONIA RD @ RICE RD,33.744992,-84.137084,marta
4227,111015,S STONE MOUNTAIN LITHONIA RD @ 2222,33.742444,-84.124922,marta
4228,111017,S STONE MOUNTAIN LITHONIA RD @ 2277,33.74107,-84.12258,marta
4229,111020,S STONE MOUNTAIN LITHONIA RD @ 2399,33.738955,-84.119784,marta
4230,111022,S STONE MOUNTAIN LITHONIA RD @ 2399,33.739175,-84.119835,marta
4231,111030,S STONE MOUNTAIN LITHONIA RD @ LITHONIA INDUSTRIAL BLVD,33.73431,-84.114913,marta
4232,111032,S STONE MOUNTAIN LITHONIA RD @ S DESHON RD,33.744817,-84.132152,marta
4233,111034,S STONE MOUNTAIN LITHONIA RD @ REDAN EAST,33.743443,-84.127418,marta
4234,111036,S STONE MOUNTAIN LITHONIA RD @ REDAN EAST,33.743986,-84.128388,marta
4235,111038,S STONE MOUNTAIN LITHONIA RD @ 2270,33.741267,-84.122427,marta
4236,112174,OAK ST SW @ JOSEPH E LOWERY BLVD,33.740633,-84.417915,marta
4237,113004,OGLETHORPE AVE SW @ GORDON PL SW,33.735853,-84.419238,marta
4238,113005,OGLETHORPE AVE SW @ PEEPLES ST SW,33.735852,-84.420325,marta
4239,113006,OGLETHORPE AVE SW @ LAWTON ST SW,33.735836,-84.423225,marta
4240,113008,LAWTON ST SW @ MATHEWS ST SW,33.734668,-84.4234,marta
4241,113012,LAWTON ST SW @ DONNELLY AVE SW,33.73208,-84.424516,marta
4242,113014,DONNELLY AVE SW @ OAKLAND DR SW,33.733018,-84.42681,marta
4243,113016,DONNELLY AVE SW @ BERNICE ST SW,33.736468,-84.432456,marta
4244,113020,DONNELLY AVE SW @ ALLEGHENY ST SW,33.73502,-84.430084,marta
4245,113032,DONNELLY AVE @ BERNICE ST,33.736531,-84.432789,marta
4246,113036,DONNELLY AVE SW @ ALLEGHENY ST SW,33.734823,-84.429954,marta
4247,113040,DONNELLY AVE SW @ BEECHER ST SW,33.733259,-84.427354,marta
4248,113044,LAWTON ST SW @ DONNELLY AVE SW,33.732205,-84.424288,marta
4249,113048,LAWTON ST SW @ MATHEWS ST SW,33.734623,-84.423302,marta
4250,113050,LAWTON ST SW @ OGLETHORPE AVE SW,33.735733,-84.423314,marta
4251,113052,OGLETHORPE AVE SW @ PEEPLES ST SW,33.735771,-84.420543,marta
4252,113053,OGLETHORPE AVE SW @ AZALIA ST SW,33.735746,-84.419201,marta
4253,113054,OGLETHORPE AVE SW @ JOSEPH E LOWERY BLVD,33.735791,-84.417804,marta
4254,113064,RALPH D ABERNATHY BLVD SW @ JOSEPH E LOWERY BLVD SW,33.738051,-84.418448,marta
4255,113068,RALPH DAVID ABERNATH BLVD @ PEEPLES S,33.738061,-84.420235,marta
4256,113072,RALPH D ABERNATHY BLVD SW @ LAWTON ST SW,33.73845,-84.42327,marta
4257,113076,RALPH D ABERNATHY BLVD SW @ HOLDERNESS ST,33.738594,-84.426826,marta
4258,113078,OGLETHORPE AVE SW @ LAWTON ST SW,33.735711,-84.422216,marta
4259,113080,RALPH DAVID ABERNATH BLVD @ ATWOOD S,33.738905,-84.429698,marta
4260,113084,RALPH D ABERNATHY BLVD SW @ LANGHORN ST SW,33.739052,-84.431803,marta
4261,113086,OGLETHORPE AVE @ JOSEPH E LOWERY BLVD,33.735917,-84.417404,marta
4262,113092,JOSEPH E LOWERY BLVD SW @ RALPH D ABERNATHY BLVD SW,33.738364,-84.417643,marta
4263,113094,JOSEPH E LOWERY BLVD @ 577,33.73929,-84.417629,marta
4264,113096,JOSEPH E LOWERY BLVD @ OAK ST SW,33.74017,-84.417656,marta
4265,113098,JOSEPH E LOWERY BLVD @ 577,33.739363,-84.417743,marta
4266,113102,RALPH D ABERNATHY BLVD SW @ HOPKINS ST SW,33.738886,-84.4311,marta
4267,113104,RALPH D ABERNATHY BLVD SW @ ATWOOD ST SW,33.738744,-84.429155,marta
4268,113108,RALPH D ABERNATHY BLVD @ QUEEN ST SW,33.738439,-84.425574,marta
4269,113112,RALPH DAVID ABERNATH BLVD @ LAWTON S,33.738248,-84.423013,marta
4270,113116,RALPH D ABERNATHY BLVD SW @ PEEPLES ST,33.738,-84.420632,marta
4271,113120,RALPH DAVID ABERNATH BLVD SW @ JOSEPH E LOWERY BLVD,33.737913,-84.418205,marta
4272,113122,RALPH D ABERNATHY BLVD SW @ EVANS ST,33.738149,-84.415804,marta
4273,113136,LAWTON ST SW @ RICHLAND RD SW,33.730568,-84.423405,marta
4274,113138,LAWTON ST SW @ MONTREAT AVE SW,33.729646,-84.423383,marta
4275,113140,LAWTON ST SW @ MERRILL AVE SW,33.728679,-84.423381,marta
4276,113142,MERRILL AVE SW @ HALL ST SW,33.728714,-84.425438,marta
4277,113144,MERRILL AVE SW @ OAKLAND DR SW,33.728752,-84.427017,marta
4278,113148,OAKLAND DR SW @ MERRILL AVE SW,33.728551,-84.427152,marta
4279,113150,MERRILL AVE SW @ HALL ST SW,33.728641,-84.425631,marta
4280,113152,MERRILL AVE SW @ LAWTON ST SW,33.728608,-84.423381,marta
4281,113154,LAWTON ST SW @ MONTREAT AVE SW,33.729511,-84.423279,marta
4282,113156,LAWTON ST SW @ RICHLAND RD SW,33.730488,-84.423294,marta
4283,113166,RALPH D ABERNATHY BLVD SW @ DUNN ST SW,33.738295,-84.415836,marta
4284,113174,OGLETHORPE AVE SW @ LAWTON ST SW,33.735841,-84.422032,marta
4285,114014,RALPH D ABERNATHY BLVD @ MURPHY AVE,33.738295,-84.411809,marta
4286,114016,RALPH D ABERNATHY BLVD @ MURPHY AVE,33.738204,-84.411731,marta
4287,114050,LEE ST SW @ OAK ST SW,33.741001,-84.414182,marta
4288,114054,LEE ST SW @ RALPH DAVID ABERNATH BLVD,33.739411,-84.414143,marta
4289,114056,LEE ST @ RALPH DAVID ABERNATH BLVD,33.738441,-84.414165,marta
4290,114068,METROPOLITAN PKWY SW @ BROOKLINE ST SW,33.727154,-84.408112,marta
4291,114072,METROPOLITAN PKWY SW @ MARY ST,33.728767,-84.40807,marta
4292,114076,METROPOLITAN PKWY SW @ ROCKWELL ST SW,33.7313,-84.408166,marta
4293,114078,METROPOLITAN PKWY SW @ CHRISTMAN ST SW,33.736042,-84.408287,marta
4294,114079,METROPOLITAN PKWY SW @ SHELTON AVE SW,33.734742,-84.408351,marta
4295,114082,RALPH D ABERNATHY BLVD @ W WHITEHALL ST,33.738185,-84.413155,marta
4296,114088,METROPOLITAN PKWY SW @ BROOKLINE ST SW,33.727286,-84.407664,marta
4297,114089,METROPOLITAN PKWY SW @ ARTHUR ST SW,33.727967,-84.407812,marta
4298,114092,METROPOLITAN PKWY SW @ MARY ST SW,33.729164,-84.407906,marta
4299,114096,METROPOLITAN PKWY SW @ LILLIAN AVE,33.7309,-84.408033,marta
4300,114100,METROPOLITAN PKWY SW @ SHELTON AVE SW,33.734077,-84.407982,marta
4301,114102,METROPOLITAN PKWY SW @ CHRISTMAN ST SW,33.735695,-84.408012,marta
4302,114104,METROPOLITAN PKWY SW @ BRONNER BROS WAY,33.737442,-84.407921,marta
4303,114106,MCDANIEL ST SW @ FULTON ST SW,33.741373,-84.402763,marta
4304,114110,MCDANIEL ST SW @ 565,33.740325,-84.40258,marta
4305,114112,MCDANIEL ST SW @ 565,33.740148,-84.402298,marta
4306,114114,MCDANIEL ST SW @ GLENN ST SW,33.738252,-84.401808,marta
4307,114116,MCDANIEL ST SW @ GLENN ST SW,33.738536,-84.401675,marta
4308,114124,MCDANIEL ST SW @ STEPHENS ST SW,33.734075,-84.401695,marta
4309,114132,MCDANIEL ST SW @ ROCKWELL ST SW,33.732133,-84.401649,marta
4310,114134,MCDANIEL ST SW @ ROCKWELL ST SW,33.731999,-84.401736,marta
4311,114136,MCDANIEL ST SW @ GARDNER ST SW,33.73071,-84.401756,marta
4312,114138,MCDANIEL ST SW @ GARDNER ST SW,33.730359,-84.401563,marta
4313,114140,MCDANIEL ST SW @ MARY ST SW,33.729358,-84.401657,marta
4314,114142,MCDANIEL ST SW @ MARY ST SW,33.729201,-84.401575,marta
4315,114144,MCDANIEL ST SW @ ARTHUR ST SW,33.728176,-84.401678,marta
4316,114146,MCDANIEL ST SW @ ARTHUR ST SW,33.727833,-84.401527,marta
4317,114152,OGLETHORPE AVE SW @ EVANS ST SW,33.735793,-84.415206,marta
4318,114166,LEE ST SW @ POOLE PL SW,33.738927,-84.414032,marta
4319,114168,LEE ST SW @ OAK ST SW,33.740532,-84.413988,marta
4320,114170,WINDSOR ST @ GLENN ST SW,33.73859,-84.39812,marta
4321,114180,RALPH D ABERNATHY BLVD @ MCDANIEL STSW,33.737147,-84.40227,marta
4322,114200,RALPH D ABERNATHY BLVD @ HUMPHRIES ST SW,33.736513,-84.404912,marta
4323,114204,RALPH D ABERNATHY BLVD SW @ MCDANIEL ST SW,33.736927,-84.401359,marta
4324,114210,RALPH DAVID ABERNATH BLVD @ WINDSOR S,33.736862,-84.397915,marta
4325,114214,RALPH D ABERNATHY BLVD @ IRA ST,33.737054,-84.399739,marta
4326,114236,MCDANIEL ST @ STEPHENS ST,33.734075,-84.401608,marta
4327,114238,RALPH D ABERNATHY BLVD @ METROPOLITAN PKWY SW,33.738157,-84.40843,marta
4328,114900,WEST END STATION,33.735899,-84.413542,marta
4329,115002,PRYOR ST SW @ RICHARDSON ST SW,33.740766,-84.394582,marta
4330,115003,GEORGIA AVE SE @ GRANT ST SE,33.736721,-84.376199,marta
4331,115004,PRYOR ST SW @ CRUMLEY ST SW,33.739531,-84.394602,marta
4332,115012,PRYOR ST SW @ DODD AVE SW,33.733122,-84.394075,marta
4333,115016,PRYOR ST SW @ DOANE ST SW,33.730912,-84.393095,marta
4334,115018,PRYOR ST SW @ DOANE ST SW,33.731064,-84.393062,marta
4335,115020,SHIRLEY C FRANKLIN BLVD @ DODD AVE SW,33.733248,-84.393531,marta
4336,115022,CENTRAL AVE SW @ RALPH DAVID ABERNATH,33.736175,-84.393447,marta
4337,115024,CENTRAL AVE SW @ GLENN ST SW,33.738284,-84.393333,marta
4338,115034,WINDSOR ST SW @ RICHARDSON ST SW,33.740773,-84.398288,marta
4339,115036,WINDSOR ST SW @ CRUMLEY ST SW,33.73951,-84.39844,marta
4340,115038,COOPER ST SW @ RALPH DAVID ABERNATHY BLVD,33.73637,-84.397077,marta
4341,115040,COOPER ST SW @ LOVE ST SW,33.734595,-84.397312,marta
4342,115044,COOPER ST SW @ HENDRIX AVE SW,33.73244,-84.397172,marta
4343,115048,HENDRIX AVE SW @ PRYOR ST SW,33.73229,-84.393813,marta
4344,115052,PRYOR RD SW @ RIDGE AVE SW,33.72734,-84.392918,marta
4345,115080,RALPH D ABERNATHY BLVD SW @ CENTRAL AVE SW,33.736757,-84.393078,marta
4346,115082,HANK AARON DR SE @ GEORGIA AVE SE,33.736673,-84.387785,marta
4347,115084,GEORGIA AVE SE @ FRASER ST SE,33.736779,-84.386046,marta
4348,115106,ATLANTA AVE SE @ MARTIN ST SE,33.730353,-84.384465,marta
4349,115110,ORMOND ST SE @ CONNALLY ST SE,33.731716,-84.380773,marta
4350,115114,ORMOND ST SE @ MARTIN ST SE,33.731686,-84.384254,marta
4351,115122,GEORGIA AVE SE @ MARTIN ST SE,33.736744,-84.384166,marta
4352,115124,GEORGIA AVE SE @ AMI ST SE,33.736693,-84.382027,marta
4353,115128,ATLANTA AVE SE @ FRASER ST SE,33.730352,-84.386345,marta
4354,115130,GEORGIA AVE SE @ AMI ST SE,33.736799,-84.381981,marta
4355,115132,GEORGIA AVE SE @ MARTIN ST SE,33.736846,-84.383974,marta
4356,115136,GEORGIA AVE SE @ FRASER ST SE,33.736904,-84.386242,marta
4357,115138,WINDSOR ST SW @ RICHARDSON ST SW,33.74062,-84.39824,marta
4358,115140,WINDSOR ST SW @ CRUMLEY ST SW,33.739764,-84.398243,marta
4359,115144,COOPER ST @ RALPH D ABERNATHY BLVD,33.73656,-84.39695,marta
4360,115148,COOPER ST SW @ LOVE ST SW,33.735009,-84.396956,marta
4361,115152,COOPER ST @ HENDRIX AVE,33.73241,-84.397018,marta
4362,115154,HENDRIX AVE SW @ PRYOR ST,33.732361,-84.394042,marta
4363,115160,PRYOR RD SW @ RIDGE AVE SW,33.727008,-84.392948,marta
4364,115164,HANK AARON DR @ ORMOND ST SE,33.731434,-84.387987,marta
4365,115166,HANK AARON DR @ ORMOND ST SE,33.732195,-84.387857,marta
4366,115168,HANK AARON DR @ ATLANTA AVE SE,33.730548,-84.387985,marta
4367,115170,HANK AARON DR @ ATLANTA AVE SE,33.730306,-84.387916,marta
4368,115172,HANK AARON DR @ VANIRA AVE SE,33.729153,-84.388045,marta
4369,115174,HANK AARON DR @ VANIRA AVE SE,33.728989,-84.387825,marta
4370,115180,HANK AARON DR SW @ HAYGOOD AVE SW,33.726645,-84.388059,marta
4371,115182,HANK AARON DR SW @ HAYGOOD AVE SW,33.726204,-84.387968,marta
4372,115185,RALPH D ABERNATHY BLVD @ HANK AARON DR,33.736858,-84.388133,marta
4373,115188,HANK AARON DR @ BILL LUCAS DR SE,33.73409,-84.387806,marta
4374,115190,HANK AARON DR SW @ LITTLE ST SE,33.732845,-84.387749,marta
4375,115192,HANK AARON DR @ RALPH D ABERNATHY BLVD,33.7374,-84.387947,marta
4376,115194,CAPITOL AVE @ FULTON ST,33.742014,-84.387822,marta
4377,115202,PRYOR ST @ BASS ST,33.735856,-84.394812,marta
4378,115204,HANK AARON DR SW @ LITTLE ST SE,33.733384,-84.388108,marta
4379,115214,ATLANTA AVE SE @ HANK AARON DR,33.730317,-84.387537,marta
4380,115216,ORMOND ST @ CREW ST,33.731809,-84.389379,marta
4381,115218,POLLARD BLVD @ RALPH D ABERNATHY BLVD,33.73564,-84.390667,marta
4382,115220,POLLARD BLVD @ LITTLE ST,33.732963,-84.390825,marta
4383,115222,HANK AARON DR SW @ BILL LUCAS DR SW,33.734365,-84.388003,marta
4384,116004,BOULEVARD SE @ ROSALIA ST,33.73855,-84.368222,marta
4385,116006,BOULEVARD SE @ BERNE ST,33.736622,-84.36828,marta
4386,116009,BOULEVARD SE @ DELMAR AVE SE,33.732314,-84.368358,marta
4387,116010,BOULEVARD SE @ ATLANTA AVE SE,33.730515,-84.36838,marta
4388,116020,BOULEVARD SE @ BERNE ST SE,33.736724,-84.36808,marta
4389,116024,BOULEVARD SE @ HANSELL ST SE,33.740591,-84.36806,marta
4390,116040,UNITED AVE @ EDIE AVE SE,33.72756,-84.363228,marta
4391,116042,UNITED AVE @ CHARLES BANK AVE,33.729287,-84.364348,marta
4392,116054,HILL ST SE @ 1059,33.725558,-84.378669,marta
4393,116074,ATLANTA AVE SE @ CONNALLY ST SE,33.730256,-84.380866,marta
4394,116076,ATLANTA AVE SE @ GRANT TER SE,33.730301,-84.379976,marta
4395,116093,GEORGIA AVE SE @ GRANT TER SE,33.73665,-84.379971,marta
4396,116094,GEORGIA AVE SE @ HILL ST SE,33.736675,-84.378492,marta
4397,116100,CHEROKEE AVE SE @ BASS ST SE,33.734896,-84.373643,marta
4398,116104,CHEROKEE AVE SE @ GRANT PARK PL SE,33.732595,-84.373714,marta
4399,116116,GEORGIA AVE SE @ GRANT TER SE,33.736755,-84.379753,marta
4400,117002,GLENWOOD AVE SE @ BROWNWOOD AVE SE,33.740123,-84.348179,marta
4401,117004,MORELAND AVE SE @ BURNS ST SE,33.726488,-84.349483,marta
4402,117006,MORELAND AVE SE @ LYNDALE DR SE,33.727819,-84.349449,marta
4403,117007,MORELAND AVE SE @ STONEYBROOK DR,33.729077,-84.349415,marta
4404,117008,MORELAND AVE SE @ EDEN AVE SE,33.730133,-84.349405,marta
4405,117010,MORELAND AVE SE @ DELAWARE AVE SE,33.731905,-84.349394,marta
4406,117012,MORELAND AVE SE @ GRACEWOOD AVE SE,33.732863,-84.349384,marta
4407,117014,MORELAND AVE SE @ ORMEWOOD AVE SE,33.734177,-84.349401,marta
4408,117016,MORELAND AVE SE @ HALL AVE SE,33.735095,-84.349397,marta
4409,117018,MORELAND AVE SE @ BERNE ST SE,33.736101,-84.349383,marta
4410,117020,MORELAND AVE SE @ WOODLAND AVE SE,33.737589,-84.34932,marta
4411,117022,MORELAND AVE SE @ PORTLAND AVE SE,33.739231,-84.3494,marta
4412,117024,GLENWOOD AVE SE @ HEMLOCK CIR SE,33.74049,-84.351166,marta
4413,117028,GLENWOOD AVE SE @ GLENWOOD PL SE,33.739846,-84.354899,marta
4414,117030,GLENWOOD AVE SE @ BILL KENNEDY WAY SE,33.739814,-84.357604,marta
4415,117036,GLENWOOD AVE SE @ GLENWOOD PL SE,33.739765,-84.354784,marta
4416,117040,GLENWOOD AVE SE @ HEMLOCK CIR SE,33.74039,-84.351332,marta
4417,117042,GLENWOOD AVE SE @ BROWNWOOD AVE,33.740256,-84.348368,marta
4418,117098,MORELAND AVE SE @ BEECHVIEW DR SE,33.726089,-84.349319,marta
4419,117100,MORELAND AVE SE @ LYNDALE DR SE,33.72731,-84.349319,marta
4420,117102,MORELAND AVE SE @ DELAWARE AVE SE,33.731851,-84.349297,marta
4421,117104,MORELAND AVE SE @ GRACEWOOD AVE SE,33.732777,-84.349281,marta
4422,117106,MORELAND AVE SE @ ORMEWOOD AVE SE,33.733803,-84.349243,marta
4423,117108,MORELAND AVE SE @ HALL ST SE,33.734894,-84.349236,marta
4424,117110,MORELAND AVE SE @ BERNE ST SE,33.736067,-84.349254,marta
4425,117114,MORELAND AVE SE @ PORTLAND AVE,33.738838,-84.349197,marta
4426,117116,MORELAND AVE SE @ GLENWOOD AVE SE,33.739948,-84.349152,marta
4427,117118,MORELAND AVE SE @ METROPOLITAN AVE SE,33.74122,-84.34914,marta
4428,117120,MORELAND AVE SE @ MCPHERSON AVE SE,33.743032,-84.349159,marta
4429,117121,MORELAND AVE SE @ MEMORIAL DR SE,33.74743,-84.34909,marta
4430,117122,MORELAND AVE @ STONEYBROOK DR,33.728714,-84.349251,marta
4431,117123,MORELAND AVE SE @ MERLIN AVE SE,33.749655,-84.349139,marta
4432,117124,MORELAND AVE @ EDEN AVE,33.730061,-84.349296,marta
4433,117127,MORELAND AVE SE @ WYLIE ST SE,33.752341,-84.349162,marta
4434,117129,MORELAND AVE SE @ HOSEA L WILLIAMS DR NE,33.753504,-84.349173,marta
4435,117131,MORELAND AVE NE @ HARDEE ST NE,33.755599,-84.349119,marta
4436,118002,BOAT ROCK RD SW @ 5760,33.724103,-84.574282,marta
4437,118005,LAGRANGE BLVD @ 6070,33.718644,-84.590736,marta
4438,118006,BOAT ROCK RD SW @ WESTCHASE LN,33.724327,-84.577538,marta
4439,118010,BOAT ROCK RD @ FULTON INDUSTRIAL BLVD,33.72459,-84.58216,marta
4440,118012,FULTON INDUSTRIAL BLVD SW @ LAKEVIEW CT SW,33.727439,-84.578863,marta
4441,118014,LAGRANGE BLVD @ XAVIER DR,33.724549,-84.590482,marta
4442,118016,LAGRANGE BLVD @ EMMANUEL DR,33.722609,-84.590754,marta
4443,118018,LAGRANGE BLVD @ DUQUESNE DR,33.715015,-84.590645,marta
4444,118036,FULTON INDUSTRIAL BLVD @ 6095,33.713367,-84.58845,marta
4445,118040,FULTON IND BLVD @ TRADEWATER PKWY,33.710877,-84.591084,marta
4446,118050,FULTON INDUSTRIAL BLVD @ PLUMMER RD,33.72081,-84.585105,marta
4447,118052,FULTON INDUSTRIAL BLVD SW @ BOAT ROCK RD SW,33.724843,-84.583356,marta
4448,118094,LAGRANGE BLVD @ 6040,33.720689,-84.590737,marta
4449,119002,BOAT ROCK RD SW @ REYNOLDS RD SW,33.723828,-84.572418,marta
4450,120012,CASCADE RD SW @ KIMBERLY RD SW,33.725523,-84.515366,marta
4451,120016,CASCADE RD SW @ KIMBERLY RD SW,33.725703,-84.515385,marta
4452,120018,CASCADE RD SW @ OLD CASCADE RD SW,33.724036,-84.511967,marta
4453,120030,CASCADE AVE SW @ 3515,33.723193,-84.504497,marta
4454,120032,CASCADE RD @ RESEARCH CENTER ATLA DR,33.723303,-84.506875,marta
4455,120034,CASCADE RD @ 3675,33.723644,-84.508789,marta
4456,120035,CASCADE RD @ FAIRBURN RD,33.724023,-84.510994,marta
4457,120036,FAIRBURN RD SW @ CASCADE RD SW,33.72471,-84.510917,marta
4458,120038,FAIRBURN RD @ UTOY SPRINGS,33.720403,-84.508213,marta
4459,120042,FAIRBURN RD @ NEWHALEM ST,33.718561,-84.508054,marta
4460,120044,FAIRBURN RD @ SUTTLES DR,33.714114,-84.506879,marta
4461,120046,FAIRBURN RD @ 1581,33.710416,-84.506113,marta
4462,120048,FAIRBURN RD @ MELVIN DR SW,33.708248,-84.507214,marta
4463,120050,FAIRBURN RD SW @ HERITAGE VALLEY RD SW,33.705562,-84.506596,marta
4464,120054,FAIRBURN RD SW @ GLENVIEW CIR SW,33.703326,-84.506189,marta
4465,120056,FAIRBURN RD SW @ MT GILEAD RD SW,33.701635,-84.506284,marta
4466,120058,BARGE RD SW @ FAIRBURN RD SW,33.698909,-84.50733,marta
4467,120064,FAIRBURN RD SW @ HILL ACRES RD SW,33.700061,-84.506653,marta
4468,120066,FAIRBURN RD SW @ MT GILEAD RD SW,33.701514,-84.506177,marta
4469,120068,FAIRBURN RD SW @ HERITAGE VALLEY RD SW,33.706063,-84.506642,marta
4470,120070,FAIRBURN RD SW @ MELVIN DR SW,33.70833,-84.507105,marta
4471,120072,FAIRBURN RD SW @ LANDAU LN SW,33.712841,-84.506005,marta
4472,120074,FAIRBURN RD SW @ SUTTLES DR SW,33.714521,-84.50701,marta
4473,120076,FAIRBURN RD SW @ VILLAGE DR SW,33.716115,-84.50807,marta
4474,120078,FAIRBURN RD SW @ NEWHALEM ST SW,33.718484,-84.507973,marta
4475,120080,FAIRBURN RD SW @ UTOY SPRINGS RD SW,33.720427,-84.508048,marta
4476,120084,CASCADE RD SW @ FAIRBURN RD SW,33.723532,-84.509208,marta
4477,120086,CASCADE RD SW @ UTOY SPRINGS RD SW,33.723122,-84.506995,marta
4478,120088,CASCADE RD @ UTOY SPRINGS RD,33.722937,-84.504373,marta
4479,120116,FAIRBURN RD @ GLENVIEW CIR,33.703473,-84.506053,marta
4480,120118,FAIRBURN RD @ VILLAGE DR,33.716281,-84.508255,marta
4481,120120,FAIRBURN RD @ GARRISON DR,33.712704,-84.506094,marta
4482,120122,FAIRBURN RD @ INGLEDALE DR,33.705102,-84.506339,marta
4483,120244,FAIRBURN RD @ 1624,33.710504,-84.506007,marta
4484,120246,FAIRBURN RD @ CASCADE RD,33.722809,-84.509543,marta
4485,120248,FAIRBURN RD @ 1165,33.722706,-84.509645,marta
4486,121001,CASCADE RD @ LYNHURST DR,33.71991,-84.48788,marta
4487,121004,BENJAMIN E MAYS DR @ WILLIS MILL RD,33.725326,-84.470487,marta
4488,121005,BENJAMIN E MAYS DR SW @ PEYTON RD SW,33.727836,-84.475067,marta
4489,121010,CAMPBELLTON RD SW @ MAXWELL DR SW,33.698657,-84.48254,marta
4490,121011,MEMORIAL DR @ LAUREN PKWY,33.800453,-84.196202,marta
4491,121012,CAMPBELLTON RD SW @ 2797,33.700679,-84.479842,marta
4492,121013,N HAIRSTON RD @ FELLSRIDGE DR,33.805731,-84.193528,marta
4493,121014,CAMPBELLTON RD SW @ HARBIN RD SW,33.7015,-84.478218,marta
4494,121015,N HAIRSTON RD @ OLD HIGHGATE ENTRY,33.810099,-84.193575,marta
4495,121016,CAMPBELLTON RD SW @ DODSON DR SW,33.702279,-84.476308,marta
4496,121017,N HAIRSTON RD @ SUMMERVIEW DR,33.813482,-84.193548,marta
4497,121018,CAMPBELLTON RD SW @ DODSON DR,33.702539,-84.474888,marta
4498,121020,CAMPBELLTON RD SW @ SANDRINGHAM DR,33.702541,-84.472053,marta
4499,121021,N HAIRSTON RD @ SUMMIT LAKE DR,33.820837,-84.19398,marta
4500,121024,CAMPBELLTON RD SW @ WELLS DR SW,33.702619,-84.469436,marta
4501,121025,BENJAMIN E MAYS DR @ BOB WHITE DR,33.729064,-84.480449,marta
4502,121026,CAMPBELLTON RD SW @ WELLS DR SW,33.702734,-84.469304,marta
4503,121030,CAMPBELLTON RD SW @ SANDRINGHAM DR SW,33.70265,-84.472379,marta
4504,121032,CAMPBELLTON RD SW @ DODSON RD,33.702467,-84.476014,marta
4505,121034,CAMPBELLTON RD SW @ 2775,33.702106,-84.477625,marta
4506,121036,CAMPBELLTON RD SW @ HARBIN RD,33.700611,-84.480202,marta
4507,121040,CAMPBELLTON RD SW @ MAXWELL DR SW,33.698123,-84.483603,marta
4508,121042,LYNHURST DR SW @ VALLEYDALE DR SW,33.726314,-84.488149,marta
4509,121045,LYNHURST DR SW @ MANGUM LN SW,33.724847,-84.487852,marta
4510,121051,CASCADE RD SW @ KINGSDALE DR SW,33.721563,-84.496168,marta
4511,121052,CASCADE RD SW @ SHANTER TRL SW,33.722789,-84.499378,marta
4512,121058,CASCADE RD SW @ KINGSDALE DR SW,33.721429,-84.496042,marta
4513,121064,LYNHURST DR SW @ MANGUM LN SW,33.724829,-84.487754,marta
4514,121066,LYNHURST DR SW @ VALLEYDALE DR SW,33.726497,-84.488114,marta
4515,121090,CHILDRESS DR SW @ 1860,33.704643,-84.48794,marta
4516,121092,CHILDRESS DR SW @ MCMURRAY DR SW,33.702889,-84.487339,marta
4517,121094,CHILDRESS DR SW @ 2007,33.700098,-84.486334,marta
4518,121096,CHILDRESS DR SW @ PANTHER TRL,33.698365,-84.486256,marta
4519,121100,MT GILEAD RD SW @ IMPERIAL CIR SW,33.698286,-84.494674,marta
4520,121102,MT GILEAD RD SW @ MEADOWLANE DR SW,33.698327,-84.497281,marta
4521,121103,MT GILEAD RD @ PANTHER TRL,33.698207,-84.494228,marta
4522,121108,HARBIN RD SW @ 1352,33.718003,-84.484006,marta
4523,121110,HARBIN RD SW @ WRIGHT DR SW,33.712425,-84.483128,marta
4524,121115,HARBIN RD @ LAURENS WAY SW,33.70961,-84.482325,marta
4525,121116,LANDRUM DR SW @ HARBIN RD SW,33.706266,-84.481812,marta
4526,121118,LANDRUM DR SW @ DEVON DR SW,33.706215,-84.484239,marta
4527,121120,LANDRUM DR SW @ CHILDRESS DR SW,33.706379,-84.487998,marta
4528,121122,CHILDRESS DR SW @ 1860,33.704598,-84.487828,marta
4529,121124,CHILDRESS DR SW @ MCMURRAY DR SW,33.7027,-84.487224,marta
4530,121126,CHILDRESS DR SW @ 2010,33.700497,-84.486438,marta
4531,121128,PANTHER TRL SW @ CHILDRESS DR SW,33.698129,-84.486221,marta
4532,121130,PANTHER TRL SW @ STAR MIST DR SW,33.698163,-84.490015,marta
4533,121134,MT GILEAD RD SW @ CASCADE PARC BLVD,33.698248,-84.496488,marta
4534,121136,CASCADE RD SW @ WILLIS MILL RD SW,33.720827,-84.468055,marta
4535,121138,CASCADE RD SW @ DODSON DR SW,33.720077,-84.471634,marta
4536,121172,CASCADE RD SW @ AUDUBON CT,33.720745,-84.468984,marta
4537,121174,CASCADE RD @ SHANTER TRL,33.722735,-84.499849,marta
4538,121180,PANTHER TRL @ STAR MIST DR,33.698253,-84.489794,marta
4539,121192,CASCADE RD @ WILLIS MILL RD,33.720098,-84.472205,marta
4540,122002,BENJAMIN E MAYS DR SW @ FLAMINGO DR NW,33.723138,-84.466473,marta
4541,122003,CAMPBELLTON RD @ 2170,33.705557,-84.459225,marta
4542,122005,CAMPBELLTON RD SW @ DELOWE DR SW,33.706278,-84.458143,marta
4543,122006,BEECHER RD SW @ BENJAMIN E MAYS DR SW,33.723053,-84.464232,marta
4544,122009,BEECHER RD SW @ ASHMEL PL SW,33.725018,-84.464143,marta
4545,122010,CAMPBELLTON RD SW @ BENT CREEK WAY SW,33.703862,-84.46638,marta
4546,122011,CAMPBELLTON RD @ WILLIS MILL RD,33.704068,-84.464713,marta
4547,122014,CAMPBELLTON RD SW @ 2280,33.70454,-84.462715,marta
4548,122028,CAMPBELLTON RD SW @ FORT VALLEY DR SW,33.708794,-84.45079,marta
4549,122032,CAMPBELLTON RD SW @ WILLOWBROOK DR,33.710807,-84.446926,marta
4550,122034,CAMPBELLTON RD SW @ VENETIAN DR SW,33.714463,-84.434262,marta
4551,122036,CAMPBELLTON RD SW @ 1473,33.713664,-84.437032,marta
4552,122040,CAMPBELLTON RD SW @ ALMA ST SW,33.712713,-84.439464,marta
4553,122042,CAMPBELLTON RD SW @ RIDGEWOOD LN SW,33.711914,-84.441931,marta
4554,122044,CAMPBELLTON RD SW @ STANTON RD SW,33.711517,-84.44446,marta
4555,122048,CAMPBELLTON RD SW @ WILLOWBROOK DR SW,33.711001,-84.446836,marta
4556,122050,CAMPBELLTON RD SW @ 1843,33.709731,-84.449212,marta
4557,122052,CAMPBELLTON RD SW @ TIMOTHY DR SW,33.708797,-84.451497,marta
4558,122060,CAMPBELLTON RD SW @ 2191,33.705915,-84.459409,marta
4559,122064,CAMPBELLTON RD SW @ WILLIS MILL RD SW,33.704308,-84.46505,marta
4560,122065,CAMPBELLTON RD SW @ 2231,33.705125,-84.461664,marta
4561,122072,CAMPBELLTON RD SW @ STANTON RD SW,33.711136,-84.444652,marta
4562,122074,CAMPBELLTON RD SW @ RIDGEWOOD LN SW,33.711753,-84.442301,marta
4563,122076,CAMPBELLTON RD SW @ ALMA ST SW,33.712508,-84.439815,marta
4564,122080,CAMPBELLTON RD SW @ 1469,33.713683,-84.436282,marta
4565,122082,CAMPBELLTON RD SW @ VENETIAN DR SW,33.71413,-84.43433,marta
4566,122084,STANTON RD @ CAMPBELLTON RD,33.711115,-84.443774,marta
4567,122086,STANTON RD @ 1665,33.70929,-84.444084,marta
4568,122088,STANTON RD @ MARCEL AVE,33.708538,-84.444069,marta
4569,122090,STANTON RD @ LESLIE AVE,33.707428,-84.44413,marta
4570,122096,STANTON RD @ MEADOW CROSSING,33.704917,-84.444121,marta
4571,122098,STANTON RD @ BAYROSE CIR,33.703925,-84.445253,marta
4572,122100,STANTON RD @ MCCLELLAND AVE,33.703085,-84.446052,marta
4573,122104,STANTON RD @ SWEETBRIAR CIR,33.701416,-84.447683,marta
4574,122106,STANTON RD @ ALISON CT,33.699524,-84.448807,marta
4575,122108,STANTON RD @ ALISON CT,33.698515,-84.448591,marta
4576,122110,ALISON CT @ 1935,33.700165,-84.45118,marta
4577,122112,ALISON CT @ PLAZA LN,33.700661,-84.452583,marta
4578,122114,ALISON CT @ MYRTLE DR SW,33.700786,-84.454866,marta
4579,122120,DELOWE DR @ CAMPBELLTON RD,33.705144,-84.457357,marta
4580,122128,ALISON CT SW @ MYRTLE DR SW,33.700657,-84.454743,marta
4581,122130,ALISON CT @ PLAZA LN SW,33.700645,-84.452843,marta
4582,122132,ALISON CT @ 1935,33.699852,-84.451515,marta
4583,122136,STANTON RD @ ALISON CT,33.69949,-84.44838,marta
4584,122138,STANTON RD @ SWEETBRIAR CIR,33.70113,-84.44778,marta
4585,122142,STANTON RD @ MCCLELLAND AVE,33.702821,-84.446239,marta
4586,122144,STANTON RD @ HAWTHORNE TRL,33.703577,-84.444992,marta
4587,122146,STANTON RD @ MEADOW CROSSING,33.704586,-84.444141,marta
4588,122152,STANTON RD @ LESLIE AVE,33.707214,-84.443726,marta
4589,122154,STANTON RD SW @ MARCEL AVE,33.708378,-84.44371,marta
4590,122156,STANTON RD @ 1600,33.709765,-84.44368,marta
4591,122158,STANTON RD @ CAMPBELLTON RD,33.711436,-84.443624,marta
4592,122166,SANDTOWN RD SW @ LOCKHAVEN CIR,33.717468,-84.445198,marta
4593,122168,WESTRIDGE RD @ SANDTOWN RD,33.717879,-84.446937,marta
4594,122170,WESTRIDGE RD SW @ BAYBERRY DR SW,33.715991,-84.446793,marta
4595,122172,WESTRIDGE RD SW @ VENETIAN DR SW,33.714702,-84.446736,marta
4596,122174,VENETIAN DR SW @ ALDER LN SW,33.714737,-84.448578,marta
4597,122176,VENETIAN DR SW @ CAHABA DR SW,33.714745,-84.449455,marta
4598,122178,VENETIAN DR SW @ PINEHURST DR SW,33.714777,-84.451669,marta
4599,122180,VENETIAN DR SW @ CENTRA VILLA DR SW,33.714798,-84.453339,marta
4600,122192,SANDTOWN RD SW @ WICHITA DR,33.716518,-84.443092,marta
4601,122202,CENTRA VILLA DR SW @ CAMPBELLTON RD SW,33.707611,-84.455548,marta
4602,122204,CENTRA VILLA DR SW @ HONEYSUCKLE SW,33.711032,-84.454814,marta
4603,122206,CENTRA VILLA DR SW @ E CEDAR LN SW,33.712482,-84.454197,marta
4604,122214,VENETIAN DR SW @ PINEHURST DR SW,33.714741,-84.451985,marta
4605,122216,VENETIAN DR SW @ CAHABA DR SW,33.714654,-84.449616,marta
4606,122218,VENETIAN DR SW @ ALDER  SW,33.714655,-84.448323,marta
4607,122220,VENETIAN DR SW @ WILLOWBROOK DR SW,33.714603,-84.446736,marta
4608,122222,WESTRIDGE RD SW @ BAYBERRY DR SW,33.71605,-84.446658,marta
4609,122224,WESTRIDGE RD SW @ CUMMINGS DR SW,33.717459,-84.44673,marta
4610,122228,CASCADE AVE SW @ EASTRIDGE RD SW,33.726046,-84.445923,marta
4611,122230,CASCADE AVE SW @ 1113,33.72506,-84.447609,marta
4612,122232,CASCADE AVE SW @ 1120,33.724962,-84.447536,marta
4613,122238,CASCADE AVE SW @ CASCADE CIR SW,33.723471,-84.449977,marta
4614,122240,CASCADE AVE SW @ AVON AVE SW,33.723111,-84.450322,marta
4615,122242,CASCADE RD SW @ CENTRA VILLA DR SW,33.721938,-84.452029,marta
4616,122244,CASCADE RD SW @ CENTRA VILLA DR SW,33.72185,-84.452426,marta
4617,122250,CASCADE RD SW @ POLLARD DR SW,33.721316,-84.455549,marta
4618,122252,CASCADE RD SW @ POLLARD DR SW,33.721428,-84.455573,marta
4619,122254,CASCADE RD SW @ BOULEVARD LORRAINE SW,33.721952,-84.458572,marta
4620,122255,CASCADE RD SW @ VENETIAN DR SW,33.721501,-84.466122,marta
4621,122260,CASCADE RD SW @ DOLPHIN DR SW,33.722491,-84.46168,marta
4622,122280,SANDTOWN RD SW @ WESTRIDGE RD,33.717728,-84.446002,marta
4623,122282,SANDTOWN RD SW @ MORAY ST SW,33.716934,-84.443828,marta
4624,122284,SANDTOWN RD SW @ WICHITA DR SW,33.716111,-84.442609,marta
4625,122286,SANDTOWN RD SW @ WICHITA DR SW,33.715763,-84.442109,marta
4626,122288,SANDTOWN RD SW @ ANIWAKA AVE SW,33.715217,-84.441326,marta
4627,122290,SANDTOWN RD SW @ VENETIAN DR SW,33.714628,-84.440423,marta
4628,122292,VENETIAN DR SW @ WILLOW TRL SW,33.714548,-84.439749,marta
4629,122294,VENETIAN DR SW @ LOCKWOOD DR SW,33.714558,-84.438717,marta
4630,122296,WESTMONT RD SW @ VENETIAN DR SW,33.714802,-84.437569,marta
4631,122298,WESTMONT RD SW @ 1420,33.716553,-84.437599,marta
4632,122300,WESTMONT RD SW @ TRACY ST,33.71835,-84.43753,marta
4633,122302,WESTMONT RD SW @ 1310,33.720306,-84.437563,marta
4634,122304,WESTMONT RD SW @ AVON AVE SW,33.722427,-84.437501,marta
4635,122306,AVON AVE SW @ GRAYMONT DR SW,33.722446,-84.436512,marta
4636,122312,AVON AVE SW @ LORENZO DR SW,33.722369,-84.432502,marta
4637,122316,BEECHER RD SW @ BENJAMIN E MAYS DR SW,33.722965,-84.464157,marta
4638,122318,BEECHER RD SW @ 2356,33.724729,-84.464123,marta
4639,122320,CASCADE RD SW @ VENETIAN DR SW,33.721356,-84.466126,marta
4640,122326,AVON AVE SW @ KENILWORTH DR SW,33.722475,-84.434132,marta
4641,122328,WESTMONT RD SW @ 1285,33.720368,-84.43765,marta
4642,122330,SANDTOWN RD SW @ LOCKHAVEN CIR SW,33.717079,-84.443863,marta
4643,122334,SANDTOWN RD SW @ WICHITA DR SW,33.715782,-84.441994,marta
4644,122336,SANDTOWN RD SW @ ANIWAKA AVE SW,33.715347,-84.441399,marta
4645,122338,SANDTOWN RD SW @ VENETIAN DR SW,33.714708,-84.440358,marta
4646,122340,VENETIAN DR SW @ WILLOW TRL SW,33.714653,-84.439636,marta
4647,122344,WESTMONT RD SW @ VENETIAN DR SW,33.714642,-84.43792,marta
4648,122346,WESTMONT RD SW @ 1411,33.716609,-84.437688,marta
4649,122347,DELOWE DR @ CONNALLY DR,33.695153,-84.457403,marta
4650,122348,WESTMONT RD SW @ TRACY ST SW,33.718524,-84.437723,marta
4651,122350,AVON AVE SW @ WESTMONT RD SW,33.722526,-84.437544,marta
4652,122352,AVON AVE SW @ GRAYMONT DR SW,33.722485,-84.436447,marta
4653,122354,AVON AVE SW @ ELIZABETH AVE SW,33.72251,-84.435512,marta
4654,122362,DELOWE DR @ W WOODBERRY AVE,33.697924,-84.457389,marta
4655,122369,CASCADE RD SW @ BOULEVARD LORRAINE SW,33.721743,-84.457984,marta
4656,122372,CAMPBELLTON RD SW @ MYRTLE DR SW,33.707124,-84.455263,marta
4657,122374,CAMPBELLTON RD @ HONEYSUCKLE LN,33.707963,-84.453484,marta
4658,122376,CAMPBELLTON RD @ HONEYSUCKLE LN,33.708192,-84.453212,marta
4659,122380,CAMPBELLTON RD @ DELOWE DR,33.706301,-84.457545,marta
4660,122382,CAMPBELLTON RD @ CENTRA VILLA DR,33.707257,-84.455532,marta
4661,122384,CAMPBELLTON RD @ BENT CREEK WAY,33.70397,-84.466528,marta
4662,122386,BEECHER RD @ MT AIRY DR,33.726758,-84.463556,marta
4663,122387,CASCADE RD SW @ BOULEVARD GRANADA SW,33.722042,-84.464295,marta
4664,122396,AVON AVE @ ELIZABETH AVE,33.722438,-84.435512,marta
4665,122398,AVON AVE @ KENILWORTH DR,33.722403,-84.434143,marta
4666,122410,CAMPBELLTON RD SW @ 1870,33.709861,-84.448274,marta
4667,123016,MURPHY AVE SW @ ARDEN AVE SW,33.716536,-84.424626,marta
4668,123018,LANGSTON AVE SW @ DECKNER AVE SW,33.713715,-84.424097,marta
4669,123020,LANGSTON AVE SW @ MURPHY AVE SW,33.714436,-84.425298,marta
4670,123022,MURPHY AVE SW @ LANGSTON AVE SW,33.714854,-84.42536,marta
4671,123024,LANGSTON AVE SW @ HOOD DR SW,33.712353,-84.423349,marta
4672,123028,CAMPBELLTON RD SW @ OAKLAND DR SW,33.717762,-84.427181,marta
4673,123032,CAMPBELLTON RD SW @ EPWORTH ST SW,33.716291,-84.430689,marta
4674,123036,CAMPBELLTON RD SW @ LORENZO DR SW,33.715238,-84.432459,marta
4675,123064,CAMPBELLTON RD SW @ LORENZO DR SW,33.715045,-84.432287,marta
4676,123068,CAMPBELLTON RD SW @ RYAN ST SW,33.71596,-84.430591,marta
4677,123072,CAMPBELLTON RD SW @ OAKLAND DR SW,33.717373,-84.427602,marta
4678,123094,SYLVAN RD SW @ BYRON DR SW,33.71258,-84.418178,marta
4679,123124,SYLVAN RD SW @ BYRON DR SW,33.71292,-84.418092,marta
4680,123126,OAKLAND DR SW @ ALMONT DR SW,33.725954,-84.427323,marta
4681,123128,ALMONT DR SW @ INDALE PL SW,33.725906,-84.428345,marta
4682,123130,ALMONT DR SW @ EDGEFIELD DR SW,33.725929,-84.42939,marta
4683,123132,ALMONT DR SW @ WYLAND DR SW,33.725975,-84.430664,marta
4684,123136,WYLAND DR SW @ LANVALE DR SW,33.724188,-84.430874,marta
4685,123138,WYLAND DR SW @ LYNFORD DR SW,33.723329,-84.430688,marta
4686,123140,WYLAND DR SW @ AVON AVE SW,33.722398,-84.430763,marta
4687,123142,AVON AVE SW @ LORENZO DR SW,33.72245,-84.432465,marta
4688,123144,AVON AVE SW @ EPWORTH ST SW,33.722326,-84.430882,marta
4689,123146,WYLAND DR SW @ EDGEFIELD DR SW,33.722939,-84.430595,marta
4690,123148,WYLAND DR SW @ LANVALE DR SW,33.724049,-84.430695,marta
4691,123152,WYLAND DR SW @ ALMONT DR SW,33.725862,-84.430735,marta
4692,123154,ALMONT DR SW @ EDGEFIELD DR SW,33.725881,-84.429735,marta
4693,123156,ALMONT DR SW @ INDALE PL SW,33.725846,-84.428529,marta
4694,123158,ALMONT DR @ OAKLAND DR,33.725838,-84.427355,marta
4695,123202,LANGSTON AVE @ DECKNER AVE,33.713926,-84.424417,marta
4696,123204,LANGSTON AVE @ HOOD DR,33.712641,-84.423766,marta
4697,123900,OAKLAND CITY STATION,33.717407,-84.426301,marta
4698,124008,METROPOLITAN PKWY SW @ ERIN AVE SW,33.719791,-84.408035,marta
4699,124050,METROPOLITAN PKWY SW @ 1577,33.71201,-84.408019,marta
4700,124052,METROPOLITAN PKWY SW @ DECKNER AVE SW,33.71452,-84.407975,marta
4701,124054,METROPOLITAN PKWY SW @ GENESSEE AVE SW,33.716171,-84.408058,marta
4702,124058,METROPOLITAN PKWY SW @ UNIVERSITY AVE,33.722337,-84.407948,marta
4703,124062,METROPOLITAN PKWY SW @ MAYLAND AVE SW,33.724831,-84.407975,marta
4704,124064,METROPOLITAN PKWY SW @ FLETCHER ST SW,33.725582,-84.408073,marta
4705,124068,METROPOLITAN PKWY SW @ DECKNER AVE SW,33.714113,-84.407832,marta
4706,124070,METROPOLITAN PKWY SW @ LYNNHAVEN DR SW,33.715893,-84.407776,marta
4707,124074,METROPOLITAN PKWY SW @ MANFORD RD SW,33.718532,-84.407808,marta
4708,124077,METROPOLITAN PKWY SW @ MAYLAND AVE SW,33.724619,-84.407828,marta
4709,124078,METROPOLITAN PKWY SW @ FLETCHER ST SW,33.726148,-84.407878,marta
4710,124080,MCDANIEL ST SW @ ROY ST SW,33.724238,-84.401674,marta
4711,124084,MCDANIEL ST SW @ UNIVERSITY AVE SW,33.722161,-84.401726,marta
4712,124086,LINCOLN ST SW @ THORNTON ST,33.712692,-84.399739,marta
4713,124093,METROPOLITAN PKWY SW @ UNIVERSITY AVE,33.722545,-84.407793,marta
4714,125002,RIDGE AVE SW @ PULLIAM ST SW,33.726382,-84.392312,marta
4715,125003,WEYMAN AVE SW @ RIDGE AVE SW,33.724941,-84.390391,marta
4716,125004,WEYMAN AVE SW @ HANK AARON DR SW,33.724989,-84.388406,marta
4717,125010,MILTON AVE SE @ 79,33.723367,-84.385275,marta
4718,125024,MILTON AVE SE @ 79,33.723142,-84.384928,marta
4719,125028,WEYMAN AVE SW @ RIDGE AVE SW,33.725049,-84.390711,marta
4720,125030,RIDGE AVE SW @ PULLIAM ST,33.72641,-84.392156,marta
4721,125036,PRYOR RD SW @ UNIVERSITY AVE SW,33.722253,-84.393469,marta
4722,125038,PRYOR RD SW @ UNIVERSITY AVE,33.720848,-84.393593,marta
4723,125042,JONESBORO RD SE @ HARRIETT ST SE,33.714948,-84.383225,marta
4724,125043,JONESBORO RD SE @ BISBEE AVE SE,33.717439,-84.384295,marta
4725,125046,JONESBORO RD SE @ MCDONOUGH BLVD SE,33.719056,-84.384956,marta
4726,125048,MCDONOUGH BLVD SE @ MARCY ST SE,33.720228,-84.38625,marta
4727,125060,MCDONOUGH BLVD SE @ MARCY ST SE,33.720237,-84.386424,marta
4728,125062,MCDONOUGH BLVD SE @ JONESBORO RD SE,33.719205,-84.385248,marta
4729,125064,JONESBORO RD SE @ GAMMON AVE SE,33.718608,-84.384869,marta
4730,125066,JONESBORO RD SE @ MARTIN AVE SE,33.71766,-84.384466,marta
4731,125067,JONESBORO RD SE @ THIRKIELD AVE SE,33.715118,-84.383367,marta
4732,125070,JONESBORO RD SE @ MELDON AVE SE,33.711495,-84.382233,marta
4733,125072,JONESBORO RD SE @ MOURY AVE SE,33.713283,-84.38267,marta
4734,125074,PRYOR RD SW @ MANFORD RD SW,33.718541,-84.393443,marta
4735,125094,PRYOR RD SW @ UNIVERSITY AVE,33.72047,-84.393326,marta
4736,125098,PRYOR RD SW @ MANFORD RD SW,33.71817,-84.39339,marta
4737,125120,ARTHUR LANGFORD JR PL SW @ PRYOR RD SW,33.714101,-84.393862,marta
4738,125122,ARTHUR LANGFORD JR PL SW @ 220,33.714153,-84.395764,marta
4739,125126,ARTHUR LANGFORD JR PL SW @ JOYLAND PL,33.713857,-84.397676,marta
4740,125128,LINCOLN ST SW @ ARTHUR LANGFORD JR PL SW,33.713078,-84.397893,marta
4741,125134,ARTHUR LANGFORD JR PL SW @ BOWEN CIR SW,33.714207,-84.395786,marta
4742,125136,ARTHUR LANGFORD JR PL SW @ PRYOR RD SW,33.7142,-84.394147,marta
4743,125138,PRYOR RD SW @ THIRKELD AVE,33.71308,-84.39336,marta
4744,125214,LAKEWOOD AVE SE @ MCDONOUGH BLVD SE,33.716846,-84.381439,marta
4745,125216,LAKEWOOD AVE SE @ HARRIETT ST SE,33.715687,-84.381668,marta
4746,125218,LAKEWOOD AVE SE @ HARRIETT ST SE,33.715435,-84.381203,marta
4747,125220,LAKEWOOD AVE SE @ MILLER REED AVE SE,33.714512,-84.38131,marta
4748,125235,PRYOR RD @ THIRKELD AVE,33.713457,-84.393568,marta
4749,125236,THORNTON ST @ THORNTON PL,33.711725,-84.399054,marta
4750,125244,WEYMAN AVE @ HANK AARON DR,33.72506,-84.388406,marta
4751,126004,BOULEVARD SE @ HAMILTON AVE SE,33.725974,-84.368324,marta
4752,126014,MCDONOUGH BLVD SE @ GRANT ST SE,33.716571,-84.377881,marta
4753,126016,MCDONOUGH BLVD SE @ MILLER REED AVE S,33.715909,-84.376783,marta
4754,126018,MCDONOUGH BLVD SE @ SAWTELL AVE SE,33.714039,-84.373804,marta
4755,126020,MCDONOUGH BLVD SE @ PARK AVE SE,33.713808,-84.370066,marta
4756,126022,MCDONOUGH BLVD SE @ BOULEVARD  SE,33.71363,-84.368067,marta
4757,126024,MCDONOUGH BLVD SE @ BENTEEN AVE SE,33.713201,-84.366698,marta
4758,126026,MCDONOUGH BLVD SE @ FUNSTON AVE SE,33.712691,-84.365372,marta
4759,126030,MCDONOUGH BLVD SE @ BENTEEN AVE SE,33.713254,-84.3666,marta
4760,126032,MCDONOUGH BLVD SE @ BOULEVARD  SE,33.713827,-84.368349,marta
4761,126036,MCDONOUGH BLVD SE @ GAULT ST SE,33.713825,-84.372392,marta
4762,126038,MCDONOUGH BLVD SE @ SAWTELL AVE,33.714272,-84.374033,marta
4763,126040,MCDONOUGH BLVD SE @ ERIC ST SE,33.715095,-84.375522,marta
4764,126042,MCDONOUGH BLVD SE @ MILLER REED AVE S,33.715858,-84.376564,marta
4765,126044,MCDONOUGH BLVD SE @ GRANT ST SE,33.716607,-84.377772,marta
4766,126062,ENGLEWOOD AVE SE @ MAILING AVE SE,33.721934,-84.375472,marta
4767,126068,ENGLEWOOD AVE SE @ GAULT ST SE,33.721936,-84.37056,marta
4768,126074,CUSTER AVE SE @ FUNSTON AVE SE,33.71714,-84.365287,marta
4769,126078,CUSTER AVE SE @ BOULEVARD SE,33.717175,-84.368004,marta
4770,126082,ENGLEWOOD AVE SE @ GAULT ST SE,33.721981,-84.370669,marta
4771,126086,ENGLEWOOD AVE SE @ 460,33.722042,-84.373665,marta
4772,126088,ENGLEWOOD AVE SE @ MAILING AVE SE,33.722032,-84.375635,marta
4773,126092,HILL ST SE @ 1110,33.722652,-84.378494,marta
4774,126094,HILL ST SE @ 1064,33.725305,-84.37849,marta
4775,126096,HILL ST SE @ FARRINGTON AVE,33.726471,-84.378507,marta
4776,126097,HILL ST SE @ TUSKEGEE ST SE,33.728539,-84.378465,marta
4777,126098,CUSTER AVE SE @ BOULEVARD SE,33.717076,-84.367634,marta
4778,126102,CUSTER AVE SE @ 930,33.717089,-84.357496,marta
4779,126104,LAKEWOOD AVE SE @ MILLER REED AVE SE,33.714306,-84.380844,marta
4780,126106,LAKEWOOD AVE SE @ ANNE ST SE,33.713219,-84.380882,marta
4781,126108,LAKEWOOD AVE SE @ ANNE ST SE,33.712952,-84.380554,marta
4782,126120,BOULEVARD SE @ WARMBREEZE RD SE,33.71832,-84.368482,marta
4783,126122,BOULEVARD SE @ ENGLEWOOD AVE SE,33.720791,-84.368397,marta
4784,126123,HILL ST SE @ TUSKEGEE ST SE,33.728467,-84.378552,marta
4785,126124,HILL ST SE @ FARRINGTON AVE,33.726551,-84.378572,marta
4786,126128,ENGLEWOOD AVE @ HILL ST,33.722127,-84.378382,marta
4787,126130,BOULEVARD SE @ ENGLEWOOD AVE SE,33.721507,-84.368571,marta
4788,126132,BOULEVARD SE @ BURROUGHS ST,33.718186,-84.368591,marta
4789,126134,HILL ST SE @ ORMOND ST,33.731399,-84.378474,marta
4790,126136,HILL ST SE @ ATLANTA AVE,33.730239,-84.378466,marta
4791,126142,MCDONOUGH BLVD SE @ ELLEBY RD SE,33.710275,-84.361242,marta
4792,127012,MORELAND AVE SE @ CUSTER AVE SE,33.71575,-84.349631,marta
4793,127016,MORELAND AVE SE @ EASTLAND RD SE,33.719069,-84.349586,marta
4794,127020,MORELAND AVE SE @ UNITED AVE,33.724538,-84.349522,marta
4795,127021,MORELAND AVE @ VICKERS ST,33.721871,-84.3495,marta
4796,127022,UNITED AVE @ MORELAND AVE SE,33.724001,-84.349609,marta
4797,127024,UNITED AVE @ MORELAND AVE SE,33.724236,-84.350021,marta
4798,127033,UNITED AVE @ WOODLAND AVE,33.72528,-84.353065,marta
4799,127034,UNITED AVE @ WOODLAND AVE SE,33.72552,-84.35318,marta
4800,127040,UNITED AVE SE @ UNDERWOOD AVE,33.72664,-84.357185,marta
4801,127044,CUSTER AVE SE @ 1278,33.71582,-84.346379,marta
4802,127046,MORELAND AVE SE @ CUSTER AVE SE,33.716042,-84.349415,marta
4803,127050,MORELAND AVE SE @ EASTLAND RD SE,33.719622,-84.349424,marta
4804,127052,MORELAND AVE SE @ VILLAGE CREEK LNDG,33.722184,-84.349424,marta
4805,127053,MORELAND AVE @ SKY HAVEN RD,33.724377,-84.349349,marta
4806,127056,WOODLAND AVE SE @ WOODLAND CIR SE,33.713509,-84.35302,marta
4807,127058,WOODLAND AVE SE @ CUSTER AVE SE,33.715559,-84.35307,marta
4808,127064,CUSTER AVE SE @ MORELAND AVE SE,33.715596,-84.347891,marta
4809,127068,CUSTER AVE SE @ BENTEEN PARK DR SE,33.717123,-84.361636,marta
4810,127082,CUSTER AVE SE @ WOODLAND AVE SE,33.715711,-84.353236,marta
4811,127084,CUSTER AVE SE @ FUNSTON AVE SE,33.717032,-84.365396,marta
4812,127086,CUSTER AVE SE @ 930,33.716972,-84.358137,marta
4813,128002,FLAT SHOALS RD SE @ FAYETTEVILLE RD,33.72574,-84.322354,marta
4814,128004,FLAT SHOALS RD SE @ 2063,33.724449,-84.320117,marta
4815,128006,FLAT SHOALS RD SE @ KEYSTONE DR,33.723422,-84.318551,marta
4816,128008,BOULDERVIEW DR SE @ 1882,33.704059,-84.31311,marta
4817,128010,BOULDERVIEW DR SE @ ROLLINGWOOD LN,33.704201,-84.316032,marta
4818,128012,ROLLINGWOOD LN SE @ 2796,33.705581,-84.315608,marta
4819,128013,ROLLINGWOOD LN SE @ 2740,33.70708,-84.31498,marta
4820,128016,ROLLINGWOOD LN SE @ 2684,33.708436,-84.313065,marta
4821,128018,ROLLINGWOOD LN SE @ FLINTWOOD DR,33.710155,-84.31225,marta
4822,128020,FLINTWOOD DR SE @ FLAGSTONE DR,33.71035,-84.31503,marta
4823,128022,VICKI LN SE @ FLAGSTONE DR,33.711247,-84.31501,marta
4824,128024,VICKI LN SE @ 1897,33.71109,-84.31281,marta
4825,128026,WELLAND AVE SE @ BRANNEN RD SE,33.715436,-84.311956,marta
4826,128028,BRANNEN RD SE @ BOULDER RD SE,33.715526,-84.313532,marta
4827,128030,BRANNEN RD SE @ 2190,33.715052,-84.315433,marta
4828,128032,BRANNEN RD SE @ 2154,33.71506,-84.31747,marta
4829,128034,BRANNEN RD SE @ FLAGSTONE DR SE,33.71483,-84.31927,marta
4830,128036,BRANNEN RD SE @ ROCKCLIFF RD SE,33.714801,-84.320594,marta
4831,128038,BRANNEN RD SE @ DIANNE CT SE,33.715348,-84.323213,marta
4832,128042,BRANNEN RD SE @ CECILIA DR SE,33.717424,-84.325843,marta
4833,128048,BOULDERCREST DR SE @ FAYETTEVILLE RD SE,33.719403,-84.330026,marta
4834,128050,BOULDERCREST DR SE @ SMITH ST SE,33.72147,-84.331417,marta
4835,128052,BOULDERCREST DR SE @ MARY DELL DR SE,33.722777,-84.331939,marta
4836,128054,BOULDERCREST DR SE @ WAINWRIGHT DR SE,33.723833,-84.332178,marta
4837,128056,BOULDERCREST DR SE @ LOCHLAND RD SE,33.725364,-84.332504,marta
4838,128058,BOULDERCREST DR SE @ SMITH ST SE,33.721631,-84.331624,marta
4839,128060,BOULDERCREST DR SE @ SARGENT AVE SE,33.72061,-84.33093,marta
4840,128062,CECILIA DR SE @ BOULDERCREST RD SE,33.717097,-84.329347,marta
4841,128064,BRANNEN RD SE @ ROCKCLIFF RD SE,33.714739,-84.320681,marta
4842,128068,BRANNEN RD SE @ FLAGSTONE DR SE,33.71455,-84.31961,marta
4843,128070,ROLLINGWOOD LN SE @ FLINTWOOD DR SE,33.710012,-84.31237,marta
4844,128074,BOULDERCREST RD SE @ 2000,33.698098,-84.324322,marta
4845,128078,BOULDERCREST RDSE @ MARY LOU LN SE,33.70273,-84.326348,marta
4846,128082,BOULDERCREST RD @ GATES DR SE,33.707784,-84.328733,marta
4847,128084,BOULDERCREST RD SE @ SUGAR MILL DR,33.709842,-84.330037,marta
4848,128086,BOULDERCREST RD SE @ BOULDERWOODS DR,33.71089,-84.32958,marta
4849,128088,BOULDERCREST RD SE @ FOXHALL LN SE,33.712376,-84.329352,marta
4850,128092,BOULDERCREST RD SE @ 1470,33.714864,-84.329711,marta
4851,128094,BOULDERCREST RD SE @ CECILIA DR SE,33.716449,-84.329841,marta
4852,128104,EASTLAND RD SE @ GLYNN DR SE,33.718739,-84.33728,marta
4853,128108,EASTLAND RD SE @ MCKENZIE TRCE SE,33.718516,-84.338948,marta
4854,128110,CUSTER AVE SE @ EASTLAND RD SE,33.718533,-84.340599,marta
4855,128112,CUSTER AVE SE @ 1410,33.718345,-84.341469,marta
4856,128114,CUSTER AVE SE @ 1378,33.71736,-84.343001,marta
4857,128128,FLAT SHOALS RD SE @ KEYSTONE DR,33.723377,-84.318268,marta
4858,128130,FLAT SHOALS RD @ 2051,33.724917,-84.320735,marta
4859,128132,FLAT SHOALS RD SE @ FAYETTEVILLE RD,33.725839,-84.322398,marta
4860,128134,CUSTER AVE SE @ 1278,33.715704,-84.346184,marta
4861,128136,CUSTER AVE SE @ 1403,33.717226,-84.343033,marta
4862,128138,CUSTER AVE SE @ THE MANOR,33.718166,-84.341566,marta
4863,128142,EASTLAND RD SE @ FLATWOOD DR SE,33.71839,-84.339024,marta
4864,128144,EASTLAND RD SE @ GLYNN DR SE,33.718587,-84.337665,marta
4865,128146,EASTLAND RD SE @ HAZEL DR SE,33.718632,-84.335112,marta
4866,128151,BOULDERCREST DR SE @ FAYETTEVILLE RD SE,33.719269,-84.330111,marta
4867,128152,BOULDERCREST RD SE @ 1504,33.713092,-84.329396,marta
4868,128153,BOULDERCREST RD @ CECILIA DR,33.71668,-84.32996,marta
4869,128158,BOULDERCREST RD SE @ 2000,33.69798,-84.324638,marta
4870,128169,VICKI LN SE @ FLAGSTONE DR SE,33.711319,-84.31476,marta
4871,128170,FLINTWOOD DR SE @ ROCKCLIFF RD SE,33.710254,-84.313793,marta
4872,128176,BOULDERCREST RD @ TOWN COUNTRY DR,33.709932,-84.330091,marta
4873,128184,BOULDERCREST RD @ 1470,33.714972,-84.32982,marta
4874,128186,BOULDERCREST RD @ MARY LOU LN,33.702565,-84.326418,marta
4875,128190,CECILIA DR SE @ BOULDERCREST RD SE,33.717245,-84.329831,marta
4876,128192,BOULDERCREST DR SE @ ORANGE BLOSSOM TER SE,33.723055,-84.332113,marta
4877,128196,BOULDERCREST RD SE @ GATES DR SE,33.708204,-84.329352,marta
4878,129002,SOMBRERO WAY SE @ HORSESHOE DR SE,33.697909,-84.30983,marta
4879,129005,WHITES MILL RD @ BRANDENBERRY DR,33.709006,-84.294562,marta
4880,129008,WEE KIRK RD SE @ GRESHAM RD SE,33.700881,-84.307891,marta
4881,129010,GRESHAM RD SE @ 2926,33.703235,-84.307699,marta
4882,129012,GRESHAM RD SE @ TALLY HO DR SE,33.704363,-84.30834,marta
4883,129014,BOULDERVIEW DR SE @ SAHARA DR,33.705375,-84.311295,marta
4884,129016,GRESHAM RD SE @ ZANE GREY DR,33.705706,-84.308763,marta
4885,129018,BOULDERVIEW DR SE @ HORSESHOE DR SE,33.706762,-84.3096,marta
4886,129022,VICKI LN SE @ GRESHAM RD,33.711468,-84.309954,marta
4887,129050,FLAT SHOALS RD @ REXFORD DR,33.713869,-84.304763,marta
4888,129060,FLAT SHOALS RD @ FLAT SHOALS TER,33.713878,-84.304905,marta
4889,129064,FLAT SHOALS RD @ CLIFTON CHURCH RD SE,33.706599,-84.29993,marta
4890,129066,CLIFTON SPRINGS RD @ CLIFTON CHURCH,33.700852,-84.300247,marta
4891,129094,CLIFTON CHURCH RD @ GRESHAM RD,33.697514,-84.302204,marta
4892,129096,GRESHAM RD SE @ COTTONWOOD DR,33.698074,-84.304374,marta
4893,129098,CORRAL DR SE @ GRESHAM RD SE,33.698893,-84.306223,marta
4894,129100,CORRAL DR SE @ SOMBRERO WAY SE,33.697716,-84.306931,marta
4895,129107,HORSESHOE DR SE @ APACHE TRL SE,33.69893,-84.30991,marta
4896,129120,TILSON RD @ CRANBROOKE DR,33.722281,-84.294731,marta
4897,129122,TILSON RD @ DAWN DR,33.721485,-84.295644,marta
4898,129124,TILSON RD @ WALLINGFORD DR,33.719661,-84.298698,marta
4899,129126,TILSON RD @ MARK TRL,33.719418,-84.301784,marta
4900,129152,2ND AVE @ TRAILWOOD RD,33.725963,-84.307879,marta
4901,129164,TILSON RD @ WALLINGFORD DR,33.719532,-84.298706,marta
4902,129166,TILSON RD @ DAWN DR,33.721035,-84.295929,marta
4903,129168,TILSON RD @ FAIR LN,33.7222,-84.294698,marta
4904,129169,TILSON RD @ TYLER WAY,33.723107,-84.2939,marta
4905,129180,CANDLER RD @ 2365,33.721336,-84.277245,marta
4906,129182,2ND AVE @ LONGDALE DR,33.72607,-84.307998,marta
4907,129186,2ND AVE @ JOSEPH CT,33.723895,-84.307977,marta
4908,129190,TILSON RD @ STARLINE DR,33.726031,-84.292436,marta
4909,129192,TILSON RD @ BIXLER CIR,33.726246,-84.292436,marta
4910,129198,TILSON RD @ TILSON CIR,33.723749,-84.293839,marta
4911,129202,TILSON RD @ TILSON RIDGE LN,33.719167,-84.301274,marta
4912,129204,TILSON RD @ 2095,33.719929,-84.304827,marta
4913,129206,TILSON RD @ 2128,33.720001,-84.304686,marta
4914,129212,2ND AVE @ 2319,33.721962,-84.307823,marta
4915,129214,2ND AVE @ EAST DR,33.723228,-84.30777,marta
4916,129218,CANDLER RD @ WHITES MILL RD,33.725606,-84.279146,marta
4917,129220,CANDLER RD @ ELLEN WAY,33.724265,-84.27852,marta
4918,129222,CANDLER RD @ TONEY DR,33.722562,-84.27767,marta
4919,129226,CANDLER RD @ TONEY DR,33.722401,-84.27726,marta
4920,129228,CANDLER RD @ ELLEN WAY,33.724352,-84.278364,marta
4921,129230,CANDLER RD @ OUSLEY CT,33.721515,-84.277023,marta
4922,129236,CANDLER RD @ WHITES MILL RD,33.725777,-84.278931,marta
4923,129240,BULL RUN DR @ BATTLE FORREST DR,33.702732,-84.287869,marta
4924,129242,BATTLE FORREST DR @ SHILOH DR,33.704815,-84.289686,marta
4925,129244,BATTLE FORREST DR @ FLAT SHOALS RD,33.705872,-84.290065,marta
4926,129246,FLAT SHOALS RD @ BATTLECREST DR,33.70569,-84.29205,marta
4927,129250,FLAT SHOALS RD @ NORMA CIR,33.706039,-84.29528,marta
4928,129282,WHITES MILL RD @ TERRATIM LN,33.70693,-84.296258,marta
4929,129284,WHITES MILL RD @ NORMA CIR,33.707932,-84.295584,marta
4930,129286,WHITES MILL RD @ MILLS BND,33.709328,-84.294073,marta
4931,129292,WHITES MILL RD @ TREGONEY DR,33.711581,-84.291539,marta
4932,129293,BATTLE FORREST DR @ MANASSAS LN,33.704473,-84.289728,marta
4933,129294,WHITES MILL RD @ HABITAT WAY,33.711333,-84.291917,marta
4934,129296,WHITES MILL RD @ FLAT SHOALS RD,33.706339,-84.296454,marta
4935,129298,WHITES MILL RD @ FLAT SHOALS RD,33.70617,-84.29668,marta
4936,129952,FLAT SHOALS RD @ BATTLECREST DR,33.70547,-84.292,marta
4937,129956,FLAT SHOALS RD @ SHAWN WAYNE CT,33.720314,-84.312047,marta
4938,129958,FLAT SHOALS RD @ SHAWN WAYNE CT,33.720239,-84.311453,marta
4939,129960,FLAT SHOALS RD @ WOODCASTLE LN,33.721354,-84.314574,marta
4940,130002,KENNARD LN @ GREEN FORREST DR,33.726035,-84.259345,marta
4941,130004,GREEN FORREST DR @ GAY DR,33.722749,-84.258989,marta
4942,130032,GREEN FORREST DR @ BELLGREEN WAY,33.723743,-84.259303,marta
4943,130034,GREEN FORREST DR @ 2313,33.72198,-84.259294,marta
4944,130036,GREEN FORREST DR @ GLENDALE DR,33.721606,-84.263369,marta
4945,130038,GREEN FORREST DR @ GAY DR,33.721718,-84.262034,marta
4946,130040,GLENDALE DR @ 2246,33.72342,-84.26319,marta
4947,130042,GLENDALE DR @ GLENDALE CT,33.725044,-84.263508,marta
4948,130044,GLENDALE DR @ 2158,33.72664,-84.263171,marta
4949,130050,RAINBOW WAY @ CANDLER RD,33.71137,-84.271179,marta
4950,130052,CANDLER RD @ WINSTON MANOR DR,33.716751,-84.274522,marta
4951,130054,CANDLER RD @ EASTWYCK RD,33.715623,-84.273708,marta
4952,130058,CANDLER RD @ RAINBOW DR,33.709606,-84.271962,marta
4953,130062,CANDLER RD @ S RAINBOW DR,33.70667,-84.271997,marta
4954,130064,CANDLER RD @ FLAT SHOALS RD,33.705121,-84.271422,marta
4955,130070,CANDLER RD @ VALLEY RIDGE DR,33.719625,-84.276367,marta
4956,130076,CANDLER RD @ WARREN RD,33.704745,-84.271183,marta
4957,130080,FLAT SHOALS RD @ FAIRLAKE DR,33.702426,-84.269425,marta
4958,130084,PANTHERSVILLE RD @ 2929,33.700233,-84.270437,marta
4959,130086,CANDLER RD @ S RAINBOW DR,33.706799,-84.271774,marta
4960,130088,CANDLER RD @ RAINBOW DR,33.709669,-84.271854,marta
4961,130090,CANDLER RD @ RAINBOW WAY,33.711256,-84.271464,marta
4962,130092,CANDLER RD @ EASTWYCK RD,33.71526,-84.273193,marta
4963,130094,CANDLER RD @ WINSTON MANOR DR,33.716381,-84.273956,marta
4964,130096,CANDLER RD @ MISTY WATERS DR,33.718143,-84.275124,marta
4965,130098,CANDLER RD @ VALLEY RIDGE DR,33.719725,-84.276183,marta
4966,130100,PANTHERSVILLE RD @ FLAT SHOALS RD,33.701649,-84.269608,marta
4967,130102,PANTHERSVILLE RD @ 2929,33.700752,-84.270363,marta
4968,130104,RAINBOW DR @ KINGS PARK CIR,33.709295,-84.244115,marta
4969,130106,RAINBOW DR @ KNOLLVIEW DR,33.70945,-84.24538,marta
4970,130108,RAINBOW DR @ STARDUST TRL,33.710004,-84.247613,marta
4971,130112,RAINBOW DR @ COLUMBIA DR,33.711852,-84.252631,marta
4972,130114,RAINBOW DR @ DA VINCI BLVD,33.711881,-84.256304,marta
4973,130116,RAINBOW DR @ 3181,33.711005,-84.25939,marta
4974,130117,RAINBOW DR @ RAINBOW CIR,33.709771,-84.261663,marta
4975,130118,RAINBOW DR @ DASH LEWIS DR,33.709747,-84.266975,marta
4976,130120,RAINBOW DR @ 2958,33.709784,-84.269213,marta
4977,130122,RAINBOW DR @ CANDLER RD,33.709898,-84.271122,marta
4978,130124,COLUMBIA DR @ OREGON TRL,33.725815,-84.251193,marta
4979,130126,COLUMBIA DR @ WOODS DR,33.723534,-84.251343,marta
4980,130128,COLUMBIA DR @ COLUMBIA CT,33.721787,-84.251698,marta
4981,130134,COLUMBIA DR @ COLUMBIA CROSSING DR,33.714179,-84.252567,marta
4982,130136,COLUMBIA DR @ ABBEYWOOD DR,33.713201,-84.25257,marta
4983,130140,COLUMBIA DR @ STARDUST CIR,33.708279,-84.2527,marta
4984,130142,COLUMBIA DR @ STARDUST CIR,33.705658,-84.25276,marta
4985,130144,COLUMBIA DR @ EXCHANGE TRL,33.703869,-84.252749,marta
4986,130146,COLUMBIA DR @ NEWBERRY DOWNS LN,33.700285,-84.251677,marta
4987,130148,COLUMBIA DR @ COLUMBIA PKWY,33.699062,-84.251634,marta
4988,130156,COLUMBIA DR @ COLUMBIA PKWY,33.698581,-84.251474,marta
4989,130158,COLUMBIA DR @ NEWBERRY DOWNS LN,33.700098,-84.251501,marta
4990,130160,COLUMBIA DR @ TRALYN CT,33.703545,-84.252487,marta
4991,130162,COLUMBIA DR @ STARDUST CIR,33.70578,-84.252571,marta
4992,130164,COLUMBIA DR @ STARDUST CIR,33.708104,-84.252535,marta
4993,130166,COLUMBIA DR @ RAINBOW DR,33.71156,-84.252426,marta
4994,130168,COLUMBIA DR @ COLUMBIA CROSSING DR,33.714272,-84.252235,marta
4995,130169,COLUMBIA DR @ COLUMBIA WOODS DR,33.718166,-84.25228,marta
4996,130178,RAINBOW DR @ CANDLER RD,33.709725,-84.271184,marta
4997,130180,RAINBOW DR @ 2958,33.709713,-84.269268,marta
4998,130182,RAINBOW DR @ DASH LEWIS DR,33.709667,-84.266725,marta
4999,130184,RAINBOW DR @ DA VINCI BLVD,33.711711,-84.257032,marta
5000,130185,RAINBOW DR @ COMET CIR,33.71103,-84.25024,marta
5001,130186,RAINBOW DR @ COLUMBIA DR,33.711762,-84.252555,marta
5002,130187,RAINBOW DR @ COMET CIR,33.710902,-84.250166,marta
5003,130188,RAINBOW DR @ KNOLLVIEW DR,33.709376,-84.245506,marta
5004,130189,RAINBOW DR @ RAINBOW RIDGE RD,33.709223,-84.244235,marta
5005,130191,RAINBOW DR @ RAINBOW FOREST DR,33.709244,-84.242237,marta
5006,130193,RAINBOW DR @ KINGS PARK CIR,33.709498,-84.239823,marta
5007,130194,COLUMBIA DR @ WOODS DR,33.723339,-84.251605,marta
5008,130196,COLUMBIA DR @ COLUMBIA WOODS DR,33.718485,-84.252419,marta
5009,130198,SOUTH DEKALB MALL (MACY'S),33.709874,-84.272898,marta
5010,130200,SOUTH DEKALB MALL (PICADILLY),33.708133,-84.273011,marta
5011,130208,COLUMBIA DR @ CASA LINDA DR,33.722055,-84.251781,marta
5012,130214,CANDLER RD @ H F SHEPHERD DR,33.711685,-84.271767,marta
5013,130218,RAINBOW DR @ 3260,33.711765,-84.257336,marta
5014,130220,RAINBOW DR @ RAINBOW CIR,33.709941,-84.261477,marta
5015,130222,COLUMBIA DR @ OREGON TRL,33.72569,-84.251358,marta
5016,130224,RAINBOW DR @ STARDUST TRL,33.709953,-84.247921,marta
5017,130226,COLUMBIA DR @ RAINBOW DR,33.710948,-84.252613,marta
5018,131002,SNAPFINGER WOODS DR @ GOLF VISTA CIR,33.710083,-84.208084,marta
5019,131005,WESLEY CHAPEL RD @ SNAPFINGER WOODS DR,33.716374,-84.215246,marta
5020,131010,SNAPFINGER RD @ WESLEY CHAPEL RD,33.706133,-84.217205,marta
5021,131014,PLEASANTWOOD DR @ PLEASANT POINT DR,33.708539,-84.214289,marta
5022,131020,RAINBOW DR @ SNAPFINGER RD,33.7071,-84.220128,marta
5023,131022,RAINBOW DR @ KELLEY CHAPEL RD,33.707279,-84.223865,marta
5024,131024,RAINBOW DR @ SHADOWBROOK DR,33.707511,-84.225801,marta
5025,131026,RAINBOW DR @ CHERYLTON CT,33.707896,-84.228572,marta
5026,131028,RAINBOW DR @ RAINBOW PKWY,33.708208,-84.230334,marta
5027,131030,RAINBOW DR @ COCKLEBUR RD,33.70838,-84.23424,marta
5028,131032,RAINBOW DR @ WHIRLAWAY DR,33.709039,-84.237412,marta
5029,131034,RAINBOW DR @ KINGS PARK CIR,33.709596,-84.240062,marta
5030,131036,RAINBOW DR @ RAINBOW FOREST DR,33.709401,-84.242018,marta
5031,131040,SNAPFINGER RD @ GREENTREE DR,33.726815,-84.235121,marta
5032,131042,SNAPFINGER RD @ NORTHSTRAND DR,33.724021,-84.233755,marta
5033,131046,SNAPFINGER RD @ 1948,33.721552,-84.231175,marta
5034,131048,SNAPFINGER RD @ EMERALD FALLS DR,33.720409,-84.230085,marta
5035,131050,SNAPFINGER RD @ SNAPFINGER CIR,33.718395,-84.228491,marta
5036,131052,SNAPFINGER RD @ TIFFANY DR,33.715345,-84.225623,marta
5037,131054,SNAPFINGER WOODS DR @ SNAPFINGER RD,33.714422,-84.224346,marta
5038,131056,SNAPFINGER WOODS DR @ WESLEY CHAPEL,33.715095,-84.216877,marta
5039,131058,WESLEY CHAPEL RD @ 2552,33.713351,-84.216504,marta
5040,131060,RAINBOW DR @ CLOUD LN,33.7081,-84.23259,marta
5041,131062,RAINBOW DR @ SNAPFINGER RD,33.70694,-84.220197,marta
5042,131075,SNAPFINGER RD @ AUSTIN DR,33.727522,-84.23565,marta
5043,131076,SNAPFINGER RD @ ELKRIDGE DR,33.725762,-84.234844,marta
5044,131077,SNAPFINGER RD @ TIFFANY DR,33.715376,-84.225823,marta
5045,131078,SNAPFINGER RD @ TITAN RIDGE DR,33.724149,-84.233969,marta
5046,131080,SNAPFINGER WOODS DR @ 4185,33.714487,-84.220206,marta
5047,131084,WESLEY CHAPEL RD @ RIVERWOOD CIR,33.722388,-84.214499,marta
5048,131086,WESLEY CHAPEL RD @ WESLEY MEADOWDS DR,33.725322,-84.213972,marta
5049,131088,WESLEY CHAPEL RD @ CANBY LN,33.724754,-84.214188,marta
5050,131090,WESLEY CHAPEL RD @ WESLEY HALL DR,33.722277,-84.214696,marta
5051,131092,WESLEY CHAPEL RD @ WINGFOOT PL,33.720039,-84.215469,marta
5052,131094,WESLEY CHAPEL RD @ S HAIRSTON RD,33.717652,-84.215569,marta
5053,131129,RAINBOW DR @ CLOUD LN,33.708346,-84.232436,marta
5054,131130,SNAPFINGER WOODS DR @ FRIENDLY HEIGHTS BLVD,33.710219,-84.20295,marta
5055,131133,SNAPFINGER WOODS DR @ FRIENDLY HILLS DR,33.710108,-84.203869,marta
5056,131136,SNAPFINGER RD @ GREENTREE DR,33.726646,-84.235196,marta
5057,131138,SNAPFINGER RD @ 1939,33.721632,-84.231433,marta
5058,131144,SNAPFINGER WOODS DR @ WESLEY CHAPEL RD,33.714891,-84.216887,marta
5059,131148,SNAPFINGER WOODS DR @ 4150,33.714692,-84.220231,marta
5060,131150,SNAPFINGER RD @ EMERALD FALLS DR,33.720538,-84.230326,marta
5061,131152,SNAPFINGER RD @ ELKRIDGE DR,33.725634,-84.234687,marta
5062,131154,SNAPFINGER WOODS DR @ GOLF VISTA CIR,33.71003,-84.208353,marta
5063,131156,SNAPFINGER WOODS DR @ E WESLEY CHAPEL WAY,33.710993,-84.209931,marta
5064,131158,PLEASANTWOOD DR @ SNAPFINGER RD,33.705179,-84.214286,marta
5065,131162,SNAPFINGER RD @ SNAPFINGER CIR,33.718553,-84.228808,marta
5066,131166,WESLEY CHAPEL RD @ S HAIRSTON RD,33.719178,-84.215274,marta
5067,131172,RAINBOW DR @ SHADOWBROOK DR,33.707189,-84.225783,marta
5068,131174,RAINBOW DR @ COCKLEBUR RD,33.708096,-84.234857,marta
5069,132002,SNAPFINGER WOODS DR @ 5330,33.709425,-84.171625,marta
5070,132004,SNAPFINGER WOODS DR @ PARK CENTRAL BLVD,33.709427,-84.173529,marta
5071,132006,SNAPFINGER WOODS DR @ 5068,33.711048,-84.179319,marta
5072,132008,SNAPFINGER WOODS DR @ MILLER RD (W),33.71131,-84.184263,marta
5073,132010,SNAPFINGER WOODS DR @ SHELL BARK RD,33.711342,-84.190103,marta
5074,132012,SNAPFINGER WOODS DR @ QUAIL RUN,33.71131,-84.192715,marta
5075,132020,COVINGTON HWY @ MILLER RD,33.72575,-84.181828,marta
5076,132022,COVINGTON HWY @ MILLER RD,33.725868,-84.182367,marta
5077,132024,COVINGTON HWY @ 5816,33.72432,-84.17856,marta
5078,132026,COVINGTON HWY @ THICKET WAY,33.724612,-84.178592,marta
5079,132028,COVINGTON HWY @ SCARBROUGH DR,33.72399,-84.175213,marta
5080,132030,COVINGTON HWY @ SCARBROUGH DR,33.724203,-84.175797,marta
5081,132032,COVINGTON HWY @ PARK CENTRAL BLVD,33.723906,-84.173399,marta
5082,132048,SNAPFINGER WOODS DR @ QUAIL RUN,33.711244,-84.193023,marta
5083,132050,SNAPFINGER WOODS DR @ SHELLBARK RD,33.711195,-84.189863,marta
5084,132052,SNAPFINGER WOODS DR @ TREECREST PKWY,33.711179,-84.188002,marta
5085,132054,SNAPFINGER WOODS DR @ LITHONIA WAY,33.711165,-84.18441,marta
5086,132056,SNAPFINGER WOODS DR @ MILLER RD,33.710918,-84.17934,marta
5087,132058,SNAPFINGER WOODS DR @ EASTERLY PL,33.709325,-84.175708,marta
5088,132062,MILLER RD @ PANOLA INDUSTRIAL BLVD,33.706657,-84.181095,marta
5089,132064,MILLER RD @ PANOLA INDUSTRIAL BLVD,33.706424,-84.181116,marta
5090,132080,MILLER RD @ SNAPFINGER WOODS DR,33.71019,-84.180314,marta
5091,132082,MILLER RD @ SNAPFINGER WOODS DR,33.709838,-84.180358,marta
5092,132106,SNAPFINGER WOODS DR @ MILLER RD (E),33.711317,-84.182176,marta
5093,132114,SNAPFINGER WOODS DR @ MILLER RD,33.711123,-84.180977,marta
5094,132116,SNAPFINGER WOODS DR @ TREECREST PKWY,33.711368,-84.187757,marta
5095,132118,SNAPFINGER WOODS DR @ PARK CENTRAL B,33.709283,-84.173904,marta
5096,132120,SNAPFINGER WOODS DR @ LANTRAC CT,33.709434,-84.175951,marta
5097,133002,SNAPFINGER WOODS DR @ PANOLA RD,33.709277,-84.170494,marta
5098,133004,SNAPFINGER WOODS DR @ PANOLA RD,33.708838,-84.168469,marta
5099,133006,PANOLA RD @ PANOLA INDUSTRIAL BLVD,33.707134,-84.169258,marta
5100,133008,PANOLA RD @ SNAPFINGER PARK DR,33.705357,-84.169937,marta
5101,133014,FAIRINGTON RD @ TIBURON DR,33.702407,-84.149893,marta
5102,133015,FAIRINGTON RD @ CHUPP WAY,33.701894,-84.147674,marta
5103,133018,FAIRINGTON RD @ WALMART DR,33.701315,-84.170042,marta
5104,133020,HILLANDALE DR @ 6136,33.705959,-84.140274,marta
5105,133022,HILLANDALE DR @ SOMERSET PKWY,33.705636,-84.142776,marta
5106,133028,FAIRINGTON RD @ TIBURON DR,33.702395,-84.149498,marta
5107,133029,FAIRINGTON RD @ CHUPP WAY,33.702009,-84.148159,marta
5108,133030,FAIRINGTON RD @ WILLOWICK DR,33.702866,-84.155375,marta
5109,133038,PANOLA RD @ HILLANDALE PARK CT,33.705078,-84.169656,marta
5110,133040,PANOLA RD @ HILLANDALE DR,33.707488,-84.168748,marta
5111,133042,SNAPFINGER WOODS DR @ PANOLA RD,33.709088,-84.168601,marta
5112,133044,PANOLA RD @ 2944,33.702059,-84.17092,marta
5113,133046,COVINGTON HWY @ PARK CENTRAL BLVD,33.72405,-84.17302,marta
5114,133049,COVINGTON HWY @ 6038,33.723552,-84.170262,marta
5115,133050,COVINGTON HWY @ PANOLA RD,33.72324,-84.16861,marta
5116,133052,COVINGTON HWY @ 6049,33.72332,-84.17033,marta
5117,133064,COVINGTON HWY @ GLEN BRIAR WAY,33.721839,-84.162025,marta
5118,133066,COVINGTON HWY @ GLEN BRIAR WAY,33.722291,-84.162905,marta
5119,133081,COVINGTON HWY @ COVE LAKE RD,33.719481,-84.15417,marta
5120,133083,COVINGTON HWY @ DEKALB MEDICAL PKWY,33.717492,-84.146101,marta
5121,133085,COVINGTON HWY @ WOODCREST WALK,33.716996,-84.141248,marta
5122,133087,COVINGTON HWY @ HILLVALE RD (E),33.716458,-84.135394,marta
5123,133091,COVINGTON HWY @ LITHONIA WEST DR,33.716112,-84.127601,marta
5124,133095,COVINGTON HWY @ PHILLIPS RD,33.716441,-84.128882,marta
5125,133097,COVINGTON HWY @ WELLINGTON CIR,33.716719,-84.136274,marta
5126,133099,COVINGTON HWY @ WOODCREST WALK,33.717136,-84.141911,marta
5127,133111,COVINGTON HWY @ PANOLA RD,33.72259,-84.16517,marta
5128,133115,COVINGTON HWY @ 6835,33.717063,-84.139471,marta
5129,133124,COVINGTON HWY @ CRAGSTONE CT,33.71656,-84.13321,marta
5130,133126,COVINGTON HWY @ CRAGSTONE CT,33.716348,-84.13352,marta
5131,133128,FAIRINGTON RD @ FAIRINGTON PKWY,33.702882,-84.165013,marta
5132,133130,FAIRINGTON RD @ WALMART DR,33.701975,-84.169401,marta
5133,133136,EMORY HILLANDALE HOSPITAL (5910),33.705027,-84.148418,marta
5134,133138,COVINGTON HWY @ LITHONIA INDUSTRIAL BLVD,33.714083,-84.124105,marta
5135,133140,COVINGTON HWY @ LITHONIA INDUSTRIAL BLVD,33.714556,-84.124925,marta
5136,133142,COVINGTON HWY @ WELLINGTON CHASE CT,33.716092,-84.126745,marta
5137,133144,COVINGTON HWY @ STRATHMOOR MANOR DR,33.720954,-84.158111,marta
5138,133146,COVINGTON HWY @ PHILLIPS RD,33.71626,-84.12965,marta
5139,133148,COVINGTON HWY @ CHUPP RD,33.707492,-84.115616,marta
5140,133150,COVINGTON HWY @ STRATHMOOR MANOR DR,33.720579,-84.157518,marta
5141,133152,COVINGTON HWY @ 7295,33.712047,-84.1223,marta
5142,133154,FAIRINGTON RD @ WALDEN BROOK DR,33.702765,-84.160217,marta
5143,133156,FAIRINGTON RD @ WALDEN BROOK DR,33.702918,-84.157892,marta
5144,133158,COVINGTON HWY @ 7290,33.712443,-84.122377,marta
5145,134001,COVINGTON HWY @ DEKALB MEDICAL PKWY,33.717555,-84.144972,marta
5146,134003,COVINGTON HWY @ WELLBORN RD,33.719769,-84.154564,marta
5147,134004,HILLANDALE DR @ LITHONIA INDUSTRIAL,33.706882,-84.130598,marta
5148,134005,COVINGTON HWY @ PANOLA RD,33.722821,-84.165247,marta
5149,134010,EVANS MILL RD @ 2746,33.704561,-84.114892,marta
5150,134013,S STONE MOUNTAIN LITHONIA RD @ 2843,33.72237,-84.10963,marta
5151,134014,MAIN ST @ KLONDIKE RD,33.70916,-84.110551,marta
5152,134015,S STONE MOUNTAIN LITHONIA RD @ 2843,33.72227,-84.10948,marta
5153,134016,MAX CLELAND BLVD @ BOND ST,33.710861,-84.108714,marta
5154,134020,SWIFT ST @ MAIN ST,33.712714,-84.106358,marta
5155,134036,MAIN ST @ REAGIN ST,33.708375,-84.112302,marta
5156,134038,EVANS MILL RD @ COVINGTON HWY,33.706159,-84.11422,marta
5157,134040,EVANS MILL RD @ DAVIDSON DR,33.704463,-84.115186,marta
5158,134042,EVANS MILL RD @ DAVIDSON DR,33.70351,-84.11556,marta
5159,134050,OLD HILLANDALE DR @ LITHONIA INDUSTRIAL,33.704124,-84.130615,marta
5160,134052,HILLANDALE DR @ HILLANDALE PARK DR,33.705544,-84.13529,marta
5161,134056,STONE MOUNTAIN ST @ IDA ST,33.716031,-84.107864,marta
5162,134058,STONE MOUNTAIN ST @ TRIBBLE ST,33.718202,-84.108157,marta
5163,134064,STONE MOUNTAIN ST @ TRIBBLE ST,33.718349,-84.108276,marta
5164,134066,STONE MOUNTAIN ST @ IDA ST,33.715654,-84.107979,marta
5165,134078,HILLANDALE DR @ 6170,33.706063,-84.137684,marta
5166,134080,EVANS MILL RD @ HILLANDALE DR,33.702402,-84.115936,marta
5167,134084,HILLANDALE DR @ 6170,33.705882,-84.138771,marta
5168,134088,MALL AT STONECREST,33.698937,-84.099228,marta
5169,134090,MALL PKWY @ EVANS MILL RD,33.699248,-84.117083,marta
5170,134092,MALL PKWY @ EVANS MILL RD,33.699468,-84.117169,marta
5171,134094,COVINGTON HWY @ LAYTON DR,33.709114,-84.118098,marta
5172,134096,COVINGTON HWY @ LAYTON DR,33.70909,-84.117688,marta
5173,134102,EVANS MILL RD @ DAVIDSON DR,33.707553,-84.113174,marta
5174,134104,MAIN ST @ REAGIN ST,33.708223,-84.112357,marta
5175,134106,S STONE MOUNTAIN LITHONIA RD @ MARBUT RD,33.726689,-84.110985,marta
5176,134110,MALL PKWY @ KLONDIKE RD,33.698472,-84.108563,marta
5177,134112,MALL PKWY @ KLONDIKE RD,33.698657,-84.107984,marta
5178,134114,STONE MOUNTAIN ST @ COLLEGE AVE,33.713712,-84.108188,marta
5179,134116,STONE MOUNTAIN ST @ COLLEGE AVE,33.713691,-84.10807,marta
5180,136002,LANGSTON AVE SW @ KATHERWOOD DR SW,33.70998,-84.422815,marta
5181,136004,LANGSTON AVE SW @ HARTE DR SW,33.708076,-84.422081,marta
5182,136006,LANGSTON AVE SW @ VICTORY DR SW,33.706988,-84.42126,marta
5183,136008,LANGSTON AVE SW @ BIRCH ST SW,33.705494,-84.420761,marta
5184,136010,LANGSTON AVE SW @ BIRCH ST SW,33.705605,-84.420486,marta
5185,136012,LANGSTON AVE SW @ SYLVAN PL SW,33.704321,-84.419404,marta
5186,136014,LANGSTON AVE SW @ SYLVAN RD SW,33.702071,-84.418296,marta
5187,136016,SYLVAN RD SW @ ASTOR AVE SW,33.701526,-84.418341,marta
5188,136033,SYLVAN RD SW @ BRIDGEWATER ST SW,33.702832,-84.418101,marta
5189,136036,SYLVAN RD SW @ SYLVAN PL SW,33.705147,-84.418159,marta
5190,136038,SYLVAN RD SW @ MELROSE DR SW,33.706099,-84.418138,marta
5191,136042,SYLVAN RD SW @ WOODBOURNE DR SW,33.709873,-84.418121,marta
5192,136043,SYLVAN RD SW @ VICTORY DR SW,33.707719,-84.418129,marta
5193,136046,SYLVAN RD SW @ KATHERWOOD DR SW,33.71121,-84.418209,marta
5194,136048,SYLVAN RD SW @ WOODBOURNE DR SW,33.710172,-84.418197,marta
5195,136050,SYLVAN RD SW @ HARTE DR SW,33.709214,-84.418207,marta
5196,136052,SYLVAN RD SW @ VICTORY DR SW,33.707827,-84.418205,marta
5197,136056,SYLVAN RD SW @ MELROSE DR SW,33.705965,-84.418225,marta
5198,136058,SYLVAN RD SW @ SYLVAN PL SW,33.70498,-84.418245,marta
5199,136062,SYLVAN RD SW @ LANGSTON AVE SW,33.703295,-84.418312,marta
5200,136080,SYLVAN RD SW @ HARTE DR SW,33.709214,-84.41812,marta
5201,136104,ASTOR AVE SW @ 1082,33.701502,-84.423901,marta
5202,136106,ASTOR AVE SW @ BILLUPS ST SW,33.70145,-84.421652,marta
5203,136108,ASTOR AVE SW @ SYLVAN RD SW,33.701092,-84.418526,marta
5204,136110,SYLVAN RD SW @ ESTES DR,33.699314,-84.418098,marta
5205,136116,ASTOR AVE SW @ 1069,33.70157,-84.42391,marta
5206,136124,SYLVAN RD SW @ ESTES DR,33.69941,-84.41843,marta
5207,136132,ASTOR AVE SW @ BILLUPS ST SW,33.701513,-84.421566,marta
5208,136134,ASTOR AVE @ SYLVAN RIDGE DR,33.70148,-84.41946,marta
5209,136140,LANGSTON AVE @ KATHERWOOD DR,33.710168,-84.423149,marta
5210,136142,LANGSTON AVE @ HARTE DR,33.708346,-84.422566,marta
5211,136148,LANGSTON AVE @ VICTORY DR,33.707248,-84.421857,marta
5212,136150,LANGSTON AVE @ SYLVAN PL,33.704272,-84.419614,marta
5213,136901,LAKEWOOD/FT MCPHERSON STATION,33.700649,-84.429541,marta
5214,137008,METROPOLITAN PKWY SW @ CLAIRE DR SW,33.710438,-84.408165,marta
5215,137010,PRYOR RD SW @ HILLTOP DR SW,33.69894,-84.398987,marta
5216,137012,PRYOR RD SW @ LAKEWOOD WAY SW,33.700241,-84.398924,marta
5217,137014,PRYOR RD SW @ ASHWOOD AVE SW,33.705342,-84.398926,marta
5218,137016,ASHWOOD AVE SW @ PICKFAIR WAY SW,33.705253,-84.39933,marta
5219,137020,BOND DR SW @ GIBEN RD SW,33.70564,-84.40127,marta
5220,137022,BOND DR SW @ AMAL DR SW,33.707883,-84.401973,marta
5221,137026,AMAL DR SW @ GIBEN RD SW,33.707446,-84.399115,marta
5222,137028,METROPOLITAN PKWY SW @ MT ZION RD SW,33.672787,-84.408485,marta
5223,137030,METROPOLITAN PKWY SW @ GRAND AVE SW,33.674068,-84.408409,marta
5224,137036,METROPOLITAN PKWY SW @ CLEVELAND AVE S,33.679424,-84.407944,marta
5225,137038,METROPOLITAN PKWY SW @ CLEVELAND AVE S,33.681059,-84.40758,marta
5226,137040,METROPOLITAN PKWY SW @ CONNELL AVE SW,33.682827,-84.4077,marta
5227,137041,METROPOLITAN PKWY SW @ LAKEWOOD AVE SW,33.696988,-84.40792,marta
5228,137042,METROPOLITAN PKWY SW @ LANGSTON DR SW,33.695601,-84.408037,marta
5229,137044,METROPOLITAN PKWY SW @ CASPLAN ST SW (S),33.707047,-84.407948,marta
5230,137048,METROPOLITAN PKWY SW @ CASPLAN ST SW,33.707402,-84.408134,marta
5231,137054,METROPOLITAN PKWY SW @ CLAIRE DR SW,33.710117,-84.407837,marta
5232,137056,METROPOLITAN PKWY SW @ 1577,33.712053,-84.407715,marta
5233,137062,METROPOLITAN PKWY SW @ GRANT ST SW,33.70265,-84.40815,marta
5234,137066,METROPOLITAN PKWY @ SAINT JOHNS AVE S,33.699142,-84.408356,marta
5235,137069,METROPOLITAN PKWY SW @ LAKEWOOD AVE SW,33.697298,-84.408155,marta
5236,137070,PRYOR RD SW @ HILLTOP DR SW,33.699192,-84.399185,marta
5237,137072,LAKEWOOD WAY SW @ PRYOR RD SW,33.700446,-84.39887,marta
5238,137074,METROPOLITAN PKWY @ SAINT JOHNS AVE S,33.698994,-84.407903,marta
5239,137078,METROPOLITAN PKWY @ FAIR DR,33.703148,-84.407921,marta
5240,137082,ATLANTA METRO STATE COLLEGE,33.710334,-84.404126,marta
5241,137090,METROPOLITAN PK @ FAIR DR,33.703547,-84.408148,marta
5242,138002,JONESBORO RD SE @ LETHEA ST SE,33.709336,-84.381146,marta
5243,138004,JONESBORO RD SE @ MARGARET ST SE,33.71132,-84.381996,marta
5244,138005,JONESBORO RD SE @ MOURY AVE SE,33.713116,-84.382532,marta
5245,138006,JONESBORO RD SE @ LETHEA ST SE,33.709497,-84.381342,marta
5246,138008,LAKEWOOD WAY SW @ 215,33.700404,-84.397219,marta
5247,138010,LAKEWOOD WAY SW @ HILLTOP DR SW,33.699717,-84.393364,marta
5248,138012,LAKEWOOD AVE SW @ MACON DR SW,33.699451,-84.391396,marta
5249,138014,LAKEWOOD AVE SW @ 2000,33.700371,-84.388374,marta
5250,138016,LAKEWOOD AVE SW @ LAKEWOOD TERR SE,33.701176,-84.386299,marta
5251,138018,LAKEWOOD AVE SW @ TERRACE WAY SE,33.702579,-84.383904,marta
5252,138020,LAKEWOOD AVE SE @ CONRAD AVE SE,33.703437,-84.382511,marta
5253,138034,PRYOR RD SW @ PRYOR CIR SW,33.709938,-84.393565,marta
5254,138036,PRYOR RD SW @ CLAIRE DR,33.70867,-84.39441,marta
5255,138038,PRYOR RD SW @ AMAL DR,33.70778,-84.396225,marta
5256,138040,PRYOR RD SW @ AMAL DR SW,33.707114,-84.397455,marta
5257,138054,LAKEWOOD AVE @ TERRACE WAY,33.702957,-84.383667,marta
5258,138055,LAKEWOOD AVE @ OLIVE ST,33.701644,-84.386228,marta
5259,138064,LAKEWOOD WAY SW @ 215,33.700503,-84.397173,marta
5260,138066,LAKEWOOD WAY SW @ HILLTOP DR SW,33.699768,-84.392971,marta
5261,138068,LAKEWOOD AVE SW @ LAKEWOOD WAY SW,33.699589,-84.391685,marta
5262,138070,LAKEWOOD AVE SW @ 2081,33.700645,-84.388474,marta
5263,138072,LAKEWOOD AVE @ SHADYDALE AVE,33.70203,-84.385302,marta
5264,138076,LAKEWOOD AVE SW @ CONRAD AVE SE,33.703786,-84.382359,marta
5265,138080,PRYOR RD SW @ MELDON AVE,33.712051,-84.393415,marta
5266,138084,PRYOR RD @ 1600,33.710431,-84.393381,marta
5267,138086,PRYOR RD @ CLAIRE DR,33.708783,-84.394086,marta
5268,138088,PRYOR RD SW @ AMAL DR SW,33.707638,-84.396224,marta
5269,138090,THORNTON ST SW @ LINCOLN ST SW,33.711796,-84.399956,marta
5270,138092,THORNTON ST SW @ ARTHUR LANGFORD JR PL SW,33.711708,-84.397794,marta
5271,138094,ARTHUR LANGFORD JR PL SW @ BOOKER ST SW,33.712308,-84.397707,marta
5272,138100,LAKEWOOD AVE @ SHADYDALE AVE,33.701912,-84.385002,marta
5273,138102,LAKEWOOD AVE @ CLAIRE DR,33.705212,-84.380524,marta
5274,138104,LAKEWOOD AVE @ ADAIR AVE,33.706348,-84.380363,marta
5275,138106,JONESBORO RD @ LAKEWOOD AVE,33.707997,-84.380491,marta
5276,138350,METROPOLITAN PKWY SW @ STEVE DR SW,33.675796,-84.40845,marta
5277,139004,LAKEWOOD AVE SE @ CLAIRE DR SE,33.705237,-84.380198,marta
5278,139006,LAKEWOOD AVE SE @ ADAIR AVE SE,33.705954,-84.379953,marta
5279,139008,JONESBORO RD SE @ BROWNS MILL RD,33.703117,-84.376709,marta
5280,139012,BROWNS MILL RD SE @ ADELLE ST SE,33.700776,-84.375952,marta
5281,139014,BROWNS MILL RD SE @ 2039,33.698606,-84.374588,marta
5282,139016,BROWNS MILL RD SE @ MERRILYN DR SE,33.699533,-84.37504,marta
5283,139018,BROWNS MILL RD SE @ ADELLE ST SE,33.7005,-84.37558,marta
5284,139020,BROWNS MILL RD SE @ JONESBORO RD SE,33.702709,-84.376502,marta
5285,139042,LAKEWOOD AVE SE @ DOROTHY ST SE,33.710729,-84.380124,marta
5286,139044,LAKEWOOD AVE SE @ RICHMOND AVE SE,33.7099,-84.379784,marta
5287,139046,LAKEWOOD AVE SE @ LIVERMORE ST SE,33.708296,-84.380045,marta
5288,139048,LAKEWOOD AVE SE @ LIVERMORE ST SE,33.70768,-84.379944,marta
5289,139050,JONESBORO RD SE @ WHATLEY ST SE,33.706679,-84.379645,marta
5290,140002,MCDONOUGH BLVD SE @ PARK RD SE,33.71134,-84.363068,marta
5291,140004,MCDONOUGH BLVD SE @ ELLEBY RD SE,33.710284,-84.361405,marta
5292,140006,MCDONOUGH BLVD SE @ NEW TOWN CIR,33.709747,-84.360655,marta
5293,140008,MCDONOUGH BLVD SE @ MORELAND DR SE,33.708809,-84.35923,marta
5294,140024,MCDONOUGH BLVD SE @ HENRY THOMAS DR SE,33.706186,-84.35659,marta
5295,140056,FORREST PARK RD SE @ THOMASVILLE DR S,33.698317,-84.35889,marta
5296,140058,THOMASVILLE DR SE @ FORREST PARK RD SE,33.698272,-84.358716,marta
5297,140076,MCDONOUGH BLVD SE @ HENRY THOMAS DR SE,33.706132,-84.356275,marta
5298,140078,MCDONOUGH BLVD SE @ WELCH ST SE,33.707994,-84.358253,marta
5299,140082,MCDONOUGH BLVD SE @ PARK RD SE,33.711582,-84.363263,marta
5300,140084,MORELAND AVE SE @ MCDONOUGH BLVD SE,33.704774,-84.349633,marta
5301,140086,MORELAND AVE SE @ MORELAND DR SE,33.709391,-84.349654,marta
5302,140088,TURNER RD SE @ VELMA ST SE,33.699833,-84.355125,marta
5303,140094,TURNER RD SE @ KIPLING ST SE,33.70342,-84.354829,marta
5304,140098,HENRY THOMAS DR SE (W) @ MCDONOUGH BLVD SE,33.705088,-84.355403,marta
5305,140104,MORELAND AVE SE @ MCDONOUGH BLVD SE,33.704254,-84.349473,marta
5306,140106,MORELAND AVE @ MORELAND INDUS BLVD,33.709144,-84.349429,marta
5307,140108,MORELAND AVE @ 1460,33.711796,-84.349419,marta
5308,140110,MORELAND AVE SE @ ISA DR SE,33.700373,-84.349375,marta
5309,140118,MORELAND DR @ WOODLAND AVE,33.709078,-84.352288,marta
5310,140120,WOODLAND AVE SE @ 1608,33.710913,-84.352463,marta
5311,140150,MORELAND AVE SE @ ISA DR SE,33.700711,-84.349699,marta
5312,140153,MORELAND AVE SE @ HILLCREST DR SE,33.69814,-84.349514,marta
5313,140154,MORELAND AVE SE @ HILLCREST DR,33.698869,-84.34972,marta
5314,140156,KIPLING ST SE @ HENRY THOMAS DR SE (E),33.702624,-84.352188,marta
5315,140158,MORELAND AVE @ 1475,33.71278,-84.349644,marta
5316,140170,MCDONOUGH BLVD @ HENRY THOMAS DR,33.705381,-84.355492,marta
5317,140176,HENRY THOMAS DR SE (E) @ MCDONOUGH BLVD SE,33.704352,-84.351099,marta
5318,140178,HENRY THOMAS DR SE (E) @ KIPLING ST SE,33.703002,-84.351936,marta
5319,140184,MCDONOUGH BLVD @ WELCH ST,33.707967,-84.35834,marta
5320,140186,ALPHARETTA HWY @ ELKINS RD,34.052054,-84.334336,marta
5321,140192,ALPHARETTA HWY @ WILLS RD,34.066169,-84.312654,marta
5322,140194,ALPHARETTA HWY @ WILLS RD,34.066092,-84.311169,marta
5323,144002,CAMPBELLTON RD SW @ BARGE RD SW,33.690096,-84.506289,marta
5324,144006,BARGE RD SW @ CAMPBELLTON RD SW,33.689084,-84.506364,marta
5325,144008,BARGE RD SW @ 2440,33.688216,-84.506209,marta
5326,144010,BARGE RD SW @ MELLWOOD PL SW,33.686631,-84.506303,marta
5327,144012,BARGE RD SW @ MELLWOOD PL SW,33.686605,-84.506216,marta
5328,144014,BARGE RD SW @ BUNKER HILL DR SW,33.684635,-84.506342,marta
5329,144016,BARGE RD SW @ BUNKER HILL DR SW,33.684403,-84.506238,marta
5330,144018,GREENBRIAR PKWY SW @ BARGE RD SW,33.682854,-84.505914,marta
5331,144020,GREENBRIAR PKWY SW @ 3480,33.683347,-84.503032,marta
5332,144022,GREENBRIAR PKWY SW @ 3480,33.68365,-84.502946,marta
5333,144024,GREENBRIAR PKWY SW @ BARGE RD SW,33.682926,-84.506088,marta
5334,144028,BARGE RD SW @ BEN HILL CT,33.697457,-84.506295,marta
5335,144030,BARGE RD @ PINE KNOLL AVE,33.694445,-84.506303,marta
5336,144032,BARGE RD SW @ PACIFIC DR SW,33.693077,-84.506259,marta
5337,144034,BARGE RD SW @ CAMPBELLTON RD SW,33.690332,-84.506289,marta
5338,144036,CAMPBELLTON RD SW @ 3667,33.690083,-84.507713,marta
5339,144038,CAMPBELLTON RD SW @ 3709,33.690395,-84.509864,marta
5340,144040,CAMPBELLTON RD SW @ FAIRBURN RD SW,33.69067,-84.511353,marta
5341,144042,CAMPBELLTON RD SW @ CAMP GROUND RD,33.690819,-84.51295,marta
5342,144052,COUNTY LINE RD SW @ CAMPBELLTON RD SW,33.695597,-84.534967,marta
5343,144054,COUNTY LINE RD @ RIO GRANDE RD,33.692036,-84.534331,marta
5344,144056,COUNTY LINE RD SW @ CREEK VALLEY CT S,33.690218,-84.534391,marta
5345,144058,COUNTY LINE RD SW @ KIMBALL RD SW,33.689145,-84.534093,marta
5346,144060,COUNTY LINE RD SW @ ROLLING HILL RD S,33.687866,-84.533787,marta
5347,144062,COUNTY LINE RD SW @ SAHARA DR,33.686418,-84.534529,marta
5348,144064,COUNTY LINE RD SW @ FERNBANK DR SW,33.684819,-84.536323,marta
5349,144068,COUNTY LINE RD SW @ BUTNER RD SW,33.681037,-84.537715,marta
5350,144070,BUTNER RD SW @ 2656,33.68207,-84.535749,marta
5351,144072,BUTNER RD SW @ 2636,33.682939,-84.534398,marta
5352,144074,BUTNER RD SW @ 2616,33.684726,-84.531911,marta
5353,144076,BUTNER RD SW @ 2598,33.685982,-84.530242,marta
5354,144078,BUTNER RD SW @ 2578,33.687059,-84.529082,marta
5355,144080,BUTNER RD SW @ 2511,33.688037,-84.52789,marta
5356,144084,BUTNER RD @ PALMETTO AVE,33.689957,-84.525157,marta
5357,144086,BUTNER RD SW @ BLANTON AVE SW,33.690952,-84.522515,marta
5358,144088,BUTNER RD SW @ FAIRBURN AVE SW,33.69188,-84.521208,marta
5359,144090,BUTNER RD SW @ WAITS AVE SW,33.692625,-84.51995,marta
5360,144092,BUTNER RD SW @ DANIEL RD SW,33.693146,-84.518984,marta
5361,144094,CAMPBELLTON @ 3911,33.692148,-84.516179,marta
5362,144096,CAMPBELLTON RD SW @ CAMP GROUND RD,33.691216,-84.514683,marta
5363,144097,CAMPBELLTON RD SW @ CAMP GROUND RD SW,33.690774,-84.51345,marta
5364,144098,CAMPBELLTON RD SW @ FAIRBURN RD SW,33.690607,-84.511581,marta
5365,144100,CAMPBELLTON RD SW @ 3901,33.691202,-84.514341,marta
5366,144102,CAMPBELLTON RD SW @ 3911,33.692537,-84.516651,marta
5367,144104,CAMPBELLTON RD SW @ BUTNER RD SW,33.6937,-84.519149,marta
5368,144106,CAMPBELLTON RD SW @ KIMBERLY RD,33.694331,-84.520939,marta
5369,144108,CAMPBELLTON RD SW @ KIMBERLY RD SW,33.695354,-84.523788,marta
5370,144110,CAMPBELLTON RD SW @ NISKEY LAKE RD SW,33.695702,-84.527493,marta
5371,144116,N CAMP CREEK PKWY @ NARRON DR,33.675406,-84.511794,marta
5372,144118,N CAMP CREEK PKWY @ DARRAH DR,33.674682,-84.509924,marta
5373,144120,HOGAN RD SW @ CAMBRIDGE DR SW,33.674625,-84.506414,marta
5374,144124,FAIRBURN RD SW @ STEPHANIE DR SW,33.674238,-84.514441,marta
5375,144126,N CAMP CREEK PKWY SW @ ALEXANDRIA DR SW,33.675411,-84.514593,marta
5376,144128,N CAMP CREEK PKWY SW @ NARRON DR SW,33.675398,-84.511425,marta
5377,144130,N CAMP CREEK PKWY SW @ DARRAH DR SW,33.674452,-84.509598,marta
5378,144136,CAMPBELLTON RD SW @ 3700,33.690278,-84.509809,marta
5379,144138,CAMPBELLTON RD SW @ 3660,33.689986,-84.507864,marta
5380,144140,HOGAN RD @ CAMBRIDGE DR,33.67467,-84.506551,marta
5381,144144,HOGAN RD @ STONE RD,33.675289,-84.503966,marta
5382,144146,HOGAN RD @ N CAMP CREEK PKWY SW,33.674269,-84.508075,marta
5383,144148,HOGAN RD @ N CAMP CREEK PKWY,33.674195,-84.508119,marta
5384,144154,BARGE RD @ HIGHWOOD DR,33.695401,-84.506268,marta
5385,145002,GREENBRIAR PKWY SW @ 3268,33.686172,-84.496483,marta
5386,145004,GREENBRIAR PKWY SW @ 3170,33.68631,-84.493844,marta
5387,145011,CAMPBELLTON RD @ GREENBRIAR PKWY,33.692724,-84.49015,marta
5388,145012,CAMPBELLTON RD SW @ STAR MIST DR  SW,33.694046,-84.488645,marta
5389,145014,CAMPBELLTON RD SW @ CHILDRESS DR SW,33.696312,-84.485685,marta
5390,145016,CAMPBELLTON RD SW @ CHILDRESS DR SW,33.695397,-84.487161,marta
5391,145018,CAMPBELLTON RD SW @ STAR MIST DR,33.694153,-84.488783,marta
5392,145022,GREENBRIAR PKWY SW @ CAMPBELLTON RD SW,33.691526,-84.489695,marta
5393,145024,GREENBRIAR PKWY SW @ HEADLAND DR SW,33.689898,-84.489186,marta
5394,145026,GREENBRIAR PKWY @ THE FONTAINEBLEAU,33.688251,-84.489765,marta
5395,145028,GREENBRIAR PKWY SW @ CONTINENTAL COLONY PKWY SW,33.686428,-84.491822,marta
5396,145030,GREENBRIAR PKWY SW @ 3170,33.686382,-84.493757,marta
5397,145034,MEADOWLANE DR SW @ 2153,33.696608,-84.49757,marta
5398,145038,DALE LN SW @ MT GILEAD RD SW,33.693984,-84.492166,marta
5399,145042,DALE LN SW @ COUNTRY CLUB LN SW,33.694113,-84.495881,marta
5400,145046,MT GILEAD RD SW @ CAMPBELLTON RD SW,33.69318,-84.49118,marta
5401,145048,MT GILEAD RD SW @ CAMPBELLTON RD SW,33.69259,-84.49062,marta
5402,145056,CONTINENTAL COLONY PKWY SW @ GREENBRIAR PKWY SW,33.685884,-84.491747,marta
5403,145058,CONTINENTAL COLONY PKWY @ RIVIERA DR,33.68497,-84.492418,marta
5404,145060,CONTINENTAL COLONY PKWY SW @ RIVIERA DR,33.684686,-84.492497,marta
5405,145062,CONTINENTAL COLONY PKWY SW @ HOGAN RD SW,33.678386,-84.494761,marta
5406,145064,STONE HOGAN RD CONNE @ CAMP CREEK,33.676098,-84.497162,marta
5407,145066,STONE HOGAN CONNECTOR SW @ 2950,33.67602,-84.49696,marta
5408,145068,STONE HOGAN CONNECTOR SW @ N CAMP CREEK PKWY,33.673782,-84.497021,marta
5409,145070,STONE HOGAN RD CONNE @ CAMP CREEK,33.67368,-84.497195,marta
5410,145072,N CAMP CREEK PKWY SW @ STONE RD SW,33.672117,-84.500683,marta
5411,145074,N CAMP CREEK PKWY SW @ STONE RD SW,33.672613,-84.500493,marta
5412,145075,N CAMP CREEK PKWY SW @ 3540,33.670361,-84.503377,marta
5413,145076,HEADLAND DR SW @ GREENBRIAR PKWY SW,33.68955,-84.488115,marta
5414,145080,HEADLAND DR SW @ MCALPINE TER,33.689497,-84.486045,marta
5415,145082,HEADLAND DR @ BEN HILL RD,33.690255,-84.483559,marta
5416,145084,HEADLAND DR @ FOREST TRL,33.690262,-84.480087,marta
5417,145086,HEADLAND DR SW @ GREENBRIAR PKWY SW,33.689613,-84.48779,marta
5418,145088,HEADLAND DR @ BEN HILL RD,33.690407,-84.483335,marta
5419,145090,HEADLAND DR @ FOREST TRL,33.690618,-84.47971,marta
5420,145096,OLD COLONY RD @ WESTCHESTER DR,33.685271,-84.468012,marta
5421,145098,OLD COLONY RD @ 2485,33.685457,-84.469664,marta
5422,145100,OLD COLONY RD @ RANTIN DR,33.685474,-84.470609,marta
5423,145102,OLD COLONY RD @ BRYANT DR,33.685481,-84.471977,marta
5424,145104,BRYANT DR @ WOODHILL LN,33.687004,-84.471672,marta
5425,145106,BRYANT DR @ S BRYAN CIR,33.688059,-84.471691,marta
5426,145108,BRYANT DR @ N BRYAN CIR,33.689142,-84.471782,marta
5427,145110,MT GILEAD RD SW @ DALE LN,33.693976,-84.491981,marta
5428,145112,HEADLAND DR @ GREENBRIAR PL,33.689634,-84.485617,marta
5429,145114,GREENBRIAR PKWY @ THE FONTAINEBLEAU SW,33.68788,-84.48983,marta
5430,145300,HEADLAND DR @ BRYANT DR,33.690986,-84.472085,marta
5431,145302,STONE RD @ MEADOWBRIDGE DR,33.67368,-84.502119,marta
5432,145304,STONE RD @ MEADOWBRIDGE DR,33.673773,-84.502093,marta
5433,145310,CONTINENTAL COLONY PKWY SW @ 3030,33.682273,-84.493737,marta
5434,145312,STONE HOGAN CONNECTOR SW @ HOGAN RD SW,33.677974,-84.495357,marta
5435,145314,GREENBRIAR PKWY @ HEADLAND DR SW,33.690417,-84.488986,marta
5436,145316,HEADLAND DR @ DODSON DR,33.69086,-84.4743,marta
5437,145318,CONTINENTAL COLONY PKWY @ 3033,33.682291,-84.493841,marta
5438,145320,GREENBRIAR PKWY SW @ 3268,33.686244,-84.496483,marta
5439,145322,CONTINENTAL COLONY PKWY SW @ 3060,33.680062,-84.493776,marta
5440,145324,CONTINENTAL COLONY PKWY @ HOGAN RD,33.68094,-84.493968,marta
5441,145326,GREENBRIAR PKWY SW @ 3350,33.684019,-84.499324,marta
5442,145328,DALE LN @ MEADOWLANE DR,33.694142,-84.497322,marta
5443,145330,CONTINENTAL COLONY PKWY SW @ 2999,33.683455,-84.493457,marta
5444,145332,CONTINENTAL COLONY PKWY @ 2999,33.683864,-84.493301,marta
5445,145334,GREENBRIAR PKWY SW @ CONTINENTAL COLONY PKWY SW,33.686296,-84.491739,marta
5446,146012,RANDALL ST @ HOLCOMB AVE,33.673975,-84.433608,marta
5447,146016,RANDALL ST @ E WASHINGTON AVE,33.675676,-84.433469,marta
5448,146024,RANDALL ST @ HOLCOMB AVE,33.674217,-84.433478,marta
5449,146026,RN MARTIN ST @ RANDALL ST,33.672095,-84.433638,marta
5450,146040,CLEVELAND AVE @ RANDALL ST,33.679436,-84.433529,marta
5451,146050,MAIN ST @ WILLIAMS AVE,33.671823,-84.442918,marta
5452,146052,MAIN ST @ TAYLOR AVE,33.67358,-84.44231,marta
5453,146054,MAIN ST @ IRENE KIDD PKWY,33.675105,-84.441698,marta
5454,146080,WASHINGTON RD @ CHENEY ST,33.675797,-84.447023,marta
5455,146082,WASHINGTON RD @ JONES ST,33.675883,-84.448869,marta
5456,146084,WASHINGTON RD @ PEARL ST,33.675517,-84.450378,marta
5457,146086,WASHINGTON RD @ EIGHTH ST,33.675065,-84.451629,marta
5458,146090,WASHINGTON RD @ CLOVERHURST DR,33.67377,-84.454317,marta
5459,146094,WASHINGTON RD @ DELOWE DR,33.672358,-84.457661,marta
5460,146098,WASHINGTON RD @ KENTUCKY CT,33.671422,-84.460494,marta
5461,146100,WASHINGTON RD @ 3095,33.671133,-84.461778,marta
5462,146104,WASHINGTON RD @ JACKSON DR,33.669097,-84.464106,marta
5463,146106,WASHINGTON RD @ JACKSON DR,33.669164,-84.463905,marta
5464,146108,WASHINGTON RD @ HARRIS DR,33.671028,-84.461822,marta
5465,146110,WASHINGTON RD @ DOBBS WAY,33.671614,-84.459611,marta
5466,146112,WASHINGTON RD @ DELOWE DR,33.672187,-84.457969,marta
5467,146114,WASHINGTON RD @ CLOVERHURST DR,33.673116,-84.455653,marta
5468,146120,WASHINGTON AVE @ EIGHTH ST,33.674808,-84.452053,marta
5469,146122,WASHINGTON RD @ PEARL ST,33.675552,-84.449959,marta
5470,146124,WASHINGTON RD @ PARK ST,33.675531,-84.446039,marta
5471,146186,HEADLAND DR @ RIDGECREST LN,33.689606,-84.458794,marta
5472,146188,HEADLAND DR @ FARLEY ST,33.689938,-84.460678,marta
5473,146192,MONTROSE DR @ PLANTATION DR,33.681885,-84.462206,marta
5474,146215,DELOWE DR @ LEITH AVE,33.686532,-84.45832,marta
5475,146226,HEADLAND DR @ FARLEY ST,33.689772,-84.460737,marta
5476,146228,HEADLAND DR @ DELOWE DR,33.68922,-84.458078,marta
5477,146230,HEADLAND DR @ KIMMRIDGE DR,33.688071,-84.454364,marta
5478,146232,HEADLAND DR @ HILLCREST DR,33.685952,-84.452112,marta
5479,146234,HEADLAND DR @ WARREN WAY,33.685077,-84.449992,marta
5480,146240,HEADLAND DR @ BROAD AVE,33.687931,-84.45369,marta
5481,146242,NORMAN BERRY DR @ SEMMES ST,33.686026,-84.447115,marta
5482,146244,NORMAN BERRY DR @ LESTER ST,33.6857,-84.445149,marta
5483,146246,CONNALLY DR @ MAIN ST,33.685675,-84.440862,marta
5484,146248,MAIN ST @ W FORREST AVE,33.682778,-84.440246,marta
5485,146254,DELOWE DR @ CONNALLY DR,33.694764,-84.457253,marta
5486,146256,DELOWE DR @ ELINWOOD DR,33.691586,-84.457237,marta
5487,146260,HEADLAND DR @ PLANTATION DR,33.6901,-84.462615,marta
5488,146266,HEADLAND DR @ GRAYWALL ST,33.690475,-84.465213,marta
5489,146268,OLD COLONY RD @ RIGGS DR,33.685237,-84.466296,marta
5490,146270,GRAYWALL ST @ OLD COLONY RD,33.685115,-84.464058,marta
5491,146274,GRAYWALL ST @ ENGLEWOOD DR,33.682904,-84.463761,marta
5492,146282,DELOWE DR @ NEELY AVE,33.683544,-84.457738,marta
5493,146284,DELOWE DR @ MONTROSE DR,33.681931,-84.458023,marta
5494,146286,DELOWE DR @ LUTHER DR,33.680603,-84.457947,marta
5495,146288,DELOWE DR @ DORSEY AVE,33.677782,-84.45767,marta
5496,146290,DORSEY AVE @ LANCASTER DR,33.678665,-84.462051,marta
5497,146292,LANCASTER DR @ PLANTATION DR,33.678774,-84.465904,marta
5498,146296,MAIN ST @ WILLIAMS AVE,33.67187,-84.443065,marta
5499,146300,MAIN ST @ LEGION WAY,33.674502,-84.442027,marta
5500,146308,EAST POINT ST @ WARE AVE,33.681845,-84.441526,marta
5501,146314,WILLINGHAM DR @ E MAIN ST,33.669895,-84.442425,marta
5502,146316,WILLINGHAM DR @ PLANT ST,33.669303,-84.440472,marta
5503,146318,WILLINGHAM DR @ PLANT ST,33.669413,-84.440385,marta
5504,146320,WILLINGHAM DR @ E MAIN ST,33.67006,-84.44229,marta
5505,146322,IRENE KIDD PKWY @ CLEVELAND AVE,33.679281,-84.436222,marta
5506,146330,IRENE KIDD PKWY @ CENTRAL AVE,33.675939,-84.439313,marta
5507,146332,IRENE KIDD PKWY @ CENTRAL AVE,33.675473,-84.440224,marta
5508,146334,W FORREST AVE @ CHENEY ST,33.683747,-84.443328,marta
5509,146342,DELOWE DR @ DEWBERRY LN,33.69844,-84.45718,marta
5510,146349,DELOWE DR @ HEADLAND DR,33.68996,-84.457596,marta
5511,146350,HEADLAND DR @ 2469,33.691121,-84.469225,marta
5512,146352,HEADLAND DR @ 2472,33.690977,-84.469095,marta
5513,146354,DELOWE DR @ HEADLAND DR,33.688495,-84.457406,marta
5514,146362,HEADLAND DR @ PLANTATION DR,33.690169,-84.462151,marta
5515,146366,HEADLAND DR @ HEADLAND TER,33.69075,-84.466008,marta
5516,146370,DELOWE DR @ HEADLAND DR,33.690155,-84.45721,marta
5517,146378,NORMAN BERRY DR @ SEMMES ST,33.685706,-84.447636,marta
5518,146380,NORMAN BERRY DR @ LESTER ST,33.685468,-84.445572,marta
5519,146382,DORSEY AVE @ 2207,33.677906,-84.460937,marta
5520,146406,W FORREST AVE @ CHURCH ST,33.683074,-84.44178,marta
5521,146408,HEADLAND DR @ BRYANT DR,33.691225,-84.471442,marta
5522,146410,HEADLAND DR @ DODSON DR,33.691262,-84.473904,marta
5523,146504,DELOWE DR @ ELINWOOD DR,33.691559,-84.457433,marta
5524,146514,HEADLAND DR @ HILLCREST DR,33.685891,-84.45177,marta
5525,146516,WASHINGTON RD @ SEMMES ST,33.675772,-84.447603,marta
5526,146520,W CLEVELAND AVE @ MAIN ST,33.679414,-84.440715,marta
5527,146900,EAST POINT STATION,33.67657,-84.44046,marta
5528,147028,SYLVAN RD @ MILLEDGE ST,33.6941,-84.41865,marta
5529,147036,SYLVAN RD @ SAMPLER WAY,33.69567,-84.418397,marta
5530,147037,SYLVAN RD SW @ LAKEWOOD AVE SW,33.6975,-84.41856,marta
5531,147040,SYLVAN RD @ OAKLEIGH DR,33.691372,-84.418739,marta
5532,147042,SYLVAN RD @ PEGG RD,33.689296,-84.418455,marta
5533,147044,SYLVAN RD @ PARKSIDE TER,33.687694,-84.418518,marta
5534,147046,SYLVAN RD @ JEFFERSON AVE,33.685653,-84.418537,marta
5535,147050,SYLVAN RD @ GLENWAY DR,33.68269,-84.418642,marta
5536,147052,SYLVAN RD @ JEFFERSON AVE,33.68517,-84.41847,marta
5537,147054,SYLVAN RD @ AVEBURY DR,33.684,-84.41831,marta
5538,147056,SYLVAN RD @ AVEBURY DR,33.684006,-84.418579,marta
5539,147058,SYLVAN RD @ PARKSIDE TER,33.688026,-84.418327,marta
5540,147060,SYLVAN RD @ PEGG RD,33.689422,-84.418314,marta
5541,147064,SYLVAN RD @ OAKLEIGH DR,33.691613,-84.418356,marta
5542,147068,SYLVAN RD @ MILLEDGE ST,33.693916,-84.418304,marta
5543,147070,SYLVAN RD @ LAKEWOOD AVE,33.69688,-84.41823,marta
5544,147072,SPRINGDALE RD @ BROOKDALE DR,33.686317,-84.414869,marta
5545,147074,SPRINGDALE RD @ BROOKDALE DR,33.686632,-84.414918,marta
5546,147076,LAKEWOOD AVE @ SYLVAN RD,33.697425,-84.418108,marta
5547,147078,LAKEWOOD AVE @ SYLVAN RD,33.6971,-84.41781,marta
5548,148002,SPRINGDALE RD SW @ LAKEWOOD AVE,33.69628,-84.41417,marta
5549,148006,SPRINGDALE RD SW @ YALE PL SW,33.69122,-84.41441,marta
5550,148010,SPRINGDALE RD SW @ SPRINGDALE CIR,33.69554,-84.41414,marta
5551,148014,SPRINGDALE RD SW @ GLENWAY DR,33.683439,-84.41519,marta
5552,148016,CLEVELAND AVE @ SYLVAN RD,33.681312,-84.417652,marta
5553,148020,SPRINGDALE RD SW @ PEGG RD SW,33.68899,-84.41426,marta
5554,148022,SPRINGDALE RD SW @ VINSON PL SW,33.69003,-84.41432,marta
5555,148024,SPRINGDALE RD SW @ YALE PL SW,33.69109,-84.41423,marta
5556,148026,SPRINGDALE RD @ VINSON PL,33.69023,-84.41446,marta
5557,148028,SPRINGDALE RD SW @ PERKERSON RD SW,33.69654,-84.41388,marta
5558,148038,KING ARNOLD ST @ CLAIRE DR,33.658309,-84.405029,marta
5559,148042,KING ARNOLD ST @ FULTON AVE,33.659748,-84.407974,marta
5560,148044,KING ARNOLD ST @ DOGWOOD DR,33.660719,-84.409875,marta
5561,148046,DOGWOOD DR @ MARINA ST,33.662633,-84.409121,marta
5562,148048,DOGWOOD DR @ NORTH AVE,33.66525,-84.408533,marta
5563,148050,DOGWOOD DR @ LAKE DR,33.667172,-84.408408,marta
5564,148054,SPRINGDALE RD @ SPRINGDALE PL,33.692881,-84.414049,marta
5565,148060,METROPOLITAN PKWY SW @ PEGG RD SW,33.688832,-84.408063,marta
5566,148062,METROPOLITAN PKWY SW @ 2370,33.690224,-84.407944,marta
5567,148064,METROPOLITAN PKWY SW @ AVERY RD SW,33.691489,-84.40801,marta
5568,148070,METROPOLITAN PKWY SW @ AVERY RD SW,33.691738,-84.408516,marta
5569,148074,METROPOLITAN PKWY SW @ PEGG RD SW,33.689282,-84.408332,marta
5570,148078,METROPOLITAN PKWY SW @ PERKERSON RD SW,33.685707,-84.408478,marta
5571,148082,METROPOLITAN PKWY SW @ LANGSTON DR SW,33.69543,-84.408259,marta
5572,148088,METROPOLITAN PKWY @ PERKERSON RD,33.685112,-84.40799,marta
5573,148094,KING ARNOLD ST @ CENTRAL PARK DR,33.657346,-84.403631,marta
5574,148096,KING ARNOLD ST @ SHERMAN RD,33.656673,-84.402475,marta
5575,149002,POLAR ROCK RD SW @ BAGWELL DR SW,33.695995,-84.398155,marta
5576,149004,POLAR ROCK RD SW @ BICKNELL DR SW,33.695623,-84.397214,marta
5577,149006,POLAR ROCK RD SW @ BICKNELL DR SW,33.695784,-84.397268,marta
5578,149007,POLAR ROCK RD SW @ PRYOR RD SW,33.696973,-84.398769,marta
5579,149011,SWALLOW CIR @ FINCH DR,33.694805,-84.386122,marta
5580,149014,POLAR ROCK AVE SW @ POLAR ROCK PL,33.693642,-84.396225,marta
5581,149016,POLAR ROCK AVE @ POLAR ROCK PL,33.692528,-84.396255,marta
5582,149018,POLAR ROCK AVE SW @ 2311,33.691147,-84.396317,marta
5583,149020,POLAR ROCK AVE SW @ POLAR ROCK DR SW,33.689903,-84.396101,marta
5584,149022,POLAR ROCK TER SW @ POLAR ROCK DR SW,33.690788,-84.394653,marta
5585,149024,POLAR ROCK TER SW @ POLAR ROCK PL SW,33.692436,-84.394691,marta
5586,149026,POLAR ROCK TER @ POLAR ROCK RD,33.694065,-84.394684,marta
5587,149030,CLEVELAND AVE SW @ OLD HAPEVILLE RD SW,33.681186,-84.393484,marta
5588,149031,OLD HAPEVILLE RD @ MACON DR,33.68796,-84.39043,marta
5589,149032,OLD HAPEVILLE RD SW @ JUDY  SW,33.684074,-84.392715,marta
5590,149033,MACON DR @ 2324,33.691208,-84.391047,marta
5591,149034,OLD HAPEVILLE RD SW @ BREVARD AVE SW,33.685211,-84.392093,marta
5592,149035,MACON DR @ LANG DR,33.694454,-84.390141,marta
5593,149042,CLEVELAND AVE SW @ STEELE AVE SW,33.68122,-84.396147,marta
5594,149044,POLAR ROCK TER SW @ POLAR ROCK RD SW,33.695526,-84.394639,marta
5595,149045,LAKEWOOD AVE @ LAKEWOOD WAY,33.698895,-84.392884,marta
5596,149046,HARPER RD SE @ SWALLOW CIR SE,33.696172,-84.38568,marta
5597,149047,LAKEWOOD AVE @ MACON DR,33.699098,-84.392123,marta
5598,149053,MACON DR SW @ LANG DR,33.694772,-84.390271,marta
5599,149055,MACON DR SW @ 2315,33.691284,-84.391462,marta
5600,149060,HARPER RD SE @ SWALLOW CIR SE,33.696023,-84.385612,marta
5601,149064,MACON DR SW @ OLD HAPEVILLE RD SW,33.688671,-84.390462,marta
5602,149072,MACON DR @ 2144,33.695747,-84.389298,marta
5603,150010,JONESBORO RD SE @ MIDWAY ST SE,33.689999,-84.364154,marta
5604,150022,MCWILLIAMS RD SE @ CAREY DR SE,33.688788,-84.36978,marta
5605,150024,MCWILLIAMS RD SE @ 660,33.688718,-84.366641,marta
5606,150026,MCWILLIAMS RD SE @ JONESBORO RD SE,33.688701,-84.36411,marta
5607,150028,JONESBORO RD SE @ MIDWAY ST SE,33.689892,-84.364035,marta
5608,150030,JONESBORO RD SE @ 2267,33.691608,-84.365311,marta
5609,150032,JONESBORO RD SE @ CONSTITUTION RD SE,33.693205,-84.366714,marta
5610,150034,JONESBORO RD SE @ HARPER RD SE,33.696167,-84.369141,marta
5611,150036,HARPER RD SE @ BURROUGHS AVE SE,33.696943,-84.371154,marta
5612,150048,BROWNS MILL RD SE @ BROMACK DR SE,33.68772,-84.377709,marta
5613,150050,MCWILLIAMS RD SE @ BROWNS MILL RD SE,33.688787,-84.373875,marta
5614,150058,HARPER RD SE @ MEADOR AVE SE,33.696984,-84.380279,marta
5615,150062,HARPER RD SE @ 359,33.696904,-84.377444,marta
5616,150064,HARPER RD @ BROWNS MILL RD,33.696888,-84.373902,marta
5617,150069,JONESBORO RD SE @ CLEVELAND AVE SE,33.680394,-84.367349,marta
5618,150154,JONESBORO RD SE @ CLEVELAND AVE SE,33.680709,-84.366896,marta
5619,150156,FORREST PARK RD SE @ 2155,33.694976,-84.36036,marta
5620,150160,BROWNS MILL RD SE @ LYDIA DR SE,33.686072,-84.378838,marta
5621,150179,BROWNS MILL RD SE @ LINDA LN SE,33.68334,-84.382442,marta
5622,151008,THOMASVILLE DR SE @ KIPLING ST SE,33.697521,-84.355402,marta
5623,151010,THOMASVILLE DR SE @ TURNER RD SE,33.697593,-84.355402,marta
5624,151012,THOMASVILLE DR SE @ THOMASVILLE CT SE,33.697252,-84.357346,marta
5625,151014,THOMASVILLE DR SE @ THOMASVILLE CT,33.697476,-84.357911,marta
5626,151016,FORREST PARK RD SE @ NORWOOD RD SE,33.696848,-84.36004,marta
5627,151020,FORREST PARK RD SE @ NORWOOD RD SE,33.696956,-84.360138,marta
5628,151030,VALLEY VIEW RD SE @ STONEWALL DR SE,33.690843,-84.35578,marta
5629,151032,VALLEY VIEW RD SE @ 1056,33.691631,-84.353423,marta
5630,151040,CONSTITUTION RD SE @ STONEWALL DR SE,33.692875,-84.357095,marta
5631,151054,FORREST PARK RD SE @ NATHAM DR SE,33.689404,-84.360039,marta
5632,151056,FORREST PARK RD SE @ STONEWALL DR SE,33.690899,-84.35997,marta
5633,151058,FORREST PARK RD SE @ CONSTITUTION RD,33.692863,-84.359932,marta
5634,151059,CONSTITUTION RD SE @ JONESBORO RD SE,33.693562,-84.366118,marta
5635,151060,METRO TRANSITIONAL CENTER,33.688895,-84.337031,marta
5636,151088,MORELAND AVE @ KEY RD,33.695785,-84.349711,marta
5637,151090,REGIS RD SE @ CONSTITUTION RD SE,33.692455,-84.350708,marta
5638,151092,VALLEY VIEW RD @ LOCUST LN SE,33.69113,-84.351869,marta
5639,151100,STONEWALL DR SE @ OHARA PL SE,33.691595,-84.356725,marta
5640,151109,VALLEY VIEW RD SE @ 1086,33.691437,-84.352416,marta
5641,151110,VALLEY VIEW RD SE @ LEILA LN SE,33.69087,-84.354922,marta
5642,151122,FORREST PARK RD SE @ STONEWALL DR SE,33.691174,-84.360352,marta
5643,151124,FORREST PARK RD SE @ MIDWAY ST SE,33.689859,-84.360329,marta
5644,151130,REBEL FOREST DR SE @ FORREST PARK RD,33.688134,-84.360042,marta
5645,151132,REDFORD DR SE @ FORREST PARK RD SE,33.688801,-84.35982,marta
5646,151134,REDFORD DR SE @ 955,33.688577,-84.358016,marta
5647,151138,REBEL FOREST DR SE @ NATHAM DR SE,33.687351,-84.357299,marta
5648,151142,MORELAND AVE SE @ KEY RD SE,33.695377,-84.349421,marta
5649,151144,REDFORD DR SE @ REBEL FOREST DR SE,33.686351,-84.355106,marta
5650,151148,FORREST PARK RD SE @ CONSTITUTION RD SE,33.693259,-84.360169,marta
5651,151152,REGIS RD SE @ CONSTITUTION RD SE,33.692396,-84.350364,marta
5652,151156,CONSTITUTION RD @ FORREST PARK RD,33.693232,-84.359593,marta
5653,152004,BOULDERCREST RD SE @ WESTSIDE PL,33.690283,-84.32014,marta
5654,152006,BOULDERCREST RD SE @ 2156,33.693554,-84.321698,marta
5655,152008,BOULDERCREST RD SE @ 2321,33.690166,-84.31762,marta
5656,152010,BOULDERCREST RD SE @ 2290,33.69046,-84.319466,marta
5657,152014,BOULDERCREST RD SE @ 2326,33.690327,-84.317253,marta
5658,152016,BOULDERCREST RD SE @ CHERRY VALLEY DR,33.690072,-84.3159,marta
5659,152018,BOULDERCREST RD @ CONSTITUTION RD,33.688911,-84.31414,marta
5660,152020,BOULDERCREST RD SE @ CLIFTON CHURCH RD,33.688344,-84.311363,marta
5661,152022,BOULDERCREST RD SE @ CLIFTON CHURCH RD SE,33.688635,-84.311483,marta
5662,152024,BOULDERCREST RD SE @ BOULDERCREST LN SE,33.687122,-84.310646,marta
5663,152028,BOULDERCREST RD @ CONTINENTAL WAY,33.685851,-84.31081,marta
5664,152056,BOULDERCREST RD @ 2151,33.693533,-84.321938,marta
5665,153007,CLIFTON SPRINGS RD @ CLIFTON FARM DR,33.691663,-84.282826,marta
5666,153008,CLIFTON SPRINGS RD @ FLAT SHOALS PKWY,33.692477,-84.261633,marta
5667,153009,CLIFTON SPRINGS RD @ CLIFTON SPRINGS MNR,33.692318,-84.286671,marta
5668,153010,CLIFTON SPRINGS RD @ 3240,33.691669,-84.263443,marta
5669,153011,CLIFTON SPRINGS RD @ AYLESBURY LOOP,33.693777,-84.294375,marta
5670,153012,CLIFTON SPRINGS RD @ N LANIER PKWY,33.690833,-84.268253,marta
5671,153013,CLIFTON SPRINGS RD @ CORBIN AVE,33.697477,-84.296715,marta
5672,153014,CLIFTON SPRINGS RD @ PANTHERSVILLE RD,33.69104,-84.271171,marta
5673,153015,CLIFTON SPRINGS WAY @ CLIFTON CHURCH RD,33.69928,-84.30101,marta
5674,153016,PANTHERSVILLE RD @ CLIFTON SPRINGS RD,33.692115,-84.272075,marta
5675,153017,CLIFTON SPRINGS RD @ TARIAN DR,33.699189,-84.298547,marta
5676,153018,CLIFTON SPRINGS RD @ 2946,33.69069,-84.276132,marta
5677,153019,CLIFTON SPRINGS RD @ CORBIN AVE,33.69771,-84.29717,marta
5678,153020,PANTHERSVILLE RD @ GLEN HOLLOW DR,33.69693,-84.271095,marta
5679,153021,CLIFTON SPRINGS RD @ AYLESBURY LOOP,33.69341,-84.29413,marta
5680,153022,PANTHERSVILLE RD @ GLEN HOLLOW DR,33.697262,-84.271384,marta
5681,153023,CLIFTON SPRINGS RD @ CLIFTON SPRINGS MNR,33.692138,-84.286796,marta
5682,153024,CLIFTON SPRINGS RD @ 2946,33.69047,-84.2765,marta
5683,153026,CLIFTON SPRINGS RD @ PINE HILL RD,33.694557,-84.295199,marta
5684,153027,CLIFTON SPRINGS RD @ WILDCAT RD,33.69134,-84.282273,marta
5685,153028,GSU/PERIMETER COLLEGE - DECATUR CAMPUS,33.689463,-84.27276,marta
5686,153030,PANTHERSVILLE RD @ 3303,33.687854,-84.272618,marta
5687,153031,PANTHERSVILLE RD @ RIVER SUMMIT LN,33.675878,-84.277024,marta
5688,153032,PANTHERSVILLE RD @ ROVENA CT,33.681472,-84.273459,marta
5689,153033,PANTHERSVILLE RD @ RIVER TREE DR,33.678806,-84.276599,marta
5690,153035,PANTHERSVILLE RD @ RIVER SUMMIT LN,33.676317,-84.277133,marta
5691,153036,PANTHERSVILLE RD @ ROVENA CT,33.681347,-84.273502,marta
5692,153037,PANTHERSVILLE RD @ RIVER TREE DR,33.67927,-84.27625,marta
5693,153038,RIVER RD @ OAKVALE RD,33.674092,-84.265666,marta
5694,153040,RIVER RD @ GRAY BIRCH DR,33.673957,-84.264037,marta
5695,153042,RIVER RD @ OAKVALE RD,33.674011,-84.265981,marta
5696,153044,RIVER RD @ CONLEY DOWNS LN,33.673804,-84.263776,marta
5697,153046,RIVER RD @ RIVERSIDE PKWY,33.673768,-84.262386,marta
5698,153048,RIVER RD @ RIVERSIDE PKWY,33.673839,-84.26231,marta
5699,153054,PANTHERSVILLE RD @ 3073,33.694069,-84.271553,marta
5700,153056,PANTHERSVILLE RD @ 3073,33.694227,-84.271929,marta
5701,153058,PANTHERSVILLE RD @ CLIFTON SPRINGS RD,33.692092,-84.272286,marta
5702,153090,PANTHERSVILLE RD @ CLIFTON SPRINGS RD,33.690221,-84.272542,marta
5703,153094,COLUMBIA DR @ OLIVE TREE CT,33.692604,-84.255696,marta
5704,153096,COLUMBIA DR @ NECTARINE CIR,33.692797,-84.257331,marta
5705,153098,RIVER RD @ RIVER RIDGE CT,33.673611,-84.270618,marta
5706,153100,RIVER RD @ RIVER RIDGE CT,33.673574,-84.270898,marta
5707,153108,COLUMBIA DR @ FLAT SHOALS PKWY,33.693091,-84.259881,marta
5708,153112,RIVER RD @ PANTHERSVILLE RD,33.673488,-84.276624,marta
5709,153116,RIVER RD @ CONLEY DOWNS DR,33.673332,-84.268631,marta
5710,153118,RIVER RD @ SEABASS RD,33.67423,-84.274158,marta
5711,153122,RIVER RD @ PANTHERSVILLE RD,33.673614,-84.277265,marta
5712,153126,PANTHERSVILLE RD @ CLIFTON SPRINGS RD,33.689782,-84.27243,marta
5713,153128,RIVER RD @ CONLEY DOWNS DR,33.673395,-84.268707,marta
5714,153130,COLUMBIA DR @ PEPPERTREE CIR,33.692727,-84.254979,marta
5715,153132,PANTHERSVILLE RD @ CLIFTON SPRINGS RD,33.685782,-84.272336,marta
5716,153134,PANTHERSVILLE RD @ OAKVALE RD,33.685725,-84.272676,marta
5717,154002,RIVER RD @ LANDGRAF COVE,33.674285,-84.258378,marta
5718,154003,RIVER RD @ RIVERSIDE CSWY,33.674048,-84.256352,marta
5719,154004,RIVER RD @ WALDROP RD,33.674377,-84.258003,marta
5720,154006,RIVER RD @ WELLHAUN RD,33.674201,-84.253263,marta
5721,154008,RIVER RD @ RIVERCHASE DR,33.672438,-84.24813,marta
5722,154010,RIVER RD @ RIVERCHASE DR,33.672658,-84.248171,marta
5723,154014,COLUMBIA DR @ PEPPERTREE CIR,33.69298,-84.257608,marta
5724,154018,COLUMBIA DR @ SPRINGSIDE XING,33.693469,-84.253002,marta
5725,154020,COLUMBIA DR @ SPRINGSIDE RUN,33.696612,-84.251745,marta
5726,154022,RIVER RD @ WELLHAUN RD,33.673975,-84.253499,marta
5727,154024,RIVER RD @ RIVERVIEW CHASE DR,33.668763,-84.247035,marta
5728,154028,COLUMBIA DR @ SPRINGSIDE XING,33.693795,-84.252794,marta
5729,154030,COLUMBIA DR @ SPRINGSIDE RUN,33.69644,-84.251916,marta
5730,154032,RIVER RD @ KRISTA LN,33.67436,-84.249636,marta
5731,158004,CLEVELAND AVE @ WINBURN TERR,33.680683,-84.428879,marta
5732,158006,PORSCHE AVE @ PERKINS ST,33.657038,-84.406562,marta
5733,158008,PORSCHE AVE @ PERKINS ST,33.657468,-84.406994,marta
5734,158034,CALHOUN AVE @ 1101,33.672203,-84.42394,marta
5735,158044,MARIA HEAD TER @ CALHOUN AVE,33.669893,-84.423927,marta
5736,158046,CLEVELAND AVE @ WINBURN TER,33.680514,-84.429099,marta
5737,158084,CLEVELAND AVE @ BAYARD ST,33.679537,-84.431085,marta
5738,158102,SYLVAN RD @ CLEVELAND AVE,33.681793,-84.418696,marta
5739,158106,SYLVAN RD @ CEDAR AVE,33.677444,-84.418777,marta
5740,158110,SYLVAN RD @ BAKER DR,33.670184,-84.418942,marta
5741,158112,SYLVAN RD @ 3107,33.668179,-84.419119,marta
5742,158114,SYLVAN RD @ N CENTRAL AVE,33.665815,-84.418763,marta
5743,158116,SYLVAN RD @ N CENTRAL AVE,33.664629,-84.418505,marta
5744,158118,N CENTRAL AVE @ STILLWOOD DR,33.662783,-84.415708,marta
5745,158122,BOBBY BROWN PKWY @ VIRGINIA AVE,33.659083,-84.429624,marta
5746,158124,TOFFIE TER @ VIRGINIA AVE,33.65885,-84.42957,marta
5747,158126,N OUTER LOOP RD @ WOOLMAN PL,33.657652,-84.42757,marta
5748,158128,INNER LOOP RD @ WOOLMAN PL,33.657438,-84.426419,marta
5749,158136,VIRGINIA AVE @ LANG AVE,33.658989,-84.42131,marta
5750,158138,VIRGINIA AVE @ ELKINS ST,33.658822,-84.420112,marta
5751,158140,VIRGINIA AVE @ ELKINS ST,33.658947,-84.420052,marta
5752,158142,VIRGINIA AVE @ OAK RIDGE AVE,33.658779,-84.418201,marta
5753,158144,VIRGINIA AVE @ OAK RIDGE AVE,33.65892,-84.41819,marta
5754,158156,N CENTRAL AVE @ STILLWOOD DR,33.663406,-84.416618,marta
5755,158158,N CENTRAL AVE @ SYLVAN RD,33.664115,-84.418197,marta
5756,158160,SYLVAN RD @ 3107,33.66848,-84.41874,marta
5757,158162,SYLVAN RD @ BAKER DR,33.670112,-84.418855,marta
5758,158164,SYLVAN RD @ 3032,33.671369,-84.418841,marta
5759,158166,SYLVAN RD @ POPLAR ST,33.674332,-84.418755,marta
5760,158172,SYLVAN RD @ GLENWAY DR,33.682296,-84.418415,marta
5761,158178,CLEVELAND AVE @ SPRINGDALE RD,33.681203,-84.416139,marta
5762,158180,SPRINGDALE RD SW @ GLENWAY DR,33.68285,-84.41502,marta
5763,158182,METROPOLITAN PKWY SW @ CONNELL AVE SW,33.683387,-84.407912,marta
5764,158184,METROPOLITAN PKWY SW @ CLEVELAND AVE S,33.681481,-84.407747,marta
5765,158186,METROPOLITAN PKWY SW @ CLEVELAND AVE,33.680035,-84.407912,marta
5766,158188,METROPOLITAN PKWY SW @ 2799,33.67806,-84.40846,marta
5767,158190,METROPOLITAN PKWY SW @ STEVE DR SW,33.675823,-84.40855,marta
5768,158192,METROPOLITAN PKWY SW @ GRAND AVE SW,33.67427,-84.408552,marta
5769,158196,DOGWOOD DR @ COFIELD DR,33.67207,-84.408568,marta
5770,158198,DOGWOOD DR @ GORDON CIR,33.67038,-84.40863,marta
5771,158200,DOGWOOD DR @ OAK DR,33.668646,-84.408581,marta
5772,158202,DOGWOOD DR @ COLEMAN ST,33.66688,-84.408612,marta
5773,158208,DOGWOOD DR @ MARINA ST,33.662378,-84.409375,marta
5774,158210,DOGWOOD DR @ KING ARNOLD ST,33.661314,-84.409903,marta
5775,158212,WILLINGHAM DR @ PENNSYLVANIA ST,33.66666,-84.432343,marta
5776,158214,WILLINGHAM DR @ BACHELOR AVE,33.666157,-84.430748,marta
5777,158216,WILLINGHAM DR @ BOBBY BROWN PKWY,33.665452,-84.428568,marta
5778,158222,WILLINGHAM DR @ 1053,33.664323,-84.424392,marta
5779,158226,WILLINGHAM DR @ COLVILLE AVE,33.662728,-84.417718,marta
5780,158234,S CENTRAL AVE @ FULTON AVE,33.658413,-84.408818,marta
5781,158244,SYLVAN RD @ CEDAR AVE,33.67722,-84.41872,marta
5782,158246,SYLVAN RD @ REED AVE,33.67955,-84.418602,marta
5783,158248,SYLVAN RD @ CLEVELAND AVE,33.680786,-84.418488,marta
5784,158260,S CENTRAL AVE @ FULTON AVE,33.658552,-84.408972,marta
5785,158268,WILLINGHAM DR @ COLVILLE AVE,33.663007,-84.418195,marta
5786,158272,WILLINGHAM DR @ 1053,33.664489,-84.424455,marta
5787,158280,WILLINGHAM DR @ NORMAN BERRY DR,33.665445,-84.428163,marta
5788,158282,WILLINGHAM DR @ BACHELOR AVE,33.666397,-84.43096,marta
5789,158284,WILLINGHAM DR @ PENNSYLVANIA ST,33.666768,-84.432158,marta
5790,158286,CLEVELAND AVE @ RANDALL ST,33.679523,-84.433418,marta
5791,158288,CLEVELAND AVE @ BAYARD ST,33.679518,-84.432041,marta
5792,158306,CLEVELAND AVE SW @ 757,33.681315,-84.413243,marta
5793,158308,CLEVELAND AVE SW @ 786,33.681167,-84.413628,marta
5794,158309,CLEVELAND AVE SW @ SPRINGDALE RD SW,33.681367,-84.416012,marta
5795,158310,CLEVELAND AVE SW @ METROPOLITAN PKWY,33.68118,-84.40826,marta
5796,158312,CLEVELAND AVE SW @ DEARWOOD DR SW,33.681232,-84.405075,marta
5797,158314,CLEVELAND AVE SW @ 3RD AVE SW,33.68118,-84.402881,marta
5798,158316,CLEVELAND AVE SW @ BEELER DR SW,33.681263,-84.401062,marta
5799,158318,CLEVELAND AVE SW @ THIRD AVE,33.68127,-84.40239,marta
5800,158320,CLEVELAND AVE SW @ DEARWOOD DR SW,33.681303,-84.405325,marta
5801,158322,CLEVELAND AVE SW @ METROPOLITAN PKWY SW,33.681346,-84.407551,marta
5802,158323,CLEVELAND AVE @ 650,33.68146,-84.41009,marta
5803,158324,DOGWOOD DR @ NORTH AVE,33.665417,-84.40867,marta
5804,158350,METROPOLITAN PKWY @ OLD JONESBORO RD,33.677058,-84.408427,marta
5805,158352,DOGWOOD DR @ MORELAND WAY,33.670261,-84.408516,marta
5806,158354,DOGWOOD DR @ OAK DR,33.668171,-84.408508,marta
5807,158364,CLEVELAND AVE @ JEFFERSON TER,33.681403,-84.426841,marta
5808,158366,CLEVELAND AVE @ JEFFERSON TER,33.681483,-84.426765,marta
5809,158372,CLEVELAND AVE @ BLOUNT ST,33.681414,-84.423572,marta
5810,158374,CLEVELAND AVE @ BLOUNT ST,33.681477,-84.423431,marta
5811,158378,CLEVELAND AVE @ ELSINORE ST,33.681346,-84.42002,marta
5812,158390,VIRGINIA AVE @ LANG AVE,33.658785,-84.4216,marta
5813,158392,SYLVAN RD @ REED AVE,33.680287,-84.418732,marta
5814,158404,CLEVELAND AVE @ SYLVAN RD,33.681455,-84.418926,marta
5815,158406,VIRGINIA AVE @ CLAY PL,33.658736,-84.416757,marta
5816,158408,ATLANTA AVE @ COLLEGE ST,33.657739,-84.41067,marta
5817,158410,ATLANTA AVE @ COLLEGE ST,33.657675,-84.410588,marta
5818,158412,DOUG DAVIS DR @ ATLANTA AVE,33.656456,-84.412208,marta
5819,158414,DOUG DAVIS DR @ VIRGINIA AVE,33.658551,-84.416142,marta
5820,158416,DOUG DAVIS DR @ CLAY PL,33.657921,-84.415258,marta
5821,158418,DOUG DAVIS DR @ ATLANTA AVE,33.656483,-84.412314,marta
5822,158420,SPRINGDALE RD @ CLEVELAND AVE,33.68162,-84.414943,marta
5823,158422,SPRINGDALE RD SW @ CLEVELAND AVE,33.681511,-84.41532,marta
5824,158424,SYLVAN RD @ N CENTRAL AVE,33.665922,-84.41864,marta
5825,159002,EMPIRE BLVD SW @ BROWNS MILL RD SE,33.65673,-84.391184,marta
5826,159004,EMPIRE BLVD SW @ 3485,33.658871,-84.391609,marta
5827,159006,EMPIRE BLVD SW @ EMPIRE WAY SW,33.661137,-84.391724,marta
5828,159008,EMPIRE BLVD SW @ WARD DR SW,33.666538,-84.392387,marta
5829,159010,EMPIRE BLVD SW @ OAK DR SW,33.668922,-84.393247,marta
5830,159012,EMPIRE BLVD SW @ GLENROSE CIR SW,33.671071,-84.393178,marta
5831,159014,EMPIRE BLVD SW @ MT ZION RD SW,33.672592,-84.393394,marta
5832,159016,HAPEVILLE RD SW @ 2909,33.674873,-84.393288,marta
5833,159018,HAPEVILLE RD SW @ WATERS RD SW,33.676933,-84.39328,marta
5834,159020,HAPEVILLE RD SW @ OLD HAPEVILLE RD SW,33.678596,-84.393196,marta
5835,159022,OLD HAPEVILLE RD @ CLEVELAND AVE,33.680983,-84.393609,marta
5836,159024,BROWNS MILL RD SE @ CLEVELAND AVE SE,33.67926,-84.384506,marta
5837,159042,BROWNS MILL RD SE @ MACEDONIA RD SE,33.665097,-84.380289,marta
5838,159044,RUBY H HARPER BLVD SE @ 3371,33.663391,-84.380592,marta
5839,159046,RUBY H HARPER BLVD SE @ SIMCA ST SE,33.66201,-84.38065,marta
5840,159048,RUBY H HARPER BLVD SE @ 3447,33.660272,-84.380481,marta
5841,159050,RUBY H HARPER BLVD SE @ BLAIR VILLA DR,33.658252,-84.380514,marta
5842,159084,JONESBORO RD SE @ 2980,33.673525,-84.371444,marta
5843,159123,CLEVELAND AVE SE @ 365,33.680621,-84.378063,marta
5844,159124,CLEVELAND AVE SE @ FAIRLANE DR SE,33.68074,-84.380775,marta
5845,159126,CLEVELAND AVE SE @ ALTAVIEW DR SE,33.68079,-84.382179,marta
5846,159128,CLEVELAND AVE SE @ BROWNS MILL RD SE,33.681074,-84.384732,marta
5847,159160,PORSCHE AVE @ TRADEPORT BLVD,33.650564,-84.393507,marta
5848,159246,HUTCHENS RD SE @ JONESBORO RD SE,33.671716,-84.371704,marta
5849,159250,HUTCHENS RD SE @ 565,33.67015,-84.370389,marta
5850,159252,HUTCHENS RD SE @ KING SMITH RD SE,33.669489,-84.367749,marta
5851,159254,HUTCHENS RD SE @ DONNEBROOK LN SE,33.668487,-84.366782,marta
5852,159272,JONESBORO RD SE @ SPRINGSIDE DR SE,33.676739,-84.369991,marta
5853,159276,JONESBORO RD SE @ 2961,33.673881,-84.371325,marta
5854,159282,CLEVELAND AVE SE @ BROWNS MILL RD SE,33.680994,-84.384482,marta
5855,159296,CLEVELAND AVE @ JONESBORO RD,33.680822,-84.368114,marta
5856,159302,CLEVELAND AVE SW @ MACON DR SW,33.68116,-84.388657,marta
5857,159308,CLEVELAND AVE SW @ STEELE AVE SW,33.681058,-84.396581,marta
5858,159309,CLEVELAND AVE SW @ OLD HAPEVILLE RD SW,33.68103,-84.39401,marta
5859,159314,CLEVELAND AVE SW @ MACON DR SW,33.681027,-84.389141,marta
5860,159334,ZIP INDUSTRIAL BLVD @ SOUTHSIDE INDU,33.653275,-84.389267,marta
5861,159336,ZIP INDUSTRIAL BLVD SE @ 3720,33.654934,-84.389046,marta
5862,159338,ZIP INDUSTRIAL BLVD SE @ 3600,33.656818,-84.385529,marta
5863,159340,ZIP INDUSTRIAL BLVD SE @ 3550,33.658184,-84.383408,marta
5864,159342,ZIP INDUSTRIAL BLVD SE @ BROWNS MILL,33.660477,-84.384552,marta
5865,159344,HAMILTON BLVD @ 3400,33.662805,-84.386287,marta
5866,159382,ZIP INDUSTRIAL BLVD @ 3675,33.656252,-84.386809,marta
5867,159384,OLD HAPEVILLE RD @ CLEVELAND AVE,33.679839,-84.393117,marta
5868,159390,BROWNS MILL RD @ OAK DR,33.667433,-84.380236,marta
5869,159392,CLEVELAND AVE SE @ 445,33.680699,-84.375078,marta
5870,159410,HUTCHENS RD @ KATOMARICK DR,33.667995,-84.363991,marta
5871,164002,CENTRE PKWY @ 1800,33.651716,-84.513334,marta
5872,164008,OLD FAIRBURN RD @ SOMERSET TRL,33.663531,-84.527262,marta
5873,164010,FAIRBURN RD @ LANDING SOUTH DR,33.664375,-84.521046,marta
5874,164014,FAIRBURN RD SW @ WELCOME ALL RD,33.664061,-84.523109,marta
5875,164016,FAIRBURN RD SW @ LANDINGS NORTH DR,33.664658,-84.520304,marta
5876,164024,FAIRBURN RD @ WELCOME ALL RD,33.663999,-84.523074,marta
5877,164028,FAIRBURN RD @ STEPHANIE DR,33.674174,-84.514372,marta
5878,164030,N CAMP CREEK PKWY @ FAIRBURN RD,33.675335,-84.514316,marta
5879,164032,OLD FAIRBURN RD @ SOMERSET TRL,33.663644,-84.527284,marta
5880,164034,OLD FAIRBURN RD @ CAMP CREEK PKWY,33.659836,-84.529515,marta
5881,164038,FAIRBURN RD SW @ REDWINE PKWY SW,33.66787,-84.516088,marta
5882,165002,STONE RD @ PENNY LN,33.666025,-84.467467,marta
5883,165004,STONE RD @ 2414,33.666032,-84.4689,marta
5884,165006,STONE RD @ PEBBLE DR,33.666073,-84.470375,marta
5885,165008,STONE RD @ DODSON DR CONNECTOR,33.666069,-84.472496,marta
5886,165010,STONE RD @ DODSON DR,33.666077,-84.474579,marta
5887,165014,MT OLIVE RD @ STONE RD,33.665657,-84.477913,marta
5888,165016,MT OLIVE RD @ RUGBY AVE,33.664033,-84.477616,marta
5889,165017,MT OLIVE RD @ DRESDEN TRL,33.661453,-84.477788,marta
5890,165018,MT OLIVE RD @ WASHINGTON RD,33.659805,-84.478027,marta
5891,165038,WASHINGTON RD @ LAKEMONT DR,33.651052,-84.489408,marta
5892,165044,WASHINGTON RD @ CANDLEWOOD DR,33.643853,-84.489167,marta
5893,165046,WASHINGTON RD @ CHESTNUT DR,33.641896,-84.490536,marta
5894,165048,WASHINGTON RD @ CARMEL DR,33.6402,-84.491155,marta
5895,165050,WASHINGTON RD @ CHESTNUT DR,33.641728,-84.490543,marta
5896,165052,WASHINGTON RD @ JANICE DR,33.644558,-84.489236,marta
5897,165055,DESERT DR @ 3112,33.651455,-84.491228,marta
5898,165056,WASHINGTON RD @ LAKEMONT DR,33.650967,-84.489267,marta
5899,165057,DESERT DR @ 3140,33.651918,-84.492662,marta
5900,165061,DESERT DR @ KENELWORTH DR,33.653528,-84.493523,marta
5901,165075,DESERT DR @ KENELWORTH DR,33.65375,-84.493647,marta
5902,165076,DESERT DR @ CAMP CREEK PKWY,33.654958,-84.4931,marta
5903,165078,N DESERT DR @ CAMP CREEK PKWY,33.65513,-84.492864,marta
5904,165079,DESERT DR @ 3148,33.652016,-84.493064,marta
5905,165081,DESERT DR @ 3112,33.651374,-84.491358,marta
5906,165117,WASHINGTON RD @ EAST POINT ST,33.675587,-84.442505,marta
5907,165118,WASHINGTON AVE @ EAST POINT ST,33.675522,-84.443717,marta
5908,165128,N COMMERCE DR @ MARKETPLACE BLVD,33.657621,-84.504173,marta
5909,165130,REDWINE RD @ N DESERT DR,33.66075,-84.49645,marta
5910,166042,MAIN ST @ JOHN WESLEY AVE,33.650979,-84.449623,marta
5911,166058,PRINCETON AVE @ COLLEGE ST,33.654656,-84.451779,marta
5912,166060,PRINCETON DR @ PRINCETON AVE,33.65513,-84.45374,marta
5913,166062,PRINCETON DR @ ATLANTA ST,33.656513,-84.456027,marta
5914,166064,ATLANTA ST @ CANNON CT,33.657606,-84.455671,marta
5915,166066,ATLANTA ST @ VIRGINIA AVE,33.659744,-84.455502,marta
5916,166067,PRINCETON DR @ COX CT,33.65562,-84.45451,marta
5917,166068,VIRGINIA AVE @ CONLEY ST,33.659882,-84.454111,marta
5918,166071,MAIN ST @ W RUGBY AVE,33.662584,-84.446427,marta
5919,166074,MAIN ST @ MERCER AVE,33.664805,-84.445605,marta
5920,166078,MAIN ST @ VESTA AVE,33.667483,-84.444567,marta
5921,166086,VIRGINIA AVE @ LEE ST,33.659218,-84.432808,marta
5922,166088,VIRGINIA AVE @ LEE ST,33.659044,-84.433305,marta
5923,166090,VIRGINIA AVE @ HARRISON RD,33.659096,-84.434663,marta
5924,166092,VIRGINIA AVE @ HARRISON RD,33.659348,-84.435074,marta
5925,166094,VIRGINIA AVE @ MADISON ST,33.65934,-84.43914,marta
5926,166096,VIRGINIA AVE @ MADISON ST,33.659235,-84.439212,marta
5927,166098,VIRGINIA AVE @ MYRTLE ST,33.659332,-84.440605,marta
5928,166100,VIRGINIA AVE @ MYRTLE ST,33.659215,-84.441004,marta
5929,166102,VIRGINIA AVE @ ADAMS ST,33.659351,-84.442101,marta
5930,166104,VIRGINIA AVE @ ADAMS ST,33.659214,-84.442025,marta
5931,166106,VIRGINIA AVE @ JACKSON ST,33.659286,-84.443489,marta
5932,166108,VIRGINIA AVE @ JACKSON ST,33.659101,-84.443959,marta
5933,166110,VIRGINIA AVE @ LEE ST,33.659264,-84.444969,marta
5934,166112,VIRGINIA AVE @ LEE ST,33.659193,-84.445032,marta
5935,166122,MAIN ST @ HAWTHORNE AVE,33.655978,-84.448917,marta
5936,166144,WASHINGTON RD @ STONE RD,33.667007,-84.465493,marta
5937,166148,WASHINGTON RD @ STONE RD,33.667244,-84.465201,marta
5938,166152,PRINCETON AVE @ MAIN ST,33.654551,-84.449444,marta
5939,166154,PRINCETON AVE @ COLLEGE ST,33.654567,-84.451735,marta
5940,166156,PRINCETON DR @ PRINCETON AVE,33.65509,-84.45404,marta
5941,166158,PRINCETON DR @ FREEMAN CT,33.656167,-84.455924,marta
5942,166160,ATLANTA ST @ PRINCETON DR,33.656746,-84.456397,marta
5943,166162,ATLANTA ST @ CANNON CT,33.657758,-84.455703,marta
5944,166166,VIRGINIA AVE @ ATLANTA ST,33.659956,-84.455286,marta
5945,166168,VIRGINIA AVE @ CONLEY ST,33.65994,-84.454,marta
5946,166174,MAIN ST @ HOWELL SLADE CIR,33.660516,-84.44738,marta
5947,166178,MAIN ST @ W RUGBY AVE,33.662325,-84.446666,marta
5948,166182,MAIN ST @ MERCER AVE,33.664949,-84.445693,marta
5949,166186,MAIN ST @ VESTA AVE,33.667714,-84.444651,marta
5950,166190,WILLINGHAM DR @ ELM ST,33.668235,-84.437175,marta
5951,166192,WILLINGHAM DR @ HARRISON RD,33.667394,-84.434497,marta
5952,166194,WILLINGHAM DR @ HARRISON RD,33.667462,-84.434325,marta
5953,166196,WILLINGHAM DR @ CHERRY ST,33.668365,-84.437127,marta
5954,166198,W POINT AVE @ BEST RD,33.639657,-84.457504,marta
5955,166205,ROOSEVELT HWY @ GATEWAY BLVD,33.64353,-84.45374,marta
5956,166206,ROOSEVELT HWY @ CONLEY ST,33.644912,-84.451563,marta
5957,166207,ROOSEVELT HWY @ HOSPITALITY WAY,33.640267,-84.457806,marta
5958,166208,ROOSEVELT HWY @ GATEWAY BLVD,33.64281,-84.454418,marta
5959,166210,ROOSEVELT HWY @ LESLEY DR,33.640635,-84.457105,marta
5960,166900,COLLEGE PARK STATION - SOUTH LOOP,33.651267,-84.448559,marta
5961,166901,COLLEGE PARK STATION - NORTH LOOP,33.651937,-84.448465,marta
5962,167002,HUTCHENS RD @ FORREST PARK RD,33.665885,-84.355488,marta
5963,167004,FORREST PARK RD SE @ PINE FOREST DR,33.658974,-84.355572,marta
5964,167006,FORREST PARK RD SE @ EISENHOWER RD SE,33.656408,-84.355742,marta
5965,167008,FORREST PARK RD SE @ OAKSHIRE WAY SE,33.655317,-84.355797,marta
5966,167010,FORREST PARK RD SE @ FOREST VALLEY DR,33.651864,-84.357542,marta
5967,167012,CONLEY RD SE @ 900,33.650192,-84.359505,marta
5968,167016,CONLEY RD SE @ JONESBORO RD SE,33.648628,-84.364136,marta
5969,167034,FORREST PARK RD @ CONLEY RD,33.650122,-84.358204,marta
5970,169002,RIVER RD @ WABASH LN,33.66289,-84.246096,marta
5971,169026,RIVER RD @ RIVER MILL LN,33.66198,-84.24609,marta
5972,169032,CLEVEMONT RD @ CLEVEMONT WAY,33.652356,-84.253681,marta
5973,169041,RIVER RD @ RIVERVIEW CLUB DR,33.666336,-84.245115,marta
5974,169043,RIVER RD @ RIVERVIEW CLUB DR,33.666419,-84.245229,marta
5975,169046,RIVER RD @ 3796,33.665354,-84.245484,marta
5976,169048,RIVER RD @ 3796,33.665047,-84.245442,marta
5977,169056,CLEVEMONT RD @ LINEVIEW DR,33.653853,-84.253564,marta
5978,171002,BULL RUN DR @ LLOYD RD,33.702856,-84.284867,marta
5979,171006,BULL RUN DR @ COHASSETT LN,33.702915,-84.282299,marta
5980,171008,NORGATE LN @ BULL RUN DR,33.703147,-84.280734,marta
5981,171010,FLAT SHOALS RD @ NORGATE LN,33.705439,-84.280863,marta
5982,175002,ROOSEVELT HWY @ BEN HILL RD,33.621453,-84.505961,marta
5983,175006,ROOSEVELT HWY @ DELANO RD,33.618526,-84.511246,marta
5984,175008,ROOSEVELT HWY @ FELDWOOD RD,33.614059,-84.517288,marta
5985,175010,ROOSEVELT HWY @ FELDWOOD RD,33.61269,-84.52012,marta
5986,175012,ROOSEVELT HWY @ WELCOME ALL RD SW,33.611118,-84.523328,marta
5987,175014,ROOSEVELT HWY @ BEN HILL RD,33.621402,-84.505571,marta
5988,175018,ROOSEVELT HWY @ DELANO RD,33.618226,-84.510975,marta
5989,175020,ROOSEVELT HWY @ DELANO RD,33.61382,-84.517232,marta
5990,175022,ROOSEVELT HWY @ FELDWOOD RD,33.612418,-84.520195,marta
5991,175024,ROOSEVELT HWY @ WELCOME ALL RD,33.610707,-84.52385,marta
5992,176002,WASHINGTON RD @ CARMEL DR,33.639231,-84.491564,marta
5993,176004,WASHINGTON RD @ N COMMERCE DR,33.633703,-84.492322,marta
5994,176006,WASHINGTON RD @ 4555,33.630875,-84.492203,marta
5995,176010,WASHINGTON RD @ HATHCOCK RD,33.627314,-84.491994,marta
5996,176012,WASHINGTON RD @ SPRING ST,33.624981,-84.492186,marta
5997,176014,WASHINGTON RD @ ROOSEVELT HWY,33.623397,-84.492189,marta
5998,176016,ROOSEVELT HWY @ 3199,33.62267,-84.494208,marta
5999,176018,ROOSEVELT HWY @ MILLER RD,33.622361,-84.497492,marta
6000,176038,ROOSEVELT HWY @ 3199,33.622563,-84.494608,marta
6001,176040,WASHINGTON RD @ ROOSEVELT HWY,33.623367,-84.492067,marta
6002,176042,WASHINGTON RD @ SPRING ST,33.625153,-84.492058,marta
6003,176046,WASHINGTON RD @ 4510,33.631722,-84.492217,marta
6004,176048,WASHINGTON RD @ N COMMERCE DR,33.633033,-84.492233,marta
6005,176058,SULLIVAN RD @ OLD NATIONAL HWY,33.624496,-84.473335,marta
6006,176060,SULLIVAN RD @ EDISON DR,33.624393,-84.466248,marta
6007,176062,SULLIVAN RD @2301,33.624607,-84.463025,marta
6008,176064,SULLIVAN RD @ EMBARCADERO LN,33.624371,-84.460197,marta
6009,176066,BEST RD @ SULLIVAN RD,33.625137,-84.458008,marta
6010,176068,BEST RD @ RIVERDALE RD,33.62841,-84.457863,marta
6011,176070,BEST RD @ 4555,33.631785,-84.457961,marta
6012,176076,BEST RD @ 4555,33.631946,-84.458092,marta
6013,176078,BEST RD @ T OWEN SMITH BLVD,33.628343,-84.458109,marta
6014,176080,BEST RD @ 4736,33.627183,-84.458084,marta
6015,176082,SULLIVAN RD @ 2301,33.624767,-84.463326,marta
6016,176084,SULLIVAN RD @ EDISON DR,33.624805,-84.465591,marta
6017,176088,OLD NATIONAL HWY @ SULLIVAN RD,33.623454,-84.474422,marta
6018,176090,OLD NATIONAL HWY @ GODBY RD,33.615688,-84.47278,marta
6019,176094,OLD NATIONAL HWY @ OLD BILL COOK RD,33.613701,-84.472704,marta
6020,176096,OLD NATIONAL HWY @ JOLLY RD,33.61206,-84.472065,marta
6021,176098,OLD NATIONAL HWY @ JOLLY RD,33.611821,-84.471807,marta
6022,176100,OLD NATIONAL HWY @ 5234,33.612813,-84.472051,marta
6023,176104,OLD NATIONAL HWY @ GODBY RD,33.615986,-84.472641,marta
6024,176106,GODBY RD @ OLD NATIONAL HWY,33.616274,-84.471264,marta
6025,176108,GODBY RD @ OLD NATIONAL PKWY,33.616257,-84.468603,marta
6026,176110,GODBY RD @ SCOFIELD RD,33.616211,-84.46271,marta
6027,176112,SCOFIELD RD @ ORLY TER,33.612485,-84.463184,marta
6028,176116,ROOSEVELT HWY @ WICKERSHAM DR,33.63732,-84.461499,marta
6029,176120,ROOSEVELT HWY @ GLOBAL GATEWAY CONN,33.631315,-84.468945,marta
6030,176124,ROOSEVELT HWY @ HERSCHEL RD,33.628656,-84.472313,marta
6031,176128,ROOSEVELT HWY @ GREENSPRING RD,33.625815,-84.475861,marta
6032,176132,ROOSEVELT HWY @ JANICE DR,33.624091,-84.479548,marta
6033,176134,ROOSEVELT HWY @ KENT RD,33.623904,-84.481098,marta
6034,176138,ROOSEVELT HWY @ WHITE CITY RD,33.623694,-84.484082,marta
6035,176140,ROOSEVELT HWY @ YATES RD,33.623455,-84.486315,marta
6036,176144,ROOSEVELT HWY @ WASHINGTON RD,33.622978,-84.491737,marta
6037,176150,ROOSEVELT HWY @ BUFFINGTON RD,33.62203,-84.501747,marta
6038,176152,OLD NATIONAL HWY @ SULLIVAN RD,33.623512,-84.474121,marta
6039,176154,BEST RD @ SULLIVAN RD,33.625154,-84.45827,marta
6040,176156,SULLIVAN RD @ SOUTHPORT RD,33.624775,-84.461639,marta
6041,176157,SULLIVAN RD @ EMBARCADERO LN,33.624692,-84.460357,marta
6042,176160,ROOSEVELT HWY @ WICKERSHAM DR,33.636716,-84.462001,marta
6043,176162,ROOSEVELT HWY @ GLOBAL GATEWAY CONN,33.631824,-84.467961,marta
6044,176166,ROOSEVELT HWY @ 2511,33.629788,-84.470649,marta
6045,176169,ROOSEVELT HWY @ GREENSPRING RD,33.626383,-84.474927,marta
6046,176174,ROOSEVELT HWY @ JANICE DR,33.624005,-84.479382,marta
6047,176176,ROOSEVELT HWY @ KENT RD,33.623719,-84.481216,marta
6048,176180,ROOSEVELT HWY @ WHITE CITY RD,33.623458,-84.4842,marta
6049,176182,ROOSEVELT HWY @ ROCK HILL RD,33.623279,-84.486669,marta
6050,176186,ROOSEVELT HWY @ WASHINGTON RD,33.622766,-84.49224,marta
6051,176192,ROOSEVELT HWY @ CAMPBELL DR,33.622183,-84.498728,marta
6052,176194,ROOSEVELT HWY @ BUFFINGTON RD,33.621921,-84.501319,marta
6053,176196,SULLIVAN RD @ 2411,33.624848,-84.469834,marta
6054,176198,SULLIVAN RD @ 2411,33.62452,-84.469816,marta
6055,176200,SCOFIELD RD @ ROCHELLE WAY,33.61387,-84.463449,marta
6056,176214,WASHINGTON RD @ HATHCOCK RD,33.627047,-84.491889,marta
6057,176216,ROOSEVELT HWY @ 2601,33.626628,-84.474857,marta
6058,176220,SULLIVAN RD @ OLD NATIONAL HWY,33.62476,-84.473347,marta
6059,176222,ROOSEVELT HWY @ 2511,33.629782,-84.470852,marta
6060,176224,BEST RD @ 4601,33.630379,-84.45797,marta
6061,176226,BEST RD @ 4601,33.630048,-84.45811,marta
6062,176230,BUFFINGTON RD @ NATURALLY FRESH BLVD,33.612303,-84.500219,marta
6063,176232,BUFFINGTON RD @ NATURALLY FRESH BLVD,33.612439,-84.500125,marta
6064,176234,WASHINGTON RD @ 4626,33.630067,-84.491947,marta
6065,182006,ROOSEVELT HWY @ MASON RD,33.600811,-84.544178,marta
6066,182010,ROOSEVELT HWY @ HIGHPOINT RD,33.594247,-84.549617,marta
6067,182014,ROOSEVELT HWY @ 6157,33.587319,-84.548837,marta
6068,182020,ROOSEVELT HWY @ BRYANT ST,33.580955,-84.552453,marta
6069,182025,CAMP DR @ STONEWALL TELL RD,33.600159,-84.549376,marta
6070,182026,ROOSEVELT HWY @ MASON RD,33.600689,-84.544079,marta
6071,182028,ROOSEVELT HWY @ HIGHPOINT RD,33.594059,-84.549464,marta
6072,182029,STONEWALL TELL RD @ ROOSEVELT HWY,33.598457,-84.548685,marta
6073,182030,ROOSEVELT HWY @ VIRGINIA AVE,33.590389,-84.548677,marta
6074,182032,ROOSEVELT HWY @ ALEXANDER AVE,33.586911,-84.548755,marta
6075,182038,ROOSEVELT HWY @ WATSON ST,33.581593,-84.551349,marta
6076,183002,ROYAL SOUTH PKWY @ 3775,33.58784,-84.512909,marta
6077,183004,ROYAL SOUTH PKWY @ FELDWOOD RD,33.587851,-84.514756,marta
6078,183006,FELDWOOD RD @ FLAT SHOALS RD,33.5869,-84.51607,marta
6079,183012,FLAT SHOALS RD @ BUFFINGTON RD,33.583782,-84.510705,marta
6080,183014,FLAT SHOALS RD @ FELDWOOD RD,33.586094,-84.515736,marta
6081,183016,FLAT SHOALS RD @ BUFFINGTON RD,33.583949,-84.510166,marta
6082,183018,ROOSEVELT HWY @ YANKEE DR,33.609057,-84.527594,marta
6083,183020,ROOSEVELT HWY @ MALLORY RD,33.607793,-84.530069,marta
6084,183022,ROOSEVELT HWY @ COOK RD,33.606617,-84.532776,marta
6085,183024,ROOSEVELT HWY @ HUNTER RD,33.603669,-84.538446,marta
6086,183026,ROOSEVELT HWY @ MALLORY RD,33.607414,-84.53043,marta
6087,183028,ROOSEVELT HWY @ COOK RD,33.606414,-84.532493,marta
6088,183030,ROOSEVELT HWY @ HUNTER RD,33.603647,-84.538024,marta
6089,183032,ROOSEVELT HWY @ 4285,33.608613,-84.527734,marta
6090,183038,BUFFINGTON RD @ FLAT SHOALS RD,33.5852,-84.509475,marta
6091,183950,SOUTH FULTON PARK & RIDE,33.586794,-84.51233,marta
6092,184002,FLAT SHOALS RD @ RED OAK RD,33.582165,-84.491773,marta
6093,184004,FLAT SHOALS RD @ KIMBERLY MILL RD,33.582622,-84.487706,marta
6094,184005,FLAT SHOALS RD @ SHOALS CREEK DR,33.58398,-84.48404,marta
6095,184006,KIMBERLY MILL RD @ FLAT SHOALS RD,33.581967,-84.487225,marta
6096,184008,HARPER VALLEY DR @ MICHAEL DR,33.586348,-84.480785,marta
6097,184010,CARRIAGE LN @ HILLANDALE DR,33.591802,-84.479047,marta
6098,184012,FLAT SHOALS RD @ GUILFORD LN,33.588914,-84.475632,marta
6099,184018,OLD NATIONAL HWY @ BISCAYNE DR,33.609378,-84.471151,marta
6100,184020,OLD NATIONAL HWY @ JEROME RD,33.604322,-84.472084,marta
6101,184022,OLD NATIONAL HWY @ 5615,33.602921,-84.472316,marta
6102,184026,OLD NATIONAL HWY @ PLEASANT HILL RD,33.5997,-84.47097,marta
6103,184027,OLD NATIONAL HWY @ BURDETT RD,33.597406,-84.469785,marta
6104,184029,OLD NATIONAL HWY @ BURDETT RD,33.596357,-84.468803,marta
6105,184030,OLD NATIONAL HWY @ 5917,33.594978,-84.468704,marta
6106,184032,OLD NATIONAL HWY @ LANTERN LN,33.593441,-84.468414,marta
6107,184034,OLD NATIONAL HWY @ WEXFORD DR,33.590997,-84.468731,marta
6108,184036,OLD NATIONAL HWY @ FLAT SHOALS RD,33.588118,-84.469115,marta
6109,184038,OLD NATIONAL HWY @ FLAT SHOALS RD,33.589607,-84.468727,marta
6110,184042,OLD NATIONAL HWY @ SHERIFF RD,33.593383,-84.468224,marta
6111,184044,OLD NATIONAL HWY @ BURDETT RD,33.594955,-84.468369,marta
6112,184048,OLD NATIONAL HWY @ PLEASANT HILL RD,33.600157,-84.471123,marta
6113,184050,OLD NATIONAL HWY @ JEROME RD,33.603462,-84.472036,marta
6114,184052,OLD NATIONAL HWY @ SURREY TRL,33.605464,-84.471544,marta
6115,184056,FLAT SHOALS RD @ OLD NATIONAL HWY,33.588991,-84.470462,marta
6116,184057,FLAT SHOALS RD @ SHOALS CREEK DR,33.584234,-84.484115,marta
6117,184058,FLAT SHOALS RD @ GUILFORD LN,33.589135,-84.475597,marta
6118,184060,FLAT SHOALS RD @ KIMBERLY MILL RD,33.582877,-84.487839,marta
6119,184061,FLAT SHOALS RD @ RED OAK RD,33.582292,-84.491918,marta
6120,184062,OLD NATIONAL HWY @ BISCAYNE DR,33.608929,-84.471069,marta
6121,184064,HILLANDALE DR @ CARRIAGE LN,33.591725,-84.478912,marta
6122,184066,FLAT SHOALS RD @ HILLANDALE DR,33.58845,-84.47684,marta
6123,184070,FLAT SHOALS RD @ 3060,33.582418,-84.490561,marta
6124,184074,OLD FARM RD @ GREEN TRAIL DR,33.589582,-84.482466,marta
6125,184076,OLD FARM RD @ GREEN TRAIL DR,33.589434,-84.482266,marta
6126,184082,SCOFIELD RD @ BRITLEY TER,33.605918,-84.463166,marta
6127,184084,SCOFIELD RD @ BRITNEY FOREST DR,33.607705,-84.463161,marta
6128,184086,SCOFIELD RD @ BRITTANY TRL,33.608788,-84.463185,marta
6129,184088,BUFFINGTON RD @ SABLE RUN RD,33.601094,-84.499744,marta
6130,184090,BUFFINGTON RD @ SABLE RUN RD,33.602087,-84.500023,marta
6131,184094,HILLANDALE DR @ OCEAN VALLEY DR,33.589567,-84.47765,marta
6132,184096,HILLANDALE DR @ OCEAN VALLEY DR,33.589581,-84.477889,marta
6133,184098,BUFFINGTON RD @ ROYAL SOUTH PKWY,33.597167,-84.498186,marta
6134,184099,BUFFINGTON RD @ SABLE CHASE LN,33.597911,-84.498375,marta
6135,184100,BUFFINGTON RD @ ESTES DR,33.604535,-84.499789,marta
6136,190004,W BROAD ST @ SHAW DR,33.572903,-84.569328,marta
6137,190010,NW BROAD ST @ DODD ST,33.567689,-84.579869,marta
6138,190012,NW BROAD ST @ 152,33.568725,-84.577697,marta
6139,190020,W BROAD ST @ BROOKS DR,33.560566,-84.587129,marta
6140,190021,HWY 138 @ PARKWAY RD,33.569725,-84.562336,marta
6141,190024,S MAIN ST @ 421,34.066448,-84.305342,marta
6142,190034,ROOSEVELT HWY @ HARBOR LAKES PKWY,33.553297,-84.598339,marta
6143,190052,BEVERLY ENGRAM PKWY @ JONESBORO RD,33.571894,-84.564636,marta
6144,190058,W BROAD ST @ DODD ST,33.567914,-84.5799,marta
6145,190060,SMITH ST @ SW BROAD ST,33.565997,-84.582662,marta
6146,190064,ROOSEVELT HWY @ BEVERLY ENGRAM PKWY,33.574513,-84.56592,marta
6147,191003,JONESBORO RD @ LONDONDERRY WAY,33.56817,-84.53743,marta
6148,191005,JONESBORO RD @ 4751,33.569978,-84.543278,marta
6149,191009,BEVERLY ENGRAM PKWY @ PARKWAY RD,33.56983,-84.562034,marta
6150,191011,W BROAD ST @ ESTES DR,33.571267,-84.572786,marta
6151,191013,W BROAD ST @ ELDER ST,33.570342,-84.574825,marta
6152,191020,JONESBORO RD @ 4770,33.569881,-84.543464,marta
6153,191030,ROOSEVELT HWY @ GRESHAM ST,33.579787,-84.554587,marta
6154,191032,ROOSEVELT HWY @ THOMPSON,33.578123,-84.558172,marta
6155,191034,ROOSEVELT HWY @ WESTBROOK PL,33.577089,-84.56036,marta
6156,191036,ROOSEVELT HWY @ LOWER DIXIE LAKE RD,33.576046,-84.562805,marta
6157,191038,NW BROAD ST @ BEVERLY ENGRAM PKWY,33.574278,-84.566973,marta
6158,191042,ROOSEVELT HWY @ GRESHAM ST,33.579509,-84.554879,marta
6159,191044,ROOSEVELT HWY @ THOMPSON DR,33.578036,-84.557988,marta
6160,191046,ROOSEVELT HWY @ WESTBROOK PL,33.57718,-84.55984,marta
6161,191048,ROOSEVELT HWY @ LOWER DIXIE LAKE RD,33.575924,-84.562623,marta
6162,191058,ROOSEVELT HWY @ 6935,33.54379,-84.613567,marta
6163,191064,ROOSEVELT HWY @ 6737,33.547528,-84.607097,marta
6164,191070,BEVERLY ENGRAM PKWY @ JONESBORO RD,33.570448,-84.545817,marta
6165,191072,HWY 138 @ GOODSON CONNECTOR RD,33.570253,-84.547794,marta
6166,191078,ROOSEVELT HWY @ 6935,33.543505,-84.613286,marta
6167,191082,NW BROAD ST @ NE BROAD ST,33.570489,-84.574067,marta
6168,191084,JONESBORO RD @ STUDIO WAY,33.567743,-84.536635,marta
6169,191086,HWY 138 @ 5250,33.569033,-84.556164,marta
6170,191088,HWY 138 @ GRESHAM ST,33.569086,-84.555483,marta
6171,191090,ROOSEVELT HWY @ VILLAGE CENTER BLVD,33.55362,-84.598025,marta
6172,191091,HWY 138 @ JONESBORO RD,33.572564,-84.565347,marta
6173,192002,FLAT SHOALS RD @ CONNELL RD,33.580697,-84.503346,marta
6174,192004,FLAT SHOALS RD @ CONNELL RD,33.580444,-84.502434,marta
6175,192008,FLAT SHOALS RD @ 3650,33.582985,-84.507663,marta
6176,192010,FLAT SHOALS RD @ BUFFINGTON RD,33.583269,-84.507565,marta
6177,193002,FLAT SHOALS RD @ HIDDEN BROOK TRL,33.578747,-84.498574,marta
6178,193004,FLAT SHOALS RD @ EL CAUDILLO CT,33.579498,-84.49543,marta
6179,193006,FLAT SHOALS RD @ TAHOE DR,33.580421,-84.494286,marta
6180,193008,KIMBERLY MILL RD @ KIMBERLY MILL LN,33.576004,-84.489159,marta
6181,193010,CADIZ CIR @ KIMBERLY MILL RD,33.573943,-84.490109,marta
6182,193012,CADIZ CIR @ CADIZ LN N,33.573753,-84.492126,marta
6183,193014,CADIZ CIR @ CADIZ LN S,33.571747,-84.491862,marta
6184,193016,CADIZ CIR @ KIMBERLY MILL RD,33.57149,-84.490625,marta
6185,193018,KIMBERLY MILL RD @ ADENA LN W,33.572384,-84.490166,marta
6186,193020,KIMBERLY MILL RD @ PINEY FORK LN,33.573425,-84.489769,marta
6187,193022,KIMBERLY MILL RD @ VALLEY BEND RD,33.57716,-84.488337,marta
6188,193024,KIMBERLY MILL RD @ 6400,33.579666,-84.487091,marta
6189,193026,FLAT SHOALS RD @ TAHOE DR,33.580933,-84.494209,marta
6190,193028,FLAT SHOALS RD @ EL CAUDILLO CT,33.580017,-84.49559,marta
6191,193030,KIMBERLY MILL RD @ KEENAN RD,33.575119,-84.489481,marta
6192,193032,KIMBERLY MILL RD @ KEENAN RD,33.574742,-84.48919,marta
6193,197030,ROOSEVELT HWY @ BISHOP RD,33.541613,-84.616263,marta
6194,197036,ROOSEVELT HWY @ HOBGOOD RD,33.537422,-84.633702,marta
6195,197040,ROOSEVELT HWY @ JOHN RIVERS RD,33.549029,-84.60479,marta
6196,197100,ROOSEVELT HWY @ JOHN RIVERS RD,33.549064,-84.605057,marta
6197,197110,ROOSEVELT HWY @ BISHOP RD,33.541334,-84.617043,marta
6198,197130,ROOSEVELT HWY @ HOBGOOD RD,33.537542,-84.63414,marta
6199,197140,ROOSEVELT HWY @ WALNUT WAY,33.529488,-84.657903,marta
6200,200002,ROOSEVELT HWY @ WILKERSON MILL RD,33.536102,-84.641882,marta
6201,200010,MAIN ST @ GRIFFITH DR,33.526647,-84.663621,marta
6202,200012,MAIN ST @ SIMS ST,33.523399,-84.665416,marta
6203,200013,ROOSEVELT HWY @ PHIPPS RD,33.528321,-84.660799,marta
6204,200014,MAIN ST @ HARRIS AVE,33.523095,-84.66598,marta
6205,200016,MAIN ST @ JACKSON AVE,33.520394,-84.667713,marta
6206,200018,MAIN ST @ TOOMBS ST,33.517397,-84.669803,marta
6207,200020,ROOSEVELT HWY @ TATUM RD,33.53603,-84.64173,marta
6208,200026,ROOSEVELT HWY @ GULLATT RD,33.537684,-84.626017,marta
6209,200030,ROOSEVELT HWY @ WALNUT WAY,33.528898,-84.658906,marta
6210,200032,MAIN ST @ PARK ST,33.524559,-84.664682,marta
6211,200034,MAIN ST @ GRIFFITH DR,33.526527,-84.663474,marta
6212,200100,ROOSEVELT HWY @ GULLATT RD,33.538074,-84.625431,marta
6213,555300,SIX FLAGS PKWY @ SERVICE RD,33.771922,-84.552397,marta
6214,770627,WOODLAND HILLS DR @ JANES LN,33.812105,-84.344675,marta
6215,770663,ARMOUR DR @ 181,33.809371,-84.383296,marta
6216,770709,RALPH D ABERNATHY BLVD @ POLLARD BLVD SW,33.737036,-84.390231,marta
6217,772304,BRIARCLIFF RD @ BRIARCLIFF WAY,33.85412,-84.262775,marta
6218,773140,N PEACHTREE RD @ PEELER RD,33.935488,-84.293989,marta
6219,773616,CUSTER AVE @ CUSTER WAY SE,33.715801,-84.352932,marta
6220,999544,NORTH SPRINGS STATION,33.94495,-84.357275,marta
6221,999549,LINDBERGH CENTER STATION,33.823501,-84.369313,marta
6222,999673,KIMBERLY RD @ FAIRLY WAY,33.719733,-84.520839,marta
6223,999690,LINDBERGH CENTER STATION,33.823447,-84.369324,marta
6224,999738,JOHNSON RD NE @ BRIARCLIFF RD NE,33.804651,-84.337984,marta
6225,999742,RAINBOW DR @ KELLEY CHAPEL RD,33.707184,-84.224094,marta
6226,999743,MEMORIAL DR @ HOOPER ALEXANDER DR,33.751714,-84.272814,marta
6227,999748,COVINGTON HWY @ 5103,33.73246,-84.202216,marta
6228,999751,BOULEVARD NE @ IRWIN ST NE,33.757588,-84.372059,marta
6229,999755,JOHN WESLEY DOBBS AVE @ HOWELL ST,33.759379,-84.370245,marta
6230,999756,BOULEVARD NE @ IRWIN ST NE,33.757686,-84.372135,marta
6231,999759,BRIARCLIFF RD NE @ WILLOW LAKE DR NE,33.821307,-84.334679,marta
6232,999762,10TH ST NE @ JUNIPER ST NE,33.781777,-84.382427,marta
6233,999764,10TH ST NE @ PIEDMONT AVE NE,33.781823,-84.380339,marta
6234,999765,10TH ST NE @ PIEDMONT AVE NE,33.781751,-84.380535,marta
6235,999766,10TH ST NE @ JUNIPER ST NE,33.781706,-84.382373,marta
6236,999772,CHEROKEE AVE SE @ BASS ST SE,33.734798,-84.373556,marta
6237,999774,WOODLAND AVE NE @ 1155,33.814745,-84.349708,marta
6238,999775,WOODLAND AVE NE @ 1217,33.814403,-84.347924,marta
6239,999777,WOODLAND AVE NE @ 1220,33.814384,-84.347782,marta
6240,999778,WOODLAND AVE NE @ 1170,33.814938,-84.349673,marta
6241,999779,NORTH POINT PKWY @ EXECUTIVE DRIVE,34.069716,-84.258924,marta
6242,999780,NORTH POINT PKWY @ OLD MILTON PKWY,34.068672,-84.260979,marta
6243,999782,WESTPARK DR @ 4175,33.73733,-84.557701,marta
6244,999790,MEMORIAL DR @ HOOPER ALEXANDER DR,33.752098,-84.272455,marta
6245,999792,WINN WAY @ 460,33.787636,-84.279392,marta
6246,999795,17TH ST NW @ SPRING ST NW,33.791963,-84.389041,marta
6247,999796,17TH ST NW @ MARKET ST NW,33.791363,-84.395542,marta
6248,999804,CONTINENTAL COLONY PKWY SW @ GREENBRIAR PKWY SW,33.686287,-84.49128,marta
6249,999809,ASTOR AVE @ ARROW ST,33.701617,-84.425824,marta
6250,999811,DUNWOODY PARK @ DUNWOODY PARK SOUTH,33.92404,-84.311311,marta
6251,999812,TILLY MILL RD @ COLDSTREAM DR,33.936608,-84.288676,marta
6252,999813,DUNWOODY PARK @ DUNWOODY PARK SOUTH,33.923941,-84.3113,marta
6253,999823,LAWRENCEVILLE HWY @ 4375,33.857298,-84.205545,marta
6254,999841,CLEVELAND AVE @ FORREST HILLS DR,33.681082,-84.400882,marta
6255,999843,N DESERT DR @ 3540,33.65734,-84.49491,marta
6256,999844,N DESERT DR @ 3600,33.6572,-84.49467,marta
6257,999845,REDWINE RD @ CREST RIDGE DR,33.66109,-84.50135,marta
6258,999846,REDWINE RD @ CREST RIDGE DR,33.660929,-84.501499,marta
6259,999847,REDWINE RD @ N DESERT DR,33.66066,-84.49545,marta
6260,999848,VIRGINIA AVE @ VICTORIA ST,33.659668,-84.452764,marta
6261,999849,VIRGINIA AVE @ HEMPHILL ST,33.65982,-84.44972,marta
6262,999850,CLIFTON SPRINGS RD @ PINE SPRINGS MNR,33.69205,-84.288909,marta
6263,999851,CLIFTON SPRINGS RD @ BUNNY LN,33.691764,-84.291158,marta
6264,999852,CLIFTON SPRINGS RD @ BUNNY LN,33.69163,-84.29129,marta
6265,999853,RIVER RD @ KRISTA LN,33.674396,-84.249853,marta
6266,999856,REDFORD DR @ NATHAM DR,33.687826,-84.356713,marta
6267,999857,MILLER RD @ 2935,33.704051,-84.182895,marta
6268,999858,MILLER RD @ CHATOOGA DR,33.7023,-84.184011,marta
6269,999859,MINOLA DR @ MILLER RD,33.701064,-84.183818,marta
6270,999860,MINOLA DR @ 5075,33.70107,-84.18125,marta
6271,999861,MINOLA DR @ 5195,33.70107,-84.17863,marta
6272,999862,MINOLA DR @ 5215,33.701028,-84.176202,marta
6273,999863,MINOLA DR @ PANOLA RD,33.700941,-84.172328,marta
6274,999867,W FAIRINGTON PKWY @ BUCKINGHAM WAY,33.69913,-84.16653,marta
6275,999874,HILLANDALE DR @ JW WILLIAMS SR LN,33.705083,-84.166976,marta
6276,999875,HILLANDALE DR @ 5850,33.703686,-84.150601,marta
6277,999876,HILLANDALE DR @ CONCEPTS 21 DR,33.70367,-84.15965,marta
6278,999877,HILLANDALE DR @ PANOLA RD,33.706932,-84.168761,marta
6279,999879,HILLANDALE DR @ 6136,33.705765,-84.140399,marta
6280,999894,FLAT SHOALS RD @ COOK RD,33.716286,-84.306512,marta
6281,999895,FLAT SHOALS RD @ 2ND AVE,33.71873,-84.309,marta
6282,999898,CHEROKEE AVE @ GRANT PARK PL,33.73232,-84.37354,marta
6283,999902,DELOWE DR SW @ CAMPBELLTON RD SW,33.706365,-84.457295,marta
6284,999903,MYRTLE DR @ 1890,33.702706,-84.45504,marta
6285,999904,MYRTLE DR @ 1881,33.703568,-84.45506,marta
6286,999905,DELOWE DR @ ALISON CT,33.700842,-84.457448,marta
6287,999915,N INDIAN CREEK DR @ ROCKBRIDGE RD,33.785523,-84.236661,marta
6288,999916,ROCKBRIDGE RD @ S SUSAN CREEK DR,33.785902,-84.225504,marta
6289,999918,FAIRBURN RD SW @ MAYS XING SW,33.732144,-84.509995,marta
6290,999919,FAIRBURN RD SW @ MAYS XING SW,33.732484,-84.510224,marta
6291,999922,17TH ST NW @ STATE ST NW,33.79106,-84.398979,marta
6292,999923,17TH ST NW @ MARKET ST NW,33.7911,-84.394515,marta
6293,999943,N COMMERCE DR @ CENTER PKWY,33.652448,-84.503184,marta
6294,999947,BUFFINGTON RD @ OLD BILL COOK RD,33.593684,-84.497262,marta
6295,999948,BUFFINGTON RD @ OLD BILL COOK RD,33.593161,-84.497164,marta
6296,999949,BUFFINGTON RD @ BIRDSEYE TRL,33.590486,-84.501162,marta
6297,999957,CAROLINE ST @ 1270,33.758476,-84.347551,marta
6298,999960,OLD HAPEVILLE RD @ 2466,33.68746,-84.390928,marta
6299,999964,HOWELL MILL RD @ NAWENCH DR,33.832539,-84.418038,marta
6300,999965,SEABOARD AVE NE @ MORELAND AVE NE,33.758374,-84.349566,marta
6301,999968,KIMBERLY RD @ CASCADE RD,33.725137,-84.515159,marta
6302,999969,KIMBERLY RD SW @ CASCADE RD SW,33.724645,-84.515483,marta
6303,999978,FAIRBURN RD @ SANDY CREEK ROAD,33.779758,-84.502571,marta
6304,999981,RIVER RD @ MORTONS LANDING DR,33.661386,-84.246402,marta
6305,999982,NORTH POINT PKWY @ GREAT OAKS WAY,34.061846,-84.265327,marta
6306,999984,ATLANTA AVE SE @ CHEROKEE AVE SE,33.730268,-84.373277,marta
6307,999986,MARTIN L KING JR DR SW @ LAMAR AVE,33.750897,-84.459102,marta
6308,999987,MYRTLE DR @ PLAZA LN,33.705419,-84.455055,marta
6309,999992,CAROLINE ST @ 1245,33.758338,-84.347739,marta
6310,999994,FAIRBURN RD @ 680,33.735366,-84.510503,marta
6311,999995,FAIRBURN RD SW @ 680,33.7358,-84.51033,marta
6312,1000002,VIRGINIA AVE NE @ TODD RD NE,33.782325,-84.355076,marta
6313,1000004,COLUMBIA DR @ FLAT SHOALS PKWY,33.69335,-84.259606,marta
6314,1000005,GLENDALE RD @ HATTON DR,33.787337,-84.254073,marta
6315,1000008,COVINGTON HWY @ HILLVALE RD (W),33.718365,-84.150324,marta
6316,1000009,COVINGTON HWY @ HILLVALE RD (W),33.718547,-84.150377,marta
6317,1000021,CHAPEL ST @ 7TH STREET,33.786604,-84.256086,marta
6318,1000022,BUFFINGTON RD @ FLAT SHOALS RD,33.584341,-84.510192,marta
6319,1000025,PANOLA RD @ 2538,33.713823,-84.165562,marta
6320,1000028,PEELER RD @ N PEACHTREE RD,33.935903,-84.294593,marta
6321,1000029,CHAMBLEE TUCKER RD @ STONECREST CT,33.885719,-84.249607,marta
6322,1000031,EXECUTIVE PARK DR NE @ ORTHO LN,33.829334,-84.334557,marta
6323,99969863,MEMORIAL DR @ N HAIRSTON RD,33.802714,-84.192805,marta
6324,99969864,VIRGINIA AVE @ HEMPHILL ST,33.659698,-84.449887,marta
6325,99969873,ROCKBRIDGE RD @ S INDIAN CREEK DR,33.786883,-84.232385,marta
6326,99969875,FAIRBURN RD SW @ REDWINE PKWY SW,33.667808,-84.515946,marta
6327,99969878,EMORY DECATUR HOSPITAL,33.790171,-84.282806,marta
6328,99969882,N PEACHTREE RD @ TILLY MILL RD,33.936207,-84.293929,marta
6329,99969900,JOHNSON FERRY RD @ DONALDSON DR,33.892253,-84.326084,marta
6330,99969906,DELOWE DR SW @ DELOWE PL SW,33.703939,-84.457247,marta
6331,99969913,NORTH POINT PKWY @ GREAT OAKS WAY,34.057112,-84.269189,marta
6332,99969914,NORTH POINT PKWY @ ROYAL DR,34.05884,-84.266388,marta
6333,99969915,NORTH POINT PKWY @ GREAT OAKS WAY,34.062669,-84.265402,marta
6334,99969916,NORTH POINT PKWY @ ROYAL DR,34.058939,-84.266791,marta
6335,99969917,NORTH POINT PKWY @ GREAT OAKS WAY (S),34.057356,-84.269292,marta
6336,99969920,ROCKBRIDGE RD @ THOMAS JEFFERSON DR,33.786326,-84.201054,marta
6337,99969922,CEDAR ST @ 3RD AVE,33.785291,-84.26085,marta
6338,99969951,BRIARWOOD RD @ N DRUID HILLS RD,33.853439,-84.339016,marta
6339,99969952,ATLANTA AVE @ CHEROKEE AVE,33.730161,-84.373325,marta
6340,99969954,NEW SNAPFINGER WOODS DR @ E WESLEY CHAPEL WAY,33.71489,-84.214983,marta
6341,99969956,FLAT SHOALS RD @ 2555,33.589123,-84.473195,marta
6342,99969960,BARGE RD PARK & RIDE,33.689233,-84.507204,marta
6343,99969968,GRESHAM RD SE @ FLAT SHOALS RD (WAL-MART),33.718412,-84.310582,marta
6344,99969969,CASCADE RD @ BEECHER RD,33.722192,-84.464113,marta
6345,99969971,ASTOR AVE SW @ SYLVAN RIDGE DR SW,33.701371,-84.419599,marta
6346,99969983,FLAT SHOALS RD @ 2555,33.589143,-84.472144,marta
6347,99969984,FLAT SHOALS RD @ HIDDEN BROOK TRL,33.57882,-84.498374,marta
6348,99969985,CARRIAGE LANE @ OCEAN VALLEY DR,33.591906,-84.481729,marta
6349,99969993,E PONCE DE LEON AVE @ ROCK MOUNTAIN BLVD,33.81903,-84.184845,marta
6350,99969995,CHARLES ALLEN DR @ 10TH ST,33.781361,-84.37278,marta
6351,99970019,TARRAGON WAY @ ESTER DR,33.749987,-84.519256,marta
6352,99970028,CONSTITUTION RD @ 960,33.692973,-84.357779,marta
6353,99970032,ROCKBRIDGE RD @ HALWICK WAY,33.786681,-84.198596,marta
6354,99970041,S COLUMBIA DR @ CONWAY RD,33.761732,-84.277809,marta
6355,99970045,MOURY AVE @ 204,33.715561,-84.392147,marta
6356,99970046,MOURY AVE SW @ 204,33.715668,-84.392104,marta
6357,99970047,MOURY AVE @ THIRKELD AVE,33.714031,-84.391157,marta
6358,99970048,MOURY AVE @ MIDDLETON ST,33.712904,-84.389928,marta
6359,99970052,PEACHTREE ST @ PEACHTREE PL,33.7807,-84.384034,marta
6360,99970074,W BROAD ST @ SMITH ST,33.565538,-84.582761,marta
6361,99970077,NORTHSIDE PKWY NW @ 4111,33.863999,-84.445706,marta
6362,99970078,COBB PKWY @ RIVER PKWY,33.871766,-84.456297,marta
6363,99970079,COBB PKWY @ RIVERWOOD PKWY,33.879746,-84.459374,marta
6364,99970080,AKERS MILL @ CUMBERLAND BLVD,33.879222,-84.464601,marta
6365,99970081,AKERS MILL RD @ CUMBERLAND BLVD,33.879359,-84.46439,marta
6366,99970082,COBB PKWY @ 2980,33.880269,-84.461075,marta
6367,99970083,COBB PKWY @ CUMBERLAND BLVD,33.878099,-84.45739,marta
6368,99970084,COBB PKWY @ 3220,33.873368,-84.456521,marta
6369,99970088,CUMBERLAND TRANSFER CENTER,33.87813,-84.46919,marta
6370,99970090,HOWELL MILL RD @ DOWNWOOD CIR NW,33.841095,-84.427533,marta
6371,99970091,HOWELL MILL RD @ MOORES MILL RD,33.837435,-84.420355,marta
6372,99970093,COBB PKWY SE @ PARKWAY POINTE SE,33.878029,-84.456699,marta
6373,99970097,CHESHIRE BRIDGE RD @ WOODLAND AVE,33.815344,-84.352955,marta
6374,99970098,LINDBERGH DR NE @ PIEDMONT RD NE,33.821512,-84.367257,marta
6375,99970099,MORELAND AVE @ NORTH AVE,33.771192,-84.349089,marta
6376,99970100,MORELAND AVE @ DRUID PL,33.769043,-84.349058,marta
6377,99970101,MORELAND AVE @ MANSFIELD AVE,33.767871,-84.349068,marta
6378,99970102,MORELAND AVE @ EUCLID AVE,33.765158,-84.349242,marta
6379,99970103,MORELAND AVE @ 299,33.762357,-84.349263,marta
6380,99970104,MORELAND AVE @ 327,33.762863,-84.349122,marta
6381,99970105,MORELAND AVE @ MCLENDON AVE,33.764899,-84.349122,marta
6382,99970107,MORELAND AVE @ MANSFIELD AVE,33.767701,-84.34896,marta
6383,99970108,MORELAND AVE @ DRUID PL,33.768936,-84.348927,marta
6384,99970109,MORELAND AVE @ NORTH AVE,33.770994,-84.348895,marta
6385,99970111,TURNER HILL RD @ STONECREST CONCOURSE,33.695316,-84.088964,marta
6386,99970113,MALL PKWY @ STONECREST PROM,33.693731,-84.096321,marta
6387,99970116,EVA DAVIS WAY @ GREENHAVEN DR SE,33.741208,-84.314484,marta
6388,99970117,EVA DAVIS WAY @ FOREST LAKES AVE,33.743598,-84.31481,marta
6389,99970118,EVA DAVIS WAY SE @ MEMORIAL DR,33.747258,-84.31444,marta
6390,99970124,LONDONDERRY WAY @ LANCASTER LN,33.57005,-84.537521,marta
6391,99970131,PERIMETER CTR W @ PERIMETER CTR PL,33.927055,-84.340793,marta
6392,99970132,PERIMETER CTR PL @ MEADOW LANE RD,33.929659,-84.339944,marta
6393,99970136,PERIMETER CTR PL @ PERIMETER CTR WEST,33.929087,-84.340805,marta
6394,99970150,BRIARWOOD RD @ 1775,33.84286,-84.322807,marta
6395,99970151,BRIARWOOD RD @ 1750,33.843344,-84.323305,marta
6396,99970152,BRIARWOOD RD @ BRIARWOOD IND CT,33.840891,-84.321425,marta
6397,99970153,BRIARWOOD RD @ BRIARWOOD IND CT,33.841154,-84.321479,marta
6398,99970171,LINDBERGH WAY NE @ W LINDMONT CT,33.820486,-84.364804,marta
6399,99970172,LINDBERGH DR NE @ ADINA DR NE,33.82052,-84.36349,marta
6400,99970173,LINDBERGH DR NE @ MOROSGO WAY,33.820766,-84.365358,marta
6401,99970183,PRINCETON LAKES PKWY @ CAR MIA DR,33.65711,-84.510328,marta
6402,99970184,PRINCETON LAKES PKWY @ 3725,33.657945,-84.508734,marta
6403,99970191,N DECATUR RD @ LANTERN WOOD DR,33.788524,-84.249308,marta
6404,99970194,FLAT SHOALS RD @ HEMPERLEY RD,33.586477,-84.479705,marta
6405,99970195,FLAT SHOALS RD @ HEMPERLEY RD,33.586403,-84.479309,marta
6406,99970196,TUCKERSTONE PKWY @ MOUNTAIN INDUSTRIAL BLVD,33.857978,-84.198611,marta
6407,99970204,DONALD L HOLLOWELL PKWY @ MARIETTA BLVD,33.772544,-84.425263,marta
6408,99970240,ROCKBRIDGE RD @ N HAIRSTON RD,33.787341,-84.194606,marta
6409,99970247,FLAT SHOALS RD @ OLD NATIONAL HWY,33.58889,-84.471197,marta
6410,99970314,BOULDERCREST RD @ CHERRY VALLEY DR,33.690099,-84.31615,marta
6411,99970315,COUNTY LINE RD @ IVYWOOD DR,33.682342,-84.537261,marta
6412,99970318,NORTHSIDE PKWY @ 3715,33.854821,-84.431197,marta
6413,99970319,NORTHSIDE PKWY @ 3715,33.854455,-84.431229,marta
6414,99970323,POWERS FERRY RD @ DUPREE DR,33.910959,-84.425156,marta
6415,99970324,POWERS FERRY RD NW @ DUPREE DR NW,33.911532,-84.424331,marta
6416,99970328,COVINGTON HWY @ TURNER HILL RD,33.702114,-84.088943,marta
6417,99970329,MOURY AVE @ PRYOR RD,33.717073,-84.393267,marta
6418,99970330,MOURY AVE @ PRYOR RD,33.716957,-84.393017,marta
6419,99970333,NORTHSIDE PKWY @ RIVER GREEN DR,33.864243,-84.448769,marta
6420,99970334,NORTHSIDE PKWY @ RIVER GREEN DR,33.864182,-84.44922,marta
6421,99970335,BRANNEN RD SE @ WELLAND AVE SE,33.715544,-84.312141,marta
6422,99970336,MIDWAY RD @ WREN RD,33.759311,-84.251576,marta
6423,99970340,S STONE MOUNTAIN LITHONIA RD @ 490,33.78413,-84.16164,marta
6424,99970341,S STONE MOUNTAIN LITHONIA RD @ 490,33.782803,-84.161224,marta
6425,99970342,S STONE MOUNTAIN LITHONIA RD @ WELLS CIR,33.781094,-84.161477,marta
6426,99970343,S STONE MNT LITHONIA RD @ WELLS CIR,33.780879,-84.161423,marta
6427,99970346,S STONE MTN LITHONIA RD @ SHADOW ROCK DR,33.771734,-84.163074,marta
6428,99970347,S STONE MTN LITHONIA RD @ SHADOW RK,33.772145,-84.162877,marta
6429,99970348,S STONE MOUNTAIN LITHONIA RD @ PATTILLO WAY,33.768083,-84.163679,marta
6430,99970349,S STONE MOUNTAIN LITHONIA RD @ PATTIL,33.76768,-84.163658,marta
6431,99970350,PANOLA RD @ FOREST EAST LN,33.761085,-84.16489,marta
6432,99970351,PANOLA RD @ FOREST EAST LN,33.760923,-84.164857,marta
6433,99970352,PANOLA RD @ REDAN RD,33.756943,-84.165551,marta
6434,99970353,PANOLA RD @ REDAN RD,33.756283,-84.165349,marta
6435,99970354,PANOLA RD @ WINDFERN CT,33.752828,-84.165635,marta
6436,99970355,PANOLA RD @ JOECLAY DR,33.753047,-84.16545,marta
6437,99970356,PANOLA RD @ BIFFLE RD,33.747605,-84.165439,marta
6438,99970357,PANOLA RD @ BIFFLE RD,33.747507,-84.165352,marta
6439,99970358,PANOLA RD @ YOUNG RD,33.73786,-84.16956,marta
6440,99970359,PANOLA RD @ YOUNG RD,33.737791,-84.169323,marta
6441,99970360,PANOLA RD @ MARBUT RD,33.734254,-84.168292,marta
6442,99970361,PANOLA RD @ MARBUT RD,33.734513,-84.168313,marta
6443,99970362,PANOLA RD @ PANOLA WAY LN,33.730511,-84.167419,marta
6444,99970363,PANOLA RD @ PANOLA DOWNS RD,33.730439,-84.167278,marta
6445,99970364,PANOLA RD @ MALLARD TRL,33.726035,-84.167222,marta
6446,99970365,PANOLA RD @ MALLARD TRL,33.725963,-84.167157,marta
6447,99970366,PANOLA RD @ COVINGTON HWY,33.722064,-84.166836,marta
6448,99970367,PANOLA RD @ COVINGTON HWY,33.723394,-84.167097,marta
6449,99970368,PANOLA RD @ 2523,33.714763,-84.165669,marta
6450,99970369,PANOLA RD @ SNAPFINGER WOODS DR,33.709011,-84.168212,marta
6451,99970370,PANOLA RD @ SNAPFINGER WOODS DR,33.709271,-84.167927,marta
6452,99970372,PEACHTREE INDUSTRIAL BLVD @ LONGVIEW DR,33.899965,-84.300132,marta
6453,99970373,PEACHTREE INDUSTRIAL BLVD @ LONGVIEW DR,33.900824,-84.299563,marta
6454,99970374,MOTORS IND WAY @ 5000,33.910521,-84.285769,marta
6455,99970375,MOTORS INDUSTRIAL WAY @ 5000,33.910709,-84.285638,marta
6456,99970376,PEACHTREE INDUSTRIAL BLVD @ CHAMBLEE TUCKER RD,33.890006,-84.311676,marta
6457,99970377,PRINCETON LAKES PKWY @ REDWINE RD,33.659198,-84.508976,marta
6458,99970378,PRINCETON LAKES PKWY @ CAR MIA DR,33.657379,-84.510242,marta
6459,99970379,PRINCETON LAKES PKWY @ CAMP CREEK PKWY,33.656351,-84.512669,marta
6460,99970380,PRINCETON LAKES PKWY @ CAMP CREEK PKWY,33.656535,-84.511999,marta
6461,99970381,FAIRBURN RD @ VILLAGE PARK LN,33.664095,-84.525363,marta
6462,99970382,FAIRBURN RD SW @ VILLAGE PARK LN,33.664166,-84.525233,marta
6463,99970383,FAIRBURN RD @ 3070,33.671212,-84.51451,marta
6464,99970392,WASHINGTON RD @ W RUGBY AVE,33.663606,-84.468664,marta
6465,99970393,WASHINGTON RD @ DODSON DR CONN,33.662081,-84.471644,marta
6466,99970394,WASHINGTON RD @ CHARLES DR,33.66006,-84.476696,marta
6467,99970396,WASHINGTON RD @ MT OLIVE RD,33.659592,-84.477811,marta
6468,99970397,WASHINGTON RD @ REDWINE RD,33.658723,-84.480616,marta
6469,99970398,WASHINGTON RD @ REDWINE RD,33.658314,-84.480839,marta
6470,99970399,WASHINGTON RD @ W POTOMAC DR,33.656672,-84.482108,marta
6471,99970400,WASHINGTON RD @ W POTOMAC DR,33.656346,-84.482148,marta
6472,99970401,WASHINGTON RD @ VICTORIA DR,33.654361,-84.486767,marta
6473,99970402,WASHINGTON RD @ SOUTHLAND CT,33.654372,-84.486508,marta
6474,99970403,MT OLIVE RD @ DRESDEN TRL,33.661733,-84.477547,marta
6475,99970404,MT OLIVE RD @ W RUGBY AVE,33.663792,-84.477496,marta
6476,99970405,MT OLIVE RD @ STONE RD,33.665842,-84.477468,marta
6477,99970406,STONE RD @ DODSON DR,33.665926,-84.474959,marta
6478,99970407,STONE RD @ DODSON DR CONN,33.665902,-84.472679,marta
6479,99970408,STONE RD @ PEBBLE DR,33.665905,-84.470496,marta
6480,99970410,STONE RD @ PENNY LN,33.665903,-84.468107,marta
6481,99970412,WELCOME ALL RD @ 5225,33.613385,-84.525132,marta
6482,99970413,WELCOME ALL RD @ 5225,33.611877,-84.524437,marta
6483,99970414,WELCOME ALL RD @ 5145,33.615731,-84.525148,marta
6484,99970415,WELCOME ALL RD @ 5145,33.615854,-84.525294,marta
6485,99970416,WELCOME ALL RD @ KENSINGTON COVE,33.625402,-84.526346,marta
6486,99970417,WELCOME ALL RD @ KENSINGTON COVE,33.625685,-84.526486,marta
6487,99970418,WELCOME ALL RD @ KENWOOD TRL,33.628031,-84.527354,marta
6488,99970419,WELCOME ALL RD @ KENWOOD TRL,33.628094,-84.527485,marta
6489,99970420,WELCOME ALL RD @ WILL LEE RD,33.630848,-84.529272,marta
6490,99970421,WELCOME ALL RD @ WILL LEE RD,33.630785,-84.529402,marta
6491,99970422,WELCOME ALL RD @ SCARBOROUGH RD,33.633143,-84.532209,marta
6492,99970423,WELCOME ALL RD @ JAILETTE RD,33.633322,-84.53247,marta
6493,99970425,WELCOME ALL RD @ 4345,33.636487,-84.527341,marta
6494,99970426,WELCOME ALL RD @ 4195,33.640391,-84.52401,marta
6495,99970427,WELCOME ALL RD @ 4195,33.640427,-84.524075,marta
6496,99970428,WELCOME ALL RD @ SOUTHMEADOW PKWY,33.6484,-84.520817,marta
6497,99970429,WELCOME ALL RD @ SOUTHMEADOW PKWY,33.648561,-84.52098,marta
6498,99970430,FAIRINGTON PKWY @ RUE FONTAINE,33.699999,-84.163646,marta
6499,99970431,FAIRINGTON PKWY @ PHILIP BRADLEY DR,33.699054,-84.159965,marta
6500,99970432,FAIRINGTON PKWY @ TREEVIEW DR,33.69749,-84.155894,marta
6501,99970433,FAIRINGTON PKWY @ FAIRINGTON CLUB DRIVE,33.696045,-84.153208,marta
6502,99970434,FAIRINGTON PKWY @ FAIRINGTON RIDGE CIR,33.697367,-84.154475,marta
6503,99970436,FAIRINGTON PKWY @ MEADOWOOD CIR,33.699197,-84.159628,marta
6504,99970437,FAIRINGTON PKWY @ RUE FONTAINE,33.700205,-84.163504,marta
6505,99970438,W FAIRINGTON PKWY @ BUCKINGHAM WAY,33.699403,-84.166439,marta
6506,99970439,W FAIRINGTON PKWY @ TURNBERRY PL,33.697562,-84.168279,marta
6507,99970440,W FAIRINGTON PKWY @ PANOLA RD,33.69721,-84.17307,marta
6508,99970441,E SIDE DR @ OLD WESLEY CHAPEL RD,33.708745,-84.217605,marta
6509,99970442,PLEASANTWOOD DR @ E SIDE DR,33.708321,-84.214411,marta
6510,99970443,PLEASANTWOOD DR @ SNAPFINGER RD,33.704633,-84.214645,marta
6511,99970444,SNAPFINGER RD @ WESLEY CHAPEL RD,33.705729,-84.216064,marta
6512,99970450,SYLVAN RD @ GENESSEE AVE,33.716152,-84.41802,marta
6513,99970451,SYLVAN RD @ ARDEN AVE,33.717109,-84.418118,marta
6514,99970452,SYLVAN RD @ DILL AVE,33.718175,-84.417968,marta
6515,99970453,SYLVAN RD @ DILL AVE,33.718336,-84.418109,marta
6516,99970456,AVON AVE SW @ MURPHY AVE SW,33.722327,-84.4222,marta
6517,99970457,MURPHY AVE @ AVON AVE,33.722226,-84.422441,marta
6518,99970458,MURPHY AVE @ DILL AVE,33.719294,-84.424007,marta
6519,99970459,MURPHY AVE SW @ DILL AVE SW,33.719504,-84.423696,marta
6520,99970460,PEACHTREE IND BLVD @ SEXTON WOODS,33.890935,-84.310296,marta
6521,99970462,S INDIAN CREEK DR @ CROSSINGS WAY,33.761464,-84.223328,marta
6522,99970463,S INDIAN CREEK DR @ CREEK CT,33.761452,-84.223168,marta
6523,99970464,S INDIAN CREEK DR @ SENECA WAY,33.758815,-84.22262,marta
6524,99970465,S INDIAN CREEK DR @ SENECA WAY,33.758886,-84.222516,marta
6525,99970466,S INDIAN CREEK DR @ CHEDWORTH WAY,33.752546,-84.220111,marta
6526,99970467,S INDIAN CREEK DR @ COLONY EAST DR,33.75208,-84.219916,marta
6527,99970468,S INDIAN CREEK DR @ INCA CT,33.749575,-84.221115,marta
6528,99970469,S INDIAN CREEK DR @ INCA CT,33.749477,-84.22106,marta
6529,99970470,S HAIRSTON RD @ LAKE POINT DR,33.766019,-84.195052,marta
6530,99970471,S HAIRSTON RD @ BRASAC DR,33.766943,-84.19479,marta
6531,99970472,S HAIRSTON RD @ MAINSTREET PARK DR,33.769847,-84.193763,marta
6532,99970473,S HAIRSTON RD @ MAINSTREET PARK DR,33.769589,-84.194078,marta
6533,99970474,S HAIRSTON RD @ HAIRSTON PL,33.772444,-84.1939,marta
6534,99970475,S HAIRSTON RD @ ELAM RD,33.772346,-84.19415,marta
6535,99970476,S HAIRSTON RD @ MARTINS CROSSING RD,33.776712,-84.192414,marta
6536,99970477,S HAIRSTON RD @ MARTIN CROSSING RD,33.777088,-84.192543,marta
6537,99970478,S HAIRSTON RD @ FAIRFOREST DR,33.782854,-84.193741,marta
6538,99970479,S HAIRSTON RD @ FAIRFOREST DR,33.783769,-84.194429,marta
6539,99970480,S HAIRSTON RD @ ROCKBRIDGE RD,33.786859,-84.195474,marta
6540,99970481,S HAIRSTON RD @ ROCKBRIDGE RD,33.786329,-84.195773,marta
6541,99970482,N HAIRSTON RD @ KEIGHLEY DR,33.791116,-84.194891,marta
6542,99970483,N HAIRSTON RD @ KEIGHLEY DR,33.791376,-84.195097,marta
6543,99970484,N HAIRSTON RD @ KENILWORTH DR,33.793648,-84.193995,marta
6544,99970485,N HAIRSTON RD @ KENILWORTH DR,33.793908,-84.194179,marta
6545,99970486,N HAIRSTON RD @ HAIRSTON XING RD,33.796834,-84.193609,marta
6546,99970487,N HAIRSTON RD @ HAIRSTON XING RD,33.796853,-84.19388,marta
6547,99970503,CHUPP RD @ HUBER ST,33.706433,-84.117696,marta
6548,99970504,CHUPP RD @ HUBER ST,33.706353,-84.117805,marta
6549,99970505,HILLANDALE DR @ JW WILLIAMS SR LN,33.704887,-84.167075,marta
6550,99970509,BOLTON RD @ PARROTT AVE,33.810535,-84.477552,marta
6551,99970511,PEYTON RD @ JAMES JACKSON PKWY,33.80806,-84.476603,marta
6552,99970512,PEYTON RD @ 2770,33.808058,-84.478126,marta
6553,99970522,CHUPP RD @ MACEDONIA DR,33.705698,-84.126501,marta
6554,99970523,CHUPP RD @ MACEDONIA DR,33.705706,-84.126019,marta
6555,99970524,CHUPP RD @ EVANS MILL DR,33.705663,-84.122175,marta
6556,99970525,CHUPP RD @ EVANS MILL DR,33.705855,-84.121893,marta
6557,99970527,HILLANDALE DR @ FAIRINGTON RD,33.704788,-84.144792,marta
6558,99970528,MINOLA DR @ 5220,33.701143,-84.176201,marta
6559,99970529,MINOLA DR @ MILLER RD,33.701181,-84.184328,marta
6560,99970530,MILLER RD @ CHATOOGA DR,33.702281,-84.183783,marta
6561,99970532,MINOLA DR @ 5174,33.701157,-84.178523,marta
6562,99970533,MINOLA DR @ 5094,33.701184,-84.181304,marta
6563,99970538,HILLANDALE DR @ KEYSTONE GATES DR,33.703714,-84.154391,marta
6564,99970539,HILLANDALE DR @ 5786,33.703576,-84.154489,marta
6565,99970545,DURHAM PARK RD @ S INDIAN CREEK DR,33.771608,-84.226109,marta
6566,99970546,DURHAM PARK RD @ S INDIAN CREEK DR,33.771635,-84.226348,marta
6567,99970547,S INDIAN CREEK DR @ ROWLAND RD,33.766925,-84.224397,marta
6568,99970548,S INDIAN CREEK DR @ ROWLAND RD,33.7668,-84.224289,marta
6569,99970549,S INDIAN CREEK DR @ REDAN RD,33.763344,-84.223271,marta
6570,99970550,S INDIAN CREEK DR @ REDAN RD,33.763693,-84.223184,marta
6571,99970551,FAIRBURN RD @ BOLTON RD,33.778616,-84.499948,marta
6572,99970553,S STONE MOUNTAIN LITHONIA RD @ CHAPMAN RD,33.732205,-84.112998,marta
6573,99970554,SNAPFINGER RD @ 2131,33.716504,-84.227068,marta
6574,99970556,PEACHTREE INDUSTRIAL BLVD @ GREEN INDUSTRIAL WAY,33.903248,-84.297024,marta
6575,99970557,PEACHTREE INDUSTRIAL BLVD @ GREEN INDUSTRIAL WAY,33.903132,-84.296992,marta
6576,99970558,CEDAR ST @ REED ST,33.78529,-84.258512,marta
6577,99970563,GRTA - PANOLA PARK & RIDE,33.702106,-84.172974,marta
6578,99970564,I-85 ACCESS RD SOUTH (N.E. EXPY) @ ASHLEY OAKS CT,33.851628,-84.301451,marta
6579,99970580,NORTHSIDE DR @ TRABERT AVE,33.793899,-84.407801,marta
6580,99970581,NORTHSIDE DR NW @ GREEN ST NW,33.793192,-84.407909,marta
6581,99970583,NORTHLAKE PKWY @ CRESCENT CENTRE BLVD,33.843109,-84.243977,marta
6582,99970584,NORTHLAKE PKWY @ E EXCHANGE PL,33.844112,-84.244392,marta
6583,99970612,N OUTER LOOP RD @ DELTA BLVD,33.657978,-84.422989,marta
6584,99970613,N INNER LOOP RD @ DELTA BLVD,33.657782,-84.422793,marta
6585,99970614,N OUTER LOOP RD @ ATLANTA AVE,33.65531,-84.413235,marta
6586,99970616,GLENWOOD AVE SE @ BILL KENNEDY WAY SE,33.7397,-84.3571,marta
6587,99970618,I-85 ACCESS RD SOUTH (N.E. EXPY) @ APPLING PL,33.871052,-84.281238,marta
6588,99970621,CAMP CREEK PKWY @ HERSCHEL RD,33.650041,-84.470934,marta
6589,99970622,CAMP CREEK PKWY @ POTOMAC DR,33.651953,-84.480687,marta
6590,99970623,CAMP CREEK PKWY @ POTOMAC DR,33.65164,-84.480654,marta
6591,99970625,HARBIN RD @ 1512,33.71403,-84.483505,marta
6592,99970633,ORMOND ST @ HANK AARON DR,33.731819,-84.387846,marta
6593,99970634,NORMAN BERRY DR @ LUMPKIN ST,33.685436,-84.449015,marta
6594,99970635,WELCOME ALL RD @ SUNRISE TRL,33.620398,-84.525501,marta
6595,99970636,WELCOME ALL RD @ SUNRISE TRL,33.620258,-84.525631,marta
6596,99970659,GA STATE STATION - JESSE HILL JR DR,33.749764,-84.385434,marta
6597,99970675,CAMP CREEK PKWY @ HERSCHEL RD,33.650546,-84.471629,marta
6598,99970676,HAMMOND DR @ BROOKGREEN RD,33.91898,-84.36752,marta
6599,99970710,ALPHARETTA HWY @ COMMERCE PKWY,34.039564,-84.3428,marta
6600,99970713,S INDIAN CREEK DR @ INDIAN CREEK CIR,33.750783,-84.220374,marta
6601,99970728,AMAL DR @ PRYOR RD,33.707117,-84.397728,marta
6602,99970731,GREENBRIAR PKWY SW @ 3381,33.68409,-84.500608,marta
6603,99970732,GREENBRIAR PKWY SW @ 3378,33.683991,-84.500573,marta
6604,99970733,PERRY J HUDSON PKWY @ ATLANTA AVE,33.654714,-84.412618,marta
6605,99970779,PIEDMONT AVE  SE @ GILMER ST SE,33.752543,-84.384156,marta
6606,99970782,IVAN ALLEN JR BLVD NW @ LUCKIE ST,33.764727,-84.395984,marta
6607,99970783,IVAN ALLEN JR BLVD NW @ LUCKIE ST,33.764497,-84.39566,marta
6608,99970789,IRENE KIDD PKWY @ HARRIS ST,33.679362,-84.435614,marta
6609,99970790,COVINGTON DR @ MIDWAY RD,33.761402,-84.252462,marta
6610,99970791,PEACHTREE RD @ HIGHLAND DR,33.845026,-84.368814,marta
6611,99970792,NORTHSIDE DR NW @ DEERING RD NW,33.79637,-84.407974,marta
6612,99970794,BUFORD HWY @ OAKCLIFF RD,33.911435,-84.264285,marta
6613,99970795,BUFORD HWY @ MCELROY RD,33.909314,-84.266725,marta
6614,99970797,TRINITY AVE SW @ TED TURNER DR SW,33.750654,-84.396606,marta
6615,99970799,NORTHSIDE DR SW @ SPELMAN LN SW,33.744454,-84.408346,marta
6616,99970800,CHAPEL ST SW @ W WHITEHALL ST SW,33.742699,-84.40991,marta
6617,99970801,CHAPEL ST SW @ WESTVIEW DR SW,33.742967,-84.409877,marta
6618,99970802,NORTHSIDE DR SW @ SPELMAN LN SW,33.744687,-84.407999,marta
6619,99970803,NORTHSIDE DR SW @ MCDANIEL ST SW,33.746147,-84.406587,marta
6620,99970805,NORTHSIDE DR SW @ FAIR ST SW,33.74904,-84.404372,marta
6621,99970807,WINDSOR ST @ GLENN ST,33.738177,-84.39834,marta
6622,99970808,COOPER ST @ GLENN ST,33.738053,-84.397014,marta
6623,99970810,MARIA HEAD TER @ NORMAN BERRY DR,33.669981,-84.426077,marta
6624,99970818,BROWNS MILL RD SE @ SPRINGSIDE DR SE,33.67641,-84.384196,marta
6625,99970819,BROWNS MILL RD SE @ MT ZION RD SE,33.673383,-84.383383,marta
6626,99970820,RUBY H HARPER BLVD SE @ ATKINSON DR,33.654175,-84.380661,marta
6627,99970822,RUBY H HARPER BLVD SE @ SOUTHSIDE IND PKWY,33.652268,-84.380693,marta
6628,99970836,PRYOR RD SW @ ST JOHNS AVE SW,33.701377,-84.399001,marta
6629,99970837,BROWNS MILL RD @ HARPER RD,33.696951,-84.37388,marta
6630,99970839,POLAR ROCK RD @ POLAR ROCK AVE,33.695301,-84.395975,marta
6631,99970845,UNIVERSITY AVE @ BOOKER AVE,33.722173,-84.39751,marta
6632,99970846,UNIVERSITY AVE @ GARIBALDI ST,33.722172,-84.399194,marta
6633,99970847,UNIVERSITY AVE @ MCDANIEL ST,33.722182,-84.401269,marta
6634,99970848,MCDANIEL ST @ ROY ST,33.724104,-84.401587,marta
6635,99970849,MCDANIEL ST @ FLETCHER ST,33.725607,-84.401578,marta
6636,99970850,MCDANIEL ST @ FLETCHER ST,33.725715,-84.401665,marta
6637,99970851,UNIVERSITY AVE @ GARIBALDI ST,33.722019,-84.39927,marta
6638,99970852,UNIVERSITY AVE @ BOOKER AVE,33.722003,-84.397466,marta
6639,99970875,AMAL DR @ GIBEN DR,33.707554,-84.399322,marta
6640,99970877,AMAL DR @ BOND DR,33.708062,-84.40168,marta
6641,99970878,BOND DR @ ASHWOOD AVE,33.705297,-84.401362,marta
6642,99970879,ASHWOOD AVE @ PRYOR RD,33.705137,-84.398928,marta
6643,99970880,PRYOR RD @ AMAL DR,33.70691,-84.397626,marta
6644,99970881,PRYOR RD @ FAIR DR,33.702666,-84.39898,marta
6645,99970882,PRYOR RD @ FAIR DR,33.702491,-84.398858,marta
6646,99970883,PRYOR RD @ PRYOR CIR,33.705066,-84.39882,marta
6647,99970886,RALPH D ABERNATHY BLVD @ HUMPHRIE ST,33.736708,-84.404538,marta
6648,99970898,BROOKS DR @ SW BROAD ST,33.561533,-84.587167,marta
6649,99970899,N CENTRAL AVE @ VIRGINIA AVE,33.661665,-84.413818,marta
6650,99970901,N CENTRAL AVE @ DOGWOOD DR,33.659927,-84.410793,marta
6651,99970902,N CENTRAL AVE @ VIRGINIA AVE,33.661791,-84.413883,marta
6652,99970912,17TH ST NW @ W PEACHTREE ST NW,33.791754,-84.387818,marta
6653,99970913,17TH ST NE @ PEACHTREE ST NE,33.7924,-84.386383,marta
6654,99970938,JACKSON ST NE @ OLD WHEAT ST NE,33.755895,-84.374276,marta
6655,99970971,MCGINNIS FERRY RD @ DEERFIELD POINT DR,34.104274,-84.24918,marta
6656,99970972,MCGINNIS FERRY RD @ DEERFIELD POINT D,34.104237,-84.248608,marta
6657,99970973,WINDWARD CONCOURSE @ MCGINNIS FERRY R,34.101091,-84.241055,marta
6658,99970974,WINDWARD CONCOURSE @ ALDERMAN DR,34.098711,-84.241112,marta
6659,99970975,WINDWARD CONCOURSE @ ALDERMAN DR,34.099545,-84.240787,marta
6660,99970976,WINDWARD PLAZA @ 4025,34.093047,-84.23984,marta
6661,99970977,WINDWARD PLZ @ 4025,34.092993,-84.239993,marta
6662,99970978,WINDWARD PKWY @ MARCONI DR,34.089878,-84.25014,marta
6663,99970979,WINDWARD PKWY @ MARCONI DR,34.089591,-84.250359,marta
6664,99970980,WINDWARD PKWY @ EDISON DR,34.08979,-84.252389,marta
6665,99970981,WINDWARD PKWY @ EDISON DR,34.089441,-84.252575,marta
6666,99970985,MORRIS RD @ ONE VERIZON PL,34.090792,-84.267714,marta
6667,99970986,MORRIS RD @ 13560,34.094466,-84.261808,marta
6668,99970990,GA STATE STATION - PIEDMONT AVE,33.750374,-84.386457,marta
6669,99970991,FLAT SHOALS AVE SE @ CAVANAUGH AVE SE,33.731227,-84.33707,marta
6670,99970993,BRANNEN RD SE @ 2149,33.71498,-84.316965,marta
6671,99970995,RALPH MCGILL BLVD @ PIEDMONT AVE,33.764171,-84.382099,marta
6672,99970996,RALPH MCGILL BLVD @ COURTLAND ST,33.76434,-84.384154,marta
6673,99970997,PEACHTREE INDUSTRIAL BLVD @ RENAISSANCE BLVD,33.927921,-84.270975,marta
6674,99971000,NORTHSIDE DR @ DEERING RD,33.796101,-84.407749,marta
6675,99971001,CASCADE RD SW @ DOLPHIN DR SW,33.722437,-84.461908,marta
6676,99971002,FAIRBURN RD NW @ 1065,33.779455,-84.507367,marta
6677,99971006,SWALLOW CIR @ JAY PL,33.69357,-84.38699,marta
6678,99971007,SWALLOW CIR @ FINCH DR,33.695941,-84.38773,marta
6679,99971008,SWALLOW CIR SE @ 2298,33.696458,-84.386946,marta
6680,99971016,PANOLA RD @ BENTON DR,33.719283,-84.165486,marta
6681,99971017,PANOLA RD @ BENTON DR,33.719292,-84.165573,marta
6682,99971018,GLENWOOD AVE @ TERRY MILL RD,33.73974,-84.322006,marta
6683,99971020,REDWINE RD @ N COMMERCE DR,33.660767,-84.499711,marta
6684,99971021,REDWINE RD @ N DESERT DR,33.660647,-84.498707,marta
6685,99971030,MEMORIAL DR @ S HOWARD ST,33.747292,-84.322066,marta
6686,99971032,ROSWELL RD @ OSNER DR,33.894978,-84.381269,marta
6687,99971037,HAMILTON BLVD @ BROWNS MILL RD,33.662204,-84.383794,marta
6688,99971039,SOUTHSIDE INDUSTRIAL PKWY @ WILSON RD,33.652302,-84.384808,marta
6689,99971046,MARTIN L KING JR DR SW @ 3050,33.752724,-84.486416,marta
6690,99971047,WENDELL DR @ 4415,33.769666,-84.53194,marta
6691,99971048,WENDELL DR @ FULTON INDUSTRIAL BLVD,33.767889,-84.524389,marta
6692,99971057,MORRIS RD @ WEBB RD,34.096124,-84.260265,marta
6693,99971058,MORRIS RD @ WEBB RD,34.097533,-84.259588,marta
6694,99971059,DEERFIELD PKWY @ WEBB RD,34.097018,-84.264875,marta
6695,99971060,DEERFIELD PKWY @ THREE VERIZON PL,34.095588,-84.268609,marta
6696,99971061,DEERFIELD PKWY @ TWO VERIZON PL,34.092878,-84.271101,marta
6697,99971063,IVAN ALLEN JR BLVD NW @ LOVEJOY ST,33.764729,-84.393146,marta
6698,99971069,MARIETTA ST @ CENTENNIAL OLYMPIC PARK DR,33.75738,-84.393085,marta
6699,99971072,MARIETTA ST NW @ PARK AVE WEST,33.759832,-84.394827,marta
6700,99971073,MARIETTA ST @ PARK AVE WEST,33.759877,-84.394751,marta
6701,99971075,MARIETTA ST @ LATIMER ST,33.762042,-84.396481,marta
6702,99971076,MARIETTA ST @ SIMPSON ST,33.76333,-84.397102,marta
6703,99971077,MARIETTA ST NW @ SIMPSON ST NW,33.763411,-84.3972,marta
6704,99971082,BROWNS MILL RD SE @ CLEVELAND AVE SE,33.681397,-84.384308,marta
6705,99971090,PLEASANT HILL RD @ WILLOW PARK BLVD,33.600214,-84.468194,marta
6706,99971093,PARKLAKE DR @ LAVISTA RD,33.846704,-84.249985,marta
6707,99971100,PIERCE DR NE @ PEACHTREE IND BLVD,33.893898,-84.305642,marta
6708,99971101,PIERCE DR @ PEACHTREE INDUSTRIAL BLVD,33.893764,-84.305773,marta
6709,99971102,PERIMETER CTR PL @ PERIMETER CTR W,33.927368,-84.341371,marta
6710,99971116,14TH ST @ MCMILLAN ST,33.786177,-84.40429,marta
6711,99971117,14TH ST @ SNYDER ST,33.786143,-84.401267,marta
6712,99971119,14TH ST @ SNYDER ST,33.786241,-84.401833,marta
6713,99971120,14TH ST @ MCMILLAN ST,33.786249,-84.404236,marta
6714,99971121,14TH ST @ HEMPHILL AVE,33.786274,-84.406923,marta
6715,99971122,17TH ST NW @ BISHOP ST NW,33.791573,-84.405732,marta
6716,99971123,17TH ST NW @ VILLAGE ST,33.789517,-84.402902,marta
6717,99971124,17TH ST NW @ VILLAGE ST,33.789758,-84.402684,marta
6718,99971125,17TH ST NW @ BISHOP ST NW,33.791681,-84.40546,marta
6719,99971126,VALLEY VIEW RD SE @ 1069,33.691381,-84.35314,marta
6720,99971131,HARPER RD @ MEADOR AVE,33.696921,-84.380409,marta
6721,99971140,SYLVAN RD @ AVON AVE,33.722051,-84.417896,marta
6722,99971141,SYLVAN RD @ AVON AVE,33.722051,-84.418113,marta
6723,99971142,SYLVAN RD @ COX AVE,33.719625,-84.418078,marta
6724,99971143,SYLVAN RD @ ERIN AVE,33.719186,-84.417958,marta
6725,99971144,N PEACHTREE RD @ 3920,33.907946,-84.296412,marta
6726,99971145,GLENWOOD RD @ LA MESA LN,33.73779,-84.24643,marta
6727,99971147,MAIN ST @ HOWELL SLADE CIR,33.660372,-84.447303,marta
6728,99971154,N CENTRAL AVE @ N WHITNEY AVE,33.660807,-84.41221,marta
6729,99971155,N CENTRAL AVE @ N WHITNEY AVE,33.660825,-84.412373,marta
6730,99971156,WINDWARD PKWY @ WINDWARD PLZ,34.092754,-84.243116,marta
6731,99971157,WINDWARD PKWY @ ALDERMAN DR,34.092585,-84.24387,marta
6732,99971158,PANOLA RD @ 2221,33.72497,-84.167452,marta
6733,99971160,PANOLA RD @ CIRCLESTONE DR,33.746083,-84.16542,marta
6734,99971161,PANOLA RD @ BIFFLE DOWNS RD,33.745636,-84.165573,marta
6735,99971164,HOLLY RD @ 231,33.761338,-84.437643,marta
6736,99971165,CLIFTON SPRINGS RD @ PANTHERSVILLE RD,33.690925,-84.273116,marta
6737,99971168,IRENE KIDD PKWY @ GUS THORNHILL JR DR,33.677696,-84.437013,marta
6738,99971169,IRENE KIDD PKWY @ GUS THORNHILL JR DR,33.677598,-84.436937,marta
6739,99971177,DEFOORS FERRY RD @ 2788,33.820679,-84.447826,marta
6740,99971181,RAINBOW DR @ RAINBOW PKWY,33.708031,-84.229862,marta
6741,99971198,CAMP CREEK PKWY @ AIRPORT DR,33.649191,-84.462909,marta
6742,99971201,MEMORIAL DR @ MIDWAY RD,33.75598,-84.266049,marta
6743,99971202,MEMORIAL DR @ COTTAGE GROVE AVE,33.747257,-84.306157,marta
6744,99971203,E PONCE DE LEON AVE @ PATTERSON AVE,33.785867,-84.265733,marta
6745,99971209,BUFORD HWY @ WOODSIDE WAY,33.874826,-84.294506,marta
6746,99971210,ALEXANDER DR @ 4325,34.059364,-84.244941,marta
6747,99971216,MARIETTA BLVD NW @ ELAINE AVE NW,33.79161,-84.429874,marta
6748,99971217,MARIETTA BLVD @ TACOMA DR,33.794828,-84.431938,marta
6749,99971218,MARIETTA BLVD @ 1595,33.798165,-84.433944,marta
6750,99971219,MARIETTA BLVD @ CARROLL DR,33.802324,-84.436256,marta
6751,99971220,MARIETTA BLVD @ PLYMOUTH RD,33.805545,-84.43725,marta
6752,99971221,MARIETTA BLVD @ PLYMOUTH RD,33.805501,-84.437457,marta
6753,99971222,MARIETTA BLVD @ CARROLL DR,33.802226,-84.43631,marta
6754,99971223,MARIETTA BLVD @ 1594,33.798272,-84.434183,marta
6755,99971224,MARIETTA BLVD @ TACOMA DR,33.794935,-84.432112,marta
6756,99971225,MARIETTA BLVD @ ELAINE AVE,33.791786,-84.430271,marta
6757,99971240,BULL RUN DR @ BATTLE FORREST DR,33.702693,-84.287677,marta
6758,99971243,HOLCOMB BRIDGE RD @ OLD DOGWOOD RD,34.022089,-84.326413,marta
6759,99971246,FLAT SHOALS RD @ SHENFIELD LN,33.587156,-84.519933,marta
6760,99971248,WASHINGTON ST @ MALONE ST,33.565434,-84.584402,marta
6761,99971256,TED TURNER DR @ BROTHERTON ST,33.74884,-84.39799,marta
6762,99971257,WASHINGTON RD @ LAUREL RIDGE DR,33.648561,-84.490401,marta
6763,99971259,WINDWARD PLZ @ 3025,34.092269,-84.240617,marta
6764,99971260,CENTRAL AVE @ BUFORD HWY,33.90096,-84.277496,marta
6765,99971261,MORRIS RD @ 13300,34.102819,-84.255926,marta
6766,99971262,MORRIS RD @ 13125,34.102094,-84.256315,marta
6767,99971263,NORTH POINT PKWY @ CYPRESS CT,34.072864,-84.256269,marta
6768,99971264,NORTH POINT PKWY @ CYPRESS CT,34.072596,-84.25652,marta
6769,99971268,BUFFINGTON RD @ AUGUSTA ST,33.60555,-84.499744,marta
6770,99971272,VIRGINIA AVE @ HOWELL SLADE CIR,33.6597,-84.448486,marta
6771,99971273,VIRGINIA AVE @ HOWELL SLADE CIR,33.659728,-84.446944,marta
6772,99971274,OTTLEY DR @ 195,33.808758,-84.381138,marta
6773,99971276,ARMOUR DR @ 205,33.810861,-84.381187,marta
6774,99971278,POLLARD BLVD SW @ BILL LUCAS DR SW,33.734225,-84.390891,marta
6775,99971279,POLLARD BLVD SW @ BILL LUCAS DR SW,33.734449,-84.390805,marta
6776,99971280,ATLANTA IND PKWY @ 3201,33.792031,-84.495453,marta
6777,99971281,POWERS FERRY RD @ BRICKSTONE DR,33.90783,-84.42721,marta
6778,99971282,POWERS FERRY RD NW @ BRICKSTONE DR NW,33.90779,-84.42706,marta
6779,99971286,HAYNES BRIDGE RD @ ROCK MILL RD,34.052307,-84.285621,marta
6780,99971287,MARIETTA BLVD @ CHATTAHOOCHEE AVE,33.810494,-84.438824,marta
6781,99971288,MARIETTA BLVD @ CHATTAHOOCHEE AVE,33.810288,-84.438693,marta
6782,99971290,BROWNTOWN RD NW @ 2571,33.803814,-84.472548,marta
6783,99971291,RAINBOW DR @ 3181,33.710469,-84.260064,marta
6784,99971296,OLD NATIONAL HWY @ MCGHEE LANDING,33.584211,-84.469448,marta
6785,99971297,OLD NATIONAL HWY @ HACKAMORE DR,33.581984,-84.46944,marta
6786,99971298,OLD NATIONAL HWY @ CREEL RD,33.573179,-84.468557,marta
6787,99971299,OLD NATIONAL HWY @ THORNTON DR,33.570704,-84.468563,marta
6788,99971300,OLD NATIONAL HWY @ HALLIE MILL RD,33.566541,-84.468642,marta
6789,99971301,OLD NATIONAL HWY @ BETHSAIDA RD,33.563291,-84.468731,marta
6790,99971302,OLD NATIONAL HWY @ TOPAZ RD,33.558197,-84.468225,marta
6791,99971303,JONESBORO RD @ OLD NATIONAL HWY,33.55123,-84.466342,marta
6792,99971304,JONESBORO RD @ OLD JONESBORO RD,33.555483,-84.501478,marta
6793,99971305,JONESBORO RD @ BETHSAIDA RD,33.559458,-84.507759,marta
6794,99971307,JONESBORO RD @ BUFFINGTON RD,33.563072,-84.518337,marta
6795,99971308,JONESBORO RD @ BETHSAIDA RD,33.559206,-84.508329,marta
6796,99971309,JONESBORO RD @ OLD JONESBORO RD,33.55113,-84.470695,marta
6797,99971310,OLD NATIONAL HWY @ JONESBORO RD,33.552167,-84.465564,marta
6798,99971311,OLD NATIONAL HWY @ DALTON PARK,33.55673,-84.467073,marta
6799,99971312,OLD NATIONAL HWY @ BETHSAIDA RD,33.563479,-84.468539,marta
6800,99971313,OLD NATIONAL HWY @ DODD RD,33.566371,-84.468479,marta
6801,99971314,OLD NATIONAL HWY @ THORNTON DR,33.570543,-84.468421,marta
6802,99971315,OLD NATIONAL HWY @ CREEL RD,33.572334,-84.468392,marta
6803,99971316,OLD NATIONAL HWY @ HACKAMORE DR,33.581599,-84.469309,marta
6804,99971317,OLD NATIONAL HWY @ MCGHEE LNDG,33.585073,-84.469175,marta
6805,99971319,PLEASANT HILL RD @ WILLOW PARK BLVD,33.600071,-84.467813,marta
6806,99971320,PLEASANT HILL RD @ SURREY TRL,33.59994,-84.465231,marta
6807,99971324,SCOFIELD RD @ BRITNEY FOREST DR,33.607589,-84.463064,marta
6808,99971325,SCOFIELD RD @ BRITTANY TRL,33.608788,-84.46299,marta
6809,99971326,SCOFIELD RD @ ORLY TER,33.612361,-84.463029,marta
6810,99971327,SCOFIELD RD @ ROCHELLE WAY,33.613936,-84.463053,marta
6811,99971328,GODBY RD @ OLD NATIONAL PKWY,33.616338,-84.468364,marta
6812,99971329,GODBY RD @ OLD NATIONAL HWY,33.616443,-84.472157,marta
6813,99971332,OLD NATIONAL HWY @ BIGWOOD TRL,33.576776,-84.469049,marta
6814,99971333,SURREY TRL @ MONTILLY CIR N,33.602169,-84.465875,marta
6815,99971334,GODBY RD @ LIMETREE WAY,33.61628,-84.464902,marta
6816,99971335,CHAMBLEE TUCKER RD @ BRITTS GATE LN,33.864505,-84.218164,marta
6817,99971336,CHAMBLEE TUCKER RD @ BROWN RD,33.860953,-84.219247,marta
6818,99971337,CHAMBLEE TUCKER RD @ MORGAN RD,33.856781,-84.217946,marta
6819,99971341,BUFORD HWY @ 4416,33.870552,-84.297705,marta
6820,99971342,BUFORD HWY NE @ 4416,33.870699,-84.297974,marta
6821,99971348,HARPER RD SE @ 204,33.697003,-84.381769,marta
6822,99971349,HARPER RD SE @ 209,33.696911,-84.382376,marta
6823,99971353,FORSYTH ST SW @ MITCHELL ST SW,33.752301,-84.393936,marta
6824,99971356,CAMPBELLTON RD SW @ 2605,33.70272,-84.473596,marta
6825,99971357,CLEVEMONT RD @ 4203,33.655338,-84.252293,marta
6826,99971359,WINDWARD CONCOURSE @ 1100,34.095525,-84.239237,marta
6827,99971360,WINDWARD CONCOURSE @ 1100,34.095462,-84.239641,marta
6828,99971361,INTERSTATE NORTH PKWY @ 5500,33.907809,-84.433715,marta
6829,99971364,SCOFIELD RD @ SHANCEY LN,33.604643,-84.463134,marta
6830,99971366,POLLARD BLVDSW @ LITTLE ST SW,33.73299,-84.390901,marta
6831,99971368,JONESBORO RD @ PETERS RD,33.55957,-84.514216,marta
6832,99971369,JONESBORO RD @ PETERS RD,33.559302,-84.514097,marta
6833,99971370,JONESBORO RD @ MILES TER,33.564119,-84.519355,marta
6834,99971371,JONESBORO RD @ LESTER RD,33.564621,-84.520315,marta
6835,99971372,BILL KENNEDY WAY SE @ FAITH AVE SE,33.74199,-84.358268,marta
6836,99971373,DONALD L HOLLOWELL PKWY @ FINLEY AVE,33.773122,-84.422165,marta
6837,99971374,DONALD L HOLLOWELL PKWY @ FINLEY AVE,33.77331,-84.422479,marta
6838,99971375,FELDWOOD RD @ ROYAL SOUTH PKWY,33.587665,-84.51587,marta
6839,99971376,OLD NATIONAL HWY @ WOODWARD RD,33.578799,-84.469595,marta
6840,99971377,OLD NATIONAL HWY @ WOODWARD RD,33.578944,-84.469381,marta
6841,99971380,LAWRENCEVILLE HWY @ MONTREAL RD W,33.825865,-84.256826,marta
6842,99971381,PANOLA RD @ SHIREWICK DR,33.71151,-84.166549,marta
6843,99971382,PANOLA RD @ SHIREWICK DR,33.711372,-84.166828,marta
6844,99971387,LAKEWOOD AVE SE @ OWEN ST SE,33.704404,-84.380806,marta
6845,99971388,MONTREAL RD @ WINDFIELD CIR,33.828431,-84.258519,marta
6846,99971391,SURREY TRL @ MONTILLY CIR S,33.600935,-84.464571,marta
6847,99971392,SURREY TRL @ MONTILLY CIR S,33.601007,-84.46443,marta
6848,99971393,HOWELL MILL RD NW @ NAWENCH DR NW,33.832451,-84.417916,marta
6849,99971396,PERIMETER CTR PL NE @ MEADOW LANE RD,33.93136,-84.339149,marta
6850,99971397,PERIMETER CTR PL NE @ MEADOW LANE RD,33.931127,-84.339247,marta
6851,99971506,UNIVERSITY AVE SW @ 71,33.721049,-84.389837,marta
6852,99971507,UNIVERSITY AVE SW @ 71,33.721058,-84.390043,marta
6853,99971508,FULTON IND BLVD SW @ INTERCHANGE DR SW,33.7686,-84.522151,marta
6854,99971509,RUPERT RD @ CATALINA DR,33.748322,-84.274784,marta
6855,99971513,SAN GABRIEL AVE @ MONTEREY DR,33.747487,-84.268893,marta
6856,99971514,SAN GABRIEL AVE @ PASADENA DR,33.746574,-84.269133,marta
6857,99971527,WINTERS CHAPEL RD @ 4830,33.93785,-84.2683,marta
6858,99971529,CECILIA DR SE @ BRANNEN RD SE,33.717326,-84.326158,marta
6859,99971530,GRESHAM RD SE @ VICKI LN SE,33.711578,-84.309981,marta
6860,99971536,BROOKSIDE PKWY @ ALEXANDER DR,34.060609,-84.246686,marta
6861,99971539,HOGAN RD SW @ STONE RD SW,33.675302,-84.504148,marta
6862,99971540,2ND AVE @ TILSON RD,33.720848,-84.308016,marta
6863,99971541,2ND AVE @ TILSON RD,33.720843,-84.30813,marta
6864,99971558,LAVISTA RD @ RESERVE WAY,33.831632,-84.275091,marta
6865,99971559,CAMERON M ALEXANDER BLVD @ NORTHSIDE DR,33.768195,-84.404914,marta
6866,99971571,JONESBORO RD SE @ CONSTITUTION RD SE,33.693328,-84.366969,marta
6867,99971572,OLD NATIONAL HWY @ HILLSIDE RD,33.568632,-84.468636,marta
6868,99971573,OLD NATIONAL HWY @ HILLSIDE RD,33.569039,-84.46844,marta
6869,99971580,BEECHER RD SW @ RECTOR DR SW,33.733552,-84.456189,marta
6870,99971583,OLD HAPEVILLE RD SW @ 2672,33.68208,-84.394062,marta
6871,99971585,CUSTER AVE SE @ BENTEEN PARK DR SE,33.716989,-84.361603,marta
6872,99971586,BROWNS MILL RD SE @ GREENDALE DR SE,33.699781,-84.37534,marta
6873,99971587,RIVER RD @ OLD RIVER RD,33.658207,-84.244288,marta
6874,99971589,REDWINE RD SW @ N COMMERCE DR,33.659967,-84.504135,marta
6875,99971590,REDWINE RD SW @ N COMMERCE DR,33.660308,-84.503604,marta
6876,99971596,BRIARWOOD RD NE @ BUFORD HWY NE,33.844274,-84.32629,marta
6877,99971604,PRINCETON LAKES PKWY SW @ REDWINE RD,33.659704,-84.50869,marta
6878,99971606,PARKLAKE DR NE @ 2200,33.850451,-84.249205,marta
6879,99971610,HUTCHENS RD SE @ 916,33.666018,-84.359809,marta
6880,99971613,LLOYD RD @ HF SHEPHERD DR,33.711545,-84.285282,marta
6881,99971614,WHITES MILL RD @ LLOYD RD,33.711769,-84.285641,marta
6882,99971618,VIRGINIA AVE @ COLLEGE ST,33.659697,-84.451407,marta
6883,99971619,VIRGINIA AVE @ COLLEGE ST,33.65984,-84.451201,marta
6884,99971627,N PEACHTREE RD @ PEACHFORD RD,33.929021,-84.295337,marta
6885,99971635,MARKETPLACE BLVD @ SHELBY LN,33.656981,-84.501566,marta
6886,99971636,SHELBY LN @ N COMMERCE DR,33.656289,-84.503225,marta
6887,99971638,RAINBOW DR @ WHIRLAWAY DR,33.70895,-84.237401,marta
6888,99971640,MEMORIAL DR @ 5723,33.800882,-84.204012,marta
6889,99971649,GREENBRIAR PKWY SW @ 3350,33.684433,-84.49838,marta
6890,99971650,HILLANDALE DR @ HILLANDALE PARK DR,33.70554,-84.135607,marta
6891,99971682,UNIVERSITY AVE SW @ PRYOR RD SW,33.721407,-84.392425,marta
6892,99971685,PLANTATION DR @ DORSEY AVE,33.679932,-84.463778,marta
6893,99971696,FLAT SHOALS RD SE @ BRIGHTON BLVD SE,33.721551,-84.3149,marta
6894,99971735,BULL RUN DR @ NORGATE LN,33.703102,-84.28068,marta
6895,99971737,OGLETHROPE AVE SW @ EVANS ST SW,33.73591,-84.414967,marta
6896,99971739,I-85 ACCESS RD SOUTH (N.E. EXPY) @ SHALLOWFORD RD NE,33.86717,-84.286738,marta
6897,99971740,MURPHY AVE SW @ ARDEN AVE SW,33.717113,-84.424758,marta
6898,99971742,RIVER RD @ SEABASS RD,33.674194,-84.2738,marta
6899,99971760,S HAIRSTON RD @ FIELDGREEN DR,33.749622,-84.197473,marta
6900,99971761,S HAIRSTON RD @ FIELDGREEN DR,33.749426,-84.197156,marta
6901,99971762,MT VERNON RD @ VERNON RIDGE DR,33.947898,-84.326336,marta
6902,99971769,SW BROAD ST @ BROOKS DR,33.560818,-84.586588,marta
6903,99971770,SW BROAD ST @ SENOIA RD,33.562972,-84.584469,marta
6904,99971771,SW BROAD ST @ SMITH ST,33.566405,-84.58184,marta
6905,99971772,VIRGINIA AVE @ NORMAN BERRY DR,33.659088,-84.428742,marta
6906,99971773,VIRGINIA AVE @ NORMAN BERRY DR,33.658976,-84.428375,marta
6907,99971774,MCAFEE RD @ PINEDALE PL,33.73151,-84.254113,marta
6908,99971775,MCAFEE RD @ PINEDALE PL,33.731447,-84.254254,marta
6909,99971776,MCAFEE RD @ SHAMROCK DR,33.731557,-84.257167,marta
6910,99971777,MCAFEE RD @ BANDERA DR,33.731549,-84.259406,marta
6911,99971778,MCAFEE RD @ ROSEWOOD RD,33.731586,-84.26196,marta
6912,99971779,MCAFEE RD @ GLENDALE DR,33.731605,-84.263318,marta
6913,99971780,MCAFEE RD @ SHANNON RIDGE CT,33.731669,-84.265894,marta
6914,99971781,MCAFEE RD @ SHANNON RIDGE CT,33.731606,-84.266198,marta
6915,99971782,MCAFEE RD @ MEADOW LN,33.731732,-84.270827,marta
6916,99971783,MCAFEE RD @ NICHOLS LN,33.731635,-84.2711,marta
6917,99971785,2ND AVE SE @ GLENWOOD AVE SE,33.740392,-84.309756,marta
6918,99971795,FLAT SHOALS AVE SE @ CLOVERDALE DR SE,33.732149,-84.338233,marta
6919,99971797,FLAT SHOALS RD SE @ FLAT SHOALS AVE S,33.73077,-84.336331,marta
6920,99971798,FLAT SHOALS RD SE @ MAYNARD TER SE,33.730654,-84.335646,marta
6921,99971799,FLAT SHOALS RD SE @ WINFIELD AVE SE,33.730717,-84.333907,marta
6922,99971800,FLAT SHOALS RD SE @ WINFIELD AVE SE,33.730788,-84.333853,marta
6923,99971801,FLAT SHOALS RD SE @ PAOLI AVE SE,33.730834,-84.330776,marta
6924,99971802,FLAT SHOALS RD SE @ ROCKLAND DR SE,33.730511,-84.330234,marta
6925,99971803,UNITED AVE @ UNDERWOOD AVE,33.726506,-84.357054,marta
6926,99971804,UNITED AVE @ WALKER AVE SE,33.727033,-84.359663,marta
6927,99971805,UNITED AVE @ WALKER AVE SE,33.726899,-84.359619,marta
6928,99971806,UNITED AVE SE @ TRESTLETREE CT,33.727396,-84.362336,marta
6929,99971807,UNITED AVE @ EDIE AVE SE,33.727464,-84.363422,marta
6930,99971808,UNITED AVE @ HOME AVE SE,33.729439,-84.364489,marta
6931,99971810,HARPER RD SE @ BROWNS MILL RD SE,33.69696,-84.373728,marta
6932,99971811,HARPER RD SE @ BURROUGHS AVE SE,33.69688,-84.371208,marta
6933,99971812,JONESBORO RD SE @ MCWILLIAMS RD SE,33.688817,-84.364023,marta
6934,99971813,JONESBORO RD SE @ MCWILLIAMS RD SE,33.688665,-84.363947,marta
6935,99971816,ISA DR SE @ MORELAND AVE SE,33.700602,-84.349678,marta
6936,99971817,GRESHAM RD SE @ VICKI LN SE,33.711104,-84.309382,marta
6937,99971818,GRESHAM RD SE @ BOULDERVIEW RD SE,33.706799,-84.308208,marta
6938,99971819,GRESHAM RD SE @ PARKER RANCH RD SE,33.706699,-84.308133,marta
6939,99971820,GRESHAM RD @ ZANE GREY DR,33.705733,-84.30885,marta
6940,99971821,GRESHAM RD @ TALLY HO DR,33.704408,-84.308525,marta
6941,99971822,GRESHAM RD @ WEE KIRK RD,33.701069,-84.307472,marta
6942,99971823,GRESHAM RD @ CORRAL DR,33.698956,-84.306125,marta
6943,99971824,GREEN FORREST DR @ GAY DR,33.722821,-84.258848,marta
6944,99971825,GRESHAM RD SE @ CORRAL DR SE,33.699096,-84.306173,marta
6945,99971826,GRESHAM RD SE @ COTTONWOOD DR,33.698195,-84.305142,marta
6946,99971827,GRESHAM RD SE @ CLIFTON CHURCH RD,33.697326,-84.302215,marta
6947,99971831,VIRGINIA AVE @ INTERNATIONAL BLVD,33.658972,-84.422827,marta
6948,99971833,KENNARD LN @ GREEN FORREST DR,33.725918,-84.259389,marta
6949,99971834,ASHFORD DUNWOODY RD @ HAMMOND DR,33.920737,-84.339278,marta
6950,99971838,MT VERNON RD @ CHAMBLEE DUNWOODY RD,33.945901,-84.334431,marta
6951,99971844,GREEN FORREST DR @ GAY DR,33.721561,-84.262174,marta
6952,99971845,NORMAN BERRY DR @ S MARTIN ST,33.668927,-84.428257,marta
6953,99971847,NORMAN BERRY DR @ WILLINGHAM DR,33.665529,-84.428373,marta
6954,99971851,MACON DR @ MOBLEY DR,33.686353,-84.389363,marta
6955,99971852,MACON DR @ LOIS LN,33.684223,-84.388742,marta
6956,99971853,CORNELL BLVD @ WHITWORTH DR,33.75885,-84.518158,marta
6957,99971854,10TH ST NE @ CHARLES ALLEN DR,33.781728,-84.3729,marta
6958,99971855,WILSON MILL RD @ BAKERS FERRY RD,33.755858,-84.514345,marta
6959,99971856,WASHINGTON RD @ CHURCH ST,33.67562,-84.444721,marta
6960,99971859,MACON DR @ POLAR ROCK RD,33.697829,-84.38985,marta
6961,99971860,MACON DR @ POLAR ROCK RD,33.697695,-84.390013,marta
6962,99971869,NORTH AVE @ JETAL PL,33.768504,-84.449386,marta
6963,99971871,NORTH AVE @ PELTON PL,33.768528,-84.452615,marta
6964,99971873,NORTH AVE @ BAKER RD,33.770135,-84.456402,marta
6965,99971877,NORTH AVE @ PELTON PL,33.768465,-84.452735,marta
6966,99971879,JOSEPH E BOONE BLVD @ W LAKE AVE NW,33.763532,-84.4396,marta
6967,99971883,JOSEPH E BOONE BLVD NW @ HOLLY RD NW,33.763495,-84.437353,marta
6968,99971886,JOSEPH E BOONE BLVD @ HOLLY RD/ST,33.763647,-84.438016,marta
6969,99971888,GREEN FORREST DR @ 2312,33.721765,-84.259772,marta
6970,99971891,NORTHSIDE DR NW @ NORTH AVE NW,33.769108,-84.40467,marta
6971,99971892,MCDANIEL ST SW @ NORTHSIDE DR SW,33.745825,-84.406087,marta
6972,99971893,NORTHSIDE DR @ NORTH AVE,33.769725,-84.404774,marta
6973,99971894,TURNER HILL RD @ STONECREST CONCOURSE,33.694517,-84.088626,marta
6974,99971895,HILL ST SE @ DALTON ST SE,33.720053,-84.378785,marta
6975,99971896,MCDANIEL ST @ NORTHSIDE DR,33.746228,-84.406402,marta
6976,99971897,COVINGTON HWY @ TURNER HILL RD,33.702305,-84.089536,marta
6977,99971898,N DRUID HILLS RD @ KITTREDGE PARK RD,33.827081,-84.327498,marta
6978,99971899,HILL ST SE @ NOLAN ST SE,33.718951,-84.378828,marta
6979,99971900,PETERS ST SW @ TRENHOLM ST,33.745557,-84.403954,marta
6980,99971901,PETERS ST SW @ WALKER ST SW,33.745343,-84.403953,marta
6981,99971902,HILL ST SE @ MILTON AVE SE,33.717448,-84.378827,marta
6982,99971904,HILL ST SE @ ENGLEWOOD AVE SE,33.722228,-84.378721,marta
6983,99971909,MALL PKWY @ STONECREST PROM,33.693676,-84.097163,marta
6984,99971911,FLOWERS RD S @ HOLLINSWOOD DR,33.871906,-84.268074,marta
6985,99971914,SHAMROCK DR @ IRISH LN,33.728003,-84.257333,marta
6986,99971915,SHAMROCK DR @ SANDUSKY DR,33.730321,-84.257276,marta
6987,99971917,GOLDSMITH PARK & RIDE,33.810884,-84.183177,marta
6988,99971918,MEMORIAL DR @ 5019 (GPTC - NORTH ENTRANCE),33.792099,-84.228539,marta
6989,99971919,WEE KIRK RD SE @ HORSE SHOE DR SE,33.699887,-84.309905,marta
6990,99971920,HORSE SHOE DR SE @ APACHE TRL SE,33.698912,-84.309982,marta
6991,99971922,CORRAL SR SE @ SOMBRERO WAY SE,33.697855,-84.306647,marta
6992,99971923,CORRAL DR SE @ GRESHAM RD SE,33.698848,-84.306103,marta
6993,99971924,MEMORIAL DR @ HAMBRICK RD,33.800911,-84.205372,marta
6994,99971926,BOULEVARD NE @ NORTH AVE NE,33.771077,-84.371665,marta
6995,99971927,N DRUID HILLS RD NE @ BRIARCLIFF RD,33.827688,-84.330161,marta
6996,99971928,EXECUTIVE PARK S @ CHANTILLY DR,33.82733,-84.34258,marta
6997,99971929,CHANTILLY DR NE @ 1680,33.82647,-84.345147,marta
6998,99971930,CHANTILLY DR NE @ CHESHIRE BRIDGE RD,33.82339,-84.350979,marta
6999,99971933,PERRY BLVD NW @ ODESSA DR,33.794489,-84.449047,marta
7000,99971934,PERRY BLVD NW @ ODESSA DR NW,33.794408,-84.44921,marta
7001,99971935,AJAX DR NW @ 2223,33.79938,-84.460813,marta
7002,99971936,NORTH AVE NW @ CHARLOTTE PL NW,33.76853,-84.45056,marta
7003,99971937,NORTH AVE NW @ CHARLOTTE PL NW,33.768458,-84.450419,marta
7004,99971939,ENGLISH AVE NW @ PELHAM ST NW,33.771393,-84.413507,marta
7005,99971940,ENGLISH AVE NW @ NORTH AVE NW,33.77014,-84.413506,marta
7006,99971941,ENGLISH AVE NW @ CAMERON M ALEXANDER BLVD,33.768323,-84.413504,marta
7007,99971942,JOSEPH E BOONE BLVD NW @ W LAKE DR NW,33.763493,-84.439636,marta
7008,99971944,MARTIN L KING JR DR SW @ BARFIELD AVE SW,33.751816,-84.461294,marta
7009,99971945,MARTIN L KING JR DR SW @ WYNNWOOD,33.750621,-84.458543,marta
7010,99971949,BARGE RD SW @ CAMPBELLTON RD SW,33.690544,-84.506149,marta
7011,99971950,BARGE RD SW @ PACIFIC DR SW,33.692889,-84.506133,marta
7012,99971951,BARGE RD SW @ DALE LN SW,33.693892,-84.506168,marta
7013,99971952,BARGE RD SW @ HIGHWOOD RD SW,33.695261,-84.506149,marta
7014,99971953,BARGE RD SW @ FAIRBURN RD SW,33.699037,-84.50731,marta
7015,99971957,2ND AVE SE @ FLAT SHOALS RD SE,33.718918,-84.309184,marta
7016,99971958,AJAX DR NW @ ADDISON PL NW,33.799665,-84.461793,marta
7017,99971960,VIRGINIA AVE @ DELTA BLVD,33.658874,-84.423055,marta
7018,99971961,COVINGTON HWY @ EVANS MILL RD,33.706479,-84.113754,marta
7019,99971962,PONCE DE LEON AVE @ N HIGHLAND AVE,33.773916,-84.353067,marta
7020,99971963,S STONE MOUNTAIN LITHONIA RD @ WALKER RD,33.777318,-84.162094,marta
7021,99971964,S STONE MOUNTAIN LITHONIA RD @ MANASS,33.777478,-84.161942,marta
7022,99971965,S STONE MOUNTAIN LITHONIA RD @ MARBUT RD,33.727077,-84.111307,marta
7023,99971968,GEORGIA AVE SE @ GRANT ST SE,33.736605,-84.376188,marta
7024,99971969,GEORGIA AVE SE @ CHEROKEE AVE SE,33.736561,-84.37371,marta
7025,99971971,SYLVAN RD SW @ DECKNER AVE SW,33.713905,-84.41818,marta
7026,99971972,GRESHAM RD SE @ WEE KIRK RD SE,33.700967,-84.307359,marta
7027,99971973,CLIFTON CHURCH RD @ CLIFTON SPRINGS W,33.69917,-84.301247,marta
7028,99971975,CLIFTON SPRINGS RD @ 2984,33.691038,-84.273267,marta
7029,99971978,2ND AVE SE @ GLENWOOD AVE SE,33.740437,-84.309648,marta
7030,99971979,JONESBORO RD @ OAKLEY INDUSTRIAL BLVD,33.566988,-84.523282,marta
7031,99971980,JONESBORO RD @ OAKLEY INDUSTRIAL BLVD,33.566881,-84.522989,marta
7032,99971982,SAN GABRIEL AVE @ SANTA MONICA DR,33.744694,-84.268808,marta
7033,99971988,LINE ST @ FAIRLEE DR,33.747,-84.28022,marta
7034,99971989,EXECUTIVE PARK S @ EXECUTIVE PARK DR,33.828306,-84.339108,marta
7035,99971990,WENDELL DR SW @ WENDELL CT SW,33.766713,-84.520928,marta
7036,99971991,WENDELL DR SW @ WENDELL CT SW,33.766615,-84.520928,marta
7037,99971992,WINDWARD PKWY @ INNOVATION WAY,34.089184,-84.273593,marta
7038,99971993,WINDWARD PKWY @ INNOVATION WAY,34.088853,-84.273593,marta
7039,99971995,MEMORIAL DR @ 3978,33.764675,-84.255757,marta
7040,99971996,CLAIRMONT RD NE @ CENTURY BLVD,33.846148,-84.315163,marta
7041,99971997,ROOSEVELT HWY @ HERSCHEL RD,33.628728,-84.472006,marta
7042,99971999,JONESBORO RD SE @ SPRINGSIDE DR SE,33.676914,-84.369855,marta
7043,99972002,MEMORIAL DR @ RAYS RD,33.798759,-84.22031,marta
7044,99972003,HOLLYWOOD RD NW @ N GRAND AVE NW,33.783575,-84.459589,marta
7045,99972005,17TH ST NW @ NORTHSIDE DR NW,33.791357,-84.407417,marta
7046,99972008,BUFORD HWY NE @ CURTIS DR NE,33.836587,-84.336972,marta
7047,99972009,BOULEVARD SE @ DELMAR AVE,33.732122,-84.368244,marta
7048,99972010,LUCKIE ST NW @ MERRITTS AVE,33.769077,-84.396163,marta
7049,99972015,NW BROAD ST @ BEVERLY ENGRAM PKWY,33.573619,-84.567786,marta
7050,99972017,LAWRENCEVILLE HWY @ 4TH ST,33.851199,-84.212252,marta
7051,99972018,LAWRENCEVILLE HWY @ HUGH HOWELL RD,33.853052,-84.2098,marta
7052,99972021,MARIETTA ST NW @ 491,33.76661,-84.397685,marta
7053,99972022,LUCKIE ST NW @ MERRITTS AVE,33.768881,-84.396031,marta
7054,99972031,ORMOND ST @ CREW ST SW,33.731717,-84.389242,marta
7055,99972032,S STONE MOUNTAIN LITHONIA RD @ ROCKBRIDGE RD,33.785436,-84.162164,marta
7056,99972033,S STONE MOUNTAIN LITHONIA RD @ 465,33.784702,-84.161574,marta
7057,99972034,LINECREST RD @ DAVANA DR,33.650269,-84.248725,marta
7058,99972036,ROOSEVELT HW @ 6725,33.547937,-84.606893,marta
7059,99972040,FLAT SHOALS RD SE @ 2ND AVE,33.718918,-84.309326,marta
7060,99972041,FLAT SHOALS RD @ COOK RD,33.716489,-84.306921,marta
7061,99972044,HARPER RD SE @ JERNIGAN DR SE,33.69696,-84.372294,marta
7062,99972045,BROWNS MILL RD SE @ 2045,33.69832,-84.37437,marta
7063,99972048,MAIN ST @ JAMES B RIVERS MEMORIAL,33.811467,-84.171096,marta
7064,99972053,MAIN ST @ E MOUNTAIN ST,33.808509,-84.170632,marta
7065,99972055,BEST RD @ 4736,33.627067,-84.457975,marta
7066,99972056,MEMORIAL DR @ 6130,33.804871,-84.189461,marta
7067,99972057,JOHNSON FERRY RD NE @ WADDESTON WAY,33.893515,-84.330342,marta
7068,99972058,JOHNSON FERRY RD NE @ WADDESTON WAY,33.893362,-84.331203,marta
7069,99972059,JOHNSON FERRY RD @ OLD JOHNSON FERRY RD,33.904055,-84.348893,marta
7070,99972060,JOHNSON FERRY RD NE @ OLD JOHNSON FERRY RD NE,33.904001,-84.349001,marta
7071,99972061,JOHNSON FERRY RD @ JOHNSON FERRY PKWY,33.906811,-84.351146,marta
7072,99972062,JOHNSON FERRY RD NE @ JOHNSON FERRY PKWY,33.905891,-84.350379,marta
7073,99972066,E SIDE DR @ OLD WESLEY CHAPEL RD,33.708883,-84.217222,marta
7074,99972068,WHITE OAK DR @ WELIKA DR,33.742924,-84.274222,marta
7075,99972069,WHITE OAK DR @ 2868,33.742933,-84.272364,marta
7076,99972072,BELVEDERE LN @ 2885,33.75025,-84.27191,marta
7077,99972073,WHITE OAK DR @ CAPISTRANA PL,33.74243,-84.270179,marta
7078,99972074,LINE ST @ LINE CIR S,33.744144,-84.280178,marta
7079,99972079,BOULEVARD SE @ CHAMBERLAIN ST SE,33.753766,-84.37209,marta
7080,99972080,BOULEVARD SE @ EDGEWOOD AVE SE,33.7542,-84.372111,marta
7081,99972081,BOULEVARD SE @ DECATUR ST SE,33.751609,-84.371284,marta
7082,99972082,BOULEVARD SE @ DECATUR ST SE,33.751761,-84.370838,marta
7083,99972100,SHAMROCK DR @ KENNARD LN,33.726455,-84.258204,marta
7084,99972101,KENNARD LN @ SHAMROCK DR,33.725927,-84.258193,marta
7085,99972104,AUBURN POINTE DR @ VERANDA CIR,33.751284,-84.377654,marta
7086,99972106,JONESBORO RD SE @ 2491,33.68595,-84.36464,marta
7087,99972107,JONESBORO RD SE @ 2520,33.686282,-84.364434,marta
7088,99972108,JOHNSON FERRY RD NE @ BLAIR CIR,33.890955,-84.322763,marta
7089,99972109,JOHNSON FERRY RD NE @ BLAIR CIR NE,33.890964,-84.322414,marta
7090,99972112,KIMBERLY MILL RD @ KIMBERLY MILL LN,33.575852,-84.489105,marta
7091,99972113,W POINT AVE @ BEST RD,33.639733,-84.45757,marta
7092,99972115,CHUPP RD @ COVINGTON HWY,33.706331,-84.115252,marta
7093,99972116,CHUPP RD @ COVINGTON HWY,33.706579,-84.115141,marta
7094,99972117,MAIN ST @ WIGGINS ST,33.7114,-84.107263,marta
7095,99972118,MAIN ST @ KLONDIKE RD,33.709303,-84.110431,marta
7096,99972121,MCAFEE RD @ LAUREL LN,33.731559,-84.260938,marta
7097,99972123,2ND AVE NE @ HOSEA L WILLIAMS DR NE,33.751331,-84.309678,marta
7098,99972124,HARLAN RD SW @ PEYTON RD SW,33.744373,-84.478936,marta
7099,99972127,GODBY RD @ 2300,33.616154,-84.464761,marta
7100,99972129,N ROYAL ATLANTA DR @ TUCKERSTONE PKWY,33.859652,-84.198891,marta
7101,99972131,ALICE WILLIAMS TOWERS,33.706532,-84.163291,marta
7102,99972132,JACKSON ST NE @ OLD WHEAT ST NE,33.75594,-84.374374,marta
7103,99972133,CHAMBLEE TUCKER RD @ TUCKER NORCROS,33.880217,-84.219051,marta
7104,99972134,LAVISTA RD NE @ WEMBLEY CT NE,33.816716,-84.31628,marta
7105,99972135,DUNWOODY PL @ 8250,33.989445,-84.342049,marta
7106,99972136,JOHNSON FERRY RD @ HAMPTON HALL DR,33.893344,-84.332477,marta
7107,99972137,JOHNSON FERRY RD NE @ HAMPTON HALL DR,33.893192,-84.333196,marta
7108,99972139,LAWRENCEVILLE HWY @ COFER CIR,33.858342,-84.203694,marta
7109,99972140,CLEVELAND AVE SE @ 84,33.681029,-84.385872,marta
7110,99972141,BUFFINGTON RD @ OLD FAIRBURN RD,33.620717,-84.499725,marta
7111,99972142,BUFFINGTON RD @ OLD FAIRBURN RD,33.62075,-84.499889,marta
7112,99972143,BUFFINGTON RD @ BUFFINGTON CENTER,33.616616,-84.500221,marta
7113,99972144,BUFFINGTON RD @ BUFFINGTON CENTER,33.617312,-84.500435,marta
7114,99972145,WALMART DR @ FAIRINGTON RD,33.700544,-84.169239,marta
7115,99972147,MCDANIEL ST @ RALPH D ABERNATHY BLVD,33.737478,-84.401543,marta
7116,99972148,STEPHENS ST SW @ COLEMAN ST SW,33.734575,-84.403847,marta
7117,99972149,STEPHENS ST SW @ COLEMAN ST SW,33.734504,-84.403793,marta
7118,99972150,STEPHENS ST SW @ HUMPHRIES ST SW,33.734565,-84.405195,marta
7119,99972151,HUMPHRIES ST SW @ STEPHENS ST SW,33.734565,-84.405282,marta
7120,99972152,HUMPHRIES ST @ RALPH D ABERNATHY BLVD,33.736436,-84.404675,marta
7121,99972154,KING HISTORIC DISTRICT,33.755506,-84.374961,marta
7122,99972155,DOBBS PLAZA,33.755565,-84.378785,marta
7123,99972156,AUBURN AVE @ PIEDMONT AVE,33.755522,-84.382019,marta
7124,99972157,WOODRUFF PARK,33.756022,-84.3882,marta
7125,99972158,PEACHTREE CENTER STATION,33.758064,-84.387532,marta
7126,99972159,CARNEGIE WAY @ TED TURNER DR,33.759567,-84.389572,marta
7127,99972160,CENTENNIAL OLYMPIC PARK,33.759425,-84.391975,marta
7128,99972161,LUCKIE ST @ CONE ST,33.758058,-84.390306,marta
7129,99972162,PARK PLACE,33.755036,-84.388211,marta
7130,99972163,HURT PARK,33.754483,-84.385283,marta
7131,99972164,SWEET AUBURN MARKET,33.754407,-84.379845,marta
7132,99972165,EDGEWOOD AVE @ HILLIARD ST,33.754408,-84.376378,marta
7133,99972166,WELCOME ALL RD SW @ 4125,33.643859,-84.522219,marta
7134,99972167,WELCOME ALL RD SW @ 4125,33.644155,-84.521832,marta
7135,99972169,GLENWOOD AVE @ FAYETTEVILLE RD,33.740124,-84.311061,marta
7136,99972170,HOWELL MILL RD NW @ NORTHCLIFFE DR,33.818731,-84.416902,marta
7137,99972172,HOWELL MILL RD NW @ GLENBROOK DR NW,33.815857,-84.415483,marta
7138,99972173,UNITED AVE @ AVONDALE AVE,33.727211,-84.36188,marta
7139,99972174,MEMORIAL DR @ N HAIRSTON RD,33.802002,-84.194387,marta
7140,99972175,GEORGIA AVE @ HANK AARON DR,33.736903,-84.387763,marta
7141,99972176,EAST DEKALB HEALTH CENTER,33.740581,-84.122913,marta
7142,99972178,FLOWERS RD S @ BRANDYWINE RD,33.873126,-84.26926,marta
7143,99972179,MARIETTA ST @ BAKER ST NW,33.761335,-84.396057,marta
7144,99972184,FAIRINGTON RD @ WILLOWICK DR,33.702769,-84.153945,marta
7145,99972187,CLIFTON SPRINGS HEALTH CENTER,33.692696,-84.262943,marta
7146,99972188,CLIFTON SPRINGS RD @ COLONIAL PKWY,33.690771,-84.270085,marta
7147,99972189,FAIRBURN RD SW @ 3070,33.671535,-84.514315,marta
7148,99972192,POLLARD BLVD @ RALPH D ABERNATHY BLVD,33.736248,-84.390893,marta
7149,99972193,WINN WAY @ RUFUS EVANS DR,33.791831,-84.280971,marta
7150,99972195,REDAN RD @ 5565,33.757113,-84.166637,marta
7151,99972197,S STONE MOUNTAIN LITHONIA RD @ SOUTHLAND DR,33.774953,-84.162568,marta
7152,99972198,S STONE MOUNTAIN LITHONIA RD @ SOUTHLAND DR,33.775367,-84.162316,marta
7153,99972202,N INDIAN CREEK DR @ ROGERS ST,33.804915,-84.239328,marta
7154,99972207,MAIN ST @ W CLEVELAND AVE,33.679591,-84.440122,marta
7155,99972208,BRYANT DR @ HEADLAND DR,33.690968,-84.471846,marta
7156,99972210,SAN GABRIEL AVE @ CATALINA DR,33.748418,-84.26886,marta
7157,99972211,WASHINGTON RD @ ARLINGTON RD,33.654937,-84.484187,marta
7158,99972212,WASHINGTON RD @ ARLINGTON RD,33.654972,-84.484275,marta
7159,99972213,WINTERS CHAPEL RD @ PEACHTREE INDUSTRIAL BLVD,33.931658,-84.265165,marta
7160,99972215,MORELAND AVE NE @ 326,33.76344,-84.349285,marta
7161,99972216,PANOLA RD @ DIVIDEND DR,33.716454,-84.165699,marta
7162,99972217,PANOLA RD @ DIVIDEND DR,33.716195,-84.165503,marta
7163,99972218,RAINBOW DR @ SLUMBER TRL,33.707761,-84.228504,marta
7164,99972219,DEKALB INDUSTRIAL WAY @ RIMINGTON LN,33.785147,-84.276283,marta
7165,99972222,PENELOPE ST NW @ COLLUM ST NW,33.753362,-84.455222,marta
7166,99972223,PENELOPE ST NW @ TORRENCE ST NW,33.752665,-84.453959,marta
7167,99972224,JOSEPH E BOONE BLVD @ AURORA AVE NW,33.763566,-84.455228,marta
7168,99972225,E WESLEY CHAPEL WAY @ 4300,33.711831,-84.215015,marta
7169,99972226,E WESLEY CHAPEL WAY @ SNAPFINGER WOODS DR,33.711029,-84.210116,marta
7170,99972227,LINECREST RD @ RIDGETOP DR,33.651277,-84.243904,marta
7171,99972229,LINECREST RD @ 3800,33.653653,-84.236214,marta
7172,99972230,CLEVEMONT RD @ CLEVEMONT CT,33.648661,-84.254025,marta
7173,99972232,LINECREST RD @ LINCOLNDALE DR,33.648677,-84.251604,marta
7174,99972234,RIVER RD @ RIDGETOP DR,33.656674,-84.241564,marta
7175,99972235,NEW SNAPFINGER WOODS DR @ 4325,33.714711,-84.212783,marta
7176,99972236,NEW SNAPFINGER WOODS DR @ 4325,33.71489,-84.212757,marta
7177,99972237,SNAPFINGER WOODS DR @ E WESLEY CHAPEL WAY,33.711218,-84.210173,marta
7178,99972239,WESLEY CHAPEL RD @ E SIDE DR,33.709381,-84.217898,marta
7179,99972241,RIVER RD @ BOSENBERRY WAY,33.656312,-84.235907,marta
7180,99972242,LAWRENCEVILLE HWY @ LYNBURN DR,33.855102,-84.209347,marta
7181,99972243,S HAIRSTON RD @ PINNACLE DR,33.76346,-84.196274,marta
7182,99972244,ALPHARETTA ST @ CLARA DR,34.034954,-84.345114,marta
7183,99972245,TURNER HILL RD @ STONECREST PKWY E,33.695895,-84.088589,marta
7184,99972246,TURNER HILL RD @ MALL PKWY,33.69244,-84.088632,marta
7185,99972247,MALL PKWY @ 8109,33.692593,-84.092323,marta
7186,99972248,MARTIN L KING JR DR SW @ ADAMSVILLE PLACE PKWY  SW,33.763349,-84.509221,marta
7187,99972249,WINN WAY @ 445,33.786491,-84.279284,marta
7188,99972250,BEECHER RD SW @ BEECHER CIR SW,33.729895,-84.46054,marta
7189,99972251,PORSCHE AVE @ SOUTH ST,33.65551,-84.403963,marta
7190,99972252,PORSCHE AVE @ SOUTH ST,33.655653,-84.404002,marta
7191,99972253,S HAIRSTON RD @ PINNACLE DR,33.763398,-84.196524,marta
7192,99972254,N HAIRSTON RD @ 452,33.788701,-84.195732,marta
7193,99972255,NORTHSIDE DR NW @ TRABERT AVE NW,33.794839,-84.407889,marta
7194,99972256,DALE LN SW @ COUNTRY CLUB LN SW,33.694006,-84.495946,marta
7195,99972257,MEADOWLANE DR SW @ DALE LN SW,33.694179,-84.497607,marta
7196,99972258,N DECATUR RD @ N INDIAN CREEK DR,33.785596,-84.23708,marta
7197,99972259,LAKE MIRROR RD @ 271,33.627507,-84.398488,marta
7198,99972260,MEMORIAL DR @ 6097,33.803875,-84.19066,marta
7199,99972261,HILL ST SE @ ENGLEWOOD AVE SE,33.721995,-84.378569,marta
7200,99972262,ABNER TER NW @ MARY GEORGE AVE NW,33.801285,-84.461893,marta
7201,99972263,KIPLING ST @ HENRY THOMAS DR,33.703662,-84.355448,marta
7202,99972265,W MOUNTAIN ST @ VFW DR,33.806765,-84.175055,marta
7203,99972266,W MOUNTAIN ST @ VFW DR,33.80689,-84.175011,marta
7204,99972267,N HAIRSTON RD @ KENILWORTH CIR,33.799794,-84.193617,marta
7205,99972268,N HAIRSTON RD @ KENILWORTH CIR,33.800558,-84.193885,marta
7206,99972270,RIVER RD @ LINECREST RD,33.655262,-84.23365,marta
7207,99972271,CLAYTON TRANSITIONAL CENTER,33.624732,-84.397818,marta
7208,99972272,S STONE MOUNTAIN LITHONIA RD @ CHAPMAN RD,33.732035,-84.113064,marta
7209,99972273,MARKET WAY @ HOLCOMB BRIDGE RD,34.020401,-84.321342,marta
7210,99972275,LANCASTER DR @ 2839,33.678356,-84.463916,marta
7211,99972276,BRANNEN RD SE @ BOULDER RD SE,33.715526,-84.313303,marta
7212,99972277,OLD NATIONAL HWY @ DALTON PARK,33.555881,-84.46683,marta
7213,99972279,BOULDERVIEW DR @ SAHARA DR,33.7055,-84.311154,marta
7214,99972280,ROLLINGWOOD LN @ BOULDERVIEW DR,33.704104,-84.316162,marta
7215,99972282,BROWNLEE RD SW @ CEDAR ISLAND DR SW,33.738145,-84.496032,marta
7216,99972283,DEFOORS FERRY RD @ GLENDEVEN CT,33.817329,-84.431903,marta
7217,99972284,DEFOORS FERRY RD @ GLENDEVEN CT,33.817535,-84.432132,marta
7218,99972287,DEKALB INDUSTRIAL WAY @ 766,33.798984,-84.280305,marta
7219,99972289,ACADEMY ST @ MARKET ST,34.075542,-84.293385,marta
7220,99972291,OLD FAIRBURN RD @ CAMP CREEK PKWY,33.659558,-84.529477,marta
7221,99972295,HARLAN RD SW @ FIELDING LN SW,33.747248,-84.483692,marta
7222,99972297,ROOSEVELT HWY @ DIXIE LAKE RD,33.583776,-84.549616,marta
7223,99972298,ROOSEVELT HWY @ DIXIE LAKE RD,33.583164,-84.550185,marta
7224,99972301,WASHINGTON RD @ LAUREL RIDGE DR,33.648261,-84.490606,marta
7225,99972302,DECATUR ST @ PRATT ST SE,33.74984,-84.383088,marta
7226,99972303,14TH ST NE @ 14TH PL,33.786415,-84.379461,marta
7227,99972304,14TH ST NE @ 14TH PL,33.786532,-84.379461,marta
7228,99972306,ORMOND ST SW @ POLLARD BLVD,33.731844,-84.390618,marta
7229,99972307,SHAMROCK DR @,33.728075,-84.257409,marta
7230,99972308,NORTHWEST DR @ BOLTON RD,33.801118,-84.487336,marta
7231,99972310,MARIETTA BLVD @ 1650,33.800293,-84.435491,marta
7232,99972311,MARIETTA BLVD @ 1695,33.800705,-84.435525,marta
7233,99972312,KIMBERLY MILL RD @ 6410,33.579955,-84.487389,marta
7234,99972313,SYLVAN RD @ SAMPLER WAY,33.695482,-84.418299,marta
7235,99972314,WASHINGTON RD @ W RUGBY AVE,33.663733,-84.468396,marta
7236,99972316,GREEN FORREST DR @ BELLGREEN WAY,33.723743,-84.259217,marta
7237,99972317,WENDELL DR @ MARTIN L KING JR DR NW,33.769451,-84.516281,marta
7238,99972318,WENDELL DR @ MARTIN L KING JR DR NW,33.769586,-84.516075,marta
7239,99972319,RALPH MCGILL BLVD @ 760,33.767115,-84.361801,marta
7240,99972321,17TH ST NW @ STATE ST NW,33.791354,-84.399477,marta
7241,99972322,SULLIVAN RD @ SOUTHPORT RD,33.624609,-84.461997,marta
7242,99972323,MCGINNIS FERRY RD @ TIDWELL DR,34.103721,-84.246876,marta
7243,99972324,MCGINNIS FERRY RD @ TIDWELL DR,34.10361,-84.247134,marta
7244,99972325,2ND AVE SE @ MEMORIAL DR SE,33.747142,-84.309668,marta
7245,99972326,S PARK BLVD @ 3060,33.623334,-84.291209,marta
7246,99972330,W POINT AVE @ LESLEY DR,33.641017,-84.456023,marta
7247,99972331,W POINT AVE @ LESLEY DR,33.640883,-84.456012,marta
7248,99972332,PERIMETER CTR W @ 111,33.926769,-84.33893,marta
7249,99972334,FLAT SHOALS RD @ DORIS DR,33.712052,-84.304405,marta
7250,99972335,FLAT SHOALS RD @ DORIS DR,33.712114,-84.304275,marta
7251,99972336,ROCKBRIDGE RD @ N HAIRSTON RD,33.78716,-84.19647,marta
7252,99972337,RIVEREDGE PKWY NW @ 2100,33.909389,-84.438815,marta
7253,99972339,FLAT SHOALS RD @ ROCKDALE DR,33.709288,-84.302529,marta
7254,99972340,FLAT SHOALS RD @ ROCKDALE DR,33.709043,-84.302146,marta
7255,99972341,FLAT SHOALS RD @ LEAFWOOD TRL,33.707638,-84.300886,marta
7256,99972342,FLAT SHOALS RD @ LEAFWOOD TRL,33.707736,-84.30081,marta
7257,99972344,JAMES JACKSON PKWY NW @ NORTHWEST DR NW,33.787698,-84.476704,marta
7258,99972345,EXECUTIVE PARK SOUTH NE @ 57,33.828404,-84.340469,marta
7259,99972346,EXECUTIVE PARK SOUTH NE @ 57,33.828333,-84.340404,marta
7260,99972347,DAWSON BLVD NW @ RUTHERFORD GLEN CIR,33.903095,-84.239558,marta
7261,99972348,PERIMETER CTR W @ 90,33.926527,-84.339235,marta
7262,99972349,FAIRBURN RD SW @ 1041,33.729619,-84.510554,marta
7263,99972350,FAIRBURN RD SW @ 1041,33.729316,-84.510353,marta
7264,99972351,SPRINGDALE RD @ SPRINGDALE PL,33.692666,-84.414146,marta
7265,99972352,S INDIAN CREEK DR @ CARROLLWOOD DR,33.756144,-84.219693,marta
7266,99972353,S INDIAN CREEK DR @ CARROLLWOOD DR,33.757371,-84.220854,marta
7267,99972354,NORTH AVE NW @ STATE ST NW,33.77117,-84.39898,marta
7268,99972355,LUCILE AVE SW @ RALPH D ABERNATHY BLVD,33.742854,-84.437084,marta
7269,99972356,NORTHSIDE PKWY NW @ 4111,33.863838,-84.445129,marta
7270,99972357,HAYNES BRIDGE RD @ OLD MILTON PKWY,34.071221,-84.293802,marta
7271,99972359,BUFFINGTON RD @ SABLE CHASE LN,33.598114,-84.498517,marta
7272,99972360,S ATLANTA ST @ MARIETTA HWY,34.013949,-84.362997,marta
7273,99972361,SCOFIELD RD @ SURREY TRL,33.603305,-84.466496,marta
7274,99972362,RESURRECTION WAY @ LONDONDERRY WAY,33.574525,-84.537792,marta
7275,99972366,SPRINGDALE RD SW @ JEFFERSON AVE SW,33.685449,-84.415431,marta
7276,99972367,SPRINGDALE RD SW @ JEFFERSON AVE SW,33.685288,-84.4153,marta
7277,99972370,SYLVAN RD SW @ KATHERWOOD DR SW,33.711183,-84.418122,marta
7278,99972371,JOSEPH E BOONE BLVD @ EDWARDS ST NW,33.763516,-84.403592,marta
7279,99972372,E PONCE DE LEON AVE @ N DECATUR RD,33.792834,-84.264225,marta
7280,99972377,N COMMERCE DR @ MARKETPLACE BLVD,33.658464,-84.503924,marta
7281,99972379,HOWELL MILL RD NW @ 3280,33.843702,-84.42845,marta
7282,99972380,HOWELL MILL RD NW @ 3280,33.843735,-84.428304,marta
7283,99972383,SWALLOW CIR SE @ HARPER RD SE,33.695288,-84.385229,marta
7284,99972384,SHANNON PKWY @ FLAT SHOALS RD,33.58403,-84.540067,marta
7285,99972385,SKIPPER DR NW @ SKIPPER PL NW,33.78153,-84.492241,marta
7286,99972387,N DECATUR RD @ 2920,33.793801,-84.273765,marta
7287,99972388,PONCE DE LEON AVE NE @ JUNIPER ST NE,33.772361,-84.383497,marta
7288,99972389,DERRICK INDUSTRIAL PKWY @ 4505,33.628049,-84.582476,marta
7289,99972391,ANVIL BLOCK RD @ LUNSFORD DR,33.633613,-84.289279,marta
7290,99972392,RESURRECTION WAY @ LONDONDERRY WAY,33.574683,-84.5369,marta
7291,99972393,HARGIS ST SE @ FORREST PARK RD SE,33.687377,-84.360308,marta
7292,99972394,CALHOUN AVE @ JOHN FREEMAN WAY,33.672625,-84.425381,marta
7293,99972396,TURNER RD SE @ KIPLING ST SE,33.703313,-84.354937,marta
7294,99972397,PEACHTREE ST SW @ BROTHERTON TRANSPORTATION MALL,33.747512,-84.395613,marta
7295,99972398,SHANNON PKWY @ PORTSMOUTH DR,33.581794,-84.540328,marta
7296,99972399,MT ZION PKWY @ WAGON WHEEL CT,33.555581,-84.310539,marta
7297,99972401,ROOSEVELT HWY @ 4003,33.645955,-84.450885,marta
7298,99972402,RIVER EXCHANGE DR @ HOLCOMB BRIDGE RD,33.970249,-84.261811,marta
7299,99972403,HOLCOMB BRIDGE RD @ TERRAMOUNT DR,34.014849,-84.308341,marta
7300,99972405,FLAT SHOALS RD @ DODSON RD,33.5844,-84.539767,marta
7301,99972408,HOLCOMB BRIDGE RD @ EVES RD,34.00556,-84.297551,marta
7302,99972417,HOLCOMB BRIDGE RD @ HOLCOMB WOODS PKWY,34.018619,-84.313583,marta
7303,99972418,MCDONOUGH BLVD SE @ ERIC ST SE,33.715363,-84.375739,marta
7304,99972419,N COMMERCE DR @ 4100,33.646221,-84.503075,marta
7305,99972420,WASHINGTON RD @ CHARLES DR,33.660233,-84.476065,marta
7306,99972421,BOLTON RD NW @ COLLIER DR NW,33.769535,-84.508703,marta
7307,99972422,N SHALLOWFORD RD @ COMMODORE DR,33.917658,-84.303795,marta
7308,99972423,S ROYAL ATLANTA DR @ 4950,33.856319,-84.187685,marta
7309,99972424,HOLCOMB BRIDGE RD @ STEEPLE CHASE DR (SOUTH),33.991271,-84.277452,marta
7310,99972425,RIVER EXCHANGE DR @ 3175,33.967952,-84.26369,marta
7311,99972426,N COMMERCE DR @ CENTRE PKWY,33.652022,-84.502907,marta
7312,99972427,HILLANDALE DR @ 5850,33.70357,-84.150992,marta
7313,99972429,JOHNSON FERRY RD @ MILL CREEK RD,33.896001,-84.342889,marta
7314,99972430,JOHNSON FERRY RD NE @ MILL CREEK RD,33.895992,-84.343129,marta
7315,99972431,WINDWARD PKWY @ NORTH POINT PKWY,34.088754,-84.256364,marta
7316,99972432,HILL ST SE @ NOLAN ST SE,33.718987,-84.378675,marta
7317,99972433,MAIN ST @ JACKSON AVE,33.520888,-84.667271,marta
7318,99972434,CENTRE PKWY @ N COMMERCE DR,33.652152,-84.504074,marta
7319,99972435,N COMMERCE DR @ CAMP CREEK POINT,33.653907,-84.503361,marta
7320,99972436,MERCER UNIVERSITY DR @ DUNNINGTON CIR,33.875298,-84.25346,marta
7321,99972437,SPRINGDALE RD SW @ PEGG RD SW,33.689335,-84.414468,marta
7322,99972438,PLEASANT HILL RD @ SURREY TRL,33.600102,-84.465166,marta
7323,99972440,N COMMERCE DR @ 4100,33.646133,-84.503322,marta
7324,99972441,N COMMERCE DR @ 3900,33.648438,-84.503072,marta
7325,99972442,BILL KENNEDY WAY SE @ FAITH AVE SE,33.741919,-84.358126,marta
7326,99972443,N COMMERCE DR @ WASHINGTON RD,33.632599,-84.493815,marta
7327,99972444,LAKE MIRROR RD @ LAKE MIRROR PL,33.627323,-84.394562,marta
7328,99972445,OAKLEY RD @ 6300,33.584358,-84.531564,marta
7329,99972446,N SHALLOWFORD RD @ ADMIRAL WAY,33.91559,-84.302183,marta
7330,99972447,N SHALLOWFORD RD @ LONGVIEW DR,33.916279,-84.302554,marta
7331,99972448,2ND AVE SE @ ALSTON DR SE,33.745316,-84.309766,marta
7332,99972449,N COMMERCE DR @ SHELBY LN,33.655913,-84.50394,marta
7333,99972450,DRYDEN RD @ NORTH POINT PKWY,34.086921,-84.257228,marta
7334,99972451,CUSTER AVE SE @ MORELAND AVE SE,33.715536,-84.350042,marta
7335,99972452,OLD MILTON PKWY @ 2365,34.070401,-84.290502,marta
7336,99972453,OLD MILTON PKWY @ 2400,34.070624,-84.289989,marta
7337,99972454,OLD MILTON PKWY @ NORTHWINDS PKWY,34.06862,-84.277853,marta
7338,99972455,OLD MILTON PKWY @ NORTHWINDS PKWY,34.06884,-84.277165,marta
7339,99972457,OLD MILTON PKWY @ MORRIS RD,34.068951,-84.267548,marta
7340,99972458,OLD MILTON PKWY @ MORRIS RD,34.068665,-84.267777,marta
7341,99972460,BUFFINGTON RD @ BIRDSEYE TRL,33.590719,-84.500481,marta
7342,99972461,HOLCOMB BRIDGE RD @ SPALDING DR,33.968646,-84.25886,marta
7343,99972462,MOUNTAIN INDUSTRIAL BLVD @ S ROYAL ATLANTA DR,33.857424,-84.191025,marta
7344,99972465,PORSCHE AVE @ PORSCHE DR,33.653073,-84.39885,marta
7345,99972466,PORSCHE AVE @ PORSCHE DR,33.65331,-84.399515,marta
7346,99972467,OLD MILTON PKWY @ NORTH POINT PKWY,34.068122,-84.263186,marta
7347,99972469,MALL PKWY @ STONECREST TRC,33.695973,-84.10083,marta
7348,99972470,MALL PKWY @ STONECREST TRC,33.695757,-84.100256,marta
7349,99972471,FLAT SHOALS RD @ 3592,33.703071,-84.270261,marta
7350,99972472,MCGINNIS FERRY RD @ BETHANY BND,34.104029,-84.254776,marta
7351,99972473,MORRIS RD @ BETHANY RD,34.104231,-84.254123,marta
7352,99972474,STONEWALL TELL RD @ ROOSEVELT HWY,33.597991,-84.54851,marta
7353,99972475,OLD MILTON PKWY @ NORTH POINT PKWY,34.068349,-84.262888,marta
7354,99972476,JONESBORO RD @ RUSKIN DR,33.646653,-84.36486,marta
7355,99972477,JONESBORO RD @ SCOTT RD,33.643269,-84.363273,marta
7356,99972478,JONESBORO RD @ CONLEY RD,33.638919,-84.360937,marta
7357,99972479,JONESBORO RD @ COLLEGE ST,33.634515,-84.358602,marta
7358,99972480,JONESBORO RD @ ERNEST DR,33.632564,-84.357559,marta
7359,99972481,JONESBORO RD @ OLD JONESBORO RD,33.628473,-84.355929,marta
7360,99972482,JONESBORO RD @ GRACE DR,33.625823,-84.355125,marta
7361,99972483,OAKLEY RD @ OAKLEY COMMONS BLVD,33.581889,-84.530497,marta
7362,99972484,JONESBORO RD @ FOREST AVE,33.623863,-84.35418,marta
7363,99972485,JONESBORO RD @ MARIE ST,33.620829,-84.352496,marta
7364,99972487,FOREST PKWY @ JONESBORO RD,33.615182,-84.350587,marta
7365,99972488,FOREST PKWY @ PHILLIPS DR,33.618102,-84.357673,marta
7366,99972491,JONESBORO RD @ BARTLETT RD,33.621285,-84.352648,marta
7367,99972492,JONESBORO RD @ WATTS RD,33.623791,-84.354049,marta
7368,99972493,JONESBORO RD @ GRACE DR,33.625698,-84.354973,marta
7369,99972494,JONESBORO RD @ OLD JONESBORO RD,33.628643,-84.355886,marta
7370,99972495,JONESBORO RD @ ERNEST DR,33.632215,-84.357276,marta
7371,99972496,JONESBORO RD @ THURMAN RD,33.635249,-84.358884,marta
7372,99972497,JONESBORO RD @ CONLEY RD,33.639295,-84.361057,marta
7373,99972498,JONESBORO RD @ SCOTT RD,33.643413,-84.363252,marta
7374,99972499,JONESBORO RD @ RUSKIN DR,33.646671,-84.364773,marta
7375,99972500,RIVERDALE RD @ PHOENIX BLVD,33.613327,-84.4378,marta
7376,99972502,RIVERDALE RD @ NORMAN DR,33.608826,-84.436187,marta
7377,99972503,RIVERDALE RD @ OLD RIVERDALE RD,33.605255,-84.434989,marta
7378,99972504,RIVERDALE RD @ FLAT SHOALS RD,33.60159,-84.429721,marta
7379,99972505,RIVERDALE RD @ LAKE REGENCY DR,33.599065,-84.429034,marta
7380,99972506,RIVERDALE RD @ LAKE REGENCY DR,33.5998,-84.428916,marta
7381,99972507,RIVERDALE RD @ FLAT SHOALS RD,33.602046,-84.430047,marta
7382,99972508,RIVERDALE RD @ OLD RIVERDALE RD,33.605892,-84.435194,marta
7383,99972509,RIVERDALE RD @ SHOREHAM DR,33.608961,-84.436014,marta
7384,99972511,RIVERDALE RD @ KINGSWOOD CIR,33.612395,-84.436885,marta
7385,99972512,GARDEN WALK BLVD @ RIVERDALE RD,33.596962,-84.427477,marta
7386,99972513,GARDEN WALK BLVD @ GARDEN WOOD DR,33.596714,-84.425679,marta
7387,99972514,GARDEN WALK BLVD @ GARDEN SPRINGS DR,33.595859,-84.420785,marta
7388,99972515,GARDEN WALK BLVD @ GARDEN RIDGE DR,33.595763,-84.416922,marta
7389,99972516,GARDEN WALK BLVD @ W LEES MILL RD,33.594468,-84.412505,marta
7390,99972517,GARDEN WALK BLVD @ SR 85,33.59413,-84.409814,marta
7391,99972518,GARDEN WALK BLVD @ SR 85,33.594327,-84.409858,marta
7392,99972519,GARDEN WALK BLVD @ W LEE MILLS RD,33.594648,-84.412256,marta
7393,99972520,GARDEN WALK BLVD @ GARDEN RIDGE DR,33.596022,-84.417671,marta
7394,99972521,GARDEN WALK BLVD @ GARDEN SPRINGS DR,33.596065,-84.420438,marta
7395,99972522,GARDEN WALK BLVD @ BROOKSTONE RDG,33.597027,-84.425994,marta
7396,99972523,GARDEN WALK BLVD @ RIVERDALE RD,33.597156,-84.428614,marta
7397,99972524,SR 85 @ BRIAR HILL LN,33.590317,-84.409105,marta
7398,99972525,SR 85 @ ADAMS DR,33.582687,-84.411374,marta
7399,99972526,SR 85 @ KING RD,33.579204,-84.411978,marta
7400,99972527,SR 85 @ HOWARD ST,33.57489,-84.412494,marta
7401,99972528,SR 85 @ MAIN ST,33.571365,-84.412797,marta
7402,99972529,SR 85 @ VALLEY HILL RD SW,33.573339,-84.412416,marta
7403,99972530,SR 85 @ DENHAM ST,33.576061,-84.412148,marta
7404,99972531,SR 85 @ CAMP ST,33.578398,-84.411945,marta
7405,99972532,SR 85 @ ALLEN DR,33.581881,-84.411298,marta
7406,99972533,SR 85 @ BRIAR HILL LN,33.589959,-84.408909,marta
7407,99972536,CHURCH ST @ BETHSAIDA RD,33.560604,-84.416968,marta
7408,99972537,CHURCH ST @ TOWN CENTER DR,33.558122,-84.416438,marta
7409,99972538,SR 85 @ LAMAR HUTCHESON PKWY,33.560983,-84.413541,marta
7410,99972539,SR 85 @ 7145,33.559736,-84.41404,marta
7411,99972540,CHURCH ST @ TOWN CENTER DR,33.558384,-84.416304,marta
7412,99972541,CHURCH ST @ BETHSAIDA RD,33.561217,-84.416755,marta
7413,99972545,LAMAR HUTCHESON PKWY @ 658,33.560993,-84.411176,marta
7414,99972546,LAMAR HUTCHESON PKWY @ ROBERTS DR,33.565043,-84.40808,marta
7415,99972547,XPRESS - RIVERDALE PARK & RIDE,33.56835,-84.403322,marta
7416,99972548,LAMAR HUTCHESON PKWY @ UPPER RIVERDALE RD SW,33.572585,-84.402903,marta
7417,99972549,LAMAR HUTCHESON PKWY @ VALLEY HILL RD SW,33.570973,-84.402804,marta
7418,99972551,LAMAR HUTCHESON PKWY @ ROBERTS DR,33.564783,-84.408459,marta
7419,99972552,LAMAR HUTCHESON PKWY @ 618,33.561217,-84.410739,marta
7420,99972553,UPPER RIVERDALE RD SW @ STAYMAN DR,33.574181,-84.399195,marta
7421,99972555,UPPER RIVERDALE RD SW @ ROY HUIE RD,33.575841,-84.394283,marta
7422,99972556,UPPER RIVERDALE RD SW @ HAYES DR,33.577984,-84.388634,marta
7423,99972557,UPPER RIVERDALE RD @ ARROWHEAD BLVD,33.579114,-84.384394,marta
7424,99972558,UPPER RIVERDALE RD @ 276,33.579894,-84.38152,marta
7425,99972559,UPPER RIVERDALE RD @ LEES MILL RD,33.58114,-84.378863,marta
7426,99972560,UPPER RIVERDALE RD @ LEES MILL RD,33.58183,-84.378538,marta
7427,99972561,UPPER RIVERDALE RD @ 281,33.580082,-84.38126,marta
7428,99972562,UPPER RIVERDALE RD @ ARROWHEAD BLVD,33.579534,-84.383295,marta
7429,99972563,UPPER RIVERDALE RD SW @ HAYES DR,33.57784,-84.389448,marta
7430,99972564,UPPER RIVERDALE RD SW @ ROY HUIE RD,33.575742,-84.394696,marta
7431,99972566,UPPER RIVERDALE RD SW @ RIVER PARK DR,33.574262,-84.399326,marta
7432,99972568,MT ZION RD @ TARA BLVD,33.572937,-84.370282,marta
7433,99972569,MT ZION RD @ DOROTHY LN,33.572767,-84.366697,marta
7434,99972570,MT ZION RD @ KING WILLIAMS DR,33.572579,-84.362013,marta
7435,99972571,MT ZION RD @ IMPERIAL DR,33.57232,-84.358651,marta
7436,99972572,MT ZION RD @ PERSONAL PL,33.571933,-84.355799,marta
7437,99972573,MT ZION RD @ KELLY AVE,33.571417,-84.3511,marta
7438,99972574,MERCHANTS WAY @ EXCHANGE PL,33.572649,-84.348555,marta
7439,99972575,SOUTHLAKE MALL,33.573786,-84.350014,marta
7440,99972577,MT ZION RD @ MARKET PL,33.571617,-84.351066,marta
7441,99972578,MT ZION RD @ LAKE DR,33.572011,-84.354696,marta
7442,99972579,MT ZION RD @ IMPERIAL DR,33.572325,-84.357539,marta
7443,99972580,MT ZION RD @ KING WILLIAM DR,33.572795,-84.363304,marta
7444,99972581,MT ZION RD @ DOROTHY LN,33.572988,-84.367575,marta
7445,99972582,FLAT SHOALS RD @ SHENFIELD LN,33.587017,-84.519583,marta
7446,99972583,MT ZION RD @ TARA BLVD,33.573117,-84.370238,marta
7447,99972584,TARA BLVD @ MT ZION RD,33.574223,-84.371521,marta
7448,99972588,PANTHERSVILLE RD @ BRITTANY PARK LN,33.662435,-84.282397,marta
7449,99972589,PANTHERSVILLE RD @ FORK CREEK CHURCH RD,33.666042,-84.28056,marta
7450,99972590,BOULDERCREST RD @ PANTHERSVILLE RD,33.65684,-84.286418,marta
7451,99972591,PANTHERSVILLE RD @ RIVER RD,33.672799,-84.277819,marta
7452,99972592,BOULDERCREST RD @ YOLANDA TRL,33.652919,-84.285334,marta
7453,99972593,BOULDERCREST RD @ LINECREST RD,33.647208,-84.282714,marta
7454,99972594,BOULDERCREST RD @ TILSON RD,33.639946,-84.282235,marta
7455,99972595,BOULDERCREST RD @ ANVIL BLOCK RD,33.630668,-84.282806,marta
7456,99972596,BOULDERCREST RD @ ANVIL BLOCK RD,33.631278,-84.282795,marta
7457,99972597,BOULDERCREST RD @ MANOR PL,33.640063,-84.282062,marta
7458,99972598,BOULDERCREST RD @ LINECREST RD,33.647664,-84.282828,marta
7459,99972599,BOULDERCREST RD @ YOLANDA TRL,33.652826,-84.285225,marta
7460,99972600,PANTHERSVILLE RD @ BOULDERCREST RD,33.657818,-84.285697,marta
7461,99972601,ANVIL BLOCK RD @ LUNSFORD DR,33.633875,-84.289575,marta
7462,99972602,JONESBORO RD SE @ CONLEY RD SE,33.64825,-84.365377,marta
7463,99972603,CONLEY RD SE @ 925,33.650083,-84.359553,marta
7464,99972605,FORREST PARK RD SE @ CONLEY RD SE,33.65071,-84.357892,marta
7465,99972606,FORREST PARK RD SE @ FOREST VALLEY DR SE,33.651803,-84.35748,marta
7466,99972607,FORREST PARK RD SE @ OAKSHIRE WAY SE,33.654634,-84.356057,marta
7467,99972608,FORREST PARK RD SE @ EISENHOWER RD SE,33.657139,-84.355506,marta
7468,99972609,FORREST PARK RD SE @ PINE FOREST DR SE,33.659807,-84.355474,marta
7469,99972610,HUTCHENS RD SE @ FORREST PARK RD SE,33.665966,-84.355759,marta
7470,99972611,HUTCHENS RD SE @ 916,33.666072,-84.359972,marta
7471,99972612,HUTCHENS RD SE @ 852,33.666707,-84.361428,marta
7472,99972613,HUTCHENS RD SE @ 860,33.666322,-84.361091,marta
7473,99972614,HUTCHENS RD SE @ KATOMARICK DR SE,33.66812,-84.364132,marta
7474,99972615,HUTCHENS RD SE @ DONNEBROOK LN SE,33.66846,-84.366641,marta
7475,99972616,HUTCHENS RD SE @ KING SMITH RD SE,33.669525,-84.367673,marta
7476,99972617,HUTCHENS RD SE @ 560,33.669837,-84.369856,marta
7477,99972618,HUTCHENS RD SE @ JONESBORO RD SE,33.672021,-84.371878,marta
7478,99972619,GEORGIA AVE SE @ CHEROKEE AVE SE,33.73665,-84.374068,marta
7479,99972620,GEORGIA AVE SE @ HILL ST SE,33.736778,-84.378322,marta
7480,99972621,MT ZION PKWY @ 2530,33.554728,-84.308367,marta
7481,99972622,SR 85 @ ROBERTS DR,33.56663,-84.413246,marta
7482,99972623,SR 85 @ ROBERTS DR,33.566382,-84.413059,marta
7483,99972624,SR 85 @ BETHSAIDA RD,33.562236,-84.413759,marta
7484,99972625,SR 85 @ 7056,33.562917,-84.413337,marta
7485,99972626,MERCHANTS WAY @ EXCHANGE PL,33.572949,-84.348944,marta
7486,99972627,BOULDERCREST RD @ FOREST PKWY,33.611971,-84.286252,marta
7487,99972628,LOU WALKER SENIOR CENTER,33.714072,-84.164453,marta
7488,99972629,RAINBOW WAY @ CANDLER RD,33.711539,-84.271114,marta
7489,99972633,FLAT SHOALS RD @ CLIFTON CHURCH RD SE,33.706304,-84.299365,marta
7490,99972634,BULL RUN DR @ LLOYD RD,33.70281,-84.285158,marta
7491,99972635,BULL RUN DR @ COHASSETT LN,33.702835,-84.282744,marta
7492,99972636,FLAT SHOALS RD @ WILLIAMSBURG WAY,33.70525,-84.280081,marta
7493,99972637,FLAT SHOALS RD @ 3491,33.704935,-84.275583,marta
7494,99972638,FLAT SHOALS RD @ 3424,33.705025,-84.275551,marta
7495,99972639,MITCHELL ST SW @ NORTHSIDE DR SW,33.753901,-84.403127,marta
7496,99972642,HORSE SHOE DR SE @ SOMBRERO WAY SE,33.697963,-84.309949,marta
7497,99972643,HOLCOMB BRIDGE RD @ STEEPLE CHASE DR (SOUTH),33.990916,-84.277336,marta
7498,99972644,HOLCOMB BRIDGE RD @ S HOLCOMB BRIDGE WAY (NORTH),33.988289,-84.273212,marta
7499,99972645,FLAT SHOALS RD @ 4483,33.585606,-84.535549,marta
7500,99972646,FLAT SHOALS RD @ 4483,33.58565,-84.534989,marta
7501,99972647,FLAT SHOALS RD @ BALLYE SHANNON PIKE,33.584997,-84.537525,marta
7502,99972648,HOLCOMB BRIDGE RD @ NESBIT FERRY RD,33.988253,-84.272972,marta
7503,99972649,CUSTER AVE SE @ KNOB HILL CT,33.716319,-84.354975,marta
7504,99972651,S FULTON PKWY @ STONEWALL TELL RD,33.618562,-84.559019,marta
7505,99972654,BAKERS FERRY RD SW @ BAKERS FERRY DR SW,33.760298,-84.508453,marta
7506,99972656,HOLCOMB BRIDGE RD @ MARKET BLVD,34.020711,-84.319265,marta
7507,99972659,N COMMERCE DR @ 3909,33.648787,-84.503323,marta
7508,99972660,FOREST PKWY @ ASH ST,33.619508,-84.362497,marta
7509,99972661,POWERS FERRY RD NW @ NEW NORTHSIDE DR NW,33.906002,-84.429107,marta
7510,99972662,FOREST PKWY @ OLD DIXIE RD,33.62007,-84.381605,marta
7511,99972663,FOREST PKWY @ LAKE DR,33.619803,-84.364172,marta
7512,99972664,SOUTHAMPTON RD @ GODBY RD,33.616208,-84.457132,marta
7513,99972665,JUSTICE CENTER BUS TRANSIT STATION,33.505605,-84.360157,marta
7514,99972666,VALLEY HILL RD SW @ LAMAR HUTCHESON PKWY,33.570337,-84.404116,marta
7515,99972667,CHURCH ST @ KING RD,33.578727,-84.415383,marta
7516,99972668,N COMMERCE DR @ LOGISTICS WAY,33.642368,-84.502323,marta
7517,99972669,GODBY RD @ 2200,33.616131,-84.459734,marta
7518,99972670,SOUTHAMPTON RD @ GODBY RD,33.616118,-84.454926,marta
7519,99972671,SOUTHAMPTON RD @ JONES CIR,33.616115,-84.452541,marta
7520,99972672,SOUTHAMPTON RD @ W FAYETTEVILLE RD,33.616063,-84.450104,marta
7521,99972673,SOUTHAMPTON RD @ W FAYETTEVILLE RD,33.61617,-84.450848,marta
7522,99972674,SOUTHAMPTON RD @ JONES CIR,33.616186,-84.452802,marta
7523,99972675,GODBY RD @ 2135,33.616294,-84.459957,marta
7524,99972676,PHOENIX BLVD @ W FAYETTEVILLE RD,33.6139,-84.447893,marta
7525,99972677,PHOENIX BLVD @ PHOENIX PKWY,33.614673,-84.444389,marta
7526,99972678,PHOENIX BLVD @ 1590,33.614291,-84.44122,marta
7527,99972679,FOREST PKWY @ RIVERDALE RD,33.614734,-84.437183,marta
7528,99972680,PHOENIX BLVD @ RIVERDALE RD,33.614616,-84.43944,marta
7529,99972681,PHOENIX BLVD @ 1591,33.614577,-84.441871,marta
7530,99972682,PHOENIX BLVD @ PHOENIX PKWY,33.614861,-84.44453,marta
7531,99972683,PHOENIX BLVD @ W FAYETTEVILLE RD,33.613997,-84.448479,marta
7532,99972684,FOREST PKWY @ SOUTHRIDGE PKWY,33.617627,-84.426378,marta
7533,99972685,FOREST PKWY @ ATLANTA SOUTH PKWY,33.617692,-84.412379,marta
7534,99972686,FOREST PKWY @ MAIN DR (FARMERS MKT ENTRANCE),33.618287,-84.39303,marta
7535,99972687,FOREST PKWY @ GOVERNORS DR,33.620522,-84.375903,marta
7536,99972688,FOREST PKWY @ GEORGIA AVE,33.621268,-84.37319,marta
7537,99972689,FOREST PKWY @ ASH ST,33.618842,-84.361368,marta
7538,99972691,FOREST PKWY @ BARTLETT DR,33.61608,-84.352745,marta
7539,99972693,FOREST PKWY @ BARTLETT DR,33.616928,-84.353952,marta
7540,99972694,FOREST PKWY @ LAKE DR,33.620385,-84.365205,marta
7541,99972695,FOREST PKWY @ GEORGIA AVE,33.621235,-84.373793,marta
7542,99972696,FOREST PKWY @ HALE RD,33.620755,-84.376942,marta
7543,99972697,FOREST PKWY @ OLD DIXIE RD,33.620143,-84.382292,marta
7544,99972698,FOREST PKWY @ MAIN DR (FARMERS MKT ENTRANCE),33.61852,-84.393214,marta
7545,99972699,FOREST PKWY @ ATLANTA SOUTH PKWY,33.617833,-84.411673,marta
7546,99972700,FOREST PKWY @ SOUTHRIDGE PKWY,33.618129,-84.425359,marta
7547,99972703,SR 85 @ LEES MILL RD,33.60734,-84.403882,marta
7548,99972704,SR 85 @ AIRPORT SOUTH PKWY,33.602612,-84.40532,marta
7549,99972705,SR 85 @ EAGLES CROSSING WAY,33.595824,-84.407385,marta
7550,99972706,SR 85 @ EAGLES CROSSING WAY,33.595869,-84.407093,marta
7551,99972707,SR 85 @ AIRPORT SOUTH PKWY,33.602746,-84.40493,marta
7552,99972708,SR 85 @ LEES MILL RD,33.607331,-84.403567,marta
7553,99972710,RIVERDALE RD @ GARDEN WALK BLVD,33.596272,-84.428998,marta
7554,99972711,RIVERDALE RD @ E FAYETTEVILLE RD,33.588246,-84.423542,marta
7555,99972712,RIVERDALE RD @ POPLAR SPRINGS RD,33.586484,-84.421543,marta
7556,99972713,SR 85 @ SR 138,33.54868,-84.415002,marta
7557,99972714,SR 85 @ LAKE RIDGE PKWY,33.541856,-84.416805,marta
7558,99972715,SR 85 @ LAKEVIEW DR,33.536679,-84.418371,marta
7559,99972716,SR 85 @ WARREN DR,33.533419,-84.419342,marta
7560,99972717,HOLCOMB BRIDGE RD @ CHAMPIONS GREEN PKWY,33.99954,-84.283839,marta
7561,99972718,SR 85 @ PINE RIDGE DR,33.530553,-84.420217,marta
7562,99972719,SR 85 @ HELMER RD,33.52689,-84.42186,marta
7563,99972720,POINTE SOUTH PKWY @ SR 85,33.521767,-84.423317,marta
7564,99972721,POINTE SOUTH PKWY @ BRANDON HILL WAY,33.520463,-84.420213,marta
7565,99972722,POINTE SOUTH PKWY @ ELON TRL,33.518691,-84.417731,marta
7566,99972724,POINTE SOUTH PKWY @ ANSLEY DR,33.51796,-84.414262,marta
7567,99972725,POINTE SOUTH PKWY @ NICHOLSON DR,33.518356,-84.411976,marta
7568,99972726,FLINT RIVER RD SW @ THOMAS RD,33.518269,-84.407879,marta
7569,99972727,FLINT RIVER RD SW @ GUTHRIE DR,33.518298,-84.404443,marta
7570,99972728,FLINT RIVER RD SW @ GLENWOODS DR,33.518179,-84.39855,marta
7571,99972729,FLINT RIVER RD SW @ DORSEY RD,33.518134,-84.394679,marta
7572,99972730,FLINT RIVER RD SW @ TAYLOR RD,33.518146,-84.39123,marta
7573,99972731,FOREST PKWY @ ELLENWOOD  RD,33.612188,-84.292732,marta
7574,99972732,FLINT RIVER RD @ ASHTON RD,33.518023,-84.387144,marta
7575,99972733,FLINT RIVER RD @ LEXINGTON DR,33.518105,-84.383481,marta
7576,99972734,FLINT RIVER RD @ KENDRICK RD,33.517892,-84.379698,marta
7577,99972736,FLINT RIVER RD @ 688,33.517801,-84.370969,marta
7578,99972737,FLINT RIVER RD @ TARA BLVD,33.517733,-84.366489,marta
7579,99972738,FLINT RIVER RD @ TARA BLVD,33.51795,-84.366791,marta
7580,99972739,FLINT RIVER RD @ 681,33.518017,-84.370956,marta
7581,99972741,FLINT RIVER RD @ KENDRICK RD,33.518052,-84.379404,marta
7582,99972742,FLINT RIVER RD @ LEXINGTON DR,33.518143,-84.382792,marta
7583,99972743,FLINT RIVER RD @ ASHTON RD,33.518094,-84.387231,marta
7584,99972744,FLINT RIVER RD @ TAYLOR RD,33.518262,-84.390905,marta
7585,99972745,FLINT RIVER RD SW @ DORSEY RD,33.518215,-84.395457,marta
7586,99972746,FLINT RIVER RD SW @ GLENWOODS DR,33.518295,-84.397831,marta
7587,99972747,FLINT RIVER RD SW @ GUTHRIE DR,33.518353,-84.403868,marta
7588,99972748,FLINT RIVER RD SW @ THOMAS RD,33.518449,-84.407478,marta
7589,99972749,POINTE SOUTH PKWY @ NICHOLSON DR,33.518606,-84.412182,marta
7590,99972750,POINTE SOUTH PKWY @ ANSLEY DR,33.518147,-84.415021,marta
7591,99972751,POINTE SOUTH PKWY @ PARK VILLA WAY,33.519014,-84.417754,marta
7592,99972752,POINTE SOUTH PKWY @ BRANDON HILL WAY,33.520785,-84.420324,marta
7593,99972753,POINTE SOUTH PKWY @ SR 85,33.521964,-84.423112,marta
7594,99972755,SR 85 @ PINE RIDGE DR,33.531297,-84.419698,marta
7595,99972756,SR 85 @ WEBB RD,33.534351,-84.418769,marta
7596,99972757,SR 85 @ LAKEVIEW DR,33.537073,-84.417937,marta
7597,99972758,SR 85 @ LAKE RIDGE PKWY,33.543405,-84.416037,marta
7598,99972759,SR 85 @ COMMERCE BLVD,33.547068,-84.415,marta
7599,99972760,SR 85 @ SR 138,33.551062,-84.41443,marta
7600,99972761,SR 138 @ SR 85,33.548697,-84.413055,marta
7601,99972762,SR 138 @ WINDEREMERE DR,33.54684,-84.408245,marta
7602,99972763,SR 138 @ TAYLOR RD,33.544686,-84.402876,marta
7603,99972764,SR 138 @ ANTEBELLUM LN,33.542139,-84.395945,marta
7604,99972765,SR 138 @ ROUNTREE RD,33.541532,-84.392096,marta
7605,99972766,SR 138 @ KENDRICK RD,33.53971,-84.385318,marta
7606,99972768,SR 85 @ THOMAS RD,33.525905,-84.42213,marta
7607,99972772,SR 138 @ OLD ROUNDTREE RD,33.539933,-84.38573,marta
7608,99972773,SR 138 @ ROUNTREE RD,33.541622,-84.392193,marta
7609,99972774,SR 138 @ ANTEBELLUM LN,33.542282,-84.396379,marta
7610,99972775,SR 138 @ TAYLOR RD,33.544686,-84.402735,marta
7611,99972776,SR 138 @ WINDEREMERE DR,33.546832,-84.407822,marta
7612,99972777,SR 138 @ SR 85,33.548816,-84.41292,marta
7613,99972778,RIVERDALE RD @ E FAYETTEVILLE RD,33.588711,-84.424312,marta
7614,99972779,RIVERDALE RD @ WALKER RD,33.593488,-84.428951,marta
7615,99972780,AIRPORT INTERNATIONAL TERMINAL - ARRIVALS,33.640531,-84.417144,marta
7616,99972783,FOREST PKWY @ SUMMERSUN DR,33.610536,-84.32544,marta
7617,99972784,FOREST PKWY @ 3RD AVE,33.610808,-84.316623,marta
7618,99972786,FOREST PKWY @ JOHN G GLOVER IND CT,33.610482,-84.312744,marta
7619,99972787,FOREST PKWY @ SR 42,33.612853,-84.306276,marta
7620,99972788,FOREST PKWY @ QUIKTRIP WAY,33.612225,-84.299374,marta
7621,99972792,TARA BLVD @ MUNDYS MILL RD,33.485445,-84.340336,marta
7622,99972793,TARA BLVD @ TARA RD,33.47291,-84.336824,marta
7623,99972794,TARA BLVD @ WALDEN LANDING,33.454437,-84.326815,marta
7624,99972795,TARA BLVD @ MUNDYS MILL RD,33.487174,-84.340521,marta
7625,99972796,TARA BLVD @ WALDEN LANDING,33.452109,-84.325927,marta
7626,99972797,TARA BLVD @ TARA RD,33.474163,-84.33677,marta
7627,99972798,LOVEJOY RD @ SUMMER TRCE,33.441836,-84.340934,marta
7628,99972799,PANHANDLE RD @ PANHANDLE DR,33.445257,-84.342852,marta
7629,99972800,PANHANDLE RD @ MCDONOUGH RD,33.448848,-84.342723,marta
7630,99972801,MCDONOUGH RD @ MCDONOUGH CT,33.448938,-84.339496,marta
7631,99972802,MCDONOUGH RD @ WEEPING WILLOW PL,33.448831,-84.33603,marta
7632,99972803,MCDONOUGH RD @ TARA BLVD,33.448195,-84.327118,marta
7633,99972804,JONESBORO RD @ COMMERCE RD,33.56586,-84.344098,marta
7634,99972805,JONESBORO RD @ CITIZENS PKWY,33.558952,-84.345812,marta
7635,99972806,JONESBORO RD @ BATTLE CREEK RD,33.554392,-84.347113,marta
7636,99972807,JONESBORO RD @ SOUTHLAKE COVE CT,33.549614,-84.348355,marta
7637,99972808,JONESBORO RD @ SR 138,33.537842,-84.351372,marta
7638,99972809,BATTLE CREEK RD @ BATTLECREEK VILLAGE DR,33.553235,-84.35113,marta
7639,99972810,BATTLE CREEK RD @ CHASE VILLAGE DR,33.553518,-84.355788,marta
7640,99972811,BATTLE CREEK RD @ CHASE LAKE DR,33.55361,-84.358763,marta
7641,99972813,BATTLE CREEK RD @ HOWARD CIR,33.55571,-84.368409,marta
7642,99972814,TARA BLVD @ BATTLE CREEK RD,33.554225,-84.370745,marta
7643,99972815,TARA BLVD @ N CARTER DR,33.550395,-84.37021,marta
7644,99972816,TARA BLVD @ MUSEUM CIR,33.543656,-84.368364,marta
7645,99972817,TARA BLVD @ SR 138,33.539315,-84.36612,marta
7646,99972818,TARA BLVD @ NORTH AVE,33.533238,-84.364348,marta
7647,99972819,TARA BLVD @ NORTH AVE,33.534369,-84.364141,marta
7648,99972820,TARA BLVD @ SR 138,33.538382,-84.36522,marta
7649,99972821,TARA BLVD @ N MAIN ST SE,33.545182,-84.368632,marta
7650,99972822,TARA BLVD @ N CARTER DR,33.552148,-84.369985,marta
7651,99972823,BATTLE CREEK RD @ TARA BLVD,33.555512,-84.369745,marta
7652,99972825,BATTLE CREEK RD @ TARA RD,33.553463,-84.359132,marta
7653,99972826,BATTLE CREEK RD @ CHASE VILLAGE DR,33.553265,-84.355288,marta
7654,99972827,BATTLE CREEK RD @ CULLEN DR,33.553102,-84.350515,marta
7655,99972828,JONESBORO RD @ SOUTHLAKE COVE CT,33.550313,-84.347934,marta
7656,99972829,JONESBORO RD @ BATTLE CREEK RD,33.555138,-84.346662,marta
7657,99972830,JONESBORO RD @ CITIZENS PKWY,33.559422,-84.345525,marta
7658,99972832,OLD DIXIE HWY @ NORTH ST,33.641671,-84.390401,marta
7659,99972833,OLD DIXIE RD @ CHARLES W GRANT PKWY,33.639549,-84.388002,marta
7660,99972834,CHARLES W GRANT PKWY @ INTERNATIONAL PKWY,33.640109,-84.394997,marta
7661,99972835,CHARLES W GRANT PKWY @ OLD DIXIE RD,33.640413,-84.388732,marta
7662,99972836,TARA BLVD @ FAYETTEVILLE RD,33.518588,-84.363412,marta
7663,99972837,OLD DIXIE HWY @ NORTH ST,33.641282,-84.390583,marta
7664,99972839,OLD DIXIE HWY @ BROWN DR,33.637893,-84.390675,marta
7665,99972840,OLD DIXIE HWY @ BROWN DR,33.637587,-84.390767,marta
7666,99972841,OLD DIXIE HWY @ 4453,33.63244,-84.389193,marta
7667,99972842,OLD DIXIE HWY @ 4453,33.632631,-84.389243,marta
7668,99972843,OLD DIXIE HWY @ 3961,33.647047,-84.391243,marta
7669,99972844,OLD DIXIE HWY @ 3961,33.646752,-84.391085,marta
7670,99972845,TARA BLVD @ FLINT RIVER RD,33.516622,-84.363545,marta
7671,99972846,TARA BLVD @ SMITH ST,33.523803,-84.363133,marta
7672,99972847,SR 85 @ 5324,33.609328,-84.40332,marta
7673,99972848,SR 85 @ 5324,33.609462,-84.402994,marta
7674,99972849,BOULDERCREST RD @ JONES RD,33.617566,-84.285474,marta
7675,99972850,FOREST PKWY @ WEST ST,33.621778,-84.369742,marta
7676,99972851,FOREST PKWY @ WEST ST,33.621615,-84.370113,marta
7677,99972852,W MARIETTA ST NW @ JOSEPH E LOWERY BLVD NW,33.783371,-84.417833,marta
7678,99972853,TARA BLVD @ DEPUTY RICK DALY MEMORIAL BLVD,33.506622,-84.354412,marta
7679,99972854,TARA BLVD @ DIXON RD,33.527995,-84.363405,marta
7680,99972855,TARA BLVD @ ROBERT E LEE PKWY,33.52098,-84.363693,marta
7681,99972856,TARA BLVD @ SR 54,33.51323,-84.36099,marta
7682,99972857,TARA BLVD @ SR 54,33.513746,-84.360924,marta
7683,99972858,TARA BLVD @ DIXON ST,33.528842,-84.363118,marta
7684,99972859,JONESBORO RD @ SR 138,33.537878,-84.351145,marta
7685,99972860,JONESBORO RD @ RAYMOND ST,33.542187,-84.350085,marta
7686,99972861,JONESBORO RD @ DUNCAN RD,33.541507,-84.350435,marta
7687,99972862,JONESBORO RD @ W MIMOSA DR,33.531273,-84.354122,marta
7688,99972863,JONESBORO RD @ W MIMOSA DR,33.531768,-84.353815,marta
7689,99972868,JONESBORO RD @ MT ZION RD,33.570022,-84.342717,marta
7690,99972869,SR 85 @ ROUNTREE RD,33.553918,-84.414249,marta
7691,99972870,SR 85 @ CHURCH ST,33.554348,-84.414488,marta
7692,99972871,VALLEY HILL RD SW @ LAMAR HUTCHESON PKWY,33.570524,-84.404821,marta
7693,99972872,VALLEY HILL RD SW @ CAMP ST,33.572321,-84.408467,marta
7694,99972873,VALLEY HILL RD SW @ DELTA DR,33.572179,-84.407723,marta
7695,99972874,VALLEY HILL RD SW @ SR 85,33.572471,-84.412036,marta
7696,99972875,MAIN ST @ SR 85,33.572712,-84.413012,marta
7697,99972876,MAIN ST @ WEST ST,33.572756,-84.414563,marta
7698,99972877,CHURCH ST @ HOWARD ST,33.575307,-84.41449,marta
7699,99972878,CHURCH ST @ HOWARD ST,33.575415,-84.414566,marta
7700,99972879,CHURCH ST @ KING RD,33.578807,-84.415525,marta
7701,99972881,OLD DIXIE RD @ FOREST PKWY,33.621103,-84.383278,marta
7702,99972882,OLD DIXIE HWY @ LAKE MIRROR RD,33.627435,-84.385902,marta
7703,99972883,OLD DIXIE HWY @ LAKE MIRROR RD,33.627188,-84.385655,marta
7704,99972885,OLD DIXIE HWY @ OLD DIXIE RD,33.62446,-84.384613,marta
7705,99972886,OLD DIXIE RD @ OLD DIXIE HWY,33.623223,-84.384178,marta
7706,99972893,S CENTRAL AVE @ VIRGINIA AVE,33.661468,-84.414278,marta
7707,99972894,S CENTRAL AVE @ DOGWOOD DR,33.659548,-84.411023,marta
7708,99972895,PORSCHE AVE @ TRADEPORT BLVD,33.650872,-84.393606,marta
7709,99972896,S CENTRAL AVE @ DOGWOOD DR,33.659821,-84.411144,marta
7710,99972897,S CENTRAL AVE @ VIRGINIA AVE,33.661318,-84.41376,marta
7711,99972905,TARA BLVD @ WALMART WAY,33.445196,-84.323815,marta
7712,99972906,TALMADGE RD @ WILLARDS WAY,33.433296,-84.317487,marta
7713,99972907,TALMADGE RD @ TARA BLVD,33.432372,-84.320177,marta
7714,99972908,LOVEJOY RD @ REGISTRY BLVD,33.441103,-84.323718,marta
7715,99972909,LOVEJOY RD @ DLYNN CT,33.441175,-84.326327,marta
7716,99972913,JONESBORO RD @ WESTWOOD WAY,33.595248,-84.337353,marta
7717,99972914,JONESBORO RD @ REYNOLDS RD,33.588829,-84.338094,marta
7718,99972915,JONESBORO RD @ MORROW RD,33.584377,-84.339258,marta
7719,99972916,JONESBORO RD @ JOHN ROBERT DR,33.58092,-84.340153,marta
7720,99972917,JONESBORO RD @ MT ZION RD,33.570467,-84.343045,marta
7721,99972918,JONESBORO RD @ SOUTHERN RD,33.564477,-84.344182,marta
7722,99972919,JONESBORO RD @ JOHN ROBERT DR,33.580272,-84.340087,marta
7723,99972920,JONESBORO RD @ LAKE HARBIN RD,33.58391,-84.339103,marta
7724,99972921,JONESBORO RD @ REYNOLDS RD,33.58817,-84.337983,marta
7725,99972922,JONESBORO RD @ CLAYTON STATE BLVD,33.595203,-84.337055,marta
7726,99972924,FOREST PKWY @ MAPLE DR,33.618192,-84.35863,marta
7727,99972925,JONESBORO RD @ METCALF RD,33.616111,-84.349641,marta
7728,99972926,JONESBORO RD @ MAIN ST,33.618698,-84.35064,marta
7729,99972927,MAIN ST @ JONESBORO RD,33.618689,-84.352257,marta
7730,99972928,MAIN ST @ PHILLIPS DR,33.619189,-84.355838,marta
7731,99972929,MAIN ST @ COLLEGE ST,33.620038,-84.360657,marta
7732,99972933,FOREST PKWY @ NORTH PKWY,33.610554,-84.330822,marta
7733,99972934,FOREST PKWY @ RATTERREE DR,33.610554,-84.336151,marta
7734,99972935,FOREST PKWY @ N LAKE DR,33.61237,-84.341859,marta
7735,99972937,FOREST PKWY @ 1372,33.613202,-84.34493,marta
7736,99972938,FOREST PKWY @ 103,33.618765,-84.387625,marta
7737,99972939,FOREST PKWY @ 103,33.619033,-84.387506,marta
7738,99972940,JONESBORO RD @ FOREST PKWY,33.613353,-84.349112,marta
7739,99972941,JONESBORO RD @ KENYON RD,33.606875,-84.343297,marta
7740,99972943,JONESBORO RD @ HARPER DR,33.598409,-84.338409,marta
7741,99972944,JONESBORO RD @ LAKELAND CIR,33.60136,-84.339595,marta
7742,99972945,JONESBORO RD @ KENYON RD,33.607358,-84.343573,marta
7743,99972946,POWERS FERRY RD NW @ NEW NORTHSIDE DR NW,33.905648,-84.429453,marta
7744,99972947,MT VERNON HWY NE @ ROSWELL RD NE,33.92404,-84.3793,marta
7745,99972948,MT VERNON HWY NE @ BLUE STONE RD,33.923662,-84.381976,marta
7746,99972949,MT VERNON HWY NW @ HAMMOND DR NW,33.919415,-84.391056,marta
7747,99972951,MT VERNON HWY NE @ VERNON WOODS DR NE,33.925428,-84.369894,marta
7748,99972952,MT VERNON HWY NE @ GLENRIDGE DR NE,33.926691,-84.367008,marta
7749,99972953,MT VERNON HWY NE @ BARFIELD RD NE,33.929136,-84.359948,marta
7750,99972954,MT VERNON HWY NE @ CRESTLINE PKWY NE,33.930354,-84.356299,marta
7751,99972955,MT VERNON HWY NE @ CRESTLINE PKWY NE,33.930453,-84.356539,marta
7752,99972956,MT VERNON HWY NE @ BARFIELD RD NE,33.928894,-84.361027,marta
7753,99972957,MT VERNON HWY NE @ GLENRIDGE DR NE,33.926521,-84.367509,marta
7754,99972958,MT VERNON HWY NE @ VERNON WOODS DR NE,33.925446,-84.370068,marta
7755,99972960,LLOYD RD @ FLAT SHOALS RD,33.705886,-84.28551,marta
7756,99972961,FLAT SHOALS RD @ LLOYD RD,33.705807,-84.285274,marta
7757,99972962,LLOYD RD @ WILLIAMSBURG DR,33.707392,-84.285436,marta
7758,99972963,LLOYD RD @ CORNER STONE TRL,33.708153,-84.285479,marta
7759,99972964,LLOYD RD @ CAVALIER DR,33.70954,-84.284946,marta
7760,99972965,LLOYD RD @ CAVALIER DR,33.709925,-84.284957,marta
7761,99972967,MT VERNON HWY NE @ BLUE STONE RD NE,33.923821,-84.381499,marta
7762,99972968,LOVEJOY RD @ S GROVE DR,33.441336,-84.331167,marta
7763,99972969,CLAYTON COUNTY LIBRARY SYSTEM HQ,33.554342,-84.363852,marta
7764,99972970,FLAT SHOALS RD @ NORMA CIR,33.705927,-84.295628,marta
7765,99972971,STONE RD SW @ N CAMP CREEK PKWY SW,33.67255,-84.500602,marta
7766,99972972,COUNTY LINE RD SW @ NOTTING HILL DR SW,33.694175,-84.534195,marta
7767,99972975,FLAT SHOALS RD @ MALLORY RD,33.586667,-84.525089,marta
7768,99972978,FLINTSTONE DR @ HUGH HOWELL RD,33.849006,-84.194479,marta
7769,99972981,OLD DIXIE RD @ FOREST PKWY,33.618656,-84.383386,marta
7770,99972982,OLD DIXIE RD @ BARNETT RD,33.615517,-84.383271,marta
7771,99972983,OLD DIXIE RD @ AGNEW DR,33.611247,-84.382259,marta
7772,99972984,OLD DIXIE RD @ PENNEY RD,33.607371,-84.381138,marta
7773,99972985,OLD DIXIE RD @ BRECKEN RIDGE,33.603522,-84.380029,marta
7774,99972986,OLD DIXIE RD @ SOUTHPARK DR,33.600219,-84.379137,marta
7775,99972987,OLD DIXIE RD @ JOHNSON RD,33.59782,-84.37843,marta
7776,99972988,OLD DIXIE RD @ SYLVIA DR,33.595546,-84.377745,marta
7777,99972989,OLD DIXIE RD @ MORROW RD,33.591043,-84.377037,marta
7778,99972990,OLD DIXIE RD @ OLD DIXIE WAY,33.587694,-84.378043,marta
7779,99972991,OLD DIXIE RD @ UPPER RIVERDALE RD,33.582753,-84.37663,marta
7780,99972992,OLD DIXIE RD @ HOLIDAY BLVD,33.579817,-84.374296,marta
7781,99972993,TARA BLVD @ ARROWHEAD BLVD,33.576407,-84.372634,marta
7782,99972994,TARA BLVD @ PARKWOOD WAY,33.573488,-84.371971,marta
7783,99972995,TARA BLVD @ FLINT TRL,33.570525,-84.372077,marta
7784,99972996,TARA BLVD @ ALDERWOODS DR,33.567758,-84.371772,marta
7785,99972997,TARA BLVD @ SUMMERWIND DR,33.56424,-84.371379,marta
7786,99972998,TARA BLVD @ VILLAGE LN,33.561965,-84.371454,marta
7787,99972999,TARA BLVD @ CAMELOT PKWY,33.559476,-84.371355,marta
7788,99973001,TARA BLVD @ BATTLE CREEK RD,33.556289,-84.370558,marta
7789,99973003,TARA BLVD @ PATTON RD,33.559808,-84.371062,marta
7790,99973004,TARA BLVD @ VILLAGE LN,33.562154,-84.371118,marta
7791,99973005,TARA BLVD @ SHERWOOD DR,33.564795,-84.371054,marta
7792,99973006,TARA BLVD @ SOUTHSIDE COMMERCIAL PKWY,33.568439,-84.371534,marta
7793,99973008,TARA BLVD @ FLINT TRL,33.571774,-84.371646,marta
7794,99973009,OLD DIXIE RD @ HOLIDAY BLVD,33.579853,-84.374209,marta
7795,99973010,OLD DIXIE RD @ UPPER RIVERDALE RD,33.582483,-84.376229,marta
7796,99973011,OLD DIXIE RD @ OLD DIXIE WAY,33.587793,-84.377913,marta
7797,99973012,OLD DIXIE RD @ MORROW RD,33.59179,-84.376772,marta
7798,99973013,OLD DIXIE RD @ SYLVIA DR,33.595262,-84.377518,marta
7799,99973014,OLD DIXIE RD @ JOHNSON RD,33.598044,-84.378365,marta
7800,99973015,OLD DIXIE RD @ WINDSOR DR,33.600013,-84.378941,marta
7801,99973016,OLD DIXIE RD @ BRECKEN RIDGE,33.604122,-84.380105,marta
7802,99973017,OLD DIXIE RD @ PINERIDGE DR,33.606638,-84.380793,marta
7803,99973018,OLD DIXIE RD @ AGNEW DR,33.61131,-84.382172,marta
7804,99973019,OLD DIXIE RD @ 1ST ST,33.615284,-84.38313,marta
7805,99973020,OLD DIXIE RD @ 5020,33.618489,-84.383252,marta
7806,99973021,JONESBORO RD SE @ HARPER RD SE,33.696541,-84.369633,marta
7807,99973022,SR 42 @ ROCK CUT RD,33.644116,-84.325398,marta
7808,99973023,CONLEY RD @ BOLING DR,33.642028,-84.351603,marta
7809,99973024,CONLEY RD @ MURRAY LAKE CIR,33.642683,-84.348684,marta
7810,99973025,CONLEY RD @ ELIZABETH PARK CT,33.644429,-84.344905,marta
7811,99973026,CONLEY RD @ CONLEY DR,33.645056,-84.341084,marta
7812,99973027,CONLEY RD @ KEYSTONE PL,33.646193,-84.337784,marta
7813,99973028,CONLEY RD @ 1625,33.647465,-84.336297,marta
7814,99973029,CONLEY RD @ MORELAND AVE,33.648208,-84.330239,marta
7815,99973030,SR 42 @ ROCK CUT PL,33.639144,-84.321255,marta
7816,99973031,SR 42 @ 4325,33.636675,-84.31936,marta
7817,99973032,SR 42 @ SLATE RD,33.633768,-84.317223,marta
7818,99973033,SR 42 @ HOOD AVE,33.629372,-84.313718,marta
7819,99973034,SR 42 @ OLD TONEY RD,33.624331,-84.310853,marta
7820,99973035,SR 42 @ HOLLAND PARK DR,33.619665,-84.308859,marta
7821,99973036,SR 42 @ FARN DR,33.615647,-84.306937,marta
7822,99973037,SR 42 @ FOREST PKWY,33.613864,-84.306017,marta
7823,99973039,SR 42 @ 5465,33.605458,-84.301579,marta
7824,99973040,SR 42 @ OLD REX MORROW RD,33.601581,-84.299389,marta
7825,99973041,SR 42 @ AMERSON CT,33.597847,-84.297296,marta
7826,99973042,SR 42 @ REX RD,33.592218,-84.294462,marta
7827,99973043,REX RD @ 2870,33.591553,-84.296897,marta
7828,99973044,REX RD @ 2843,33.59149,-84.298025,marta
7829,99973045,SR 42 @ REX RD,33.592215,-84.294282,marta
7830,99973046,SR 42 @ PARTIN PL,33.597802,-84.297112,marta
7831,99973047,SR 42 @ OLD REX MORROW RD,33.600452,-84.298608,marta
7832,99973048,SR 42 @ 5465,33.605388,-84.301275,marta
7833,99973049,SR 42 @ FOREST PKWY,33.612744,-84.305192,marta
7834,99973050,SR 42 @ BURKSHIRE RD,33.61605,-84.307045,marta
7835,99973051,SR 42 @ HOLLAND PARK DR,33.619873,-84.308836,marta
7836,99973052,SR 42 @ OLD TONEY DR,33.624117,-84.31056,marta
7837,99973053,SR 42 @ ANVIL BLOCK RD,33.629435,-84.313501,marta
7838,99973054,SR 42 @ SLATE RD,33.633167,-84.316355,marta
7839,99973055,SR 42 @ 4322,33.637761,-84.319741,marta
7840,99973056,SR 42 @ ROCK CUT PL,33.639659,-84.321363,marta
7841,99973057,SR 42 @ E CONLEY RD,33.644287,-84.32519,marta
7842,99973058,CONLEY RD @ MORELAND AVE,33.648504,-84.331129,marta
7843,99973059,CONLEY RD @ 1625,33.64782,-84.335996,marta
7844,99973060,CONLEY RD @ CHEROKEE TRL,33.646406,-84.337655,marta
7845,99973061,CONLEY RD @ CAMELIA TRL,33.645298,-84.340064,marta
7846,99973062,MT ZION BLVD @ MADDOX RD,33.570783,-84.310247,marta
7847,99973063,CONLEY RD @ ELIZABETH PARK CT,33.644626,-84.344254,marta
7848,99973064,CONLEY RD @ CHURCH ST,33.642857,-84.348226,marta
7849,99973065,CONLEY RD @ BOLING DR,33.642028,-84.351744,marta
7850,99973066,CONLEY RD @ SWEETBRIAR LN,33.640012,-84.359385,marta
7851,99973067,CONLEY RD @ JONESBORO RD,33.639925,-84.362222,marta
7852,99973068,CONLEY RD @ SIERRA DR,33.639024,-84.368688,marta
7853,99973069,CONLEY RD @ TARA DR,33.638889,-84.370859,marta
7854,99973070,CONLEY RD @ HENDRIX DR,33.63989,-84.373834,marta
7855,99973071,OLD DIXIE RD @ CONLEY RD,33.641126,-84.38786,marta
7856,99973072,CROWN RD SE @ 3900,33.650713,-84.392653,marta
7857,99973076,CROWN RD SE @ 3900,33.649641,-84.392006,marta
7858,99973077,CONLEY RD @ OLD DIXIE RD,33.640317,-84.386771,marta
7859,99973078,CHURCH ST @ STEEPLECHASE LN,33.583478,-84.419294,marta
7860,99973079,CHURCH ST @ STEEPLECHASE LN,33.582866,-84.418815,marta
7861,99973080,CHURCH ST @ MCELROY DR,33.555896,-84.415401,marta
7862,99973081,CHURCH ST @ MCELROY DR,33.555726,-84.415346,marta
7863,99973082,CONLEY RD @ HENDRIX DR,33.639725,-84.37362,marta
7864,99973083,CONLEY RD @ TARA DR,33.638969,-84.371402,marta
7865,99973084,CONLEY RD @ SIERRA DR,33.639051,-84.368373,marta
7866,99973085,CONLEY RD @ JONESBORO RD,33.639844,-84.36165,marta
7867,99973086,CONLEY RD @ SWEETBRIAR LN,33.640057,-84.358995,marta
7868,99973087,CONLEY RD @ SCOTT DR,33.640684,-84.355814,marta
7869,99973088,CONLEY RD @ THURMAN RD,33.640793,-84.354127,marta
7870,99973089,MT ZION RD @ PARK PL,33.571302,-84.346069,marta
7871,99973090,MT ZION RD @ JONESBORO RD,33.571321,-84.341221,marta
7872,99973091,MT ZION RD @ SOUTHLAKE PKWY,33.571393,-84.338813,marta
7873,99973092,MT ZION RD @ CORPORATE CENTER DR,33.570086,-84.332663,marta
7874,99973093,SHANNON PKWY @ PORTSMOUTH DR,33.581556,-84.540139,marta
7875,99973094,MT ZION RD @ PAVILION TRC,33.567696,-84.329214,marta
7876,99973095,HAYNES BRIDGE RD @ CAMPION PATH,34.073572,-84.291662,marta
7877,99973096,MT ZION RD @ MT ZION CIR,33.564992,-84.326514,marta
7878,99973097,MT ZION RD @ 1987,33.563542,-84.325136,marta
7879,99973098,MT ZION PKWY @ MT ZION BLVD,33.562199,-84.320733,marta
7880,99973099,MT ZION PKWY @ 2201,33.561554,-84.317621,marta
7881,99973101,MT ZION BLVD @ RICHARDSON PKWY,33.568738,-84.314746,marta
7882,99973102,MT ZION BLVD @ REX RD,33.592548,-84.302111,marta
7883,99973103,MT ZION BLVD @ SHELLEY LN,33.587355,-84.302138,marta
7884,99973104,MT ZION BLVD @ SOMERTON DR,33.584866,-84.302432,marta
7885,99973105,MT ZION BLVD @ LAKE HARBIN RD,33.582413,-84.303279,marta
7886,99973106,MT ZION BLVD @ W MEYER DR,33.579844,-84.303583,marta
7887,99973107,MT ZION BLVD @ SANDLEWOOD DR,33.577059,-84.303215,marta
7888,99973108,MT ZION BLVD @ BAYWOOD CT,33.573555,-84.305606,marta
7889,99973110,MT ZION BLVD @ MADDOX RD,33.571331,-84.309528,marta
7890,99973111,MT ZION BLVD @ RICHARDSON PKWY,33.568831,-84.314818,marta
7891,99973113,MT ZION BLVD @ BAYWOOD CIR,33.572968,-84.306416,marta
7892,99973114,MT ZION BLVD @ VESTA BROOK LN,33.574973,-84.303649,marta
7893,99973115,MT ZION BLVD @ MILL LAKE WAY,33.576952,-84.303085,marta
7894,99973116,MT ZION BLVD @ E MEYER DR,33.578877,-84.303507,marta
7895,99973117,MT ZION BLVD @ LAKE HARBIN RD,33.582082,-84.303289,marta
7896,99973118,MT ZION BLVD @ SOMERTON DR,33.584687,-84.302399,marta
7897,99973119,MT ZION BLVD @ SHELLEY LN,33.586862,-84.302073,marta
7898,99973120,MT ZION BLVD @ REX RD,33.593112,-84.301898,marta
7899,99973121,BOULDERCREST @ 3220,33.663964,-84.306497,marta
7900,99973122,BOULDERCREST RD @ FLOWERWOOD TRL,33.670749,-84.308065,marta
7901,99973123,BOULDERCREST RD @ OLD RIVER RD,33.67446,-84.308403,marta
7902,99973124,BOULDERCREST RD @ POWHATTAN RD,33.677015,-84.307542,marta
7903,99973125,BOULDERCREST RD @ SUGAR CREEK COVE,33.679056,-84.307694,marta
7904,99973126,BOULDERCREST RD @ SUGAR CREEK GOLF DR,33.681509,-84.308638,marta
7905,99973127,BOULDERCREST RD @ SUGAR CREEK GOLF DR,33.682174,-84.309071,marta
7906,99973128,BOULDERCREST RD @ SUGAR CREEK COVE,33.678671,-84.307726,marta
7907,99973129,BOULDERCREST RD @ BOULDER RIDGE PKWY,33.676827,-84.30777,marta
7908,99973130,BOULDERCREST RD @ BOULDER HILLS DR,33.673927,-84.308737,marta
7909,99973131,BOULDERCREST RD @ FLOWERWOOD TRL,33.670614,-84.308206,marta
7910,99973132,BOULDERCREST @ 3220,33.663578,-84.30659,marta
7911,99973133,BOULDERCREST RD @ CLARK ST,33.660847,-84.303137,marta
7912,99973134,MT ZION PKWY @ 2256,33.561524,-84.316725,marta
7913,99973135,MT ZION PKWY @ MT ZION BLVD,33.562037,-84.319497,marta
7914,99973136,MT ZION RD @ 2042,33.562557,-84.323564,marta
7915,99973137,MT ZION RD @ MT ZION CIR,33.565341,-84.326459,marta
7916,99973138,MT ZION RD @ PAVILION TRC,33.567374,-84.328401,marta
7917,99973139,MT ZION RD @ CORPORATE CENTER DR,33.570541,-84.333241,marta
7918,99973140,MT ZION RD @ SOUTHLAKE PKWY,33.571491,-84.339236,marta
7919,99973141,MT ZION RD @ JONESBORO RD,33.571392,-84.344073,marta
7920,99973142,MT ZION RD @ MERCHANTS WAY,33.571436,-84.34711,marta
7921,99973143,ATLANTA AVE SE @ BOULEVARD SE,33.730109,-84.368685,marta
7922,99973144,ATLANTA AVE SE @ BOULEVARD SE,33.730216,-84.369032,marta
7923,99973145,ATLANTA AVE SE @ MARION AVE SE,33.730361,-84.365479,marta
7924,99973146,ATLANTA AVE SE @ MARION AVE SE,33.730433,-84.365544,marta
7925,99973147,EASTLAND RD SE @ YOUNG ST SE,33.718722,-84.334971,marta
7926,99973148,EASTLAND RD SE @ BOULDERCREST RD SE,33.718722,-84.330852,marta
7927,99973149,EASTLAND RD SE @ LAKE DR SE,33.718598,-84.331567,marta
7928,99973150,HENRY THOMAS DR SE @ THOMASVILLE BLVD SE,33.703698,-84.355752,marta
7929,99973151,KIPLING ST SE @ HENRY THOMAS DR SE,33.702866,-84.352558,marta
7930,99973152,ISA DR SE @ KIPLING ST SE,33.7007,-84.350645,marta
7931,99973153,STONEWALL DR SE @ OHARA PL SE,33.691595,-84.356812,marta
7932,99973154,VALLEY VIEW RD SE @ LEILA LN SE,33.690709,-84.355128,marta
7933,99973155,VALLEY VIEW RD SE @ REGIS RD SE,33.69122,-84.350892,marta
7934,99973156,SR 138 @ DEVONSHIRE DR,33.537162,-84.377597,marta
7935,99973157,MORELAND AVE SE @ WOODSTOCK RD SE,33.690075,-84.349229,marta
7936,99973158,MORELAND AVE SE @ CONSTITUTION RD SE,33.693852,-84.349618,marta
7937,99973159,W BROAD ST @ SENOIA RD,33.563039,-84.584636,marta
7938,99973160,FOREST PKWY @ BLALOCK INDUSTRIAL BLVD,33.616024,-84.404975,marta
7939,99973161,FOREST PKWY @ BLALOCK INDUSTRIAL BLVD,33.616045,-84.405724,marta
7940,99973162,POWERS FERRY RD NW @ MT VERNON HWY NW,33.909725,-84.412651,marta
7941,99973163,MT VERNON HWY NW @ POWERS FERRY RD NW,33.908973,-84.412116,marta
7942,99973164,LINECREST RD @ CATALPA WAY,33.652268,-84.239158,marta
7943,99973168,MT VERNON HWY NW @ GLEN ERROL RD NW,33.911323,-84.404995,marta
7944,99973173,ANVIL BLOCK RD @ S PARK BLVD,33.633564,-84.294078,marta
7945,99973174,PANOLA RD @ 1737,33.740117,-84.168422,marta
7946,99973175,PANOLA RD @ 1737,33.739929,-84.168444,marta
7947,99973176,HARLAN RD SW @ EMERALD CT SW,33.751878,-84.482234,marta
7948,99973178,SR 138 @ RIVERVIEW PL,33.537618,-84.378096,marta
7949,99973179,CONLEY RD @ GILBERT RD,33.640882,-84.378047,marta
7950,99973180,CONLEY RD @ GILBERT RD,33.640837,-84.378524,marta
7951,99973181,TARA BLVD @ EDGEMOOR LN,33.577051,-84.37258,marta
7952,99973182,JONESBORO RD SE @ SAWTELL AVE SE,33.70498,-84.378469,marta
7953,99973183,JONESBORO RD SE @ CLAIRE DR SE,33.705077,-84.378688,marta
7954,99973184,OLD DIXE HWY @ 4099,33.644557,-84.390517,marta
7955,99973185,MEADOWLANE DR SW @ 2160,33.69677,-84.497354,marta
7956,99973186,OLD DIXE HWY @ 4099,33.644452,-84.390577,marta
7957,99973188,MEMORIAL DR @ 5582,33.80104,-84.209342,marta
7958,99973191,GRESHAM RD SE @ FLAT SHOALS RD SE,33.719169,-84.310293,marta
7959,99973193,PEACHTREE ST SW @ BROTHERTON TRANSPORTATION MALL,33.747644,-84.395891,marta
7960,99973194,PEACHTREE ST SW @ TRINITY AVE SW,33.749527,-84.393975,marta
7961,99973199,PANTHERSVILLE RD @ JAGUAR DR,33.667644,-84.279744,marta
7962,99973200,TARRAGON WAY SW @ ALEX WAY SW,33.74994,-84.520647,marta
7963,99973201,TARRAGON WAY SW @ 454,33.75085,-84.516953,marta
7964,99973202,FAIRLANE DR NW @ 3565,33.766803,-84.504303,marta
7965,99973205,BAILEY ST SE @ WOODSTOCK RD SE,33.687909,-84.347143,marta
7966,99973206,BAILEY ST SE @ FAYETTEVILLE RD SE,33.687909,-84.347013,marta
7967,99973207,CHUPP RD @ LITHONIA INDUSTRIAL BLVD,33.706626,-84.129696,marta
7968,99973208,RIVERDALE RD @ 6045,33.590329,-84.426983,marta
7969,99973209,MAYNARD H JACKSON JR BLVD @ S LOOP RD,33.640933,-84.4054,marta
7970,99973211,LAKE MIRROR RD @ LAKE MIRROR PL,33.627455,-84.394878,marta
7971,99973212,ESTES DR @ NW BROAD ST,33.571791,-84.572253,marta
7972,99973214,CENTRE PKWY @ 1100,33.65326,-84.51363,marta
7973,99973215,PANOLA RD @ ROCKMOOR DR,33.751776,-84.165376,marta
7974,99973217,PANOLA RD @ 1305,33.754632,-84.16549,marta
7975,99973218,FAIRINGTON PKWY @ NORFAIR LOOP,33.697794,-84.155633,marta
7976,99973219,MEMORIAL DR @ 5615,33.800771,-84.208972,marta
7977,99973220,LOVEJOY RD @ S GLEN ST,33.441434,-84.334372,marta
7978,99973221,BRAVES DR @ FALCON DR,33.625173,-84.395868,marta
7979,99973222,BOULDERCREST RD @ NORTHRIDGE TRL,33.637261,-84.283008,marta
7980,99973223,SYLVAN RD @ POPLAR ST,33.675233,-84.418894,marta
7981,99973224,S HAIRSTON RD @ 592,33.780633,-84.193233,marta
7982,99973225,S HAIRSTON RD @ 615,33.780401,-84.193462,marta
7983,99973226,TARA BLVD @ 8425,33.524193,-84.36357,marta
7984,99973229,FOREST PKWY @ 1193,33.614856,-84.350488,marta
7985,99973230,N AVONDALE RD @ N CLARENDON AVE,33.776299,-84.267154,marta
7986,99973231,GLENDALE DR @ GREEN FORREST DR,33.721633,-84.263424,marta
7987,99973232,GLENDALE DR @ 2255,33.723208,-84.263466,marta
7988,99973233,GLENDALE DR @ GLENDALE CT,33.724569,-84.263498,marta
7989,99973234,GLENDALE DR @ 2153,33.72661,-84.263409,marta
7990,99973235,GLENDALE DR @ 2095,33.728517,-84.263418,marta
7991,99973236,BOULDERCREST RD @ PALISADE POINT DR,33.645978,-84.281715,marta
7992,99973237,BOULDERCREST RD @ IVY TRACE LN,33.645819,-84.281722,marta
7993,99973241,WEST PARK PL @ WESTPARK DR,33.735991,-84.565001,marta
7994,99973242,DEERFIELD PKWY @ AVENSONG XING,34.105305,-84.265933,marta
7995,99973243,DEERFIELD PKWY @ AVENSONG XING,34.105598,-84.265861,marta
7996,99973244,DEERFIELD PKWY @ WHITSHIRE WAY,34.100748,-84.26533,marta
7997,99973245,DEERFIELD PKWY @ N PARK LN,34.100471,-84.264631,marta
7998,99973246,SR 9 @ WEBB RD,34.098568,-84.27126,marta
7999,99973247,SR 9 @ WEBB RD,34.098389,-84.271545,marta
8000,99973248,HAYNES BRIDGE RD @ OLD MILTON PKWY,34.069596,-84.29346,marta
8001,99973249,HAYNES BRIDGE RD @ TIFFANY SQ,34.07375,-84.29129,marta
8002,99973250,OLD MILTON PKWY @ HAYNES BRIDGE RD,34.070921,-84.295185,marta
8003,99973251,CLAIRMONT RD @ 1751,33.803979,-84.310636,marta
8004,99973252,CONSTITUTION RD SE @ 1224,33.68919,-84.341061,marta
8005,99973253,CONSTITUTION RD SE @ 1224,33.688912,-84.341082,marta
8006,99973255,S WESTPARK DR @ 4125,33.734733,-84.562595,marta
8007,99973256,S WESTPARK DR @ GWALTNEY DR,33.734941,-84.557433,marta
8008,99973257,GRESHAM RD SE @ WELLAND AVE SE,33.713431,-84.310566,marta
8009,99973259,CENTRE PKWY @ 1500,33.652179,-84.51328,marta
8010,99973260,GRESHAM RD SE @ WELLAND AVE SE,33.713646,-84.310435,marta
8011,99973261,TURNER RD SE @ ISA DR SE,33.700654,-84.354947,marta
8012,99973262,MCAFEE RD @ GLENDALE DR,33.731524,-84.263557,marta
8013,99973264,CAMP DR @ STONEWALL TELL RD,33.600318,-84.549276,marta
8014,99973265,PARK AVE @ 3725,33.900584,-84.278378,marta
8015,99973266,BUFORD HWY @ 5000,33.887204,-84.287588,marta
8016,99973268,CENTRA VILLA DR @ W CEDAR LN,33.713297,-84.454068,marta
8017,99973269,COMMERCE DR @ CHURCH ST,33.777858,-84.295199,marta
8018,99973270,OLD MILTON PKWY @ GARDNER DR,34.069361,-84.284805,marta
8019,99973271,OLD MILTON PKWY @ PARK ST,34.069809,-84.285066,marta
8020,99973272,BELVEDERE LN @ SAN GABRIEL AVE,33.750128,-84.268782,marta
8021,99973273,BUFORD HWY NE @ 4061,33.861771,-84.307953,marta
8022,99973274,BROWNLEE RD NW @ DELMAR LN NW,33.756499,-84.49967,marta
8023,99973275,NORTHSIDE DR NW @ 10TH ST NW,33.781825,-84.407667,marta
8024,99973276,TARA BLVD @ SILVERSTONE DR,33.491748,-84.342202,marta
8025,99973277,TARA BLVD @ BETTY TALMADGE AVE,33.49251,-84.341996,marta
8026,99973278,TARA BLVD @ AMERICAN LEGION WAY,33.496423,-84.343882,marta
8027,99973279,TARA BLVD @ WINDING WAY LN,33.496109,-84.344089,marta
8028,99973280,NATHAN RD @ 181,33.75236,-84.501737,marta
8029,99973281,BOULDERCREST RD @ NORTHRIDGE TRL,33.636863,-84.283276,marta
8030,99973282,SHANNON PKWY @ SHANNON BLVD,33.57915,-84.540123,marta
8031,99973283,PEYTON PL @ MARTIN L KING JR DR,33.75399,-84.476291,marta
8032,99973284,BROWNLEE RD SW @ BROWNLEE PL,33.754948,-84.500906,marta
8033,99973286,RIVERDALE RD @ 6030,33.591072,-84.427635,marta
8034,99973287,NORTHLAKE PKWY @ LAWRENCEVILLE HWY,33.838531,-84.238333,marta
8035,99973288,NORTHLAKE PKWY @ LAKESIDE PKWY,33.839965,-84.241172,marta
8036,99973289,NORTHLAKE PKWY @ ROBINHILL DR,33.839912,-84.241477,marta
8037,99973290,NORTHLAKE PKWY @ LAWRENCEVILLE HWY,33.838388,-84.238649,marta
8038,99973292,JOSEPH E BOONE BLVD NW @ NEW JERSEY AVE NW,33.763663,-84.456261,marta
8039,99973293,JOSEPH E BOONE BLVD NW @ 2125,33.764503,-84.45748,marta
8040,99973294,JOSEPH E BOONE BLVD NW @  HAMILTON E HOLMES DR NW,33.763657,-84.468666,marta
8041,99973295,JOSEPH E BOONE BLVD NW @ 2150,33.763636,-84.456826,marta
8042,99973303,WESTVIEW PL SW @ MIMS ST SW,33.748872,-84.434614,marta
8043,99973304,MIMS ST SW @ MATHEWSON PL SW,33.749667,-84.436366,marta
8044,99973305,WESTVIEW PL SW @ MIMS ST SW,33.749176,-84.434691,marta
8045,99973306,TATNALL ST @ MARTIN L KING JR DR,33.754507,-84.407248,marta
8046,99973307,TATNALL ST @ WALNUT ST,33.754069,-84.406976,marta
8047,99973308,MITCHELL ST @ NORTHSIDE DR,33.753803,-84.403127,marta
8048,99973310,MONTREAL RD @ MONTREAL CIR S,33.826926,-84.256932,marta
8049,99973314,MAIN ST @ JOHN CALVIN AVE,33.658178,-84.448169,marta
8050,99973316,CENTRE PKWY @ 3000,33.651479,-84.511124,marta
8051,99973317,MAIN ST @ JOHN WESLEY AVE,33.651632,-84.449733,marta
8052,99973318,MAIN ST @ HARVARD AVE,33.653737,-84.449334,marta
8053,99973319,MAIN ST @ 3647,33.65598,-84.449098,marta
8054,99973320,BOULDERCREST RD @ BOULDER SPRING POINT,33.649553,-84.283783,marta
8055,99973321,BOULDERCREST RD @ BOULDER SPRING POINT,33.649284,-84.283826,marta
8056,99973322,CARRIAGE LN @ OCEAN VALLEY RD,33.59179,-84.481468,marta
8057,99973323,BRANNEN RD @ DIANNE CT,33.715473,-84.32342,marta
8058,99973324,CLARK HOWELL HWY @ OLD CLARK HOWELL HWY,33.62202,-84.408457,marta
8059,99973325,CLARK HOWELL HWY @ AZAR PL,33.626217,-84.409284,marta
8060,99973326,CLARK HOWELL HWY @ CORDELL DR,33.625322,-84.409153,marta
8061,99973327,CLARK HOWELL HWY @ OLD CLARK HOWELL HWY,33.622798,-84.408564,marta
8062,99973328,N DECATUR RD @ CHURCH ST,33.792132,-84.285828,marta
8063,99973329,FAIRINGTON RD @ 5425,33.702726,-84.167895,marta
8064,99973330,GRESHAM RD SE @ FLINTWOOD DR SE,33.709635,-84.308371,marta
8065,99973331,FLAGSTONE DR SE @ FLINTWOOD DR SE,33.710343,-84.315434,marta
8066,99973332,BOULDERVIEW DR SE @ GRESHAM RD SE,33.706646,-84.308263,marta
8067,99973333,CLIFTON SPRINGS RD @ PINE SPRINGS MNR,33.691969,-84.288996,marta
8068,99973334,CLAIRMONT RD NE @ 3018,33.848942,-84.315575,marta
8069,99973335,CLIFTON CHURCH RD SE @ MEADOWVIEW DR SE,33.699787,-84.300888,marta
8070,99973336,BOULDERVIEW DR SE @ 1895,33.703961,-84.312642,marta
8071,99973337,ROLLINGWOOD LN SE @ 2679,33.708419,-84.31325,marta
8072,99973338,ROLLINGWOOD LN SE @ 2725,33.70713,-84.31513,marta
8073,99973339,ROLLINGWOOD LN SE @ 2787,33.705626,-84.315728,marta
8074,99973340,EDGEWOOD AVE @ JESSE HILL JR DR,33.754451,-84.380722,marta
8075,99973342,HORSE SHOE DR SE @ WEE KIRK RD SE,33.699798,-84.310014,marta
8076,99973343,GRESHAM RD SE @ FLINTWOOD DR SE,33.709788,-84.308339,marta
8077,99973344,HAYNES BRIDGE RD @ 11405,34.059493,-84.28851,marta
8078,99973345,WINDWARD PKWY @ WESTFIELD DR,34.09033,-84.275426,marta
8079,99973346,E TRINITY PL @ CHURCH ST,33.772769,-84.295058,marta
8080,99973347,FAIRINGTON RD @ 5445,33.703,-84.167249,marta
8081,99973348,JONESBORO RD @ REX RD,33.604022,-84.34072,marta
8082,99973349,JONESBORO RD @ LAKELAND CIR,33.602353,-84.340123,marta
8083,99973350,HENDERSON MILL RD @ LAVISTA RD,33.846249,-84.25563,marta
8084,99973351,MEMORIAL DR @ 4203,33.771232,-84.250064,marta
8085,99973352,DEFOORS FERRY RD @ WARREN CT,33.821757,-84.444107,marta
8086,99973353,DEFOORS FERRY RD @ WARREN CT,33.821962,-84.444281,marta
8087,99973354,JOHNSON FERRY RD @ HAMPTON HALL WAY,33.894248,-84.337639,marta
8088,99973355,JOHNSON FERRY RD NE @ HAMPTON HALL WAY NE,33.894105,-84.337661,marta
8089,99973357,CLIFTON SPRINGS RD @ CLIFTON SPRINGS WAY,33.699089,-84.298727,marta
8090,99973358,CARVER DR @ SEWANEE AVE,33.760046,-84.464996,marta
8091,99973359,VERBENA CIR @ GAS LIGHT LN,33.758209,-84.466406,marta
8092,99973360,VERBENA CIR @ SEWANEE AVE,33.755587,-84.465803,marta
8093,99973361,SEWANEE AVE @ 131,33.757781,-84.465003,marta
8094,99973362,W HOWARD AVE @ ADAIR ST,33.766811,-84.306573,marta
8095,99973363,W HOWARD AVE @ DREXEL AVE,33.766127,-84.308849,marta
8096,99973364,W HOWARD AVE @ PADEN CIR,33.7655,-84.312426,marta
8097,99973365,W HOWARD AVE @ PADEN CIR,33.765361,-84.312222,marta
8098,99973366,E LAKE RD @ PADEN CIR,33.766512,-84.312187,marta
8099,99973367,E LAKE DR @ PADEN CIR,33.766225,-84.311828,marta
8100,99973368,E LAKE RD @ RIDGECREST RD,33.76756,-84.317079,marta
8101,99973369,E LAKE RD @ RIDGECREST RD,33.767542,-84.316873,marta
8102,99973370,E LAKE RD @ 2086,33.769636,-84.319287,marta
8103,99973371,E LAKE RD @ 2085,33.769502,-84.31933,marta
8104,99973373,HOWELL MILL RD NW @ WESLEY DR NW,33.822955,-84.415883,marta
8105,99973375,WILSON MILL RD SW @ WILDWOOD LAKE DR SW,33.744906,-84.517123,marta
8106,99973376,CORNELL BLVD SW @ DARTMOUTH DR SW,33.75905,-84.516517,marta
8107,99973378,LYNHURST DR SW @ LYNWAY LN SW,33.721866,-84.487933,marta
8108,99973379,N MAIN ST @ NORTH AVE,33.52863,-84.354508,marta
8109,99973380,N MAIN ST @ NORTH AVE,33.52923,-84.354363,marta
8110,99973381,N MAIN ST @ SPRING ST,33.525623,-84.354473,marta
8111,99973382,SPRING ST @ N MAIN ST,33.524974,-84.354774,marta
8112,99973384,LEE ST @ SPRING ST,33.523803,-84.356985,marta
8113,99973385,SMITH ST @ LEE ST,33.522587,-84.358822,marta
8114,99973386,SMITH ST @ LEE ST,33.522527,-84.358093,marta
8115,99973387,SMITH ST @ FAYETTEVILLE RD,33.522498,-84.36201,marta
8116,99973388,SMITH ST @ FAYETTEVILLE RD,33.522427,-84.361743,marta
8117,99973390,BOULEVARD NE @ PONCE DE LEON AVE,33.77336,-84.371134,marta
8118,99973391,S FULTON PKWY @ MAJESTIC PL,33.619354,-84.533605,marta
8119,99973392,CHUPP RD @ LITHONIA INDUSTRIAL BLVD,33.706508,-84.129799,marta
8120,99973393,HOLLYWOOD RD @ BURTZ ST,33.80727,-84.471499,marta
8121,99973394,HOLLYWOOD RD @ BURTZ ST,33.807315,-84.471466,marta
8122,99973395,I-85 ACCESS RD SOUTH (N.E. EXPY) @ 3300 (BLDGS 1-4),33.873351,-84.277905,marta
8123,99973396,I-85 ACCESS RD SOUTH (N.E. EXPY) @ 3300 (BLDGS 6-9),33.875373,-84.276183,marta
8124,99973397,MARIETTA ST @ CENTENNIAL OLYMPIC PARK DR,33.757864,-84.393433,marta
8125,99973398,JOSEPH E BOONE BLVD @ 2015,33.763962,-84.452934,marta
8126,99973400,N PEACHTREE RD @ BARCLAY DR,33.933845,-84.294736,marta
8127,99973402,S CANDLER ST @ E COLLEGE AVE,33.770232,-84.29269,marta
8128,99973403,JACKSON ST @ EDGEWOOD AVE,33.75457,-84.374438,marta
8129,99973404,SOUTH DEKALB MALL (MACY'S),33.709571,-84.27319,marta
8130,99973405,SOUTH DEKALB MALL (PICADILLY),33.708219,-84.273137,marta
8131,99973406,COLUMBIA DR @ 2067,33.729172,-84.252202,marta
8132,99973407,N DRUID HILL RD @ MERRY LN NE,33.819374,-84.313495,marta
8133,99973410,OAKLEY RD @ SHANNON BLVD,33.580214,-84.530436,marta
8134,99973411,SHANNON PKWY @ SHANNON BLVD,33.579349,-84.540354,marta
8135,99973412,MACON DR @ CLEVELAND AVE,33.681296,-84.388816,marta
8136,99973413,JONESBORO RD @ OLD JONESBORO RD (W),33.555859,-84.50235,marta
8137,99973414,CENTRA VILLA DR SW @ CAMPBELLTON RD SW,33.707352,-84.455677,marta
8138,99973416,MT VERNON HWY @ HEARDS FERRY RD NW,33.916965,-84.396615,marta
8139,99973417,N ROYAL ATLANTA DR @ COMMERCE PL,33.858431,-84.183796,marta
8140,99973418,N HIGHLAND AVE NE @ PONCE DE LEON AVE NE,33.773411,-84.352594,marta
8141,99973419,CASCADE RD SW @ CASCADE KNOLLS DR SW,33.734525,-84.536477,marta
8142,99973420,CASCADE RD SW @ CASCADE KNOLLS DR SW,33.734524,-84.536759,marta
8143,99973421,CASCADE RD SW @ NEW HOPE RD SW,33.733496,-84.541006,marta
8144,99973422,CASCADE RD SW @ NEW HOPE RD SW,33.733388,-84.541136,marta
8145,99973423,CASCADE RD SW @ MILANO DR SW,33.733162,-84.549905,marta
8146,99973424,CASCADE RD SW @ MILANO DR SW,33.733183,-84.550287,marta
8147,99973425,CASCADE RD SW @ CARLO WOODS DR SW,33.731727,-84.552989,marta
8148,99973426,CASCADE RD SW @ CARLO WOODS DR SW,33.731583,-84.553315,marta
8149,99973427,CASCADE RD SW @ CASCADE HILLS DR SW,33.729103,-84.562686,marta
8150,99973428,CASCADE RD SW @ CASCADE HILLS DR SW,33.729335,-84.563176,marta
8151,99973429,CASCADE RD SW @ WESTPARK DR SW,33.731607,-84.568117,marta
8152,99973430,CASCADE RD SW @ WESTPARK DR SW,33.730813,-84.56693,marta
8153,99973431,FLAT SHOALS AVE @ CLOVERDALE DR,33.731988,-84.337918,marta
8154,99973433,OAKLEY RD @ CREST WAY,33.582022,-84.530392,marta
8155,99973434,NORTHSIDE DR NW @ IVAN ALLEN JR BLVD NW,33.763855,-84.403039,marta
8156,99973435,NORTHSIDE DR NW @ JOSEPH E BOONE BLVD NW,33.763022,-84.402843,marta
8157,99973436,NORTHSIDE DR NW @ 10TH ST NW,33.782028,-84.407361,marta
8158,99973437,NORTHSIDE DR NW @ CAMERON M ALEXANDER BLVD NW,33.768053,-84.404708,marta
8159,99973438,NORTHSIDE DR NW @ CAMERON M ALEXANDER BLVD NW,33.767953,-84.404903,marta
8160,99973439,NORTHSIDE DR @ DONALD L HOLLOWELL PKWY,33.773019,-84.408605,marta
8161,99973441,NORTHSIDE DR NW @ MARIETTA ST NW,33.77548,-84.40754,marta
8162,99973442,NORTHSIDE DR NW @ MARIETTA ST NW,33.77566,-84.4071,marta
8163,99973443,NORTHSIDE DR NW @ 14TH ST NW,33.786488,-84.407369,marta
8164,99973444,NORTHSIDE DR NW @ 14TH ST NW,33.785674,-84.407509,marta
8165,99973445,NORTHSIDE DR NW @ HOKE ST,33.792261,-84.407799,marta
8166,99973446,NORTHSIDE DR SW @ MITCHELL ST SW,33.753767,-84.402736,marta
8167,99973447,W WHITEHALL ST SW @ OAK ST SW,33.740164,-84.412393,marta
8168,99973448,W WHITEHALL ST SW @ RALPH D ABERNATHY BLVD SW,33.738274,-84.412883,marta
8169,99973450,FAIRBURN RD SW @ MARTIN L KING JR DR,33.758676,-84.505611,marta
8170,99973451,FAIRBURN RD SW @ MARTIN L KING JR DR,33.758964,-84.505387,marta
8171,99973452,FAIRBURN RD SW @ KENNER DR SW,33.754968,-84.50557,marta
8172,99973453,FAIRBURN RD SW @ KENNER DR SW,33.755326,-84.50543,marta
8173,99973454,BEECHER ST @ S GORDON ST,33.733651,-84.44757,marta
8174,99973455,BENJAMIN E MAYS DR SW @ FLAMINGO DR SW,33.723058,-84.466538,marta
8175,99973456,BENJAMIN E MAYS DR SW @ WILLIS MILL RD SW,33.725433,-84.470802,marta
8176,99973457,BENJAMIN E MAYS DR SW @ VELTRE CIR SW,33.7278,-84.475263,marta
8177,99973458,BENJAMIN E MAYS DR SW @ BOB WHITE DR SW,33.728894,-84.480383,marta
8178,99973459,BENJAMIN E MAYS DR SW @ MOCKINGBIRD LN SW,33.730136,-84.48231,marta
8179,99973460,BENJAMIN E MAYS DR @ MOCKINGBIRD LN SW,33.730216,-84.482636,marta
8180,99973461,BENJAMIN E MAYS DR SW @ TUCKWANNA DR SW,33.731778,-84.485639,marta
8181,99973462,BENJAMIN E MAYS DR SW @ LYNHURST DR SW,33.733304,-84.489326,marta
8182,99973463,JOSEPH E BOONE BLVD @ 2275,33.763514,-84.461588,marta
8183,99973464,JOSEPH E BOONE BLVD @ 2275,33.76333,-84.4627,marta
8184,99973465,S FULTON PKWY @ MAJESTIC PL,33.619579,-84.533085,marta
8185,99973467,CENTER ST @ MENEFEE ST,33.518805,-84.66931,marta
8186,99973468,OAKLEY RD @ SHANNON BLVD,33.579569,-84.530586,marta
8187,99973469,OAKLEY RD @ MALL BLVD,33.574847,-84.530361,marta
8188,99973470,SHANNON PKWY @ RESURRECTION WAY,33.5729,-84.539292,marta
8189,99973473,N COMMERCE DR @ 4200,33.641769,-84.500388,marta
8190,99973474,OAKLEY RD @ 6295,33.584372,-84.531792,marta
8191,99973475,EDGEWOOD AVE @ HILLIARD ST,33.754435,-84.376895,marta
8192,99973476,GRANT ST @ MLK JR DR,33.7474,-84.376564,marta
8193,99973477,N COMMERCE DR @ 4909,33.634268,-84.498865,marta
8194,99973478,CUSTER AVE SE @ KNOB HILL CT SE,33.716624,-84.355246,marta
8195,99973480,MT VERNON HWY @ HEARDS FERRY RD NW,33.916704,-84.396708,marta
8196,99973481,HAYNES BRIDGE RD @ THOMPSON ST,34.071806,-84.293318,marta
8197,99973482,BRIARCLIFF RD NE @ HENDERSON MILL RD,33.848063,-84.255378,marta
8198,99973484,N COMMERCE DR @ 4800,33.637458,-84.4992,marta
8199,99973485,ARTS CENTER WAY @ 15TH ST (ARTS CENTER STN - UPPER ENTRANCE),33.789213,-84.386402,marta
8200,99973486,NORTHSIDE DR @ ETHEL ST,33.784492,-84.407399,marta
8201,99973487,NORTHSIDE DR @ 610,33.771629,-84.406946,marta
8202,99973489,PEACHTREE ST SW @ TRINITY AVE SW,33.749673,-84.394135,marta
8203,99973491,FLAT SHOALS RD @ ABERCORN ST,33.584886,-84.537483,marta
8204,99973493,DELOWE DR SW @ ALISON CT,33.701307,-84.457286,marta
8205,99973494,FAIRBURN RD @ 38,33.757224,-84.505438,marta
8206,99973495,SHANNON PKWY @ RESURRECTION WAY,33.572948,-84.539463,marta
8207,99973499,DEFOORS FERRY RD @ HYDE MANOR DR,33.820395,-84.436064,marta
8208,99973500,DEFOORS FERRY RD @ HYDE MANOR DR,33.820137,-84.435149,marta
8209,99973501,ALPHARETTA PKWY @ DEERFIELD PKWY,34.105573,-84.269596,marta
8210,99973502,ALPHARETTA HWY @ DEERFIELD PKWY,34.105609,-84.26965,marta
8211,99973504,MARTIN L KING JR DR @ HARWELL RD,33.75278,-84.49334,marta
8212,99973505,MARTIN L KING JR DR @ HARWELL RD,33.75246,-84.49315,marta
8213,99973506,POWERS FERRY RD @ RAIDER DR,33.91469,-84.414018,marta
8214,99973507,POWERS FERRY RD @ RAIDER DR,33.915151,-84.414711,marta
8215,99973508,CLARK HOWELL HWY @ LAKE MIRROR RD,33.627954,-84.409796,marta
8216,99973509,CLARK HOWELL HWY @ LAKE MIRROR RD,33.628213,-84.409775,marta
8217,99973510,LAKE MIRROR RD @ NEW TRADE CENTER DR,33.628266,-84.41187,marta
8218,99973511,DOLLAR MILL RD @ BOULDER PARK DR,33.745962,-84.527964,marta
8219,99973512,S ROYAL ATLANTA DR @ 5007,33.855867,-84.183603,marta
8220,99973513,S ROYAL ATLANTA DR @ 5087,33.85563,-84.180012,marta
8221,99973514,N ROYAL ATLANTA DR @ S ROYAL ATLANTA DR,33.857264,-84.177668,marta
8222,99973515,N ROYAL ATLANTA DR @ 5060,33.858181,-84.180214,marta
8223,99973516,N ROYAL ATLANTA DR @ N ROYAL PL,33.858545,-84.185863,marta
8224,99973517,FLINTSTONE DR @ 2146,33.846697,-84.194482,marta
8225,99973518,GRANITE DR @ PATILLO FIELD,33.845357,-84.196945,marta
8226,99973519,GRANITE DR @ MOUNTAINDUSTRIAL BLVD,33.845326,-84.200678,marta
8227,99973522,LAKE MIRROR RD @ 62,33.627403,-84.389295,marta
8228,99973523,LAKE MIRROR RD @ 62,33.627332,-84.38918,marta
8229,99973524,RN MARTIN ST @ HOLLAND CT,33.674938,-84.438019,marta
8230,99973525,RN MARTIN ST @ HOLCOMB AVE,33.673041,-84.437104,marta
8231,99973526,S MARTIN ST @ BAYARD ST,33.671067,-84.43216,marta
8232,99973527,S MARTIN ST @ 3125,33.670102,-84.430986,marta
8233,99973528,BOBBY BROWN PKWY @ CAMBRIDGE AVE,33.662476,-84.429585,marta
8234,99973529,PERRY J HUDSON PKWY @ RAINEY AVE,33.657678,-84.418645,marta
8235,99973530,N INNER LOOP RD @ UNION AVE,33.65277,-84.409074,marta
8236,99973531,N OUTER LOOP RD @ RAINEY AVE,33.657884,-84.418624,marta
8237,99973532,BOBBY BROWN PKWY @ CAMBRIDGE AVE,33.662252,-84.42952,marta
8238,99973533,NORMAN BERRY DR @ WILLIGHAM DR,33.665852,-84.428309,marta
8239,99973534,S MARTIN ST @ NORMAN BERRY DR,33.669397,-84.428454,marta
8240,99973535,S MARTIN ST @ 3125,33.670021,-84.430551,marta
8241,99973536,S MARTIN ST @ BAYARD ST,33.671309,-84.432258,marta
8242,99973537,RN MARTIN ST @ RANDALL ST,33.672158,-84.433997,marta
8243,99973538,RN MARTIN ST @ HOLCOMB AVE,33.673095,-84.43706,marta
8244,99973539,RN MARTIN ST @ HOLLAND CT,33.67509,-84.437954,marta
8245,99973540,BATTLE CREEK RD @ OLD MORROW RD,33.553163,-84.346606,marta
8246,99973541,BATTLE CREEK RD @ OLD MORROW RD,33.553353,-84.346252,marta
8247,99973542,SOUTHLAKE PKWY @ BATTLE CREEK RD,33.553385,-84.339844,marta
8248,99973543,SOUTHLAKE PKWY @ BATTLE CREEK RD,33.553647,-84.339537,marta
8249,99973544,SOUTHLAKE PKWY @ APRIL LN,33.55651,-84.338727,marta
8250,99973545,SOUTHLAKE PKWY @ MARQUIS WAY,33.555493,-84.338778,marta
8251,99973546,SOUTHLAKE PKWY @ 7188,33.558602,-84.338123,marta
8252,99973547,SOUTHLAKE PKWY @ 7139,33.560071,-84.33803,marta
8253,99973548,GREER CIR @ MOUNTAIN INDUSTRIAL BLVD,33.832033,-84.198925,marta
8254,99973549,GREER CIR @ ROADHAVEN DR,33.832503,-84.203038,marta
8255,99973550,SOUTHLAKE PKWY @ INDIAN LAKE DR,33.563052,-84.337513,marta
8256,99973551,GREER CIR @ 4478,33.832631,-84.205571,marta
8257,99973552,SOUTHLAKE PKWY @ CLARIDGE PARK DR,33.56216,-84.337525,marta
8258,99973553,SARR PKWY @ GREER CIR,33.834307,-84.20828,marta
8259,99973554,SARR PKWY @ 4401,33.834246,-84.21037,marta
8260,99973555,SOUTHLAKE PKWY @ SPRING LAKE DR,33.564607,-84.337163,marta
8261,99973556,SARR PKWY @ IDLEWOOD RD,33.833937,-84.213787,marta
8262,99973557,SOUTHLAKE PKWY @ BARTON RD,33.567518,-84.337587,marta
8263,99973558,IDLEWOOD RD @ IDLEWOOD LN,33.835896,-84.213306,marta
8264,99973559,SOUTHLAKE PKWY @ NOLAN CT,33.567792,-84.33743,marta
8265,99973560,IDLEWOOD RD @ BROWNING CHASE DR,33.837919,-84.213303,marta
8266,99973561,IDLEWOOD RD @ ELMDALE RD,33.840953,-84.213288,marta
8267,99973562,IDLEWOOD RD @ GLYNBROOK DR,33.843083,-84.213241,marta
8268,99973563,IDLEWOOD RD @ 2115,33.845875,-84.213248,marta
8269,99973564,SOUTHLAKE PKWY @ MT ZION RD,33.570638,-84.337928,marta
8270,99973565,IDLEWOOD RD @ LAWRENCEVILLE HWY,33.850404,-84.21334,marta
8271,99973566,SOUTHLAKE PKWY @ MT ZION RD,33.569388,-84.337768,marta
8272,99973567,HUGH HOWELL RD @ LAWRENCEVILLE HWY,33.851859,-84.208886,marta
8273,99973568,HUGH HOWELL RD @ COWAN RD,33.850693,-84.20708,marta
8274,99973569,HUGH HOWELL RD @ TUCKER INDUSTRIAL RD,33.849034,-84.203328,marta
8275,99973570,SOUTHLAKE PKWY @ 1533,33.573237,-84.338693,marta
8276,99973571,MT ZION PKWY @ MT ZION RD,33.558572,-84.31388,marta
8277,99973572,SOUTHLAKE PKWY @ 1533,33.573253,-84.338282,marta
8278,99973573,CONVENTION CENTER CONCOURSE @ AIRPORT DR,33.648387,-84.462017,marta
8279,99973574,SOUTHLAKE PKWY @ S LEE ST,33.573499,-84.340982,marta
8280,99973575,MT ZION PKWY @ FIELDSTONE PKWY,33.553065,-84.303959,marta
8281,99973576,SOUTHLAKE PKWY @ S LEE ST,33.573309,-84.340901,marta
8282,99973577,MT ZION PKWY @ FIELDER RD,33.552732,-84.300966,marta
8283,99973578,HARPER DR @ JONESBORO RD,33.599488,-84.337345,marta
8284,99973579,N LAKE DR @ CLAYTON STATE BLVD,33.596496,-84.333894,marta
8285,99973581,MOUNTAIN INDUSTRIAL BLVD @ N ROYAL ATLANTA DR,33.858281,-84.188933,marta
8286,99973583,MT ZION PKWY @ FIELDER RD,33.552687,-84.300424,marta
8287,99973584,MT ZION PKWY @ CARRINGTON PARK,33.553207,-84.303582,marta
8288,99973585,MOUNTAIN INDUSTRIAL BLVD @ HUGH HOWELL RD,33.848244,-84.200967,marta
8289,99973587,MT ZION PKWY @ MT ZION RD,33.558187,-84.313631,marta
8290,99973588,MOUNTAIN INDUSTRIAL BLVD @ TUCKESTONE PKWY,33.856895,-84.197807,marta
8291,99973589,MOUNTAIN INDUSTRIAL BLVD @ GRANITE DR,33.845326,-84.201004,marta
8292,99973590,MOUNTAIN INDUSTRIAL BLVD @ HAMMERMILL RD (N),33.840475,-84.201012,marta
8293,99973592,RIVERDALE RD @ W FAYETTEVILLE RD,33.617944,-84.449581,marta
8294,99973593,MOUNTAIN INDUSTRIAL BLVD @ HUGH HOWELL RD,33.84878,-84.200846,marta
8295,99973594,RIVERDALE RD @ W FAYETTEVILLE RD,33.617667,-84.449288,marta
8296,99973595,MOUNTAIN INDUSTRIAL BLVD @ 2605,33.857221,-84.193278,marta
8297,99973596,CONVENTION CENTER CONCOURSE @ 2020,33.643994,-84.456663,marta
8298,99973597,CONVENTION CENTER CONCOURSE @ 2091,33.643694,-84.456802,marta
8299,99973598,S PARK BLVD @ 4712,33.624668,-84.291198,marta
8300,99973599,S PARK BLVD @ 4712,33.62465,-84.29135,marta
8301,99973600,S PARK BLVD @ 4644,33.627175,-84.292771,marta
8302,99973602,S PARK BLVD @ 4644,33.62704,-84.292966,marta
8303,99973604,S PARK BLVD @ 4500,33.631168,-84.293398,marta
8304,99973606,S PARK BLVD @ 4500,33.630675,-84.293811,marta
8305,99973608,S PARK BLVD @ ANVIL BLOCK RD,33.633549,-84.292714,marta
8306,99973609,S PARK BLVD @ ANVIL BLOCK RD,33.633003,-84.293018,marta
8307,99973617,MCDONOUGH RD @ BEL AIR BLVD,33.450409,-84.31532,marta
8308,99973618,E LOVEJOY RD @ MCDONOUGH RD,33.452269,-84.310917,marta
8309,99973619,E LOVEJOY RD @ BEL AIR BLVD,33.449108,-84.312878,marta
8310,99973620,E LOVEJOY RD @ HASTINGS BRIDGE RD,33.442124,-84.314795,marta
8311,99973621,HASTINGS BRIDGE RD @ GLEBE CT,33.439383,-84.315142,marta
8312,99973622,TALMADGE RD @ LOVEJOY RD,33.435981,-84.314471,marta
8313,99973623,TARA BLVD @ LOVEJOY RD,33.441121,-84.321855,marta
8314,99973624,TARA BLVD @ LOVEJOY RD,33.442411,-84.322007,marta
8315,99973625,TARA  BLVD @ 11360,33.444425,-84.323068,marta
8316,99973626,BENJAMIN E MAYS DR @ ORIOLE DR,33.726898,-84.473381,marta
8317,99973627,BENJAMIN E MAYS DR @ ORIOLE DR,33.726684,-84.472794,marta
8318,99973628,PIEDMONT AVE NE @ MONROE DR,33.795571,-84.370392,marta
8319,99973629,LAWRENCEVILLE HWY @ LYNBURN DR,33.854804,-84.209556,marta
8320,99973630,LAWRENCEVILLE HWY @ HUGH HOWELL RD,33.851959,-84.210431,marta
8321,99973631,KIMBERLY MILL RD @ VALLEY BEND RD,33.57725,-84.488359,marta
8322,99973633,JOSEPH E LOWERY BLVD @ LUCILE AVE SW,33.742445,-84.417692,marta
8323,99973634,JONESBORO RD @ 4161,33.640817,-84.36198,marta
8324,99973635,JONESBORO RD @ 4161,33.64105,-84.361926,marta
8325,99973637,ELDER RD @ REDAN RD,33.763906,-84.228772,marta
8326,99973638,JOSEPH E BOONE BLVD @ SEWANEE AVE,33.763644,-84.464763,marta
8327,99973639,JOSEPH E BOONE BLVD @ SEWANEE AVE,33.76359,-84.465502,marta
8328,99973640,WASHINGTON ST @ CEMETERY ST,33.563381,-84.585826,marta
8329,99973642,DEFOORS FERRY RD @ CORONET WAY,33.820248,-84.449011,marta
8330,99973643,MOUNTAIN INDUSTRIAL BLVD @ HAMMERMILL RD (S),33.836841,-84.200789,marta
8331,99973645,N COMMERCE DR @ 4909,33.634223,-84.499003,marta
8332,99973646,MALDO DR NW @ ARGYLE DR NW,33.800096,-84.482265,marta
8333,99973647,E WASHINGTON AVE @ RN MARTIN ST,33.675619,-84.437498,marta
8334,99973648,E WASHINGTON AVE @ RN MARTIN ST,33.675645,-84.437922,marta
8335,99973649,E WASHINGTON AVE @ HARRIS ST,33.675746,-84.435696,marta
8336,99973650,E WASHINGTON AVE @ HARRIS ST,33.675844,-84.435544,marta
8337,99973651,E WASHINGTON AVE @ RANDALL ST,33.675739,-84.4336,marta
8338,99973652,CALHOUN AVE @ BAYARD ST,33.673386,-84.431511,marta
8339,99973653,CALHOUN AVE @ BAYARD ST,33.673494,-84.43175,marta
8340,99973654,CALHOUN AVE @ NORMAN BERRY DR,33.672612,-84.426526,marta
8341,99973655,HOLCOMB BRIDGE RD @ OLD ALABAMA RD,34.019914,-84.31689,marta
8342,99973656,HOLCOMB BRIDGE RD @ FOUTS RD,34.003383,-84.294153,marta
8343,99973658,SPALDING DR @ 7300,33.966899,-84.261832,marta
8344,99973659,HOLCOMB BRIDGE RD @ BARNWELL RD,33.98577,-84.269902,marta
8345,99973660,HOLCOMB BRIDGE RD @ FOUTS RD,34.003347,-84.292571,marta
8346,99973661,HOLCOMB BRIDGE RD @ OLD ALABAMA RD,34.020084,-84.31701,marta
8347,99973663,N COMMERCE DR @ 4800,33.637185,-84.49942,marta
8348,99973668,MCDONOUGH BLVD SE @ GAULT ST SE,33.713906,-84.372272,marta
8349,99973669,HOLCOMB BRIDGE RD @ MARTINS LANDING DR,34.014828,-84.308633,marta
8350,99973670,HOLCOMB BRIDGE RD @ MARKET BLVD,34.020594,-84.319887,marta
8351,99973671,HOLCOMB BRIDGE RD @ HOLCOMB WOODS PKWY,34.017504,-84.312127,marta
8352,99973672,GLENDALE DR @ MCAFEE RD,33.731327,-84.263341,marta
8353,99973673,HOLCOMB BRIGE RD @ EVES RD,34.005062,-84.297675,marta
8354,99973674,HOLCOMB BRIDGE RD @ CHAMPIONS GREEN PKWY,33.999823,-84.284289,marta
8355,99973675,HOLCOMB BRIDGE RD @ 2720,33.993949,-84.281155,marta
8356,99973676,HOLCOMB BRIDGE RD @ 2701,33.994373,-84.281169,marta
8357,99973677,WASHINGTON RD @ HERSCHEL RD,33.662073,-84.471453,marta
8358,99973679,PEACHTREE ST SW @ MITCHELL ST SW,33.75079,-84.393268,marta
8359,99973680,FLAT SHOALS RD @ 4300 (OPPOSITE),33.58679,-84.527662,marta
8360,99973681,MALL BLVD @ OAKLEY RD,33.57455,-84.531389,marta
8361,99973682,WELCOME ALL RD @ 4365,33.635405,-84.529414,marta
8362,99973683,FLAT SHOALS RD @ 4300,33.586628,-84.528464,marta
8363,99973684,WELCOME ALL RD @ 4365,33.635422,-84.529558,marta
8364,99973685,FLAT SHOALS RD @ MALLORY RDG,33.586695,-84.529985,marta
8365,99973686,FLAT SHOALS RD @ MALLORY RD,33.586619,-84.524753,marta
8366,99973688,FLAT SHOALS RD @ OAKLEY RD,33.586447,-84.531486,marta
8367,99973689,SHANNON PKWY @ LANCASTER LN,33.570761,-84.539411,marta
8368,99973690,BUTTON GWINNETT DR @ 4550,33.904151,-84.240254,marta
8369,99973691,AUSTIN DR @ COREY BLVD,33.743159,-84.23421,marta
8370,99973692,AUSTIN DR @ COREY BLVD,33.743195,-84.23408,marta
8371,99973694,AUSTIN DR @ REDWING CIR,33.750589,-84.233908,marta
8372,99973695,AUSTIN DR @ TOWERS WAY,33.74682,-84.234087,marta
8373,99973696,AUSTIN DR @ AUSTIN MEADOWS DR,33.74708,-84.234021,marta
8374,99973697,AUSTIN DR @ W AUSTIN RD,33.738254,-84.23426,marta
8375,99973698,AUSTIN DR @ GLENWOOD RD,33.737565,-84.234315,marta
8376,99973699,MALL PKWY @ TURNER HILL RD,33.691538,-84.089226,marta
8377,99973700,MALL PKWY @ TURNER HILL RD,33.691641,-84.08782,marta
8378,99973701,MALL PKWY @ 8455,33.694461,-84.083398,marta
8379,99973702,MALL PKWY @ 8424,33.69396,-84.08375,marta
8380,99973704,STONECREST PKWY E @ TURNER HILL RD,33.69714,-84.087282,marta
8381,99973705,STONECREST PKWY @ TURNER HILL RD,33.696984,-84.086989,marta
8382,99973706,LAKEWOOD AVE SE @ 1265,33.719068,-84.382272,marta
8383,99973707,MELDON AVE @ PRYOR RD,33.712123,-84.393339,marta
8384,99973708,MELDON AVE @ TROUP ST,33.711507,-84.390231,marta
8385,99973709,TROUP ST @ MELDON AVE,33.711552,-84.390144,marta
8386,99973710,MOURY AVE SW @ MIDDLETON ST,33.712904,-84.389776,marta
8387,99973711,MOURY AVE @ THIRKELD,33.714407,-84.391407,marta
8388,99973712,RALPH D ABERNATHY BLVD @ COOPER ST,33.736925,-84.396785,marta
8389,99973713,RALPH D ABERNATHY BLVD @ FORMWALT ST,33.736836,-84.395535,marta
8390,99973714,COVINGTON HWY @ SWIFT ST,33.70235,-84.094218,marta
8391,99973715,COVINGTON HWY @ 8034,33.702256,-84.094228,marta
8392,99973716,COVINGTON HWY @ CAGLE ST,33.703239,-84.103893,marta
8393,99973717,COVINGTON HWY @ CAGLE ST,33.703473,-84.104506,marta
8394,99973718,CENTRA VILLA DR @ HONEYSUCKLE LN,33.711309,-84.454717,marta
8395,99973719,LAWRENCEVILLE HWY @ 2712,33.824627,-84.259251,marta
8396,99973720,NORTH AVE @ JETAL PL,33.768442,-84.449049,marta
8397,99973721,BOULDERCREST DR @ PIPER CIR,33.725704,-84.332733,marta
8398,99973723,HUGH HOWELL RD @ 4647,33.848984,-84.198759,marta
8399,99973724,COVINGTON HWY @ LENOX AVE,33.732466,-84.198195,marta
8400,99973727,JOSEPH E LOWERY BLVD @ CUNNINGHAM PL,33.743427,-84.417498,marta
8401,99973728,COVINGTON HWY @ GLENHAVEN CIR,33.733772,-84.211158,marta
8402,99973730,SHANNON PKWY @ LANCASTER LN,33.570364,-84.539278,marta
8403,99973731,COVINGTON HWY @ KLONDIKE RD,33.70382,-84.107804,marta
8404,99973732,COVINGTON HWY @ AMANDA DR,33.704576,-84.110412,marta
8405,99973737,COVINGTON HWY @ REDWING CIR,33.755497,-84.236759,marta
8406,99973738,FAIRBURN RD @ 1075,33.725214,-84.510972,marta
8407,99973740,14TH ST NW @ HOWELL MILL RD NW,33.78585,-84.411349,marta
8408,99973741,STONECREST SQ @ 7846,33.700677,-84.100918,marta
8409,99973748,DERRICK INDUSTRIAL PKWY @  DERRICK INDUSTRIAL DR,33.626026,-84.578584,marta
8410,99973749,FOREST PKWY @ GA-85,33.616205,-84.401785,marta
8411,99973751,FLAT SHOALS RD @ FELDWOOD RD,33.585958,-84.515778,marta
8412,99973753,CENTRE PKWY @ 3000,33.651549,-84.511179,marta
8413,99973759,S FULTON PKWY @ STONEWALL TELL RD,33.618953,-84.560551,marta
8414,99973760,WASHINGTON RD @ ABBEY RD,33.664772,-84.467333,marta
8415,99973761,WASHINGTON RD @ ABBEY RD,33.664753,-84.467253,marta
8416,99973762,PIERCE DR @ PEACHTREE RD,33.890407,-84.302463,marta
8417,99973764,14TH ST NW @ HOWELL MILL RD NW,33.785709,-84.411057,marta
8418,99973765,JOSEPH E LOWERY BLVD NW @ W MARIETTA ST NW,33.782343,-84.417253,marta
8419,99973766,JOSEPH E LOWERY BLVD @ 841,33.779969,-84.417278,marta
8420,99973767,JOSEPH E LOWERY BLVD @ 841,33.779559,-84.417391,marta
8421,99973768,14TH ST @ SPRING ST,33.786562,-84.389402,marta
8422,99973769,SPRING ST @ 12TH ST,33.783713,-84.389292,marta
8423,99973770,FOX ST @ JOSEPH E LOWERY BLVD,33.772213,-84.417281,marta
8424,99973771,FOX ST @ PAINES AVE,33.772231,-84.414033,marta
8425,99973772,NORTHSIDE DR @ TRAVIS ST,33.772842,-84.40895,marta
8426,99973773,HARWELL RD @ DONALD L HOLLOWELL PKWY,33.785279,-84.491534,marta
8427,99973774,HARWELL RD @ SKIPPER DR,33.782504,-84.492857,marta
8428,99973775,LUCKIE ST @ HUNNICUTT ST,33.766544,-84.396083,marta
8429,99973776,LUCKIE ST @ HUNNICUTT ST,33.766705,-84.396159,marta
8430,99973777,LUCKIE ST @ MILLS ST,33.765085,-84.396093,marta
8431,99973778,LUCKIE ST @ IVAN ALLEN JR BLVD,33.764826,-84.396179,marta
8432,99973780,MITCHELL ST @ TED TURNER DR,33.752393,-84.395827,marta
8433,99973781,14TH ST NW @ NORTHSIDE DR NW,33.786175,-84.407521,marta
8434,99973782,W MARIETTA ST @ 800,33.780107,-84.414644,marta
8435,99973783,PERRY BLVD NW @ MOORE ST NW,33.804992,-84.467302,marta
8436,99973784,PERRY BLVD @ MOORE ST,33.804859,-84.467252,marta
8437,99973785,PEYTON RD @ JAMES JACKSON PKWY,33.807982,-84.474949,marta
8438,99973788,PEYTON PL @ PEYTON RD,33.74864,-84.473933,marta
8439,99973789,MOREHOUSE DR @ CROECUS AVE,33.761167,-84.455289,marta
8440,99973790,MOREHOUSE DR @  2007,33.761168,-84.453227,marta
8441,99973791,W MARIETTA ST @ 8TH ST,33.779965,-84.412531,marta
8442,99973792,MARIETTA ST NW @ 8TH ST NW,33.779508,-84.411508,marta
8443,99973793,W MARIETTA ST @ 887,33.782203,-84.416724,marta
8444,99973794,W MARIETTA ST @ 887,33.781715,-84.416523,marta
8445,99973795,MARIETTA BLVD @ HUFF RD,33.789237,-84.428482,marta
8446,99973796,CLOVIS CT @ CROFT PL,33.775157,-84.508444,marta
8447,99973797,BROWNTOWN RD @ REY ST,33.803631,-84.482349,marta
8448,99973798,BROWNTOWN RD @ BOLTON RD,33.804337,-84.48297,marta
8449,99973799,BROWNTOWN RD @ MALDO RD,33.802219,-84.480801,marta
8450,99973800,BROWNTOWN RD @ MALDO RD,33.802031,-84.480714,marta
8451,99973801,BROWNTOWN RD @ JAMES JACKSON PKWY,33.80202,-84.475786,marta
8452,99973802,ARGYLE DR @ CARDO DR,33.799293,-84.480099,marta
8453,99973803,BRIDGEPORT DR @ MARCO DR,33.798768,-84.477705,marta
8454,99973804,MARCO DR @ 1659,33.800447,-84.476478,marta
8455,99973805,COLLIER DR @ LINKWOOD RD,33.762984,-84.484676,marta
8456,99973806,FAIRBURN RD @ COLLIER DR,33.769093,-84.50017,marta
8457,99973807,COLLIER DR @ FAIRBURN RD,33.76892,-84.500199,marta
8458,99973808,COLLIER DR @ FEDORA WAY,33.76867,-84.506732,marta
8459,99973809,COLLIER DR @ CAMROSE WAY,33.768278,-84.505536,marta
8460,99973810,COLLIER DR @ BOLTON RD,33.769482,-84.508615,marta
8461,99973811,FAIRBURN RD @ BOLTON RD,33.778598,-84.500122,marta
8462,99973812,N COMMERCE DR @ WASHINGTON RD,33.632712,-84.493678,marta
8463,99973813,FAIRBURN RD @ FAIRBURN PL,33.771876,-84.500063,marta
8464,99973814,FAIRBURN RD @ 574,33.770846,-84.500203,marta
8465,99973815,W PEACHTREE ST @ 12TH ST,33.784191,-84.387736,marta
8466,99973816,14TH ST @ W PEACHTREE ST,33.786706,-84.38838,marta
8467,99973817,14TH ST @ FOWLER ST,33.786685,-84.393165,marta
8468,99973818,14TH ST NW @ ATLANTIC DR NW,33.786256,-84.397529,marta
8469,99973819,14TH ST @ ATLANTIC DR,33.786137,-84.397808,marta
8470,99973820,14TH ST @ FOWLER ST,33.786497,-84.393361,marta
8471,99973823,ATLANTA S PKWY @ FOREST PKWY,33.617065,-84.413236,marta
8472,99973824,ATLANTA S PKWY @ FOREST PKWY,33.616563,-84.413343,marta
8473,99973825,ATLANTA S PKWY @ 760,33.61459,-84.410992,marta
8474,99973826,ATLANTA S PKWY @ 775,33.614841,-84.411049,marta
8475,99973827,ATLANTA S PKWY @ 650,33.612393,-84.409366,marta
8476,99973828,ATLANTA S PKWY @ 600,33.611788,-84.40866,marta
8477,99973829,ATLANTA S PKWY @ SR 85,33.612484,-84.403218,marta
8478,99973830,ATLANTA S PKWY @ SR 85,33.612594,-84.403598,marta
8479,99973832,MITCHELL ST @ MANGUM ST,33.753787,-84.399148,marta
8480,99973835,CHAPPELL RD @ JOSEPH E BOONE BLVD,33.763876,-84.432657,marta
8481,99973836,CHAPPELL RD @ JOSEPH E BOONE BLVD,33.763652,-84.432928,marta
8482,99973837,CHAPPELL RD @ MAYSON TURNER RD,33.765899,-84.432246,marta
8483,99973838,CHAPPELL RD @ WEST AVE,33.766078,-84.432355,marta
8484,99973839,NORTH AVE @ WOODLAWN AVE,33.767954,-84.43625,marta
8485,99973840,S FULTON PKWY @ MASON RD,33.619832,-84.54587,marta
8486,99973841,S FULTON PKWY @ MASON RD,33.619887,-84.543874,marta
8487,99973842,BOLTON RD @ ADKINS RD,33.772186,-84.507687,marta
8488,99973843,COVINGTON HWY @ WESLEY CHAPEL RD,33.734234,-84.213125,marta
8489,99973844,UPS DISTRIBUTION CENTER,33.788347,-84.504233,marta
8490,99973845,ANVILBLOCK RD @ BOULDERCREST RD,33.630735,-84.283684,marta
8491,99973846,BOAT ROCK BLVD SW @ GREENSBORO DR,33.726029,-84.585031,marta
8492,99973847,ARMOUR DR @ 340,33.812823,-84.376684,marta
8493,99973849,MT VERNON HWY @ LAKE FORREST DR,33.922216,-84.387302,marta
8494,99973850,BROWNTOWN RD @ 2765,33.801439,-84.478506,marta
8495,99973870,LOVEJOY RD @ SUMMER CREEK DR,33.442696,-84.344367,marta
8496,99973871,MCDONOUGH RD @ JAMES MADISON DR,33.448249,-84.33133,marta
8497,99973872,CLAYTON DR NE @ ARMOUR DR NE,33.80698,-84.385611,marta
8498,99973873,PRYOR RD @ UNIVERSITY AVE,33.722972,-84.393294,marta
8499,99973874,N DRUID HILLS RD @ 3146,33.812687,-84.304161,marta
8500,99973875,14TH ST @ BARNES ST,33.78647,-84.394851,marta
8501,99973876,OTTLEY DR @ 255,33.811252,-84.378741,marta
8502,99973879,14TH ST @ BARNES ST,33.786407,-84.394731,marta
8503,99973880,PANTHERSVILLE RD @ RIVER RD,33.67365,-84.277601,marta
8504,99973881,RIVER RD @ RIVER LAKE SHORE,33.674485,-84.283726,marta
8505,99973882,RIVER RD @ DEER SPRING DR,33.67591,-84.29123,marta
8506,99973883,RIVER RD @ 2330,33.675286,-84.296252,marta
8507,99973884,RIVER RD @ TELSTAR DR,33.674025,-84.304459,marta
8508,99973885,RIVER RD @ BOULDERCREST RD,33.675484,-84.307412,marta
8509,99973886,BOULDERCREST RD @ CLARK ST,33.660631,-84.302804,marta
8510,99973887,BOULDERCREST RD @ CEDAR VALLEY LN,33.660533,-84.299576,marta
8511,99973888,BOULDERCREST RD @ CEDAR VALLEY LN,33.66047,-84.299739,marta
8512,99973889,BOULDERCREST RD @ LOVELESS DR,33.659448,-84.293354,marta
8513,99973890,BOULDERCREST RD @ LOVELESS DR,33.659502,-84.293192,marta
8514,99973891,BOULDERCREST RD @ BOULDERCREST PARK RD,33.658794,-84.289728,marta
8515,99973892,BOULDERCREST RD @ BOULDERCREST PARK DR,33.658838,-84.289565,marta
8516,99973893,BOULDERCREST RD @ PANTHERSVILLE RD,33.658372,-84.287307,marta
8517,99973894,ANVILBLOCK RD @ 3199,33.632528,-84.286587,marta
8518,99973895,SMITH ST @ N MAIN ST,33.522595,-84.35582,marta
8519,99973896,BOULEVARD SE @ HAMILTON AVE,33.726618,-84.368465,marta
8520,99973898,BOULEVARD SE @ ATLANTA AVE,33.730091,-84.368293,marta
8521,99973899,JACKSON ST @ HIGHLAND AVE,33.761239,-84.374214,marta
8522,99973901,PARKWAY DR @ HIGHLAND AVE,33.761463,-84.374301,marta
8523,99973902,PARKWAY DR @ RALPH MCGILL BLVD,33.763459,-84.373824,marta
8524,99973903,PARKWAY DR @ RALPH MCGILL BLVD,33.763414,-84.373944,marta
8525,99973904,GLEN IRIS DR @ ANGIER AVE,33.765986,-84.367715,marta
8526,99973905,GLEN IRIS DR @ ANGIER AVE,33.766084,-84.367791,marta
8527,99973906,GLEN IRIS DR @ DALLAS ST,33.767964,-84.367792,marta
8528,99973907,GLEN IRIS DR @ WINTON TER,33.768735,-84.367651,marta
8529,99973909,NORTH AVE @ GLEN IRIS DR,33.771105,-84.367946,marta
8530,99973910,PIEDMONT CIR @ PIEDMONT RD,33.811365,-84.366793,marta
8531,99973911,PIEDMONT AVE @ ROCK SPRINGS,33.805292,-84.367318,marta
8532,99973912,PIEDMONT RD @ N ROCK SPRINGS RD,33.805221,-84.367548,marta
8533,99973914,MICHAEL ST @ ROLLINS WAY,33.795873,-84.324616,marta
8534,99973915,SHALLOWFORD RD @ NEW PEACHTREE RD,33.898098,-84.28363,marta
8535,99973916,SHALLOWFORD RD @ 3548,33.892998,-84.286529,marta
8536,99973917,SHALLOWFORD RD @ BUFORD HWY,33.890564,-84.286084,marta
8537,99973918,BRIARCLIFF RD @ HENDERSON MILL RD,33.849027,-84.257463,marta
8538,99973919,RANCHWOOD DR @ WEEMS RD,33.845423,-84.251125,marta
8539,99973920,BRIARCLIFF RD @ LAVISTA RD,33.846764,-84.2539,marta
8540,99973921,EXECUTIVE PARK DR @ ORTHO LN,33.829623,-84.334781,marta
8541,99973922,EXECUTIVE PARK DR @ 7,33.829828,-84.336519,marta
8542,99973923,EXECUTIVE PARK DR @ 6,33.829774,-84.336541,marta
8543,99973924,CHESHIRE BRIDGE RD @ LAVISTA RD,33.818647,-84.3515,marta
8544,99973925,CHESHIRE BRIDGE RD @ SHERIDAN RD,33.820777,-84.351337,marta
8545,99973926,CHESHIRE BRIDGE RD @ SHERIDAN RD,33.820505,-84.351448,marta
8546,99973927,CHESHIRE BRIDGE RD @ LAVISTA RD,33.817856,-84.351972,marta
8547,99973928,HIGHTOWER RD @ 954,33.781349,-84.474478,marta
8548,99973929,JAMES JACKSON PKWY @ 954,33.781048,-84.476548,marta
8549,99973932,HILLANDALE DR @ PANOLA RD,33.706407,-84.168119,marta
8550,99973933,IVAN ALLEN JR BLVD @ MARIETTA ST,33.764118,-84.397505,marta
8551,99973937,MARIETTA BLVD @ 2210,33.815325,-84.443474,marta
8552,99973938,CAMP CREEK PKWY @ 2900,33.651989,-84.484769,marta
8553,99973939,BUFFINGTON RD @ 6180,33.587508,-84.507272,marta
8554,99973940,BUFFINGTON RD @ 6180,33.587122,-84.507528,marta
8555,99973941,PIEDMONT AVE @ MONROE DR,33.797388,-84.368664,marta
8556,99973942,PIEDMONT AVE @ CHESHIRE BRIDGE RD,33.807314,-84.366398,marta
8557,99973943,PIEDMONT RD @ 2135,33.814804,-84.366462,marta
8558,99973944,TARA BLVD @ COMMERCIAL CT,33.477718,-84.338125,marta
8559,99973945,TARA BLVD @ FLICKER RD,33.469176,-84.336087,marta
8560,99973946,TARA BLVD @ BRIDGEPORT LN,33.461636,-84.331526,marta
8561,99973947,MCDONOUGH RD @ HASTINGS BRIDGE RD,33.448401,-84.320664,marta
8562,99973948,MILLER RD @ 2910,33.704097,-84.182715,marta
8563,99973951,NORTH AVE @ ELMWOOD RD,33.768068,-84.438436,marta
8564,99973952,TARA BLVD @ 11121,33.450574,-84.325815,marta
8565,99973953,FLAT SHOALS RD @ CANDLER RD,33.704997,-84.272291,marta
8566,99973954,FLAT SHOALS RD @ BATTLE FORREST DR,33.7058,-84.289859,marta
8567,99973955,W LAKE AVE @ JOSEPH E BOONE BLVD,33.763116,-84.44106,marta
8568,99973956,JACKSON ST @ JOHN WESLEY DOBBS AVE,33.758813,-84.374321,marta
8569,99973957,PEACHTREE RD @ PEACHTREE BLVD,33.882669,-84.318094,marta
8570,99973958,JACKSON ST @ JOHN WESLEY DOBBS AVE,33.758697,-84.374245,marta
8571,99973959,CENTRE PKWY @ 3201,33.652404,-84.508406,marta
8572,99973960,CENTRE PKWY @ 3201,33.652486,-84.508027,marta
8573,99973961,COVINGTON HWY @ 3408,33.76966,-84.25203,marta
8574,99973962,SR 138 @ 2220,33.550965,-84.46264,marta
8575,99973964,SR 138 @ W FAYETTEVILLE RD,33.550842,-84.448217,marta
8576,99973966,SR 138 @ LAKE RIDGE PKWY,33.550476,-84.42974,marta
8577,99973967,LAMAR HUTCHESON PKWY @ VALLEY HILL RD,33.568244,-84.403549,marta
8578,99973969,SR 138 @ MCELROY DR,33.550268,-84.416002,marta
8579,99973971,SR 138 @ LAKE RIDGE PKWY,33.550663,-84.432052,marta
8580,99973973,SR 138 @ W FAYETTEVILLE RD,33.550984,-84.449358,marta
8581,99973974,JAMES JACKSON PKWY @ BOLTON RD,33.810454,-84.476545,marta
8582,99973975,OLD NATIONAL HWY @ WEST RD,33.55374,-84.466467,marta
8583,99973976,BUFFINGTON RD @ 5355,33.609124,-84.499662,marta
8584,99973977,BUFFINGTON RD @ 5355,33.608642,-84.499673,marta
8585,99973979,N DRUID HILLS RD @ KITTEREDGE PARK RD,33.82696,-84.327049,marta
8586,99973980,COVINGTON HWY @ 5107,33.73264,-84.206235,marta
8587,99973981,COVINGTON HWY @ 5130,33.732768,-84.206052,marta
8588,99973982,REDAN RD @ 5806,33.753159,-84.158132,marta
8589,99973983,REDAN RD @ 5806,33.753305,-84.158179,marta
8590,99973985,CONLEY RD @ CLOUDLAND DR,33.639876,-84.365855,marta
8591,99973986,CONLEY RD @ CLOUDLAND DR,33.639813,-84.365682,marta
8592,99973988,REDAN RD @ 4911,33.759895,-84.191734,marta
8593,99973989,CHUPP RD @ 6698,33.706203,-84.119039,marta
8594,99973990,N SHALLOWFORD RD @ ELLWYN DR,33.911894,-84.298938,marta
8595,99973991,N SHALLOWFORD RD @ ELLWYN DR,33.911357,-84.298339,marta
8596,99973992,PRYOR ST @ RALPH DAVID ABERNATHY BLVD,33.73698,-84.39467,marta
8597,99973993,E PONCE DE LEON AVE @ 5830,33.817076,-84.182716,marta
8598,99973995,E PONCE DE LEON AVE @ RICHARDSON ST,33.815001,-84.179777,marta
8599,99973996,ATLANTA IND PKWY @ 3401,33.793987,-84.495044,marta
8600,99973997,ATLANTA INDUSTRIAL PKWY @ 3400,33.79423,-84.495362,marta
8601,99973998,HARWELL RD @ DONALD L HOLLOWELL PKWY,33.785493,-84.491622,marta
8602,99973999,CHAPPEL RD @ EASON ST,33.75718,-84.433484,marta
8603,99974003,LAWRENCEVILLE HWY @ 2661,33.823807,-84.260845,marta
8604,99974004,ARMOUR DR NE @ PLASTERS AVE NE,33.812043,-84.372031,marta
8605,99974005,MEMORIAL DR @ CHEROKEE AVE,33.746853,-84.37382,marta
8606,99974006,COVINGTON HWY @ DAVIDSON DR,33.705268,-84.11205,marta
8607,99974007,TARRAGON WAY SW @ FENNEL CIR SW,33.752605,-84.516338,marta
8608,99974009,TARRAGON WAY SW @ WILSON MILL RD SW,33.754756,-84.514658,marta
8609,99974010,PERIMETER CENTER E @ 8,33.926267,-84.333437,marta
8610,99974011,JONESBORO RD @ 3565,33.558027,-84.50463,marta
8611,99974012,SOUTH FULTON PKWY @ DERRICK RD,33.624301,-84.583739,marta
8612,99974013,HOSEA WILLIAMS DR @ 2ND AVE,33.751125,-84.310026,marta
8613,99974014,NORTHSIDE DR @ 17TH ST,33.789632,-84.407745,marta
8614,99974015,TARA BLVD @ 6351,33.580842,-84.376116,marta
8615,99974017,MT VERNON HWY @ LAKE FORREST DR,33.92269,-84.386279,marta
8616,99974020,PERRY BLVD NW @ HABERSHAL DR NW,33.791456,-84.442954,marta
8617,99974021,SR 138 @ ALBANIA DR,33.551044,-84.459372,marta
8618,99974022,MALL PKWY @ STONECREST BLVD,33.691589,-84.085781,marta
8619,99974023,DEKALB MEDICAL - HILLANDALE (5900),33.704757,-84.147844,marta
8620,99974025,MARIETTA BLVD @ BOLTON DR,33.816361,-84.445786,marta
8621,99974038,W TRINITY PL @ SWANTON WAY,33.77365,-84.300165,marta
8622,99974039,SWANTON WAY @ W TRINIY PL,33.773738,-84.300574,marta
8623,99974040,HARPER DR @ N LAKE DR,33.599448,-84.333638,marta
8624,99974041,HOWELL MILL RD @ HOWELL MILL PLANTATION,33.839361,-84.424384,marta
8625,99974042,CHURCH ST @ POPLAR SPRINGS RD,33.587784,-84.422451,marta
8626,99974043,SR 138 @ HOWELL LN,33.5504,-84.420663,marta
8627,99974044,SR 138 @ HOWELL LN,33.550218,-84.420484,marta
8628,99974045,MCGINNIS FERRY RD @ WINDWARD CONCOURSE,34.101539,-84.241578,marta
8629,99974046,PERRY BLVD @ HABERSHAL DR,33.791827,-84.443528,marta
8630,99974048,OLD NATIONAL HWY @ SURREY TRL,33.606354,-84.471671,marta
8631,99974049,SR 138 @ PETUNIA DR,33.550614,-84.438083,marta
8632,99974050,SR 138 @ CREEKSIDE LN,33.550757,-84.436375,marta
8633,99974051,MILTON AVE SE @ LAKEWOOD AVE SE,33.721386,-84.383326,marta
8634,99974052,LAKEWOOD AVE SE @ MILTON AVE SE,33.721238,-84.382877,marta
8635,99974053,JONESBORO RD @ SOUTHERN RD,33.563503,-84.344692,marta
8636,99974055,MAIN ST @ JOHN CALVIN AVE,33.658119,-84.448116,marta
8637,99974056,OLD FARM RD @ LAJEAN DR,33.587662,-84.482154,marta
8638,99974057,OLD FARM RD @ LAJEAN DR,33.587774,-84.482325,marta
8639,99974066,MORRIS RD @ DEER TRL,34.100264,-84.2583,marta
8640,99974067,MORRIS RD @ NEW FAWN LN,34.099743,-84.258882,marta
8641,99974069,BRANDYWINE RD @ 2920,33.871224,-84.270846,marta
8642,99974070,HOLLINGSWOOD DR @ FLOWERS RD,33.870939,-84.267421,marta
8643,99974071,PARKLAKE DR NE @ 2175,33.848532,-84.248909,marta
8644,99974072,NORMAN BEERY DR @ CALHOUN AVE,33.673646,-84.426001,marta
8645,99974073,NORMAN BERRY DR @ CALHOUN AVE,33.672836,-84.42645,marta
8646,99974074,NORMAN BERRY DR @ 2814,33.677897,-84.427048,marta
8647,99974075,NORMAN BERRY DR @ 2814,33.67726,-84.426996,marta
8648,99974076,COMMERCE DR @ E COLLEGE AVE,33.771971,-84.28777,marta
8649,99974077,NORMAN BERRY DR @ CLEVELAND AVE,33.679627,-84.429513,marta
8650,99974078,CASPLAN ST @ METROPOLITAN PKWY,33.707321,-84.407634,marta
8651,99974079,FELLOWSHIP RD @ 2ND ST,33.854138,-84.217676,marta
8652,99974080,BOULDERCREST RD @ COUNTRY PINE DR,33.642306,-84.28159,marta
8653,99974084,OAKLEY INDUSTRIAL BLVD @ JONESBORO RD,33.56659,-84.524218,marta
8654,99974085,CREEKWOOD RD @ OAKLEY INDUSTRIAL BLVD,33.529816,-84.602008,marta
8655,99974086,FAIRBURN PARK & RIDE,33.533115,-84.574921,marta
8656,99974087,OAKLEY INDUSTRIAL BLVD @ JONESBORO RD,33.565837,-84.524557,marta
8657,99974089,OAKLEY INDUSTRIAL BLVD @ OAKLEY RD,33.558622,-84.531979,marta
8658,99974090,OAKLEY INDUSTRIAL BLVD @ OAKLEY RD,33.558436,-84.531991,marta
8659,99974091,OAKLEY INDUSTRIAL BLVD @ COATES DR,33.555414,-84.538018,marta
8660,99974092,OAKLEY INDUSTRIAL BLVD @ COATES DR,33.554554,-84.539306,marta
8661,99974093,OAKLEY INDUSTRIAL BLVD @ SENOIA RD,33.542716,-84.574805,marta
8662,99974095,OAKLEY INDUSTRIAL BLVD @ SPENCE RD,33.544002,-84.563468,marta
8663,99974096,OAKLEY INDUSTRIAL BLVD @ SPENCE RD,33.543838,-84.563521,marta
8664,99974097,BOHANNON RD @ 5000,33.54373,-84.591719,marta
8665,99974099,JONESBORO RD @ 4295,33.567958,-84.528636,marta
8666,99974100,S STONE MOUNTAIN LITHONIA RD @ 1054,33.764409,-84.163947,marta
8667,99974101,S STONE MOUNTAIN LITHONIA RD @ 1054,33.764248,-84.164216,marta
8668,99974102,CHESHIRE BRIDGE RD @ CHANTILLY DR,33.82264,-84.351488,marta
8669,99974104,GLENWOOD AVE @ ELAINE DR,33.73679,-84.220674,marta
8670,99974105,GLENWOOD AVE @ 1925,33.739683,-84.32352,marta
8671,99974106,OAKLEY INDUSTRIAL BLVD @ STALWART DR,33.551793,-84.542663,marta
8672,99974107,OAKLEY INDUSTRIAL BLVD @ STALWART DR,33.552402,-84.542188,marta
8673,99974109,WELCOME ALL RD CONN @ CAMP CREEK PKWY,33.656441,-84.52082,marta
8674,99974110,WELCOME ALL RD CONN @ WELCOME ALL RD,33.656398,-84.521494,marta
8675,99974111,BEST RD @ 4475,33.634258,-84.458059,marta
8676,99974112,BEST RD @ 4475,33.634191,-84.457929,marta
8677,99974113,RIVERDALE RD @ TERMINAL PKWY,33.630028,-84.452287,marta
8678,99974114,RIVERDALE RD @ AIRPORT BLVD,33.629767,-84.452885,marta
8679,99974115,W COLLEGE AVE @ DREXEL AVE,33.765882,-84.309224,marta
8680,99974116,COCA COLA PL SE @ JESSE HILL JR DR SE,33.753719,-84.381169,marta
8681,99974117,PRATT ST SE @ DECATUR ST SE (GRADY HOSP),33.750817,-84.382016,marta
8682,99974118,OAKLEY INDUSTRIAL BLVD @ CARNEGIE DR,33.542783,-84.568582,marta
8683,99974119,OAKLEY INDUSTRIAL BLVD @ CARNEGIE DR,33.542683,-84.567522,marta
8684,99974120,OAKLEY INDUSTRIAL BLVD @ BOHANNON RD,33.537901,-84.591296,marta
8685,99974121,OAKLEY INDUSTRIAL BLVD @ BOHANNON RD,33.538039,-84.590909,marta
8686,99974122,OAKLEY INDUSTRIAL BLVD @ 1200,33.539912,-84.584782,marta
8687,99974123,RENAISSANCE PKWY @ 6000,33.537298,-84.575597,marta
8688,99974124,OAKLEY INDUSTRIAL BLVD @ TERMINUS DR,33.548832,-84.551572,marta
8689,99974125,OAKLEY INDUSTRIAL BLVD @ TERMINUS DR,33.547958,-84.552895,marta
8690,99974126,BOHANNON RD @ MCLARIN RD,33.553543,-84.595093,marta
8691,99974127,CHARLES W GRANT PKWY @ INTERNATIONAL PKWY,33.640272,-84.395263,marta
8692,99974128,CONNALLY DR @ LESTER ST,33.688064,-84.444197,marta
8693,99974129,CONNALLY DR @ CONNALLY PL,33.68926,-84.446015,marta
8694,99974130,STANTON RD @ CONNALLY DR,33.691158,-84.447873,marta
8695,99974131,STANTON RD @ 1847,33.695214,-84.448501,marta
8696,99974132,MEMORIAL DR @ WASHINGTON ST,33.746862,-84.38992,marta
8697,99974133,DELOWE STANTON ACCESS RD @ 1900,33.698599,-84.4522,marta
8698,99974134,STANTON RD @ 1847,33.695607,-84.448572,marta
8699,99974135,STANTON RD @ CONNALLY DR,33.691074,-84.447915,marta
8700,99974136,CONNALLY DR @ CONNALLY PL,33.68915,-84.445989,marta
8701,99974137,CONNALLY DR @ LESTER ST,33.687878,-84.444135,marta
8702,99974138,CONNALLY DR @ NORMAN BERRY DR,33.685855,-84.441735,marta
8703,99974142,AMAZON BUS LOOP,33.622316,-84.587409,marta
8704,99974143,CORONET WAY @ PINE GROVE DR,33.818389,-84.44766,marta
8705,99974149,BATTLE CREEK RD @ TARA BLVD,33.555617,-84.371278,marta
8706,99974150,DAVIDSON PKWY @ DAVIDSON CIR E,33.552619,-84.265418,marta
8707,99974151,SR 138 @ NORTH AVE,33.535537,-84.371413,marta
8708,99974152,SR 138 @ NORTH AVE,33.535702,-84.371585,marta
8709,99974153,BATTLE CREEK RD @ VALLEY HILL RD,33.555757,-84.374474,marta
8710,99974154,VALLEY HILL RD @ MOCKINGBIRD TRL,33.55666,-84.378291,marta
8711,99974155,VALLEY HILL RD @ LADY HEIDI CT,33.557393,-84.383034,marta
8712,99974156,VALLEY HILL RD @ 94,33.558433,-84.387077,marta
8713,99974157,VALLEY HILL RD @ 93,33.563728,-84.391213,marta
8714,99974158,VALLEY HILL RD @ JONATHAN RD,33.566231,-84.394363,marta
8715,99974159,VALLEY HILL RD @ HEATHROW DR,33.569499,-84.401899,marta
8716,99974160,VALLEY HILL RD SW @ HEATHROW DR,33.569352,-84.401882,marta
8717,99974161,VALLEY HILL RD SW @ EUNICE DR,33.566852,-84.39705,marta
8718,99974162,VALLEY HILL RD SW @ EUNICE DR,33.56695,-84.397391,marta
8719,99974163,VALLEY HILL RD SW @ JONATHAN RD,33.566103,-84.393845,marta
8720,99974164,VALLEY HILL RD SE @ 94,33.558367,-84.387233,marta
8721,99974165,VALLEY HILL RD SE @ WHIPPORWILL WAY,33.556978,-84.38191,marta
8722,99974166,VALLEY HILL RD SE @ MOCKINGBIRD TRL,33.556519,-84.378122,marta
8723,99974167,BATTLE CREEK RD @ AUTUMN DR,33.55561,-84.373266,marta
8724,99974168,VALLEY HILL RD SW @ WESTFIELD DR,33.568385,-84.39946,marta
8725,99974169,VALLEY HILL RD SW @ WESTFIELD DR,33.568206,-84.398984,marta
8726,99974170,VALLEY HILL RD SW @ 100,33.564551,-84.391819,marta
8727,99974171,MT ZION RD @ 2839,33.555761,-84.297727,marta
8728,99974172,MT ZION RD @ 2846,33.555805,-84.297459,marta
8729,99974173,MT ZION RD @ LAUREL CREEK DR,33.554661,-84.292469,marta
8730,99974174,MT ZION RD @ WINNSTEAD WAY,33.553129,-84.289511,marta
8731,99974175,LAKE SPIVEY PKWY @ CAMERON PKWY,33.551422,-84.273641,marta
8732,99974176,LAKE SPIVEY PKWY @ 3576,33.551141,-84.273548,marta
8733,99974177,MT ZION RD @ CAMERON LANDING DR,33.551068,-84.278836,marta
8734,99974178,MT ZION RD @ CAMERON LANDING DR,33.550994,-84.278975,marta
8735,99974179,MT ZION RD @ 2923,33.555287,-84.295721,marta
8736,99974180,DAVIDSON CIR W @ 7419,33.552329,-84.266781,marta
8737,99974181,MT ZION RD @ 3196,33.551749,-84.282784,marta
8738,99974182,MT ZION RD @ 3196,33.55165,-84.282788,marta
8739,99974183,MT ZION RD @ 3156,33.552731,-84.287635,marta
8740,99974184,SR 138 @ CROSS RD PKWY,33.53691,-84.36877,marta
8741,99974185,SR 138 @ CROSS RD PKWY,33.537332,-84.368096,marta
8742,99974186,SR 138 @ TARA BLVD,33.537782,-84.363608,marta
8743,99974187,SR 138 @ N MAIN ST,33.538358,-84.360929,marta
8744,99974188,SR 138 @ TARA RD,33.538934,-84.35772,marta
8745,99974189,SR 138 @ SCARLETT DR,33.53888,-84.35464,marta
8746,99974190,N MCDONOUGH ST @ SR 138,33.54048,-84.345895,marta
8747,99974191,SOUTHLAKE PKWY @ MT ZION BLVD,33.544427,-84.343474,marta
8748,99974192,SOUTHLAKE PKWY @ 7576,33.548098,-84.341933,marta
8749,99974193,SOUTHLAKE PKWY @ 7420,33.551353,-84.340572,marta
8750,99974194,SOUTHLAKE PKWY @ 7420,33.551274,-84.340735,marta
8751,99974195,SOUTHLAKE PKWY @ 7535,33.547976,-84.342176,marta
8752,99974196,SOUTHLAKE PKWY @ MT ZION BLVD,33.543614,-84.34394,marta
8753,99974197,N MCDONOUGH ST @ SR 138,33.539579,-84.347058,marta
8754,99974198,SR 138 @ JONESBORO RD,33.538984,-84.3505,marta
8755,99974199,SR 138 @ SCARLETT DR,33.539067,-84.354693,marta
8756,99974200,SR 138 @ TARA RD,33.539135,-84.358332,marta
8757,99974201,SR 138 @ N MAIN ST SE,33.53844,-84.361293,marta
8758,99974202,SR 138 @ TARA BLVD,33.538017,-84.36362,marta
8759,99974203,KING ARNOLD ST @ SUNSET AVE,33.655715,-84.399895,marta
8760,99974204,N CENTRAL AVE @ N FULTON AVE,33.658618,-84.40865,marta
8761,99974205,DELOWE STANTON ACCESS RD @ STANTON RD,33.697848,-84.449107,marta
8762,99974206,HOSEA WILLIAMS DR @ WHITEFOORD AVE,33.753534,-84.341862,marta
8763,99974208,WHITEFOORD AVE @ FINLEY ST,33.756547,-84.342118,marta
8764,99974209,WHITEFOORD AVE @ FINLEY ST,33.756282,-84.341973,marta
8765,99974263,CASCADE RD @ 4375,33.733949,-84.532342,marta
8766,99974264,JAMES JACKSON PKWY NW @ CREEKSIDE DR NW,33.792391,-84.474223,marta
8767,99974265,JONESBORO RD @ 4330,33.567192,-84.529987,marta
8768,99974266,CHESHIRE BRIDGE RD NE @ 1989,33.810751,-84.358112,marta
8769,99974273,COLLIER DR NW @ 3114,33.765682,-84.489594,marta
8770,99974274,BILL KENNEDY WAY SE @ MEMORIAL DR,33.745892,-84.358183,marta
8771,99974275,JONESBORO RD @ OHARA DR,33.544853,-84.349534,marta
8772,99974276,JONESBORO RD @ 7600,33.546765,-84.348881,marta
8773,99974277,DONALD L HOLLOWELL PKWY @ BOLTON RD,33.787662,-84.494036,marta
8774,99974281,CHESHIRE BRIDGE RD @ 2470,33.82271,-84.351856,marta
8775,99974283,SPALDING DR @ 7736,33.967603,-84.26033,marta
8776,99974328,ANVIL BLOCK RD @ METCALF CONN,33.612873,-84.334641,marta
8777,99974331,FLANKERS RD @ METCALF CONN,33.616687,-84.336336,marta
8778,99974332,ANVIL BLOCK RD @ S 1ST ST,33.625161,-84.317307,marta
8779,99974333,ANVIL BLOCK RD @ MORELAND AVE,33.628359,-84.313178,marta
8780,99974334,OLD DIXIE RD @ SOUTHPOINT DR,33.630066,-84.386122,marta
8781,99974335,OLD DIXIE RD @ SOUTHPOINT DR,33.630325,-84.385943,marta
8782,99974336,OLD DIXIE RD @ CENTRAL AVE,33.62444,-84.384199,marta
8783,99974338,IVAN ALLEN JR BLVD NE @ W PEACHTREE ST NW,33.764798,-84.386896,marta
8784,99974339,CIVIC CENTER STATION,33.766133,-84.387613,marta
8785,99974347,BOHANNON RD @ FAIRBURN INDUSTRIAL BLVD,33.556507,-84.592483,marta
8786,99974348,ROOSEVELT HWY @ PALMETTO LOGISTICS PKWY,33.537239,-84.63795,marta
8787,99974349,ROOSEVELT HWY @ PALMETTO LOGISTICS PKWY,33.537099,-84.636906,marta
8788,99974350,NORTH AVE NW @ BAKER RD NW,33.769885,-84.456429,marta
8789,99974351,LAMAR HUTCHESON PKWY @ 6842,33.56857,-84.403703,marta
8790,99974352,BOULEVARD SE @ SYDNEY ST SE,33.740887,-84.368239,marta
8791,99974354,S CARGO DR @ AIRPORT LOOP RD,33.625399,-84.426125,marta
8792,99974355,KING MEMORIAL STATION - BAY A,33.750167,-84.37519,marta
8793,99974356,KING MEMORIAL STATION - BAY B,33.75,-84.37575,marta
8794,99974357,KING MEMORIAL STATION - BAY C,33.750233,-84.375782,marta
8795,99974358,ROSWELL RD NE @ 6925,33.944403,-84.371688,marta
8796,99974359,ROSWELL RD NE @ 6509,33.932381,-84.379944,marta
8797,99974360,ROSWELL RD NE @ 6500,33.932131,-84.380168,marta
8798,99974463,RIVER RD @ MISTY LAKE,33.673756,-84.299688,marta
0,4,Cumberland Transfer Center,33.878192,-84.470052,clinc
1,5,Cumberland Blvd at Spring Hill Pkwy,33.881341,-84.474656,clinc
2,6,Spring Rd at Cumberland Blvd,33.88432,-84.474393,clinc
3,7,Cobb Pkwy at Windy Ridge Pkwy,33.889173,-84.474429,clinc
4,8,Cobb Pkwy at Herodian Way,33.891985,-84.477051,clinc
5,10,Cobb Pkwy at Kenwood Creek,33.895461,-84.480275,clinc
6,11,Cobb Pkwy at Lake Park Dr,33.898112,-84.482741,clinc
7,12,Cobb Pkwy at Ed Voyles Honda,33.900788,-84.485218,clinc
8,13,Cobb Pkwy at Windy Hill Rd,33.903622,-84.487816,clinc
9,14,Cobb Pkwy at Terrell Mill Rd,33.906234,-84.490296,clinc
10,15,Cobb Pkwy at Airport Industrial Park Dr,33.907798,-84.491697,clinc
11,16,Cobb Pkwy at Cumberland Point Dr,33.909978,-84.493755,clinc
12,17,Cobb Pkwy at After Cumberland Pt Dr,33.911318,-84.49497,clinc
13,18,Cobb Pkwy at Davis Ln,33.913177,-84.496669,clinc
14,19,Cobb Pkwy at Franklin Rd,33.915345,-84.498672,clinc
15,20,Cobb Pkwy at Franklin Dr,33.917848,-84.501013,clinc
16,21,Cobb Pkwy at Spinks Dr,33.924089,-84.506014,clinc
17,22,Cobb Pkwy at Wylie Rd,33.927752,-84.508009,clinc
18,23,Cobb Pkwy at Barclay Cir,33.929795,-84.50908,clinc
19,24,Cobb Pkwy at After Barclay Circle,33.931709,-84.5101,clinc
20,25,Cobb Pkwy at New Hope Rd,33.935876,-84.512393,clinc
21,26,Cobb Pkwy at Amf Marietta Lanes,33.938208,-84.513651,clinc
22,27,S Marietta Pkwy at Martin Ct,33.942509,-84.519031,clinc
23,28,S Marietta Pkwy at Lockheed Ave,33.941611,-84.522803,clinc
24,29,S Marietta Pkwy at Lake Dr,33.941002,-84.525803,clinc
25,30,Marietta Transfer Center,33.941682,-84.529481,clinc
26,31,S Marietta Pkwy at Hudson Rd,33.940698,-84.52469,clinc
27,32,S Marietta Pkwy at Rossbacher Way,33.941607,-84.522289,clinc
28,33,S Marietta Pkwy at Technology Pkwy,33.942236,-84.518214,clinc
29,34,Cobb Pkwy at S Marietta Pkwy,33.939742,-84.514676,clinc
30,35,Cobb Pkwy at Life's Way,33.935024,-84.512218,clinc
31,36,Cobb Pkwy at Former Team Nissan,33.932489,-84.510817,clinc
32,37,Cobb Pkwy at Wylie Rd,33.928021,-84.508456,clinc
33,38,Cobb Pkwy at Spinks Dr,33.924052,-84.506339,clinc
34,39,Cobb Pkwy at Franklin Dr,33.918986,-84.5024,clinc
35,40,Cobb Pkwy at Franklin Dr,33.917158,-84.500727,clinc
36,41,Cobb Pkwy at Franklin Rd,33.914991,-84.498727,clinc
37,42,Cobb Pkwy at Enterprise Way,33.912661,-84.496551,clinc
38,43,Cobb Pkwy at Cumberland Point Dr,33.910004,-84.494111,clinc
39,44,Cobb Pkwy at Airport Industrial Park Dr,33.907637,-84.491941,clinc
40,45,Cobb Pkwy at Caswell Pkwy,33.906958,-84.491324,clinc
41,46,Cobb Pkwy at Terrell Mill Rd,33.905177,-84.48963,clinc
42,47,Cobb Pkwy at Windy Hill Rd,33.90155,-84.48632,clinc
43,48,Cobb Pkwy at Steve Rayman Chevrolet,33.900247,-84.485125,clinc
44,49,Cobb Pkwy at Lake Park Dr,33.897861,-84.482928,clinc
45,50,Cobb Pkwy at 2330 Cobb Apartment Homes,33.895007,-84.480249,clinc
46,51,Cobb Pkwy at Hargrove Rd,33.891794,-84.477325,clinc
47,54,Spring Rd at Cobb Pkwy,33.88568,-84.472797,clinc
48,55,Cumberland Blvd at Spring Hill Pkwy,33.880431,-84.473949,clinc
49,62,Powers Ferry Rd at Custom Signs Building,33.908492,-84.46527,clinc
50,63,Windy Hill Rd at Powers Ferry Rd,33.9052,-84.466151,clinc
51,64,Windy Hill Rd at S Park Pl,33.90114,-84.477329,clinc
52,65,Windy Hill Rd at S Park Pl,33.901405,-84.479352,clinc
53,66,Windy Hill Rd at Venlo Ave,33.903744,-84.483656,clinc
54,67,Windy Hill Rd at Cobb Pkwy,33.903486,-84.486145,clinc
55,68,Windy Hill Rd at Chris Volvo,33.901815,-84.489663,clinc
56,69,Windy Hill Rd at Roswell St,33.89639,-84.498935,clinc
57,70,Windy Hill Rd at Atlanta Rd,33.894477,-84.521588,clinc
58,71,Windy Hill Rd at Belmont Cir,33.894437,-84.525831,clinc
59,72,Windy Hill Rd at San Fernando Dr,33.894569,-84.532642,clinc
60,73,Windy Hill Rd at Old Concord Rd,33.894646,-84.540567,clinc
61,74,Windy Hill Rd at Wakita Dr,33.894741,-84.547232,clinc
62,75,Windy Hill Rd at Bouldercrest Dr,33.894836,-84.550689,clinc
63,76,Windy Hill Rd at Larose Dr,33.894904,-84.555667,clinc
64,77,Windy Hill Rd at Kennedy Ln,33.894985,-84.563586,clinc
65,78,Windy Hill Rd at Beverly Ln,33.895179,-84.572018,clinc
66,79,Austell Rd at Arkose Dr,33.896503,-84.575211,clinc
67,80,County Services Pkwy at Kurt Dr,33.89923,-84.57393,clinc
68,81,County Services Pkwy at Al Bishop Dr,33.904023,-84.58181,clinc
69,82,County Services Pkwy at Cobb Co Composting Facilit,33.909617,-84.582165,clinc
70,83,County Services Pkwy at Cobb County Health Dept,33.912412,-84.581897,clinc
71,84,County Services Pkwy at Department Of Motor Vehicl,33.91456,-84.582035,clinc
72,85,Powder Springs Rd at Cunningham Rd,33.921592,-84.578512,clinc
73,86,Powder Springs Rd at Bellemeade Dr,33.923763,-84.575328,clinc
74,87,Powder Springs Rd at Natchez Trace,33.925107,-84.573437,clinc
75,88,Powder Springs Rd at Longwood Dr,33.927403,-84.56999,clinc
76,89,Powder Springs St at Booth Rd,33.931112,-84.563939,clinc
77,90,Powder Springs St at Springs Landing Apts,33.933006,-84.560707,clinc
78,91,Powder Springs St at Chestnut Hill Rd,33.934022,-84.559015,clinc
79,92,Powder Springs St at Sandtown Rd,33.935305,-84.556875,clinc
80,93,Powder Springs St at Garrison Rd,33.938205,-84.55368,clinc
81,94,Powder Springs St at W Gramling St,33.940084,-84.552229,clinc
82,95,Powder Springs St at W Dixie Ave,33.941648,-84.551918,clinc
83,96,Powder Springs St at Hedges St,33.942807,-84.55167,clinc
84,97,Powder Springs St at Griggs St,33.944399,-84.551139,clinc
85,99,Roswell St at Anderson St,33.951634,-84.547073,clinc
86,100,Roswell St at Cole St,33.950386,-84.543554,clinc
87,101,Fairground St at Pierce St,33.949281,-84.536036,clinc
88,102,Fairground St at Frasier St,33.947025,-84.535882,clinc
89,104,S Marietta Pkwy at Parkway Plaza,33.943044,-84.532894,clinc
90,105,Fairground St at S Marietta Pkwy,33.944133,-84.535071,clinc
91,106,Fairground St at Frasier St,33.946208,-84.5355,clinc
92,107,Fairground St at Pierce St,33.949059,-84.535852,clinc
93,108,Roswell St at Rogers St,33.950527,-84.538147,clinc
94,109,Roswell St at Lakewood Dr,33.950314,-84.541485,clinc
95,112,Powder Springs St at Griggs St,33.944541,-84.551279,clinc
96,113,Powder Springs St at W Gramling St,33.940999,-84.552279,clinc
97,114,Powder Springs St at Sandtown Rd,33.936284,-84.555872,clinc
98,115,Powder Springs St at Chestnut Hill Rd,33.934042,-84.559508,clinc
99,116,Powder Springs St at Booth Rd,33.931205,-84.564173,clinc
100,117,Powder Springs St at Laurel Springs Ln,33.927014,-84.57097,clinc
101,118,Powder Springs Rd at Baltimore Pl,33.923527,-84.576185,clinc
102,119,Powder Springs St at Cunningham Rd,33.922274,-84.578003,clinc
103,120,Powder Springs Rd at Chapel Dr,33.921488,-84.579057,clinc
104,121,County Services Pkwy at Cobb County Public Safety,33.914559,-84.582234,clinc
105,122,COUNTY SERVICES PKWY + COBB COUNTY HEALTH DEPARTMENT,33.912355,-84.582236,clinc
106,123,County Services Pkwy at Cobb County Park And Recre,33.909676,-84.582437,clinc
107,124,County Services Pkwy at Al Bishop Dr,33.903894,-84.582092,clinc
108,125,County Services Pkwy at Austell Rd,33.898654,-84.573372,clinc
109,126,Austell Rd at Arkose Dr,33.897035,-84.575092,clinc
110,127,Windy Hill Rd at Cherrywood Ln,33.894943,-84.572017,clinc
111,128,Windy Hill Rd at Favor Rd,33.89478,-84.564717,clinc
112,129,Windy Hill Rd at Larose Dr,33.894692,-84.556247,clinc
113,130,Windy Hill Rd at Benson Poole Rd,33.894481,-84.54448,clinc
114,131,Windy Hill Rd at Old Concord Rd,33.89442,-84.540506,clinc
115,132,Windy Hill Rd at Beaver Creek Rd,33.894312,-84.530768,clinc
116,133,Windy Hill Rd at Belmont Cir,33.894198,-84.52407,clinc
117,134,Windy Hill Rd at Roswell St,33.895618,-84.49978,clinc
118,135,Windy Hill Rd at Cobb Pkwy,33.902476,-84.487678,clinc
119,136,Windy Hill Rd at Cobb Pkwy,33.90335,-84.48477,clinc
120,137,Windy Hill Rd at N Park Pl,33.903154,-84.481771,clinc
121,138,Windy Hill Rd at S Park Pl,33.901218,-84.479583,clinc
122,139,Windy Hill Rd at Corporate Plaza Pkwy,33.901005,-84.478043,clinc
123,142,Windy Hill Rd at Powers Ferry Rd,33.904928,-84.466065,clinc
124,144,Spring Rd SE at Galleria Ln,33.883419,-84.48211,clinc
125,145,Spring Rd SE at Carolyn Dr,33.883474,-84.486879,clinc
126,146,Spring Rd SE at Cumberland Valley Dr,33.883808,-84.499663,clinc
127,147,Spring Rd at Jonquil Dr,33.882256,-84.505051,clinc
128,148,Concord Rd SE at Atlanta Rd,33.880345,-84.514041,clinc
129,149,Concord Rd Se + Khuan's Hair Design/Arkle Veterina,33.876264,-84.52475,clinc
130,150,S Cobb Dr at Mill Pond Rd,33.860916,-84.518737,clinc
131,151,S Cobb Dr,33.856839,-84.514417,clinc
132,152,S Cobb Dr at King Springs Rd,33.860915,-84.518323,clinc
133,153,S Cobb Dr at Lake Dr,33.871064,-84.528043,clinc
134,154,S Cobb Dr at Concord Rd,33.876113,-84.531386,clinc
135,155,S Cobb Dr at Ask-Kay Dr,33.880092,-84.532941,clinc
136,156,S Cobb Dr at Plaza Dr,33.882983,-84.534007,clinc
137,157,S Cobb Dr at Powder Springs St,33.887313,-84.535645,clinc
138,158,S Cobb Dr at Glendale Pl,33.892518,-84.537598,clinc
139,159,S Cobb Dr at Windy Hill Rd,33.895111,-84.538572,clinc
140,160,S Cobb Dr at Old Concord Rd,33.900251,-84.540545,clinc
141,161,S Cobb Dr at Pat Mell Rd,33.903282,-84.541694,clinc
142,162,S Cobb Dr at Dink Ln,33.904546,-84.542198,clinc
143,163,S Cobb Dr at Harmony Meadows Apartments,33.905972,-84.54275,clinc
144,164,S Cobb Dr at Waldrep Cir,33.909288,-84.544099,clinc
145,165,S Cobb Dr at Oak St,33.912974,-84.546494,clinc
146,166,S Cobb Dr at Oak St,33.914248,-84.547255,clinc
147,167,S Cobb Dr at Barber Rd,33.916169,-84.548166,clinc
148,168,S Cobb Dr at Austell Rd,33.917588,-84.548508,clinc
149,169,S Cobb Dr at Walthall Ave,33.922635,-84.550114,clinc
150,170,S Cobb Dr at Leader Rd,33.923661,-84.55036,clinc
151,171,S Cobb Dr at Leader Rd,33.926667,-84.551122,clinc
152,172,S Cobb Dr at Beech Rd,33.928544,-84.550969,clinc
153,173,S Cobb Dr at Carruth Dr,33.930551,-84.550204,clinc
154,174,S Cobb Dr at Appleton Dr,33.932384,-84.548626,clinc
155,175,S Cobb Dr at Pearl St,33.934861,-84.54326,clinc
156,176,Fairground St at Commerce Park Dr,33.939939,-84.535062,clinc
157,177,Fairground St at S Marietta Pkwy,33.942369,-84.534996,clinc
158,178,Fairground St at Commerce Park Dr,33.942022,-84.535233,clinc
159,179,Fairground St at Glover St,33.938682,-84.535245,clinc
160,180,Fairground St at S Cobb Dr,33.933293,-84.501717,clinc
161,181,S Cobb Dr at Atlanta St,33.935476,-84.542102,clinc
162,182,S Cobb Dr at Pearl St,33.934211,-84.546298,clinc
163,183,S Cobb Dr at Appleton Dr,33.933153,-84.547994,clinc
164,184,S Cobb Dr at Lakeside Apts,33.931856,-84.549599,clinc
165,185,S Cobb Dr at Beech Rd,33.929462,-84.551022,clinc
166,186,S Cobb Dr at Booth Rd,33.925613,-84.551281,clinc
167,187,S Cobb Dr at Walthall Ave,33.921552,-84.550105,clinc
168,188,S Cobb Dr at Austell Rd,33.916048,-84.548415,clinc
169,189,S Cobb Dr at Oak St,33.912303,-84.546352,clinc
170,190,S Cobb Dr at Waldrep Cir,33.909237,-84.544393,clinc
171,191,S Cobb Dr at Harmony Meadows Apts,33.905832,-84.543003,clinc
172,192,S Cobb Dr at Pat Mell Rd,33.903887,-84.542285,clinc
173,193,S Cobb Dr at Benson Poole Rd,33.899815,-84.540755,clinc
174,194,S Cobb Dr at Windy Hill Rd,33.895349,-84.539049,clinc
175,195,S Cobb Dr at Glendale Pl,33.891941,-84.537768,clinc
176,196,S Cobb Dr at Powder Springs St,33.886909,-84.535841,clinc
177,197,S Cobb Dr at Plaza Dr,33.883517,-84.534562,clinc
178,198,S Cobb Dr at Ask-Kay Dr,33.880355,-84.533374,clinc
179,199,S Cobb Dr at Church Rd,33.877259,-84.532203,clinc
180,200,S Cobb Dr at Concord Rd,33.873048,-84.530305,clinc
181,201,Concord Rd SE at Mccaulley Rd,33.875809,-84.521949,clinc
182,202,Spring Rd SE at Atlanta Rd,33.880119,-84.511788,clinc
183,203,Spring Rd SE at Jonquil Dr,33.881977,-84.505063,clinc
184,204,Spring Rd SE at Village Pkwy,33.883567,-84.499212,clinc
185,205,Spring Rd SE at Campbell Rd,33.883209,-84.487046,clinc
186,207,S Service Rd at Riverside Pkwy,33.772895,-84.558302,clinc
187,208,Six Flags Dr at Riverside Pkwy,33.776795,-84.564228,clinc
188,209,Six Flags Dr at Six Flags Pkwy,33.777413,-84.565623,clinc
189,210,Six Flags Dr at Elsner Rd,33.77809,-84.569922,clinc
190,211,Six Flags Dr at Factory Shoals Rd,33.778339,-84.573849,clinc
191,212,S Cobb Dr at King Springs Rd,33.858315,-84.516189,clinc
192,213,S Cobb Dr at Cooper Lake Rd,33.846522,-84.504687,clinc
193,214,Factory Shoals Rd at Britt Rd,33.795733,-84.571738,clinc
194,215,Factory Shoals Rd at Mableton Pkwy,33.801064,-84.567653,clinc
195,216,Mableton Pkwy at Old Powder Springs Rd,33.806776,-84.570459,clinc
196,217,Mableton Pkwy at Old Gordon Road,33.812338,-84.572025,clinc
197,218,Mableton Pkwy at Veterans Memorial Hwy,33.81732,-84.574996,clinc
198,219,Floyd Rd at Veterans Memorial Hwy,33.819437,-84.576022,clinc
199,220,Floyd Rd at Fontaine Rd,33.8234,-84.575381,clinc
200,221,Mable House Park And Ride,33.826399,-84.575606,clinc
201,222,Floyd Rd at Ayres Rd,33.832173,-84.575768,clinc
202,223,Floyd Rd at White Blvd,33.83574,-84.576019,clinc
203,224,Floyd Rd at Hicks Rd,33.8413,-84.579228,clinc
204,225,Floyd Rd at Bates Rd,33.847145,-84.585255,clinc
205,226,Floyd Rd at Trestle Dr,33.852485,-84.588237,clinc
206,227,Floyd Rd at East-West Conn,33.855025,-84.588853,clinc
207,228,East-West Connector at Floyd Rd,33.855401,-84.593453,clinc
208,229,East-West Connector at Hospital South Dr,33.855081,-84.599392,clinc
209,230,Austell Rd at East-West Conn,33.855059,-84.602307,clinc
210,231,Austell Rd at Hospital South Dr,33.856538,-84.60141,clinc
211,232,Austell Rd at Story Pl SW,33.859818,-84.5988,clinc
212,233,Austell Rd at Floyd Rd,33.864048,-84.595137,clinc
213,234,Austell Rd at Mimosa Dr,33.867181,-84.592816,clinc
214,235,Austell Rd at Amy Ln,33.869179,-84.591502,clinc
215,236,Austell Rd at Westbrook Mobile Homes,33.871301,-84.59082,clinc
216,237,Austell Rd at Lanier Dr,33.873424,-84.590273,clinc
217,238,Austell Rd at Byers Dr,33.878334,-84.588989,clinc
218,239,Austell Rd at Milford Church Rd,33.881373,-84.588228,clinc
219,240,Austell Rd at Crest Ridge Rd,33.885601,-84.586123,clinc
220,241,Austell Rd at E Callaway Rd,33.888364,-84.583265,clinc
221,242,Austell Rd at Hicks Rd,33.891022,-84.578676,clinc
222,243,Austell Rd at County Services Pkwy,33.898234,-84.573161,clinc
223,244,Austell Rd at Lorene Dr,33.900438,-84.57036,clinc
224,245,Austell Rd at Pat Mell Rd,33.90348,-84.566523,clinc
225,246,Austell Rd at Cunningham Rd,33.905192,-84.563855,clinc
226,247,Austell Rd at Austell Circle,33.909264,-84.559292,clinc
227,248,Austell Rd at Sandtown Rd,33.91122,-84.557548,clinc
228,249,Austell Rd at Cochran Rd,33.913879,-84.554398,clinc
229,250,Austell Rd at Knox Dr,33.915435,-84.552524,clinc
230,251,Austell Rd at Pair St,33.917616,-84.550611,clinc
231,253,Atlanta Rd at Austell Rd,33.922812,-84.542669,clinc
232,254,Atlanta St at S Cobb Dr,33.936406,-84.541104,clinc
233,255,S Marietta Pkwy at Atlanta St,33.947669,-84.547814,clinc
234,256,S Marietta Pkwy at Manget St,33.943184,-84.539164,clinc
235,257,S Marietta Pkwy at Manget St,33.943372,-84.540347,clinc
236,258,Atlanta St at S Marietta Pkwy,33.946572,-84.548101,clinc
237,259,Atlanta St at S Cobb Dr,33.937246,-84.541954,clinc
238,260,Atlanta Rd at Clay Dr,33.923606,-84.542825,clinc
239,261,Austell Rd at Joyner Ave,33.921534,-84.544699,clinc
240,262,Austell Rd at S Cobb Dr,33.919167,-84.548506,clinc
241,263,Austell Rd at Pair St,33.918395,-84.550192,clinc
242,264,Austell Rd at Sandtown Rd,33.913878,-84.554838,clinc
243,265,Austell Rd at Austell Cir,33.909252,-84.55961,clinc
244,266,Austell Rd at Cunningham Rd,33.905594,-84.563709,clinc
245,267,Austell Rd at Pat Mell Rd,33.903564,-84.566836,clinc
246,268,Austell Rd at Kurt Dr,33.900412,-84.570725,clinc
247,269,Austell Rd at Windy Hill Rd,33.894903,-84.576746,clinc
248,270,Austell Rd at Callaway Rd,33.888784,-84.583087,clinc
249,271,Austell Rd at Waymar Dr,33.885733,-84.586382,clinc
250,272,Austell Rd at Milford Church Rd,33.882404,-84.588331,clinc
251,273,Austell Rd at Pair Rd,33.876805,-84.589686,clinc
252,274,Austell Rd at Raes Creek Rd,33.871353,-84.591104,clinc
253,275,Austell Rd at Mimosa Dr,33.86774,-84.592783,clinc
254,276,Austell Rd at Reed Dr,33.8651,-84.594613,clinc
255,277,Austell Rd SW at Hurt Rd SW,33.861833,-84.597431,clinc
256,278,Austell Rd SW at Mulkey Rd SW,33.85771,-84.600987,clinc
257,279,Austell Rd at Hospital South Dr,33.856222,-84.601936,clinc
258,280,East-West Connector at Brookwood Dr,33.854898,-84.598895,clinc
259,281,East-West Connector at Floyd Rd,33.856004,-84.590449,clinc
260,282,Floyd Rd at Willowbrook Lane,33.852914,-84.588462,clinc
261,283,Floyd Rd at Floyd Dr,33.846682,-84.58511,clinc
262,284,Floyd Rd at Hicks Rd,33.840616,-84.578469,clinc
263,285,Floyd Rd at Nickajack Rd,33.833436,-84.576109,clinc
264,286,Floyd Rd at Patterns Dr,33.831256,-84.576015,clinc
265,287,Floyd Rd at Mableton Park & Ride - Ob,33.825578,-84.576088,clinc
266,288,Floyd Rd at Fontaine Rd,33.82262,-84.575689,clinc
267,289,Floyd Rd at Veterans Memorial Hwy,33.819532,-84.576361,clinc
268,290,Mableton Pkwy at Glore Cir,33.816822,-84.574746,clinc
269,291,Mableton Pkwy at Old Alabama Rd,33.811485,-84.572163,clinc
270,292,Mableton Pkwy at Old Powder Springs Rd,33.80863,-84.571747,clinc
271,293,Mableton Pkwy SW at Lane Dr,33.805208,-84.569443,clinc
272,294,Mableton Pkwy at Factory Shoals Rd,33.802119,-84.5677,clinc
273,295,Factory Shoals Rd at S Gordon Rd,33.789832,-84.575821,clinc
274,296,Six Flags Dr at Whisper Ct,33.778103,-84.573876,clinc
275,297,Six Flags Dr at Elsner Rd,33.777703,-84.570613,clinc
276,298,Six Flags Dr at Six Flags Pkwy,33.777439,-84.565888,clinc
277,302,Frey Rd at Campus Loop,34.04196,-84.58085,clinc
278,306,Busbee Dr at Townpark Ln,34.036262,-84.575076,clinc
279,307,Cumberland Blvd at S Cobb Dr,33.844404,-84.499633,clinc
280,308,Busbee Pkwy at PGA Superstore,34.024933,-84.567859,clinc
281,309,Ring Rd at Jc Penney Entrance,34.01857,-84.56594,clinc
282,310,Busbee Pkwy at Town Center Dr,34.013541,-84.566452,clinc
283,311,Cumberland Pkwy at Atlanta Rd,33.848808,-84.49181,clinc
284,312,Barrett Pkwy at Mall Blvd,34.013433,-84.562022,clinc
285,313,Barrett Pkwy at Barrett Creek Dr,34.013862,-84.555592,clinc
286,314,Barrett Pkwy at Bells Ferry Rd,34.013776,-84.549608,clinc
287,315,Bells Ferry Rd at Barrett Pkwy,34.01272,-84.54852,clinc
288,316,Bells Ferry Rd at Arnold Ave,34.001971,-84.545457,clinc
289,317,Bells Ferry Rd at Laurel Hills Preserve,33.999476,-84.546227,clinc
290,318,Bells Ferry Rd at Oak Harbor Trl,33.996969,-84.547654,clinc
291,319,Bells Ferry Rd at Bridgestone Dr,33.992571,-84.550297,clinc
292,320,Bells Ferry Rd at Cobb Pkwy,33.982434,-84.557829,clinc
293,321,Church St Ext at Loudermilk Dr,33.978337,-84.557015,clinc
294,322,Church St Ext at Elizabeth St,33.973646,-84.551878,clinc
295,323,Church St at Whitcher St,33.969193,-84.55045,clinc
296,324,Church St at Hillside Ave,33.965397,-84.550136,clinc
297,325,Church St at Sessions St,33.961234,-84.550187,clinc
298,326,Church St at Kennesaw Ave,33.95715,-84.55028,clinc
299,327,Cumberland Pkwy at Beech Haven Tr,33.849055,-84.482543,clinc
300,328,Cumberland Blvd at Magnolia Vinings Apts,33.852173,-84.481218,clinc
301,329,S Service Rd at Riverside Pkwy,33.772811,-84.557991,clinc
302,330,Cherokee St at Montgomery St,33.959921,-84.548697,clinc
303,331,Cherokee St at Freyer Rd,33.963483,-84.547958,clinc
304,332,Cherokee St at Chicopee Dr,33.965694,-84.547839,clinc
305,333,Cherokee St at Lewis Dr,33.969712,-84.549983,clinc
306,334,Church St Ext at Elizabeth St,33.974282,-84.552198,clinc
307,335,Bells Ferry Rd at Old 41 Hwy,33.979777,-84.55872,clinc
308,336,Bells Ferry Rd at Cobb Pkwy,33.98204,-84.557783,clinc
309,337,Bells Ferry Rd at Adair Dr,33.986491,-84.555177,clinc
310,338,Bells Ferry Rd at Bridgestone Dr,33.993403,-84.549626,clinc
311,339,Bells Ferry Rd at Mark Ave,33.998017,-84.54681,clinc
312,340,Bells Ferry Rd at Arnold Ave,34.001499,-84.545394,clinc
313,341,Bells Ferry Rd at Bristol Ln,34.009637,-84.547401,clinc
314,342,Bells Ferry Rd at Highoak Dr,34.012531,-84.548368,clinc
315,343,Barrett Pkwy at Prado Ln,34.014207,-84.551489,clinc
316,344,Barrett Pkwy at Chastain Meadows Pkwy,34.014144,-84.554989,clinc
317,345,Barrett Pkwy at Busbee Pkwy,34.012556,-84.563748,clinc
318,346,Busbee Pkwy at Town Center Dr,34.013064,-84.565517,clinc
319,347,Busbee Pkwy at Garden Ridge,34.023401,-84.567565,clinc
320,348,Busbee Pkwy at Big Shanty Rd,34.026891,-84.567659,clinc
321,349,Busbee Dr at KSU Center,34.031517,-84.572619,clinc
322,350,Busbee Dr at Townpark Ln,34.036139,-84.574757,clinc
323,354,Frey Rd at KSU Central Parking Deck,34.04231,-84.58117,clinc
324,355,Cumberland Blvd at Publix,33.862219,-84.477647,clinc
325,361,Vaughn Rd at Barrett Corners Dr,34.001536,-84.590739,clinc
326,362,Cobb Pkwy at White Circle,33.988213,-84.574191,clinc
327,363,Cobb Pkwy at Bells Ferry Rd,33.980365,-84.556902,clinc
328,364,Cobb Pkwy at Elizabeth Church Rd,33.978599,-84.552823,clinc
329,365,Cobb Pkwy at Industrial Park Dr,33.975807,-84.54658,clinc
330,366,Cobb Pkwy at Allgood Rd,33.968884,-84.537801,clinc
331,367,Cobb Pkwy at Abc Recycling,33.966181,-84.534724,clinc
332,373,Cobb Pkwy at Seminole Pl,33.966187,-84.534359,clinc
333,374,Cobb Pkwy at Industrial Park Dr,33.971332,-84.540005,clinc
334,375,Cobb Pkwy at Industrial Park Dr,33.974633,-84.543799,clinc
335,376,Cobb Pkwy at Kennestone Circle,33.97948,-84.553976,clinc
336,377,Cobb Pkwy at Bells Ferry Rd,33.982135,-84.559837,clinc
337,378,Cobb Pkwy at White Cir,33.990969,-84.577769,clinc
338,379,Vaughn Rd at Roberts Blvd,34.003956,-84.590498,clinc
339,380,Barrett Pkwy at Barrett Lakes Blvd,34.003385,-84.578497,clinc
340,385,Busbee Pkwy at Big Shanty Rd,34.026743,-84.568012,clinc
341,386,Busbee Pkwy at Town Center Dr,34.021515,-84.567862,clinc
342,389,Akers Mill Rd at Galleria Dr,33.883328,-84.461925,clinc
343,390,Akers Mill Rd at Cobb Galleria Pkwy,33.884467,-84.460286,clinc
344,392,Akers Mill Rd at Towercreek Pkwy,33.891929,-84.454638,clinc
345,393,Akers Mill Rd at Akers Dr,33.893634,-84.453278,clinc
346,394,Akers Mill Rd at Walton On The Chattahoochee,33.896732,-84.449777,clinc
347,395,Akers Mill Rd at Powers Ferry Rd,33.898661,-84.447461,clinc
348,396,Powers Ferry Rd at Rivers Apartments,33.90143,-84.449618,clinc
349,397,Powers Ferry Rd at Windy Ridge Pkwy,33.902679,-84.455079,clinc
350,398,Powers Ferry Rd at Parkwood Circle,33.903782,-84.460111,clinc
351,399,Powers Ferry Rd at Windy Hill Rd,33.905159,-84.463241,clinc
352,400,Powers Ferry Rd at Powers Ridge Office Park,33.909087,-84.465008,clinc
353,401,Powers Ferry Rd at Wildwood Pkwy,33.913529,-84.465036,clinc
354,403,Powers Ferry Rd at Terrell Mill Rd,33.920701,-84.467321,clinc
355,404,Powers Ferry Rd at Powers Ferry Common,33.922125,-84.467809,clinc
356,405,Delk Rd at Powers Ferry Rd,33.924098,-84.470608,clinc
357,406,Delk Rd at Brunswick Bowling Lane,33.923004,-84.474009,clinc
358,407,Delk Rd at Bentley Rd,33.922602,-84.476314,clinc
359,408,Delk Rd at Northchase Pkwy,33.92279,-84.479936,clinc
360,409,Delk Rd at Powers Ferry Pl,33.922801,-84.48206,clinc
361,410,Franklin Gateway Se at Kingston Ct,33.924658,-84.49196,clinc
362,411,Franklin Rd at Autumn View Apartments,33.927046,-84.49255,clinc
363,412,Franklin Rd at Franklin Plaza,33.928117,-84.493623,clinc
364,413,Franklin Gateway Se at Franklin Ct,33.931443,-84.497462,clinc
365,414,Franklin Gateway Se at Citgo Gas Station,33.932667,-84.499875,clinc
366,415,Franklin Rd at Ashton Place Apartments,33.934372,-84.503111,clinc
367,416,Franklin Rd at Twin Brooks Dr,33.935936,-84.50428,clinc
368,417,Franklin Rd at Parkway Pl,33.937918,-84.50687,clinc
369,418,S Marietta Pkwy at Wylie Rd,33.940328,-84.511622,clinc
370,419,Cobb Pkwy at S Marietta Pkwy,33.942688,-84.515986,clinc
371,420,Cobb Pkwy at Freys Gin Rd,33.945353,-84.517437,clinc
372,421,Cobb Pkwy at Marietta Trade Center,33.946174,-84.517911,clinc
373,422,Cobb Pkwy at Marietta Trade Center,33.948364,-84.519088,clinc
374,426,Cobb Pkwy at N Marietta Pkwy,33.961888,-84.529577,clinc
375,427,Cobb Pkwy at Seminole Pl,33.96429,-84.532245,clinc
376,432,Fairground St at Rigby St,33.956728,-84.535637,clinc
377,433,Fairground St at Lawrence St,33.953691,-84.534771,clinc
378,434,Fairground St at Fort St,33.95389,-84.534548,clinc
379,438,Cobb Pkwy at Seminole Dr,33.964266,-84.532577,clinc
380,439,Cobb Pkwy at N Marietta Pkwy,33.961977,-84.530108,clinc
381,443,Cobb Pkwy at Marietta Trade Center,33.945779,-84.518059,clinc
382,444,S Marietta Pkwy at Cobb Pkwy,33.940751,-84.513625,clinc
383,445,S Marietta Pkwy at Wylie Rd,33.939924,-84.511723,clinc
384,446,Franklin Rd at S Marietta Pkwy,33.938535,-84.50767,clinc
385,447,Franklin Rd at Ridge Points Apartments,33.934019,-84.503011,clinc
386,448,Franklin Rd at Cinnamon Ridge,33.932374,-84.499626,clinc
387,449,Franklin Rd at Franklin Ct,33.930163,-84.496391,clinc
388,450,Franklin Rd at Marquis Place,33.927772,-84.4936,clinc
389,451,Franklin Rd at Delk Industrial Blvd,33.926289,-84.492354,clinc
390,452,Franklin Rd at Kingston Ct,33.924562,-84.49216,clinc
391,453,Delk Rd at Franklin Rd,33.922529,-84.490931,clinc
392,454,Delk Rd at Northchase Pkwy,33.92251,-84.479652,clinc
393,455,Delk Rd at Bentley Rd,33.92256,-84.475138,clinc
394,456,Delk Rd at Powers Ferry Rd,33.923958,-84.469975,clinc
395,457,Powers Ferry Rd at Powers Ferry Common,33.92206,-84.468081,clinc
396,458,Powers Ferry Rd at Terrell Mill Rd,33.91888,-84.467228,clinc
397,459,Powers Ferry Rd at Terrell Mill Rd,33.916973,-84.466689,clinc
398,460,Powers Ferry Rd at Wildwood Pkwy,33.913253,-84.465376,clinc
399,461,Powers Ferry Rd at Windy Hill Rd,33.904987,-84.463593,clinc
400,462,Powers Ferry Rd at Parkwood Circle,33.903484,-84.460138,clinc
401,463,Powers Ferry Rd at Shadowood Pkwy,33.902289,-84.454548,clinc
402,464,Powers Ferry Rd at Shadowood Office Park,33.901162,-84.449621,clinc
403,465,Akers Mill Rd at Walton On The Chattahoochee,33.897102,-84.449609,clinc
404,466,Akers Mill Rd at The Columns at Akers Mill,33.895492,-84.451443,clinc
405,468,Cobb Galleria Pkwy at Riverwood Pkwy,33.881004,-84.456565,clinc
406,469,Akers Mill Rd at Galleria Dr,33.883675,-84.461856,clinc
407,470,Spring Rd Se at Spring Creek Pl,33.883587,-84.491642,clinc
408,471,Spring Rd at Spring Creek Pl,33.883352,-84.490825,clinc
409,474,Spring St at Luckie St,33.75828,-84.390686,clinc
410,476,Spring St at John Portman Blvd,33.761081,-84.388996,clinc
411,477,Spring St at Baker St,33.762194,-84.388966,clinc
412,478,West Peachtree St at 3Rd St,33.773604,-84.387223,clinc
413,479,West Peachtree St at 4th St,33.77489,-84.387259,clinc
414,482,West Peachtree St at 14Th St,33.787129,-84.387548,clinc
415,485,Centennial Olympic Park Dr at Andrew Young Intl Bl,33.759924,-84.392159,clinc
416,486,Marietta St at Ted Turner Dr,33.757017,-84.392883,clinc
417,496,MLK Jr Dr at Forsyth St,33.752779,-84.393352,clinc
418,511,Cumberland Pkwy at The Pointe at Vinings,33.875734,-84.474146,clinc
419,513,Akers Mill Rd at Towercreek Pkwy,33.891872,-84.454888,clinc
420,516,Roswell St at Alexander St,33.951038,-84.545026,clinc
421,517,Six Flags Dr at Riverside Pkwy,33.776252,-84.563511,clinc
422,518,Church St Ext at Loudermilk Dr,33.978527,-84.557189,clinc
423,520,Vaughn Rd at Cobb Pkwy,34.001634,-84.590604,clinc
424,522,Busbee Park-N-Ride,34.029135,-84.569824,clinc
425,524,Circle 75 Pkwy at 1000 Building,33.889609,-84.466237,clinc
426,525,Circle 75 Pkwy at Windy Hill Rd,33.899977,-84.474933,clinc
427,531,Circle 75 Pkwy at 900 Building,33.887837,-84.468759,clinc
428,534,Interstate North Pkwy at 150 Building,33.901372,-84.465904,clinc
429,535,Interstate North Pkwy at Windy Hill Rd,33.903672,-84.466101,clinc
430,536,Windy Ridge Pkwy at Parkwood Cir,33.904323,-84.45904,clinc
431,537,Interstate North Pkwy at Marriott,33.897538,-84.46703,clinc
432,540,Acworth Park & Ride,34.077294,-84.656416,clinc
433,541,Akers Mill Rd at The Columns Entrance,33.894395,-84.452408,clinc
434,542,Powers Ferry Rd at Carithers Flowers,33.910684,-84.465001,clinc
435,543,Windy Hill Rd at Windy Ridge Pkwy,33.906339,-84.462203,clinc
436,546,Franklin Rd at Twin Brooks Dr,33.935775,-84.504527,clinc
437,548,Cumberland Blvd at Publix,33.86277,-84.477456,clinc
438,549,Cumberland Pkwy at Paces Walk Se,33.859898,-84.479607,clinc
439,550,Cobb Pkwy at Ga 280 Delk On-Ramp,33.919595,-84.502662,clinc
440,551,S Cobb Dr at Walthall Ave,33.922692,-84.550405,clinc
441,552,Floyd Rd at White Blvd,33.836128,-84.57634,clinc
442,553,Church St Ext at Cobb Emc Pkwy,33.976757,-84.554618,clinc
443,554,Cherokee St at Forest Ave,33.956222,-84.549023,clinc
444,556,N Marietta Pkwy at Amy Dr,33.959195,-84.532527,clinc
445,557,Cumberland Blvd at Magnolia Apts,33.852029,-84.481429,clinc
446,558,Cumberland Pkwy at Beech Haven Tr,33.848751,-84.484285,clinc
447,559,Cobb Pkwy at White Cir,33.986538,-84.569792,clinc
448,560,Cobb Pkwy at Barrett Pkwy,33.997787,-84.586073,clinc
449,561,Cumberland Blvd at Bridgehaven Dr,33.849251,-84.490213,clinc
450,562,Cumberland Pkwy at Atlanta Rd,33.848842,-84.49446,clinc
451,563,Cumberland Pkwy at S Cobb Dr,33.844708,-84.499742,clinc
452,564,S Cobb Dr at Cooper Lake Rd,33.846564,-84.504241,clinc
453,565,Cumberland Pkwy at Adams Lake Blvd,33.875571,-84.473919,clinc
454,566,S Cobb Dr at Ridgeview / Emory,33.855307,-84.512867,clinc
455,568,Windy Hill Rd at N Park Pl,33.902992,-84.481078,clinc
456,569,County Services Pkwy at Cobb Co Dot,33.906604,-84.582528,clinc
457,570,Windy Hill Rd at N Park Pl,33.902297,-84.480814,clinc
458,571,Windy Hill Rd at Wildwood Pkwy,33.911297,-84.460094,clinc
459,572,Austell Rd at Darnell Rd,33.920305,-84.546358,clinc
460,574,Atlanta Rd at Perrin Rd,33.931193,-84.540392,clinc
461,575,Atlanta St at Pearl St,33.946217,-84.547586,clinc
462,577,Bells Ferry Rd at Bristol Ln,34.00985,-84.547695,clinc
463,578,Bells Ferry Rd at Manuel Dr,33.990447,-84.551575,clinc
464,579,Bells Ferry Rd at Turner Rd,33.988255,-84.553667,clinc
465,580,Bells Ferry Rd at Cottage Way,33.986494,-84.555438,clinc
466,581,Bells Ferry Rd at Field Pkwy,33.984413,-84.55656,clinc
467,582,Church St at Vann St,33.972112,-84.550994,clinc
468,583,N Marietta Pkwy at Fairground St,33.95871,-84.53592,clinc
469,584,Roberts Blvd at Cobb Place Blvd,34.004162,-84.585827,clinc
470,587,Austell Rd at Dorothy Dr,33.890292,-84.580588,clinc
471,588,Factory Shoals Rd at Britt Rd,33.795633,-84.572094,clinc
472,589,S Service Rd at Six Flags Pkwy,33.771752,-84.553071,clinc
473,590,Bells Ferry Rd at Old Bells Ferry Rd,33.984547,-84.556267,clinc
474,591,Bells Ferry Rd at Dickson Rd,33.987799,-84.554008,clinc
475,592,Bells Ferry Rd at Manuel Dr,33.990509,-84.55142,clinc
476,593,Bells Ferry Rd at Skip Wells Park,34.006717,-84.546194,clinc
477,594,Busbee Park-N-Ride,34.029359,-84.570409,clinc
478,598,Barrett Pkwy at Cobb Place Blvd,34.007713,-84.571797,clinc
479,599,Barrett Pkwy at Barrett Lakes Blvd,34.00503,-84.576487,clinc
480,600,Roberts Blvd at Cobb Place Blvd,34.00444,-84.586938,clinc
481,601,Vaughn Rd at Bentley Pl,34.003015,-84.59074,clinc
482,602,Cobb Pkwy at Barrett Pkwy,33.99773,-84.58657,clinc
483,603,Cobb Pkwy at Pete Scoggin Pkwy,33.98602,-84.569367,clinc
484,604,N Marietta Pkwy at Amy Dr,33.959097,-84.533502,clinc
485,606,Circle 75 Pkwy at 900 Building,33.887899,-84.468264,clinc
486,613,Circle 75 Pkwy at Herodian Way,33.895225,-84.468248,clinc
487,615,Circle 75 Pkwy at 1000 Building Entrance,33.889828,-84.466362,clinc
488,616,Busbee Pkwy at Town Center Dr,34.021992,-84.567602,clinc
489,617,Fairground St at Rigby St,33.956488,-84.535,clinc
490,620,County Services Pkwy at Cobb Co Trash Transfer Stn,33.906682,-84.582242,clinc
491,626,Interstate North Pkwy at 180 Building,33.900116,-84.46834,clinc
492,627,Interstate North Pkwy at 180 Building,33.900693,-84.466903,clinc
493,628,Interstate North Pkwy at 150 Building,33.902242,-84.465529,clinc
494,629,Atlanta Rd at E Dixie Ave,33.941255,-84.544274,clinc
495,630,Atlanta Rd at E Dixie Ave,33.940842,-84.544015,clinc
496,631,Cherokee St at Blackwell St,33.95766,-84.548965,clinc
497,632,Bells Ferry Rd at Oak Harbor Trl,33.996883,-84.54753,clinc
498,634,Busbee Dr at KSU Center,34.031998,-84.573249,clinc
499,637,Akers Mill Rd at Powers Ferry Rd,33.898446,-84.447964,clinc
500,645,Blair Bridge Rd at S Gordon Rd,33.789184,-84.580426,clinc
501,646,Blair Bridge Rd at Hembree Dr,33.786524,-84.587196,clinc
502,647,Blair Bridge Rd at Blairs View Dr,33.782245,-84.593889,clinc
503,648,Riverside Pkwy at Lake Crossing,33.779583,-84.592585,clinc
504,649,Six Flags Dr at Summer Stone Ln,33.777773,-84.589712,clinc
505,650,Six Flags Dr at Winterglen Ln,33.777657,-84.584502,clinc
506,651,Six Flags Dr at Pine View Way,33.778479,-84.580589,clinc
507,652,Six Flags Dr at Factory Shoals Rd,33.778525,-84.575948,clinc
508,653,Six Flags Dr at Factory Shoals Rd,33.778675,-84.576743,clinc
509,654,Six Flags Dr at Springchase St,33.778655,-84.579752,clinc
510,655,Six Flags Dr at Winterglen Lane,33.777876,-84.586011,clinc
511,656,Six Flags Dr at Winterbrook Way,33.778464,-84.590581,clinc
512,657,Blair Bridge Rd at Six Flags Dr,33.782243,-84.593649,clinc
513,658,Blair Bridge Rd at Pleasant Dr,33.786406,-84.587189,clinc
514,659,Blair Bridge Rd at William Rd,33.787861,-84.583454,clinc
515,660,Blair Bridge Rd at S Gordon Rd,33.789092,-84.580323,clinc
516,661,County Services Pkwy at Cobb Co Juvenile Detention,33.916609,-84.582412,clinc
517,662,Cherokee St at Canton Rd,33.968607,-84.548366,clinc
518,666,S Marietta Pkwy at Franklin Rd,33.939597,-84.508808,clinc
519,668,County Services Pkwy at Cobb County Juvenile Deten,33.916621,-84.582205,clinc
520,669,S Cobb Dr at Magnolia Dr,33.866197,-84.523839,clinc
521,670,Atlanta Rd at Generals Rd,33.930255,-84.540718,clinc
522,671,S Cobb Dr at Mccaulley Rd,33.8665,-84.523693,clinc
523,672,Spring Rd SE at Woodruff Dr,33.883162,-84.482543,clinc
524,673,Factory Shoals Rd at S Gordon Rd,33.789667,-84.575589,clinc
525,676,Circle 75 Pkwy at Days Inn,33.898448,-84.473384,clinc
526,678,Circle 75 Pkwy at Herodian Way,33.895769,-84.468956,clinc
527,687,Windy Hill Rd at The Towers At Wildwood Plaza,33.913022,-84.461093,clinc
528,688,Windy Hill Rd at Wildwood Pkwy,33.910894,-84.460298,clinc
529,689,Windy Hill Rd at Village Pkwy,33.899488,-84.493967,clinc
530,690,Windy Hill Rd at Village Pkwy,33.899215,-84.494008,clinc
531,691,Spring Rd SE at Sports Ave SE,33.883132,-84.477243,clinc
532,692,Spring St at Sports Ave,33.883357,-84.477408,clinc
533,703,H E Holmes Dr at Mlk Jr Dr,33.752284,-84.467609,clinc
534,707,S Marietta Pkwy at Waverly Way,33.949614,-84.551068,clinc
535,708,S Marietta Pkwy at Roswell Street,33.951858,-84.551922,clinc
536,710,S Marietta Pkwy at Crescent Cir,33.950103,-84.551649,clinc
537,711,Powder Springs St at Bellemeade Dr,33.925234,-84.573757,clinc
538,717,Arts Center Station,33.789418,-84.38712,clinc
539,720,Hamilton E. Holmes Station,33.7542,-84.47055,clinc
540,746,Concord Rd SE at King Springs Rd,33.876238,-84.520777,clinc
541,747,Concord Rd SE at S Cobb Dr,33.874756,-84.529389,clinc
542,748,Concord Rd at Smyrna Fire Station No 2,33.871962,-84.53419,clinc
543,749,Concord Rd SE at N Cooper Lake Rd,33.868485,-84.537814,clinc
544,750,Hurt Rd SE at Springbrook Trl,33.867744,-84.545457,clinc
545,751,Hurt Rd SE at Landrum Dr,33.868895,-84.552965,clinc
546,752,Hurt Rd SW at Brooks Ct,33.869941,-84.555129,clinc
547,753,Hurt Rd SW at Mallard Glen,33.869986,-84.557644,clinc
548,754,Hurt Rd SW at Harris Rd,33.869955,-84.561046,clinc
549,756,Hurt Rd at Hurt Rd,33.864542,-84.569612,clinc
550,757,Hurt Rd at Donald Rd,33.863692,-84.574364,clinc
551,758,Hurt Rd at Hicks Rd,33.864429,-84.576695,clinc
552,759,Hurt Rd at Tranquil Dr,33.864686,-84.58192,clinc
553,760,Hurt Rd at Dyer Parke Ln SW,33.864431,-84.586372,clinc
554,761,Hurt Rd at Settlers Walk Way,33.863495,-84.590108,clinc
555,762,Hurt Rd at Floyd Rd,33.862241,-84.593962,clinc
556,763,Austell Rd at Orange Hill Rd,33.850868,-84.606343,clinc
557,764,Austell Rd at Anderson Mill Rd,33.849192,-84.607815,clinc
558,765,Austell Rd at Elmwood Dr,33.845959,-84.609344,clinc
559,766,Austell Rd at Seayes Rd,33.839288,-84.611244,clinc
560,767,Austell Rd at Evergreen Dr,33.836561,-84.611548,clinc
561,768,Austell Rd at Clay Rd,33.831948,-84.612574,clinc
562,769,Austell Rd at Perkerson Mill Rd SW,33.828282,-84.614421,clinc
563,770,Austell Rd at Bishop Row SW,33.821105,-84.617793,clinc
564,771,Austell Rd at Landington Dr,33.818832,-84.61819,clinc
565,772,Maxham Rd at Salt Springs Pl,33.812178,-84.619478,clinc
566,773,Maxham Rd at Salt Springs Pl,33.810061,-84.619842,clinc
567,774,Maxham Rd at Pontiac Cir,33.807898,-84.620026,clinc
568,775,Old Alabama Rd SW at South Gordon Rd SW,33.804717,-84.611042,clinc
569,776,Old Alabama Rd Sw at James Rd,33.808041,-84.598255,clinc
570,777,Old Alabama Rd SW at S Glenn Forest SW,33.808179,-84.590236,clinc
571,778,Old Alabama Rd at Pebblebrook High School,33.80753,-84.581596,clinc
572,779,Old Alabama Rd SW at Pisgah Rd SW,33.808944,-84.577976,clinc
573,780,Old Alabama Rd SW at Old Powder Springs Rd SW,33.809453,-84.575444,clinc
574,781,Mableton Pkwy Sw at Community Rd,33.800272,-84.566574,clinc
575,782,Mableton Pkwy at Gordon Valley Lane,33.795823,-84.562692,clinc
576,783,Mableton Pkwy at South Gordon Rd,33.793867,-84.560947,clinc
577,784,S Gordon Rd at Riverside Intermediate School,33.790847,-84.563161,clinc
578,785,Hillcrest Dr SE at Shenandoah Trail,33.789016,-84.564268,clinc
579,786,Hillcrest Dr SE at Bonnes Dr SW,33.787141,-84.559046,clinc
580,787,Hillcrest Dr SE at Wilhelmia Dr,33.78532,-84.555661,clinc
581,788,Hillcrest Dr SE at Hillcrest Chase Ln,33.78172,-84.551161,clinc
582,789,Hillcrest Dr SE at Six Flags Pkwy,33.778826,-84.54596,clinc
583,790,Six Flags Pkwy SW at Silver Arrow Cir,33.775675,-84.550112,clinc
584,791,Six Flags Pkwy SW at Silver Arrow Cir,33.775478,-84.550113,clinc
585,792,Six Flags Pkwy SW at Bishop Rd,33.777999,-84.546799,clinc
586,793,Hillcrest Dr SE at Hillcrest Chase Ln,33.781677,-84.550821,clinc
587,794,Hillcrest Dr SE at Satterlee Woods Ln,33.783447,-84.553185,clinc
588,795,Hillcrest Dr SE at Brumley Cove Dr,33.784506,-84.554439,clinc
589,796,Hillcrest Dr SE at Bridgewood Dr,33.786951,-84.55787,clinc
590,797,Hillcrest Dr SE at South Gordon Rd,33.789358,-84.564532,clinc
591,798,S Gordon Rd at Riverside Intermediate School,33.790785,-84.562967,clinc
592,799,Mableton Pkwy SW at South Gordon Rd SW,33.794214,-84.560914,clinc
593,800,Mableton Pkwy SW at Twain Cir,33.799468,-84.565473,clinc
594,801,Mableton Pkwy SW at Factory Schoals Rd SW,33.801628,-84.567175,clinc
595,802,Old Alabama Rd at Mableton Pkwy,33.810656,-84.572635,clinc
596,803,Old Alabama Rd SW at Old Powder Springs Rd SW,33.809659,-84.575005,clinc
597,804,Old Alabama Rd SW at Pisgah Rd,33.809111,-84.577649,clinc
598,805,Old Alabama Rd SW at Sunset Blvd,33.808301,-84.580309,clinc
599,806,Old Alabama Rd SW at Dunn Rd,33.808162,-84.589127,clinc
600,807,Old Alabama Rd SW at James Rd,33.808178,-84.597878,clinc
601,808,Old Alabama Rd SW at Hickory Hill Dr,33.804757,-84.611458,clinc
602,809,Old Alabama Rd at Shadygrove Walk (Not 25 Timepoin,33.802802,-84.617774,clinc
603,810,Maxham Rd at Poldar Way,33.808303,-84.619678,clinc
604,811,Maxham Rd at Maxham Rd,33.812614,-84.619066,clinc
605,812,Austell Rd at Landington Dr,33.819274,-84.617896,clinc
606,813,Austell Rd at Perkerson Mill Rd SW,33.827724,-84.614382,clinc
607,814,Austell Rd at Austell Plaza,33.830285,-84.613073,clinc
608,815,Austell Rd at Roberta Cir Ext,33.836599,-84.611289,clinc
609,816,Austell Rd at Stallion Pkwy SW,33.838909,-84.610982,clinc
610,817,Austell Rd at Elmwood Dr,33.846174,-84.609039,clinc
611,818,Austell Rd at Lowes,33.851094,-84.605742,clinc
612,819,Austell Rd at Orange Grove Pl,33.848115,-84.608289,clinc
613,820,Hurt Rd at Floyd Rd,33.861811,-84.59528,clinc
614,821,Hurt Rd at Creek Forest Ln,33.862818,-84.59158,clinc
615,822,Hurt Rd at Dyer Parke Ln SW,33.864216,-84.585332,clinc
616,823,Hurt Rd at Tranquil Dr,33.864577,-84.581808,clinc
617,824,Hurt Rd at Hicks Rd,33.863723,-84.575908,clinc
618,825,Hurt Rd at Donald Rd,33.863539,-84.573609,clinc
619,826,Hurt Rd at S Hurt Rd,33.864383,-84.56981,clinc
620,828,Hurt Rd SW at Lakeshore Dr,33.869832,-84.561049,clinc
621,829,Hurt Rd SW at Lakeshore Dr,33.869859,-84.558367,clinc
622,830,Hurt Rd SW at Brooks Ct,33.869744,-84.554468,clinc
623,831,Hurt Rd SE at Lucia Dr,33.868329,-84.55035,clinc
624,832,Hurt Rd SE at Springbrook Trail,33.867566,-84.544776,clinc
625,833,Hurt Rd at Hurt Rd,33.867173,-84.54078,clinc
626,834,Concord Rd at Alcott Dr,33.869383,-84.536889,clinc
627,835,Concord Rd SE at S Cobb Dr,33.874526,-84.529186,clinc
628,836,Cumberland Blvd at Cotton St,33.887091,-84.476188,clinc
629,837,Cumberland Blvd at Spring Rd,33.886696,-84.476126,clinc
630,844,Cumberland Blvd at Residence Inn Loop,33.885727,-84.476594,clinc
631,845,Cumberland Blvd at Cotton St,33.884909,-84.476825,clinc
632,846,Cumberland Pkwy at Home Services at Home Depot Par,33.86921,-84.475457,clinc
633,847,Cumberland Pkwy at Kaiser Permanente,33.866997,-84.476801,clinc
634,848,Cumberland Pkwy at Unipro Corporate Office / Kaise,33.86722,-84.476507,clinc
635,849,Cumberland Pkwy at Home Services at Home Depot Par,33.869383,-84.475674,clinc
636,869,Cumberland Blvd at Akers Mill Rd SE,33.877939,-84.464877,clinc
637,870,Cumberland Blvd at Stillhouse Creek Dr/Riverwood P,33.87751,-84.46356,clinc
638,871,Cumberland Blvd at Walton Riverwood Ln SE / First,33.875775,-84.459242,clinc
639,873,Cobb Pkwy at Galleria Pkwy,33.881835,-84.465853,clinc
640,875,Windy Ridge Pkwy at Boy Scouts of America,33.893423,-84.465567,clinc
641,876,Interstate N Pkwy at Windy Ridge Pkwy SE / Cobb Ch,33.895602,-84.464396,clinc
642,878,Akers Mill Rd at Cumberland Blvd,33.888799,-84.456165,clinc
643,882,Windy Ridge Pkwy at Circle 75 Pkwy,33.892803,-84.466848,clinc
644,886,Cumberland Pkwy SE at Hampton Inn,33.877813,-84.472589,clinc
645,887,Cumberland Pkwy SE at Mt Wilkinson Pkwy,33.871785,-84.474494,clinc
646,900,Windy Ridge Pkwy / 2500 Windy Ridge Building,33.903972,-84.457258,clinc
647,901,Windy Ridge Pkwy / 2300 Windy Ridge Buiding,33.9052,-84.460422,clinc
648,922,Cobb Galleria Pkwy at Cumberland Blvd,33.87944,-84.45515,clinc
649,923,Heritage Ct at Windy Ridge Pkwy,33.88853,-84.47074,clinc
650,928,Old Alabama Rd at Cardell Rd,33.801808,-84.619246,clinc
651,929,Cumberland Pkwy at Mt Wilkinson Pkwy,33.871957,-84.474893,clinc
652,931,Roswell St at Waddell St,33.952302,-84.548003,clinc
653,932,S Marietta Pkwy at Whitlock Ave,33.951666,-84.552145,clinc
654,933,Rossbacher Way at East Visitor Parking,33.94113,-84.51994,clinc
655,934,Aviation Rd at S Park Dr,33.94571,-84.52666,clinc
656,935,Aviation Rd at S Park Dr,33.945116,-84.527021,clinc
657,936,Roswell St at Dodd St,33.95105,-84.522196,clinc
658,937,Roswell St at Cobb Pkwy,33.950825,-84.521569,clinc
659,938,Barrett Pkwy at Cobb Place Blvd,34.007215,-84.571882,clinc
660,939,Cherokee St at Lawrence St,33.953542,-84.548892,clinc
661,940,Windy Hill Rd at Bouldercrest Dr,33.894638,-84.552188,clinc
662,941,Aviation Rd at Roswell St,33.950339,-84.527911,clinc
663,942,Aviation Rd at Roswell St,33.950511,-84.527854,clinc
664,943,Gresham Rd at Woolco Dr Tt,33.95517,-84.517248,clinc
665,944,Cobb Pkwy at Industrial Park Dr,33.970944,-84.540036,clinc
666,947,S Cobb Dr at Ridge Rd / Smyrna Towers,33.854527,-84.51261,clinc
667,967,Baker St at Peachtree St,33.762306,-84.38718,clinc
668,968,Central Ave at Wall St,33.752412,-84.388429,clinc
669,969,Forsyth Street at Martin Luther King Junior Drive,33.752241,-84.39396,clinc
670,970,John Portman Blvd at Courtland St,33.760901,-84.384659,clinc
671,971,Peachtree Center Ave at Auburn Ave,33.755261,-84.386054,clinc
672,972,Civic Center Station (West Peachtreet Street),33.766731,-84.387403,clinc
673,973,Civic Center Station (West Peachtreet Street),33.766146,-84.387608,clinc
674,974,West Peachtree Street at Peachtree Place,33.780654,-84.387333,clinc
675,975,West Peachtree St at 5th St,33.776185,-84.387253,clinc
676,976,North Avenue Station (West Peachtree Street),33.771924,-84.387247,clinc
677,977,Washington Street at Martin Luther King Junior Drive,33.750359,-84.388304,clinc
678,978,10th Street Northeast at Williams Street,33.781629,-84.390228,clinc
679,979,17th Street Northwest at Market Street Northwest,33.791061,-84.394768,clinc
680,980,17th Street Northwest at Village Street,33.789471,-84.402987,clinc
681,981,Akers Mill Road at Cumberland Boulevard,33.879359,-84.46439,clinc
682,982,Akers Mill Road at Cumberland Boulevard,33.879222,-84.464601,clinc
683,983,Burton Rd at Hamilton E Holmes Dr,33.755722,-84.468801,clinc
684,984,Courtland St at Auburn Ave,33.755912,-84.384348,clinc
685,985,Courtland St at Ellis St,33.7585,-84.384307,clinc
686,986,Courtland Street at Gilmer St,33.753111,-84.385795,clinc
687,987,Five Points Station (Forsyth Street at Alabama Street),33.754283,-84.392213,clinc
688,988,Five Points Station (Forsyth Street at Alabama Street),33.75407,-84.392577,clinc
689,989,Hamilton E Holmes Dr NW at Burton Rd NW,33.755636,-84.46843,clinc
690,990,Marietta Street Northwest at Fairlie Street Northwest,33.75562,-84.391408,clinc
691,991,Marietta Street Northwest at Ted Turner Drive,33.756927,-84.392485,clinc
692,992,Martin Luther King Junior Drive at Stone Hurst Place,33.752733,-84.469535,clinc
693,993,Martin Luther King Junior Drive at Peachtree Street,33.751932,-84.391726,clinc
694,994,Peachtree St at Baker St,33.762633,-84.387348,clinc
695,995,Six Flags Parkway at Service Road,33.771951,-84.552428,clinc
696,996,Ted Turner Drive at West Peachtree Place,33.76394,-84.388931,clinc
0,2,Sugarloaf Mills P&R,33.983805,-84.084292,gwinnett
1,3,Gwinnett Transit Center,33.963169,-84.131209,gwinnett
2,6,Doraville MARTA Station,33.902675,-84.279965,gwinnett
3,7,Beaver Ruin Rd & Price Pl,33.94104,-84.204013,gwinnett
4,9,Dawson/Live Oak & Jimmy Carter Blvd,33.907341,-84.204822,gwinnett
5,11,Live Oak Pkwy & Thompson Pkwy OB,33.906019,-84.202669,gwinnett
6,13,Beaver Ruin Rd & Steve Reynolds Blvd,33.931214,-84.147359,gwinnett
7,15,Peachtree Corners Cir & Holcomb Bridge R,33.958759,-84.246874,gwinnett
8,16,Sugarloaf Pkwy & Five Forks Trickum Rd,33.922554,-84.016913,gwinnett
9,17,Gwinnett Justice & Admin Center,33.950637,-83.995067,gwinnett
10,19,I-985 @ SR20 P&R,34.085081,-83.995197,gwinnett
11,20,Civic Center Station (West Peachtreet Street),33.766146,-84.387608,gwinnett
12,21,John Portman Blvd @ Peachtree Center Ave,33.760898,-84.385603,gwinnett
13,22,Martin Luther King Junior Drive at Peachtree Street,33.751932,-84.391726,gwinnett
14,24,Central Avenue Southwest at Mitchell Street Southwest,33.749523,-84.3907,gwinnett
15,25,Forsyth Street at Martin Luther King Junior Drive,33.752241,-84.39396,gwinnett
16,26,Peachtree Center Avenue at Andrew Young International Boulevard,33.759601,-84.386002,gwinnett
17,27,I-85 @ Indian Trail P&R,33.929735,-84.175444,gwinnett
18,28,Shackleford Rd & Kaiser Permanente Bldg,33.946362,-84.134772,gwinnett
19,29,Breckinridge Blvd/Old Norcross Rd,33.958446,-84.110161,gwinnett
20,30,Lawrenceville Hwy & Indian Trail/Killian,33.894851,-84.140301,gwinnett
21,32,Arts Center MARTA Station,33.789285,-84.386904,gwinnett
22,48,Buford Hwy & Beaver Ruin Rd,33.94394,-84.203065,gwinnett
23,58,Peachtree Pkwy & Quicktrip IBOB (End of ,33.976678,-84.218487,gwinnett
24,60,Beaver Ruin Rd & Buford Hwy (McD's),33.944569,-84.204422,gwinnett
25,61,Brook Hollow Pkwy & N Norcross,33.920547,-84.214868,gwinnett
26,62,Brook Hollow Pkwy & N Norcross,33.920809,-84.214782,gwinnett
27,64,Live Oak Pkwy & Carter Oak Crossing,33.907516,-84.204515,gwinnett
28,65,Lawrenceville Hwy & Indian Trail Rd,33.894945,-84.140578,gwinnett
29,66,Holcomb Bridge Rd & Peachtree Corners Ci,33.958374,-84.247765,gwinnett
30,67,Gwinnett Justice & Admin Center,33.952173,-83.992757,gwinnett
31,69,Steve Reynolds Blvd & Beaver Ruin Rd,33.92999,-84.1471,gwinnett
32,71,1535 Atkinson Rd,33.967461,-84.071443,gwinnett
33,73,Atkinson Rd & Dollar Tree,33.976279,-84.078886,gwinnett
34,74,Atkinson & Shell Gas Station,33.976316,-84.07916,gwinnett
35,77,Atkinson Rd & Westfield Dr,33.971512,-84.07516,gwinnett
36,78,Atkinson & Willow Pointe Dr,33.967641,-84.071988,gwinnett
37,79,Old Norcross Rd & Averitt OB,33.953461,-84.02377,gwinnett
38,80,Baker Street at Peachtree Street,33.762306,-84.38718,gwinnett
39,83,Beaver Ruin Rd & East Hill Way OB,33.938002,-84.18819,gwinnett
40,84,Beaver Ruin Rd at Bolton Cir IB,33.934073,-84.171288,gwinnett
41,85,Beaver Ruin Rd & Price Place IB,33.942777,-84.201469,gwinnett
42,86,Beaver Ruin Rd & Price Place (across) OB,33.942983,-84.201331,gwinnett
43,87,Beaver Ruin Rd & St. Patricks Church OB,33.935094,-84.182596,gwinnett
44,88,Beaver Ruin Rd at Family Denstistry IB,33.941996,-84.198799,gwinnett
45,89,Beaver Ruin Rd & Dept of Labor IB,33.936694,-84.186198,gwinnett
46,90,Beaver Ruin Rd & Rockborough Tr (DMV),33.936633,-84.185361,gwinnett
47,91,Beaver Ruin Rd at Huddersfield Way IB,33.939451,-84.193154,gwinnett
48,92,Beaver Ruin Rd & Indian Trail Rd OB,33.933096,-84.179327,gwinnett
49,94,Beaver Ruin Rd at Lowes IB,33.932784,-84.175557,gwinnett
50,95,Beaver Ruin Rd at Newbury Rd IB,33.939041,-84.191337,gwinnett
51,96,Beaver Ruin Rd at Pinnacle Way IB,33.934758,-84.183176,gwinnett
52,97,Beaver Ruin Rd at Plaza IB,33.933142,-84.180305,gwinnett
53,100,Beaver Ruin Rd & Beaver Ridge Elementary,33.933625,-84.173503,gwinnett
54,101,Beaver Ruin Rd & Sourwood Rd OB,33.935664,-84.169088,gwinnett
55,102,Beaver Ruin Rd & Twin Creek Dr,33.940049,-84.194581,gwinnett
56,103,Beaver Ruin Rd & NE Community Church OB,33.941503,-84.19757,gwinnett
57,104,Beaver Ruin Rd & Wexford Dr,33.937859,-84.18851,gwinnett
58,105,N Berkeley Lake Rd & Cross Road Dist,33.969913,-84.154171,gwinnett
59,106,N Berkeley Lake Rd & The Estates Apts OB,33.9713,-84.155256,gwinnett
60,107,N Berkeley Lake Rd & Marquis @ Nberkeley,33.968887,-84.151212,gwinnett
61,108,N Berkeley Lake Rd & Wal-Mart OB,33.969059,-84.149375,gwinnett
62,109,Pleasant Hill Rd & Lawrenceville Hwy OB,33.907193,-84.111582,gwinnett
63,111,Best Friend Rd & Best Friend Ct OB,33.919388,-84.222621,gwinnett
64,112,Best Friend Rd & Best Friend Ct IB,33.919472,-84.222317,gwinnett
65,113,Brook Hollow Pkwy & Best Friend Rd OB,33.921698,-84.219948,gwinnett
66,114,Best Friend Rd & Brook Hollow Pkwy,33.921325,-84.220014,gwinnett
67,115,Best Friend Rd & Nancy Hanks Dr OB,33.916913,-84.22609,gwinnett
68,116,Best Friend Rd & Nancy Hanks Dr IB,33.916796,-84.226034,gwinnett
69,117,Best Friend Rd & Royal Palm Ct OB,33.915618,-84.233462,gwinnett
70,118,Best Friend Rd & Royal Palm Ct IB,33.915501,-84.23308,gwinnett
71,119,Best Friend Rd & Skyland Ct OB,33.916055,-84.229996,gwinnett
72,120,Best Friend Rd & Skyland Ct IB,33.915943,-84.229968,gwinnett
73,121,Best Friend Rd & Button Gwinnett Dr IB,33.913808,-84.236366,gwinnett
74,122,Button Gwinnett Dr & Mimms Dr,33.917448,-84.240083,gwinnett
75,123,Button Gwinnett Dr & Mimms Dr IB,33.917404,-84.240192,gwinnett
76,124,Brook Hollow Pkwy & FedEx Entrance,33.919149,-84.212826,gwinnett
77,125,Boggs Rd & Duluth Hwy 120 IB,33.977217,-84.099943,gwinnett
78,126,Boggs Rd & Autumn Village Ct,33.955282,-84.094484,gwinnett
79,127,Boggs Rd & Astor Place Apartments,33.951301,-84.092138,gwinnett
80,128,Boggs Rd & Astor Place Apts,33.951412,-84.09188,gwinnett
81,129,Boggs Rd & Magnolia Pointe Apts,33.954013,-84.093701,gwinnett
82,130,Boggs Rd & Post Office (Main Entrance),33.958722,-84.093975,gwinnett
83,131,Boggs Rd & Quick Trip IB,33.97078,-84.09843,gwinnett
84,132,Boggs Rd & Meridian Apts,33.954369,-84.094291,gwinnett
85,133,Boggs Rd & Old Norcross Rd,33.949847,-84.091046,gwinnett
86,134,Boggs Rd & NCR1 (side entrance) OB,33.970779,-84.098714,gwinnett
87,135,Boggs Rd & Pinemeadow Ct (GE) OB,33.97292,-84.099645,gwinnett
88,136,Boggs Rd & Post Office  (First Entrance),33.958551,-84.093741,gwinnett
89,137,Boggs Rd & Post Office (3rd entrance),33.956658,-84.094013,gwinnett
90,138,Old Norcross Rd at Brass Key Ct,33.954118,-84.035731,gwinnett
91,139,Breckinridge Blvd & Duluth Hwy,33.976421,-84.083151,gwinnett
92,142,Breckinridge Blvd & Marcos Pizza OB,33.95663,-84.112053,gwinnett
93,143,3350 Breckinridge Blvd,33.954204,-84.121112,gwinnett
94,144,3350 Breckinridge Blvd (across),33.954927,-84.120044,gwinnett
95,145,Breckinridge Blvd & The Enclave @ Breck,33.96504,-84.085876,gwinnett
96,147,Breckinridge Blvd & Friendly Village,33.975116,-84.08363,gwinnett
97,148,Breckinridge Blvd & Kia Building,33.965649,-84.085802,gwinnett
98,149,Breckinridge Blvd & Newpoint Pl,33.971899,-84.085329,gwinnett
99,151,Breckinridge Blvd & RICOH (across),33.971405,-84.08523,gwinnett
100,153,Breckinridge Blvd & Fairfield Inn,33.950189,-84.126871,gwinnett
101,155,Breckinridge Blvd & Boggs Rd,33.961231,-84.094542,gwinnett
102,159,Brook Hollow Pkwy & PepBoys,33.917865,-84.21078,gwinnett
103,160,Brook Hollow Pkwy &Victory World Church,33.919693,-84.202831,gwinnett
104,161,Brook Hollow Pkwy & Indian Trail Rd OB,33.930028,-84.178129,gwinnett
105,162,Brook Hollow Pkwy & Chevron Gas Station,33.930186,-84.178401,gwinnett
106,163,Brook Hollow Pkwy & Financial Dr OB,33.918926,-84.204894,gwinnett
107,164,Brook Hollow Pkwy & Mitchell Rd OB,33.923053,-84.188547,gwinnett
108,165,Brook Hollow Pkwy & Mitchell Rd IB,33.92273,-84.189599,gwinnett
109,171,Brook Hollow Pkwy & Pinnacle Way OB,33.927681,-84.183172,gwinnett
110,172,Brook Hollow Pkwy & Pinnacle Way IB,33.927885,-84.183268,gwinnett
111,173,Brook Hollow Pkwy & Jimmy Carter Blvd OB,33.918163,-84.207817,gwinnett
112,174,Brook Hollow Pkwy & Jimmy Carter Blvd IB,33.917962,-84.207824,gwinnett
113,175,Brook Hollow & Indian Temple (1st Entran,33.918778,-84.20471,gwinnett
114,176,Brook Hollow Pkwy & Spring Lake Apts,33.920051,-84.200296,gwinnett
115,177,Brook Hollow Pkwy & Spring Lake Apts OB,33.920252,-84.200565,gwinnett
116,178,Brook Hollow Pkwy & EBD OB,33.920028,-84.198673,gwinnett
117,179,Brown Rd & Sugarloaf Pkwy IB,33.985335,-84.080525,gwinnett
118,180,Buford Hwy & Amwiler OB,33.923945,-84.250991,gwinnett
119,181,Beaver Ruin Rd & Buford Hwy (Las Tortas),33.94394,-84.203065,gwinnett
120,182,Buford Hwy & N Berkeley Lake Rd IB,33.97585,-84.164203,gwinnett
121,184,Buford Hwy & Andy Glass OB,33.914541,-84.261696,gwinnett
122,186,Buford Hwy & East Lake Dr (across) OB,33.922996,-84.25242,gwinnett
123,187,Buford Hwy & Gravitt Tr IB,33.97347,-84.167478,gwinnett
124,188,Buford Hwy & Hillside Dr,33.929036,-84.236715,gwinnett
125,189,Buford Hwy & Pine St OB,33.929579,-84.234346,gwinnett
126,190,Buford Hwy & S. Peachtree St  OB,33.931556,-84.225795,gwinnett
127,191,Buford Hwy & Jones Mills Rd,33.925893,-84.247838,gwinnett
128,194,Buford Hwy & N Norcross Tucker Rd OB,33.935272,-84.215707,gwinnett
129,195,Buford Hwy & Oakcliff Rd,33.912028,-84.264163,gwinnett
130,196,Buford Hwy & Simpson Cir,33.966007,-84.177782,gwinnett
131,197,Buford Hwy & Summerour St IB,33.9426,-84.20651,gwinnett
132,198,Buford Hwy & Value Pawn OB,33.933004,-84.219843,gwinnett
133,199,Buford Hwy & West Mount Tabor,33.970857,-84.171066,gwinnett
134,200,Buford Hwy & Woodbine Hill Way,33.96904,-84.173549,gwinnett
135,202,Buford Hwy & Steve Dr OB,33.920743,-84.255512,gwinnett
136,203,Buford Hwy at Steve Dr (Accu-Car Expo),33.920553,-84.255383,gwinnett
137,205,Buford Hwy & S Cemetery St IB,33.938792,-84.211274,gwinnett
138,206,Buford Hwy & Mitchell Rd (Advance Auto) ,33.940976,-84.208992,gwinnett
139,208,Buford Hwy & Peach Corners Dist Ctr,33.945984,-84.202629,gwinnett
140,209,Buford Hwy & Button Gwinnett Dr IB,33.925875,-84.247395,gwinnett
141,210,Buford Hwy & Cambridge St,33.951188,-84.196034,gwinnett
142,212,Buford Hwy at Car Z Atlanta IB,33.929779,-84.232545,gwinnett
143,213,Buford Hwy at Korean Catholic Church IB,33.914449,-84.261306,gwinnett
144,215,Buford Hwy at Global Forum OB,33.919256,-84.257175,gwinnett
145,216,Buford Hwy at Global Forum IB,33.919089,-84.256918,gwinnett
146,217,Buford Hwy & Gravitt Tr (across) OB,33.973837,-84.167419,gwinnett
147,218,Buford Hwy at Green Auto Body IB,33.923282,-84.251526,gwinnett
148,221,Buford Hwy at Hillside Dr IB,33.928889,-84.236401,gwinnett
149,222,Buford Hwy at Huntington Rd Apts IB,33.931734,-84.223983,gwinnett
150,225,Buford Hwy & Reyes Auto OB,33.917962,-84.258413,gwinnett
151,226,Buford Hwy at Jenny's Place IB,33.91735,-84.258634,gwinnett
152,227,Buford Hwy at Jimmy Carter IB,33.932799,-84.2196,gwinnett
153,229,Buford Hwy & Suzanne's Kitchen,33.975958,-84.164478,gwinnett
154,231,Buford Hwy at Lake Dr IB,33.922405,-84.25286,gwinnett
155,233,Buford Hwy & Langford Rd (Magnolia Plaza,33.950267,-84.197463,gwinnett
156,234,Buford Hwy at Lively Ave IB,33.936144,-84.214275,gwinnett
157,236,Buford Hwy & Mitchell Rd (NAPA) IB,33.941486,-84.207868,gwinnett
158,237,Buford Hwy & N Norcross Tucker Rd,33.934888,-84.21576,gwinnett
159,238,Buford Hwy & Norcross Industrial Ct,33.948097,-84.199989,gwinnett
160,239,Buford Hwy at Oak Rd IB,33.928394,-84.238496,gwinnett
161,240,Buford Hwy & S Peachtree St IB,33.931147,-84.226642,gwinnett
162,241,Buford Hwy & Old Norcross Rd,33.947104,-84.200705,gwinnett
163,242,Buford Hwy & Payne Rd,33.961355,-84.18405,gwinnett
164,243,Buford Hwy & Phoenix Metals,33.962112,-84.183617,gwinnett
165,244,Buford Hwy & S Old Peachtree Rd OB,33.970153,-84.172553,gwinnett
166,245,Buford Hwy at Pleasantdale Rd IB,33.924555,-84.249668,gwinnett
167,246,Buford Hwy & Pittman Cir,33.957475,-84.188549,gwinnett
168,247,Buford Hwy & Pittman Cir,33.957961,-84.188484,gwinnett
169,248,Buford Hwy & Centro Norcross Plaza IB,33.940132,-84.209599,gwinnett
170,249,Buford Hwy & Carlyle St OB,33.938571,-84.21196,gwinnett
171,250,Buford Hwy & Remington Park Ct,33.964667,-84.179641,gwinnett
172,251,Buford Hwy at Tofu House IB,33.912404,-84.263377,gwinnett
173,253,Buford Hwy & Simpson Cir,33.966907,-84.177061,gwinnett
174,254,Buford Hwy & Smith Ridge Trace,33.952269,-84.195132,gwinnett
175,255,Burns Rd & Cliffglen Way IB,33.910512,-84.121632,gwinnett
176,256,Burns Rd &  Garner Way,33.910285,-84.122048,gwinnett
177,258,Burns Rd & Burns Cir B,33.908773,-84.139887,gwinnett
178,259,Burns Rd & Beaver Ruin Rd (CVS),33.912089,-84.133226,gwinnett
179,260,Burns Rd & Beaver Ruin Rd (Chevron),33.911916,-84.133264,gwinnett
180,262,Burns Rd & Jacksons Mill Way,33.90648,-84.144543,gwinnett
181,263,Burns Rd & Jodeco Cir (across),33.905054,-84.148139,gwinnett
182,264,Burns Rd & Jodeco Rd,33.904944,-84.147982,gwinnett
183,265,Burns Rd & Johns Way IB,33.91113,-84.11795,gwinnett
184,266,Burns Rd & Johns Way,33.911041,-84.117843,gwinnett
185,267,Burns Rd & Pleasant Hill Rd OB,33.91076,-84.113762,gwinnett
186,268,Burns Rd & Shady Dr (across),33.912182,-84.129214,gwinnett
187,269,Burns Rd & Springwood Dr IB,33.907393,-84.142868,gwinnett
188,270,Burns Rd & Springwood Dr,33.907412,-84.142616,gwinnett
189,272,Burns Rd & Walking Ln (past),33.911101,-84.126161,gwinnett
190,277,Button Gwinnett Dr & Omega Dr OB,33.923998,-84.244906,gwinnett
191,278,Button Gwinnett Dr & RUSH Truck Ctr,33.919495,-84.241523,gwinnett
192,279,Button Gwinnett Dr & RUSH Ent (across),33.919594,-84.241756,gwinnett
193,280,Button Gwinnett Rd & Ryder,33.924089,-84.244794,gwinnett
194,281,Center Way Quicktrip (across),33.919008,-84.197998,gwinnett
195,282,Center Way & Oakbrook Summit Entrance,33.917008,-84.19651,gwinnett
196,283,Center Way & Reece  Supply OB,33.916972,-84.196229,gwinnett
197,288,Grayson Hwy & Associated Credit Union,33.941891,-83.98321,gwinnett
198,291,Club Dr & Carrington Ct Apts (Court Dr),33.942136,-84.131656,gwinnett
199,292,Club Dr & Crestwood Pkwy OB,33.942393,-84.132338,gwinnett
200,293,Club Dr & Shackleford Rd,33.94266,-84.140351,gwinnett
201,294,Club Dr & Shackleford Rd,33.942784,-84.140384,gwinnett
202,295,Club Dr & Steve Reynolds Blvd,33.942111,-84.135106,gwinnett
203,296,Club Dr & Steve Reynolds Blvd OB,33.942331,-84.135434,gwinnett
204,301,Courtland Street at Ellis Street,33.7585,-84.384307,gwinnett
205,304,W. Pike St & CVS Pharmacy,33.964751,-84.008297,gwinnett
206,305,Dawson Blvd & Gateway Business Park,33.908049,-84.208551,gwinnett
207,308,Dawson Blvd & Varsity Entrance 2,33.908171,-84.208424,gwinnett
208,309,Dawson Blvd & Varsity Entrane 1,33.907538,-84.20756,gwinnett
209,310,Koger Blvd & Devry University OB,33.948981,-84.123026,gwinnett
210,313,Duluth Hwy & Meadow Brook Pkwy IB,33.977836,-84.09691,gwinnett
211,314,Duluth Hwy  & Primerica Pkwy OB,33.978014,-84.095797,gwinnett
212,316,Centerview Dr & Ferguson Elementary OB,33.95077,-84.123157,gwinnett
213,318,Best Friend Rd & Button Gwinnett Dr OB,33.913848,-84.236614,gwinnett
214,323,Graves Rd & McDonough Dr OB,33.90262,-84.222407,gwinnett
215,324,Graves Rd & McDonough Dr IB,33.902556,-84.22256,gwinnett
216,326,Graves Rd & Osborne Dr,33.899823,-84.220848,gwinnett
217,327,Graves Rd & Sienna Heights Apts OB,33.895261,-84.212562,gwinnett
218,328,Graves Rd & Champoins Park Apts OB,33.901694,-84.221328,gwinnett
219,329,Graves Rd & Champions Park Apts IB,33.901706,-84.221593,gwinnett
220,330,Graves Rd & Downing Ln OB,33.895574,-84.21829,gwinnett
221,333,Graves Rd & Marquis Estates Apts OB,33.895201,-84.216259,gwinnett
222,334,Graves Rd & E National Cir,33.895072,-84.211406,gwinnett
223,336,Grayson Hwy & Big Lots,33.945033,-83.984695,gwinnett
224,337,Grayson Hwy & Lawrenceville Square Plaza,33.948587,-83.986771,gwinnett
225,338,Grayson Hwy & Metro Matress,33.946053,-83.985288,gwinnett
226,340,Grayson Hwy & VFW IB,33.942302,-83.983106,gwinnett
227,349,Prof Dr at the Gwinnett Prof Center #2,33.964379,-84.011488,gwinnett
228,350,Gwinnett Dr & Bridgestone Tire,33.943243,-83.992318,gwinnett
229,351,Gwinnett Dr & Town Center Cinemas OB,33.940332,-83.984885,gwinnett
230,352,Gwinnett Dr & Green Tomato OB,33.943179,-83.991868,gwinnett
231,353,Gwinnett Dr & Kroger Shopping IB,33.940172,-83.984931,gwinnett
232,354,Gwinnett Dr & Police Security Bldg,33.946601,-83.997147,gwinnett
233,355,Gwinnett Dr & HS Football Field,33.948037,-83.99822,gwinnett
234,356,Gwinnett Dr & PNC Bank,33.941479,-83.990338,gwinnett
235,357,Gwinnett Dr & Scenic Hwy OB,33.942449,-83.990716,gwinnett
236,358,Gwinnett Dr & Stone Mountain St,33.943999,-83.993521,gwinnett
237,360,Gwinnett Central High School IB,33.949949,-84.000314,gwinnett
238,361,Gwinnett Technical College,33.963566,-84.062777,gwinnett
239,363,Old Norcross Rd & Hillandale Rd,33.953877,-84.031564,gwinnett
240,364,Holcomb Bridge Rd & Gwinnett Walk Plaza,33.953953,-84.243505,gwinnett
241,365,Holcomb Bridge Rd & Bank of America OB,33.949696,-84.233291,gwinnett
242,366,Holcomb Bridge Rd & Citgo Gas Station,33.952823,-84.242668,gwinnett
243,369,Holcomb Bridge Rd & Ryan Rd,33.951016,-84.237336,gwinnett
244,370,Holcomb Bridge Rd & A Hand to Hold,33.953268,-84.243433,gwinnett
245,371,Holcomb Bridge Rd & The Corners Pkwy OB,33.951405,-84.239981,gwinnett
246,372,Holcomb Bridge Rd & Woodland Rd OB,33.957268,-84.245163,gwinnett
247,374,Indian Trail Rd & Le's Auto Repair,33.916933,-84.163812,gwinnett
248,375,Indian Trail Rd at BOEHM Travel,33.918621,-84.165212,gwinnett
249,376,Indian Trail Rd & GA Belle Ct,33.919412,-84.167214,gwinnett
250,377,Indian Trail Rd & Georgia Belle Ct,33.919719,-84.167148,gwinnett
251,378,Indian Trail Rd & GACS (2nd Entrance) OB,33.920976,-84.170006,gwinnett
252,379,Indian Trail Rd & Indian Way,33.908318,-84.157047,gwinnett
253,380,Indian Trail Rd & Market Center,33.905246,-84.155196,gwinnett
254,381,Indian Trail Rd & Checks Cashed Bldg,33.913263,-84.161259,gwinnett
255,382,Indian Trail Rd & GACS (1st Entrance) OB,33.921948,-84.171598,gwinnett
256,383,Indian Trail Rd & Brook Plaza,33.921205,-84.169726,gwinnett
257,384,Indian Trail Rd & KFC/WF,33.922819,-84.172651,gwinnett
258,385,Indian Trail Rd & Quicktrip,33.923146,-84.172471,gwinnett
259,386,Indian Trail Rd & TreeTrl Village Plz,33.916567,-84.163931,gwinnett
260,387,Indian Trail Rd & Willow Trail Pkwy OB,33.926156,-84.174902,gwinnett
261,388,Indian Trail Rd & Willow Trail Pkwy IB,33.925778,-84.174279,gwinnett
262,390,Indian Tr & Wuthering Way (CPA) IB,33.909825,-84.157204,gwinnett
263,391,Jimmy Carter Blvd & Amway Products Dist,33.935127,-84.224789,gwinnett
264,392,Jimmy Carter Blvd & Atlantic Blvd,33.939537,-84.236704,gwinnett
265,393,Jimmy Carter Blvd & MJays Baked Foods,33.940999,-84.237717,gwinnett
266,395,Jimmy Carter Blvd & Veridian Bus Park,33.94108,-84.237468,gwinnett
267,396,Jimmy Carter Blvd & Cash Ct,33.942557,-84.239125,gwinnett
268,397,Jimmy Carter Blvd & Britt Rd,33.885303,-84.191961,gwinnett
269,398,Jimmy Carter Blvd & Williams Rd,33.885044,-84.191321,gwinnett
270,399,Jimmy Carter Blvd & Los Portales Rest,33.931074,-84.221487,gwinnett
271,400,Jimmy Carter Blvd & Atlantic Blvd,33.939815,-84.236593,gwinnett
272,403,Jimmy Carter Blvd & Everest Tr,33.878488,-84.189059,gwinnett
273,404,Jimmy Carter Blvd & Panda Cab & Granite ,33.93777,-84.235503,gwinnett
274,405,Jimmy Carter Blvd & Forest Vale Apts,33.892921,-84.196443,gwinnett
275,406,Jimmy Carter Blvd & NAPA,33.892481,-84.19599,gwinnett
276,407,Jimmy Carter Blvd & Best Friend Park OB,33.928208,-84.220247,gwinnett
277,408,Jimmy Carter Blvd & Gale Dr,33.899287,-84.20364,gwinnett
278,411,Jimmy Carter Blvd & Home Depot,33.869427,-84.188102,gwinnett
279,412,Jimmy Carter Blvd & Hunters Club Ln,33.872646,-84.187997,gwinnett
280,413,Jimmy Carter Blvd & Mr. Clean Carwash,33.87193,-84.187763,gwinnett
281,415,Jimmy Carter Blvd & Martins Rest OB,33.93144,-84.222072,gwinnett
282,416,Jimmy Carter Blvd & Sunrise Village Ln,33.888412,-84.194429,gwinnett
283,418,Jimmy Carter Blvd & Norhtbelt Dr,33.92738,-84.219276,gwinnett
284,419,Jimmy Carter Blvd & O'Riley,33.922873,-84.213174,gwinnett
285,421,Jimmy Carter Blvd & Pacific Dr,33.935446,-84.227955,gwinnett
286,423,Jimmy Carter Blvd & Quick Trip OB,33.924278,-84.215927,gwinnett
287,424,Jimmy Carter Blvd & Regency Pkwy OB,33.929772,-84.221127,gwinnett
288,425,Jimmy Carter Blvd & Rockbridge Rd (IHOP),33.896309,-84.197557,gwinnett
289,426,Jimmy Carter Blvd & SPECTRA,33.936013,-84.233753,gwinnett
290,427,Jimmy Carter Blvd & Shelby Dr,33.895174,-84.196963,gwinnett
291,428,Jimmy Carter Blvd & WalMart OB,33.894475,-84.196516,gwinnett
292,430,Jimmy Carter Blvd & Sonic OB,33.922778,-84.213689,gwinnett
293,431,Jimmy Carter Blvd & Tracey Valley Dr,33.899234,-84.20279,gwinnett
294,432,Jimmy Carter Blvd & Wandering Way,33.881175,-84.18992,gwinnett
295,433,Jimmy Carter Blvd & Wandering Way,33.880857,-84.189512,gwinnett
296,434,Jimmy Carter Blvd & Pacific Dr (Granite),33.935635,-84.228433,gwinnett
297,436,Johnson Rd & L&ing Plaza OB,33.921209,-84.007821,gwinnett
298,438,Nash St & GJAC Garage Ave,33.949621,-83.992072,gwinnett
299,439,131 Langley Professional Building,33.95458,-83.997366,gwinnett
300,440,Langley Dr & Plaza Park Office,33.955857,-83.997854,gwinnett
301,441,Langley Dr & Methodist Church,33.954712,-83.997163,gwinnett
302,442,Langley Dr & Huff St (Shell),33.95595,-83.998129,gwinnett
303,443,Lawrenceville Hwy & Main St,33.892549,-84.141506,gwinnett
304,444,Lawrenceville Hwy & Hillcrest Rd OB,33.893008,-84.141654,gwinnett
305,445,Lawrenceville Hwy & Bartow Jenkins Park,33.946561,-84.006312,gwinnett
306,446,Lawrenceville Hwy& Berkmar Middle Sch OB,33.901201,-84.12627,gwinnett
307,448,Lawrenceville Hwy & Exxon Gas Station,33.886878,-84.158098,gwinnett
308,449,Lawrenceville Hwy & PNC Bank (WalMart),33.904257,-84.113215,gwinnett
309,451,Lawrenceville Hwy & Greenwood Dr,33.886811,-84.157819,gwinnett
310,452,Lawrenceville Hwy & Harmony Grove Rd IB,33.880772,-84.16472,gwinnett
311,453,Lawrenceville Hwy & Hanarry Dr,33.944762,-84.009346,gwinnett
312,454,Lawrenceville Hwy & Harbins Rd IB,33.888959,-84.155235,gwinnett
313,455,Lawrenceville Hwy & Harbins Rd OB,33.889202,-84.155506,gwinnett
314,456,Lawrenceville Hwy & Harmony Grove Rd OB,33.88122,-84.164515,gwinnett
315,457,Lawrenceville Hwy & Pine St,33.889508,-84.14463,gwinnett
316,458,Lawrenceville Hwy &Tucker Valley Rd,33.867094,-84.186814,gwinnett
317,459,Lawrenceville Hwy & Kenvilla Dr IB,33.875644,-84.170504,gwinnett
318,460,Lawrenceville Hwy & Kenvilla Dr OB,33.876121,-84.170286,gwinnett
319,461,Lawrenceville Hwy & Lankford Rd IB,33.870472,-84.176011,gwinnett
320,462,Lawrenceville Hwy & Don Pedro OB,33.904026,-84.115882,gwinnett
321,463,Lawrenceville Hwy & Lilburn School Rd,33.88955,-84.151568,gwinnett
322,464,Lawrenceville Hwy & Lilburn School Rd OB,33.889748,-84.151591,gwinnett
323,465,Lawrenceville Hwy & Linda Dr,33.870972,-84.175867,gwinnett
324,466,Lawrenceville Hwy & Mimosa Cir IB,33.872824,-84.173609,gwinnett
325,467,Lawrenceville Hwy & KED Plasma US OB,33.87217,-84.174709,gwinnett
326,468,Lawrenceville Suwanee Rd & Old Norcross ,33.956686,-84.018225,gwinnett
327,469,Lawrenceville Hwy & PepBoys,33.90499,-84.112638,gwinnett
328,470,Lawrenceville Hwy & Pizza Hut,33.938602,-84.018109,gwinnett
329,471,Lawrenceville Hwy & US Postal,33.900698,-84.127303,gwinnett
330,472,Lawrenceville Hwy & Pounds Rd,33.868545,-84.179166,gwinnett
331,473,Lawrenceville Hwy & Braxton Pl,33.868889,-84.178954,gwinnett
332,475,Lawrenceville Hwy & Providence,33.899788,-84.133519,gwinnett
333,476,Lawrenceville Suwanee & Radio Shack,33.935493,-84.028219,gwinnett
334,477,Lawrenceville Hwy & Shell/Lilburn Animal,33.889714,-84.14468,gwinnett
335,478,Lawrenceville Hwy & Summerwalk Pkwy,33.867456,-84.182194,gwinnett
336,479,Lawrenceville Hwy & Stone Center OB,33.867797,-84.181982,gwinnett
337,480,Lawrenceville Hwy & Citgo Gas Station,33.867317,-84.186794,gwinnett
338,481,Lawrenceville Hwy & Rockbridge Rd (Walgr,33.883544,-84.161388,gwinnett
339,485,Lawrenceville Hwy & Arcado Rd IB,33.902626,-84.122304,gwinnett
340,486,Lawrenceville Hwy & Popeyes OB,33.903718,-84.118255,gwinnett
341,487,Lawrenceville Hwy & Lawrenceville Pediat,33.941921,-84.012936,gwinnett
342,488,Lawrenceville Hwy & Pizza Hut IB,33.903504,-84.117996,gwinnett
343,489,Lawrenceville Hwy & Little Ceasars,33.939745,-84.015852,gwinnett
344,493,Live OakPkwy & Live Oak Center,33.909391,-84.199538,gwinnett
345,494,Live Oak Pkwy & Fire Department,33.911856,-84.200697,gwinnett
346,495,Live Oak Pkwy at Live Oak Plaza IB,33.907874,-84.20235,gwinnett
347,496,Live Oak Pkwy & Salvation Army,33.91061,-84.199694,gwinnett
348,497,McDonough Dr & DACA Specialty Svc OB,33.904115,-84.219756,gwinnett
349,498,McDonough Dr & Webb Dr OB,33.904893,-84.218495,gwinnett
350,499,McDonough Dr & Young Ct OB,33.907038,-84.215805,gwinnett
351,504,McDonough Dr & Dawson Blvd (Rooms2Go),33.909766,-84.209671,gwinnett
352,505,McDonough Dr & Fit Food (across),33.908174,-84.213435,gwinnett
353,506,McDonough Dr & Fit Food IB,33.908221,-84.213561,gwinnett
354,507,McDonough Dr & DACA Specialty Svc IB,33.90413,-84.220036,gwinnett
355,508,McDonough Dr & Webb Dr (APEX),33.905414,-84.21809,gwinnett
356,509,McDonough Dr & Wilwat Dr (past street),33.909137,-84.211414,gwinnett
357,510,McDonough Dr & Young Ct IB,33.907281,-84.215593,gwinnett
358,511,Steve Reynolds Blvd at Meadow Creek HS,33.923513,-84.147053,gwinnett
359,513,Medlock Bridge Rd & Animal Hospital,33.957137,-84.208188,gwinnett
360,514,Medlock Bridge Rd & Chevron Gas Station,33.962064,-84.208582,gwinnett
361,515,Medlock Bridge Rd & Medlock Corners Dr,33.963603,-84.208383,gwinnett
362,516,Medlock Bridge Rd & Thai Star Restaurant,33.960022,-84.208526,gwinnett
363,520,Mitchell Street Southwest at Central Avenue Southwest,33.749667,-84.390799,gwinnett
364,521,Mitchell Rd & Everglades Tr,33.93476,-84.202378,gwinnett
365,522,Mithcell Rd & Goodwick Way (across),33.928291,-84.196165,gwinnett
366,523,Mitchell Rd & Goodwick Way,33.928391,-84.195984,gwinnett
367,524,Mitchell Rd & Co-Op Ministry,33.931958,-84.200735,gwinnett
368,525,Mitchell Rd & Co-Op Ministry,33.932031,-84.200562,gwinnett
369,527,Mitchell Rd & Price Pl,33.938374,-84.206004,gwinnett
370,528,Mitchell Rd & Everglades Tr (Shell),33.934653,-84.202516,gwinnett
371,529,Mitchell Rd & Station Cir (across),33.926394,-84.194557,gwinnett
372,530,Mitchell Rd & Station Cir,33.926368,-84.19434,gwinnett
373,533,Martin Luther King Jr Dr & Peachtree St,33.751922,-84.391716,gwinnett
374,534,Central Avenue at Martin Luther King Junior Drive,33.751302,-84.389382,gwinnett
375,535,Martin Luther King Jr. Federal Building,33.752241,-84.39396,gwinnett
376,536,Old Norcross Rd & Monfort Rd,33.954532,-84.020946,gwinnett
377,537,Nash St & Culver St,33.950503,-83.990013,gwinnett
378,538,Langley Dr & Constitutional Blvd IB,33.949815,-83.992276,gwinnett
379,539,Nash St & Stone Mountain St,33.95026,-83.990013,gwinnett
380,540,N Berkeley Lake Rd & The Estates Apts IB,33.971261,-84.155421,gwinnett
381,541,N Berkeley Lake Rd & Marquis @ Nberkeley,33.968742,-84.1515,gwinnett
382,542,N Berkeley Lake Road & Wal-Mart,33.96889,-84.149369,gwinnett
383,545,Old Norcross Rd & Cntry @Sugarloaf Apts,33.953845,-84.044182,gwinnett
384,546,Old Norcross Rd & Benefield Elementary,33.954167,-84.031914,gwinnett
385,547,Old Norcross Rd & 3100 Curtis Building,33.955971,-84.105679,gwinnett
386,549,Old Norcross Rd & Averritt (across) IB,33.953719,-84.023933,gwinnett
387,551,Old Norcross Rd & Discovery HS IB,33.954335,-84.036771,gwinnett
388,552,Old Norcross Rd & Old Norcross Plaza,33.95232,-84.102293,gwinnett
389,553,Old Norcross Rd & Riverside Pkwy IB,33.953327,-84.026153,gwinnett
390,554,Old Norcross Rd & Sugarloaf Pkwy,33.953132,-84.050643,gwinnett
391,555,Old Norcross Rd & Sweetwater Rd IB,33.951724,-84.100866,gwinnett
392,556,Old Norcross Rd & Tipton Industrial Dr,33.953845,-84.041956,gwinnett
393,557,S Norcross Tucker Rd & Graves Rd OB,33.895631,-84.210279,gwinnett
394,558,S Norcross Tucker Rd & Checkers,33.901336,-84.205752,gwinnett
395,559,Norcross Tucker Rd & Crestwood Apts,33.897556,-84.209023,gwinnett
396,560,S Norcross Tucker Rd & Danbury Dr OB,33.899288,-84.207372,gwinnett
397,561,S Norcross Tucker Rd & Graves Rd,33.89559,-84.209983,gwinnett
398,562,S Norcross Tucker Rd & Rest. Las Islitas,33.901292,-84.206087,gwinnett
399,563,S Norcorss Tucker Rd & Oakwood Cir,33.899132,-84.2072,gwinnett
400,564,Old Norcross Rd & Showroom (Raco Dr),33.954474,-84.021919,gwinnett
401,571,Live Oak Pkwy & Brookside Apartments,33.909378,-84.199281,gwinnett
402,572,Live Oak Pkwy & Oaklake Office Center,33.910805,-84.199648,gwinnett
403,573,Dawson Blvd & Carter Center Plaza,33.907192,-84.206569,gwinnett
404,574,Live Oak Pkwy at Lakeside Corporate Ct,33.912348,-84.200492,gwinnett
405,576,Oakbrook Pkwy & Oakbrook Dr,33.915241,-84.197798,gwinnett
406,578,Oakbrook Pkwy & Oakbrook Lake Dr OB,33.914291,-84.199791,gwinnett
407,579,Oakbrook Pkwy & Oakbrook Summit(2nd Ent),33.915415,-84.198127,gwinnett
408,580,Old Norcross Rd & Sweetwater Rd OB,33.95212,-84.102462,gwinnett
409,581,Old Norcross Rd & Mill Valley Apts,33.951344,-84.100533,gwinnett
410,582,Old Norcross Rd at Gwinnett Clinic,33.957186,-84.109403,gwinnett
411,583,Old Norcross at the Gwinnett Body Shop,33.955595,-84.105672,gwinnett
412,584,Old Norcross Rd & Old Victorian Rd IB,33.950884,-84.098703,gwinnett
413,585,Old Norcross Rd & Bridge,33.953604,-84.041916,gwinnett
414,586,Old Norcross Rd & Burnham Ridge,33.953761,-84.039297,gwinnett
415,587,Old Norcross Rd & Breckinridge Blvd IB,33.958661,-84.111462,gwinnett
416,588,Old Norcross Rd & Breckinridge Blvd(WF),33.958382,-84.111643,gwinnett
417,589,Old Norcrss Rd & Shell Gas Station,33.95273,-84.049848,gwinnett
418,590,Old Norcross at Stephen Gould Corp,33.954678,-84.104739,gwinnett
419,591,Old Norcross & Sweetwoods Dr,33.949306,-84.093645,gwinnett
420,593,Park Dr & Beaver Ruin Rd IB,33.933562,-84.153022,gwinnett
421,594,Park Dr & Beaver Ruin Rd OB,33.933536,-84.153157,gwinnett
422,595,Peachtree Street at 10th Street,33.781911,-84.384095,gwinnett
423,596,Peachtree Street at 14th Street,33.786206,-84.383221,gwinnett
424,597,Peachtree Industrial Rd & ADVA OB,33.954819,-84.221305,gwinnett
425,599,P'tree Ind Blvd & Peachtree Corners Cir ,33.952234,-84.226757,gwinnett
426,600,Peachtree Ind Blvd & The Fields Apts,33.942717,-84.243342,gwinnett
427,604,Peachtree Corners Cir & Autumn Trace Dr,33.947007,-84.251566,gwinnett
428,607,Peachtree Corners Cir & Corners Ind Cir,33.941907,-84.250066,gwinnett
429,608,Peachtree Corners Cir & Elmside Villg Ln,33.95437,-84.250174,gwinnett
430,613,Peachtree Pkwy & Hyatt IB,33.966354,-84.222801,gwinnett
431,614,Peachtree Center Avenue at John Wesley Dobbs Avenue,33.757032,-84.386033,gwinnett
432,615,Peachtree Corners Cir & Jones Mill Spur ,33.945535,-84.251131,gwinnett
433,616,Peachtree Ind Blvd &  Corners @ 1700 Apt,33.940792,-84.24669,gwinnett
434,617,Peachtree Corners Cir & Klinect Court (a,33.952206,-84.251027,gwinnett
435,618,Peachtree Industrial Blvd & Kingston Ct,33.941584,-84.24392,gwinnett
436,620,Peachtree Corners Cir & Muray's,33.940181,-84.249271,gwinnett
437,621,Peachtree Street at North Avenue,33.770875,-84.385132,gwinnett
438,623,Peachtree Pkwy & Publix,33.952211,-84.234155,gwinnett
439,624,Peachtree Pkwy & Peachtree Corner Cir IB,33.977353,-84.217574,gwinnett
440,626,N Peachtree St & Reps Miller Road,33.954106,-84.20859,gwinnett
441,627,Peachtree Corners Cir & Pineland Woods D,33.957175,-84.248858,gwinnett
442,628,Peachtree Industrial Rd & DIVOTS Sportsw,33.953787,-84.22377,gwinnett
443,629,Peachtree Industrail Blvd & Target Plaza,33.949984,-84.230573,gwinnett
444,631,Peachtree Corners Cir& Springs Ln,33.95049,-84.251678,gwinnett
445,632,Peachtree Pkwy & Weslayan School OB,33.974073,-84.21939,gwinnett
446,633,Peachtree Corners Cir & Appletree Way IB,33.957525,-84.248173,gwinnett
447,634,Peachtree Corners Cir & Bannor Ln,33.951069,-84.251135,gwinnett
448,635,Peachtree Corners Cir & Brandywine Tr,33.956464,-84.248968,gwinnett
449,636,Peachtree Corners Cir & Jones Mill Spur ,33.944953,-84.250665,gwinnett
450,637,Pechtree Corners Cir & Corners @ 1700 Ap,33.943687,-84.250311,gwinnett
451,638,Peachtree Corners Cir & Kilnect Ct,33.952352,-84.250678,gwinnett
452,639,Peachtree Corners Cir & FIZZ IB,33.94074,-84.249252,gwinnett
453,640,Peachtree Corners Cir & Parton Ct,33.949603,-84.251576,gwinnett
454,642,Peachtree Pkwy & Residence Inn Hotel,33.974073,-84.219819,gwinnett
455,643,Peachtree Pkwy Plaza IB,33.970853,-84.220793,gwinnett
456,646,Philip Blvd & Katherine Oaks Rd,33.967614,-84.010312,gwinnett
457,647,Philip Blvd & Walther Rd OB,33.968584,-84.005681,gwinnett
458,648,Philip Blvd & Walther Rd IB,33.968688,-84.00652,gwinnett
459,649,Philip Blvd & Katherine Oak Ct IB,33.967677,-84.010446,gwinnett
460,650,W Pike St & McConnell Dr,33.963446,-84.007041,gwinnett
461,651,W Pike St & Buchannan St (Hertz),33.95857,-84.002043,gwinnett
462,652,W Pike St & Honeysuckle Ave,33.957938,-83.999014,gwinnett
463,653,W Pike St & Old Norcross Rd,33.960768,-84.004716,gwinnett
464,654,W Pike St & Phoenix HS,33.962048,-84.006036,gwinnett
465,660,Pleasant Hill Rd & Lawrenceville Hwy IB,33.90811,-84.111799,gwinnett
466,661,Pleasant Hill Rd & Pleasant Hill Plaza,33.945792,-84.125362,gwinnett
467,662,Pleasant Hill Rd & Popeyes OB,33.946383,-84.126167,gwinnett
468,664,Mitchell Rd & Price Pl OB,33.938048,-84.205973,gwinnett
469,665,Lawrenceville Suwanee Rd & Professional ,33.960462,-84.020474,gwinnett
470,666,Prof Dr & Second Four Way Stop Sign IB,33.961547,-84.018548,gwinnett
471,667,575 Professional Dr,33.96501,-84.011449,gwinnett
472,670,Tech Dr & Food Depot,33.914784,-84.163662,gwinnett
473,672,Reps Miller Rd & Race Track,33.95491,-84.218768,gwinnett
474,673,3119 Reps Miller Rd Office Park,33.954364,-84.215086,gwinnett
475,674,Reps Miller Rd & Wyngate (Reps Ln),33.953722,-84.212149,gwinnett
476,675,Old Norcross Rd & Riverside Pkwy OB,33.953219,-84.02715,gwinnett
477,676,Old Norcross Rd & Winding River Dr,33.953578,-84.044135,gwinnett
478,677,Grayson Hwy & Phillip St (Citgo),33.945915,-83.985502,gwinnett
479,678,Satellite Blvd & Marquis @ Sugarloaf IB,33.981002,-84.092562,gwinnett
480,679,Satellite Blvd & Satellite Shops,33.963948,-84.126159,gwinnett
481,681,Satellite Blvd & Bank of America IB,33.95969,-84.133028,gwinnett
482,682,Satellite Blvd & Bridgewater Apts OB,33.947727,-84.154189,gwinnett
483,683,Satellite Blvd & I Love Pho Restaurant I,33.942932,-84.160085,gwinnett
484,684,Satellite Rd & Pars Cars Sales,33.964466,-84.126815,gwinnett
485,685,Satellite Blvd & The Portico Apts IB,33.948375,-84.152362,gwinnett
486,686,Satellite Blvd & The Maddox Apts (across,33.946113,-84.156808,gwinnett
487,687,Satellite Blvd & Chevy Dealership,33.963321,-84.122186,gwinnett
488,688,Satellite Blvd & Chick-fil-A IB,33.987522,-84.089126,gwinnett
489,689,Satellite Blvd & Childrens Healthcare IB,33.967226,-84.101623,gwinnett
490,690,Satellite & NCR Main Entrance OB,33.967627,-84.101717,gwinnett
491,693,Satellite Blvd & Gwinnett Place Ford,33.961816,-84.11887,gwinnett
492,694,Satellite Blvd & Evergreen Blvd,33.965007,-84.108087,gwinnett
493,695,Satellite Blvd & Golden Corral,33.963031,-84.122313,gwinnett
494,699,Satellite Blvd & Hopkins Mill Rd IB,33.941169,-84.163515,gwinnett
495,700,Satellite Blvd & Hopkins Mill Rd,33.941335,-84.163887,gwinnett
496,701,Satellite Blvd & Satellite Square OB,33.95655,-84.139188,gwinnett
497,702,Satellite Blvd & Enterprise Dealer IB,33.962414,-84.113659,gwinnett
498,703,Satellite Rd & NCR Office Building OB,33.962717,-84.113828,gwinnett
499,704,Satellite Blvd & InTown Suites IB,33.956097,-84.139323,gwinnett
500,708,Satellite Blvd & Satellite Point Offices,33.962664,-84.120331,gwinnett
501,710,Satellite Blvd & Chow Won Buffet,33.958114,-84.136558,gwinnett
502,711,Satellite Blvd & Pond Rd,33.940515,-84.16711,gwinnett
503,712,Satellite Blvd & Quicktrip OB,33.962163,-84.132393,gwinnett
504,713,Satellite Blvd at Recycling Center IB,33.947381,-84.154272,gwinnett
505,714,Satellite Blvd & Steve Reynolds Blvd OB,33.954648,-84.141897,gwinnett
506,715,Satellite Blvd & The Eclipse Apts OB,33.950189,-84.149394,gwinnett
507,716,Satellite Blvd & Gwinnett Square Apts OB,33.949172,-84.151445,gwinnett
508,719,Satellite Blvd & Suzuki Dealership,33.963551,-84.111042,gwinnett
509,720,Satellite Blvd at Valley Ridge Ln IB,33.939937,-84.16755,gwinnett
510,721,Satellite Blvd & 2180 Satellite Blvd,33.984399,-84.092431,gwinnett
511,722,Satellite Blvd & West Liddell IB,33.951266,-84.14657,gwinnett
512,723,Satellite Blvd & W Liddell Rd,33.95128,-84.147099,gwinnett
513,727,Satellite Blvd & Tandy Key Ln,33.963566,-84.124399,gwinnett
514,729,Satellite Blvd & Midas IB,33.957906,-84.136308,gwinnett
515,731,Satellite Blvd & BP Gas Station,33.977971,-84.093137,gwinnett
516,732,Satellite Blvd & Steve Reynolds Blvd IB,33.953716,-84.142527,gwinnett
517,734,Scientific Dr & Peachtree Pkwy (UCI),33.965359,-84.222879,gwinnett
518,736,Shackleford Rd & Corporate Dr IB,33.941298,-84.145905,gwinnett
519,737,Shackleford Rd & Corporate Dr OB,33.941555,-84.145698,gwinnett
520,738,Shackleford Rd & Hotel (Sonesta),33.948511,-84.130013,gwinnett
521,739,Park Dr & Shackleford Rd,33.938766,-84.149614,gwinnett
522,740,Shackleford Rd & Park Dr,33.938992,-84.149956,gwinnett
523,741,Shackleford Rd & Pine Rd (Building),33.947603,-84.131965,gwinnett
524,743,Singleton Rd & Church (Iglesia Universal,33.904044,-84.20315,gwinnett
525,744,Singleton Rd & Harbins Rd IB,33.908186,-84.183344,gwinnett
526,746,Singleton Rd & Pirkle Rd IB,33.908,-84.192443,gwinnett
527,747,Singleton Rd & Pirkle Rd OB,33.90826,-84.191978,gwinnett
528,748,Singleton Rd & Singleton Valley Cir (1),33.909511,-84.17842,gwinnett
529,749,Singleton Rd & Turners Ridge Dr,33.909906,-84.176956,gwinnett
530,750,Singleton Rd & Walton Way,33.908186,-84.189214,gwinnett
531,751,Singleton Rd & Santa Anna Dr,33.912729,-84.167313,gwinnett
532,752,Singleton Rd & Button Gwinnett Pl OB,33.908302,-84.190782,gwinnett
533,753,Singleton Rd & Button Gwinnett Pl IB,33.908132,-84.190485,gwinnett
534,754,Singleton Rd & Country Downs Dr OB,33.910656,-84.173459,gwinnett
535,759,Singleton Rd & Gladiator Drive OB,33.909091,-84.18062,gwinnett
536,760,Singleton Rd & Harbins Rd (before light),33.908456,-84.18307,gwinnett
537,761,Singleton Rd & Sarah Ct,33.904034,-84.20269,gwinnett
538,762,Singleton Rd & Metro Self Storage,33.913164,-84.165478,gwinnett
539,763,Singleton Rd & Thompson Pkwy (QT),33.90515,-84.200703,gwinnett
540,764,Singleton Rd & Thompson Pkwy,33.904977,-84.200445,gwinnett
541,765,Singleton Rd & Reddington Ln OB,33.910329,-84.174524,gwinnett
542,766,Singleton Rd & Riva Ridge Dr,33.911348,-84.169619,gwinnett
543,767,Singleton Rd & Robin Hill Dr OB,33.909645,-84.178889,gwinnett
544,768,Singleton Rd & Sandune Dr (2nd Entrance),33.91012,-84.174393,gwinnett
545,769,Singleton Rd & Seattle Slew Ln,33.91105,-84.170541,gwinnett
546,770,Singleton Rd & Singleton Valley Cir (2),33.909695,-84.176797,gwinnett
547,771,5925 Singleton Rd (across Steeple Chase ,33.907461,-84.1958,gwinnett
548,772,Singleton Rd & The Chelsea Apts IB,33.907346,-84.195467,gwinnett
549,773,Singleton Rd & Stonewood Dr OB,33.908435,-84.188492,gwinnett
550,774,Singleton Rd & Sugarwood Ln,33.913094,-84.166746,gwinnett
551,775,Singleton Rd & Texaco Gas Station,33.913346,-84.163102,gwinnett
552,776,Singleton Rd & Williams Rd,33.910678,-84.172643,gwinnett
553,778,Spalding Dr & Norcross HS (bfr light),33.967676,-84.214945,gwinnett
554,779,Spalding Dr & Medlock Bridge Rd (Citgo) ,33.968566,-84.208072,gwinnett
555,780,Koger Blvd & St Leo University OB,33.94839,-84.124274,gwinnett
556,781,Grayson Hwy & St. Lawrence Church,33.943778,-83.984257,gwinnett
557,784,Steve Reynolds Blvd & Chesdan Dr,33.959271,-84.141744,gwinnett
558,785,Steve Reynolds Blvd & 7 Coffee Shop OB,33.958455,-84.141568,gwinnett
559,787,Steve Reynolds Blvd & Falling Water Ln I,33.916442,-84.151395,gwinnett
560,788,Steve Reynolds Blvd & Hillcrest Ct,33.913275,-84.158648,gwinnett
561,789,Steve Reynolds Blvd & Old Norcross Rd OB,33.962247,-84.141585,gwinnett
562,790,Steve Reynolds Blvd & Oak Loch Tr,33.914753,-84.154322,gwinnett
563,791,Steve Reynolds Blvd & Old Norcross Rd,33.963084,-84.142422,gwinnett
564,794,Stone Mountian St & Boys & Girls Club OB,33.940576,-83.994704,gwinnett
565,795,Stone Mountain St & Piedmont Bank,33.943196,-83.993863,gwinnett
566,796,Stone Mountain St & Highgate Dr OB,33.927018,-84.008194,gwinnett
567,797,Johnson Rd & Stone Mountain St,33.924319,-84.009385,gwinnett
568,798,Stone Mountain St & Liegh Kay Apts OB,33.929418,-84.002009,gwinnett
569,799,Stone Mountain Street & Open Field,33.935723,-83.997654,gwinnett
570,800,Stone Mountain St & Somerset Dr OB,33.938248,-83.996084,gwinnett
571,801,Sugarloaf Pkwy & Taco Bell,33.955184,-84.05591,gwinnett
572,802,Sugarloaf Mills Cir by 412/410 P&R,33.983272,-84.081197,gwinnett
573,803,Sugarloaf Pkwy & Arbys,33.955174,-84.053508,gwinnett
574,804,Sugarloaf Mills Cir & Bass Pro Shop,33.982386,-84.084422,gwinnett
575,805,Sugarloaf Pkwy & Bellbrook Ln OB,33.920576,-84.01078,gwinnett
576,806,Sugarloaf Pkwy & Cisco Office,33.957959,-84.05922,gwinnett
577,808,Sugarloaf Pkwy & Marathon Blvd (McD's),33.955918,-84.056698,gwinnett
578,809,Sugarloaf Pkwy & Dunnhill Dr,33.928001,-84.024913,gwinnett
579,810,Sugarloaf Mills at the Discount Tire Co,33.978171,-84.083268,gwinnett
580,812,Sugarloaf Pkwy & Prodigy Point,33.925582,-84.019658,gwinnett
581,813,Sugarloaf Pkwy & MacLeod Indusrial Park,33.963419,-84.062312,gwinnett
582,814,Sugarloaf Pkwy & PNC Bank OB,33.920366,-84.013487,gwinnett
583,815,Sugarloaf Pkwy & The James @ Sugarloaf,33.966102,-84.066597,gwinnett
584,816,Sugarloaf Pkwy & Gwinnett Tech (2nd Entr,33.965842,-84.066908,gwinnett
585,819,Peachtree Street at Baker Street,33.762633,-84.387348,gwinnett
586,820,Sweetwater Rd & Club Dr (FedEx/Kinkos),33.942242,-84.126848,gwinnett
587,821,Sweetwater Rd & Club Drive OB,33.942299,-84.127109,gwinnett
588,823,Sweetwater Rd & Pleasant Hill Rd,33.943484,-84.125291,gwinnett
589,826,Tech Dr & Chevron Gas Station,33.914741,-84.163457,gwinnett
590,829,Technology Pkwy  & Homewood Suites,33.955706,-84.231799,gwinnett
591,830,Technology Pkwy & City Hall,33.957721,-84.225691,gwinnett
592,831,Technology Pkwy & Research Dr,33.965029,-84.217781,gwinnett
593,833,Technology Pkwy & Yardi Business,33.963525,-84.218737,gwinnett
594,834,Thompson Pkwy & Singleton Rd IB,33.905241,-84.201173,gwinnett
595,835,Washington Street at Martin Luther King Junior Drive,33.750359,-84.388304,gwinnett
596,836,S Clayton St & Wells Fargo,33.94804,-83.986761,gwinnett
597,837,W Pike St & W Pike Plza (Sign-o-rama),33.957829,-83.999527,gwinnett
598,843,West Peachtree Street at Peachtree Place,33.780654,-84.387333,gwinnett
599,846,W Pike St & Ultra Carwash,33.96005,-84.004367,gwinnett
600,847,W Pike St & Kaceys Home Cooking Rest,33.96239,-84.006646,gwinnett
601,848,W Pike St & Midas OB,33.958276,-84.001792,gwinnett
602,853,Check Point 3,33.84033,-84.313166,gwinnett
603,854,Check Point 4,33.79137,-84.392172,gwinnett
604,858,Peachtree Pkwy & Forum IB,33.980815,-84.215304,gwinnett
605,860,Holcomb Bridge Rd & Veranda Knolls Apts,33.957802,-84.245875,gwinnett
606,862,Buford Hwy & Susan Ln,33.927437,-84.242584,gwinnett
607,863,Buford Hwy & Pine St IB,33.92934,-84.234403,gwinnett
608,864,Buford Hwy & Gwinn Dr IB,33.930392,-84.229949,gwinnett
609,865,Beaver Ruin Rd & Standford Village Ln IB,33.940218,-84.196041,gwinnett
610,866,Satellite Blvd & The Maddox Apts IB,33.946078,-84.156475,gwinnett
611,867,Satellite Blvd & Aviation Insitute IB,33.950086,-84.149098,gwinnett
612,868,Satellite Blvd & Evergreen Blvd IB,33.964583,-84.108498,gwinnett
613,869,Satellite Blvd & Merritt Apartments OB,33.963792,-84.111154,gwinnett
614,870,Beaver Ruin Rd & Red Oak Rd OB,33.934853,-84.170535,gwinnett
615,871,Beaver Ruin Rd & Bailey Dr OB,33.938765,-84.189774,gwinnett
616,872,Beaver Ruin Rd & Child Ntwrk Daycare OB,33.939507,-84.192248,gwinnett
617,873,Buford Hwy & Post Office OB,33.942321,-84.207249,gwinnett
618,874,Buford Hwy & Susan Ln OB,33.927702,-84.242342,gwinnett
619,876,Atkinson Rd & Atkinson Park Dr IB,33.969061,-84.073149,gwinnett
620,877,Beaver Ruin Rd & Shell Gas Station,33.932368,-84.152395,gwinnett
621,879,Button Gwinnett Dr at TOPSA,33.914673,-84.238213,gwinnett
622,880,Button Gwinnett & TOPSA,33.914705,-84.238103,gwinnett
623,881,Boggs Rd & Caduceus Occupational Med,33.956703,-84.094299,gwinnett
624,882,Breckinridge Blvd & Arlon Lane,33.954577,-84.117067,gwinnett
625,883,Breckinridge Blvd & Cascade Apartments,33.952456,-84.122912,gwinnett
626,884,Breckinridge Blvd & Eldridge Rd,33.954432,-84.114546,gwinnett
627,885,Breckinridge Blvd & Mustang Unlimited,33.970084,-84.085916,gwinnett
628,886,Brook Hollow & Indian Temple (2nd Entran,33.919329,-84.203197,gwinnett
629,889,Burns Rd & Hillcrest Rd (across),33.906,-84.145864,gwinnett
630,890,Indian Trail Rd & Indian Trail Ct Plaza,33.905235,-84.154728,gwinnett
631,891,Graves Rd & East Windsor Ln,33.899296,-84.220671,gwinnett
632,892,Graves Rd & Graves Mill Dr,33.8955,-84.218578,gwinnett
633,893,Graves Park Entrance,33.897434,-84.220736,gwinnett
634,894,Graves Park Entrance (across),33.897221,-84.22048,gwinnett
635,895,Holcomb Bridge Rd & The Centre Apts,33.950763,-84.239115,gwinnett
636,897,Indian Trail Rd & Steve Reynolds Blvd,33.91331,-84.160959,gwinnett
637,898,Indian Trail Rd & Wellington Sq Plaza,33.907545,-84.156572,gwinnett
638,899,Indian Trail Rd & Sterling Glen OB,33.910787,-84.159119,gwinnett
639,900,6695 Jimmy Carter Blvd,33.936508,-84.234045,gwinnett
640,901,Jimmy Carter Blvd & Best Friend Rd IB,33.924638,-84.215898,gwinnett
641,903,Jimmy Carter Blvd & Maxzone Depo,33.93535,-84.230651,gwinnett
642,904,Jimmy Carter Blvd & Everest Tr OB,33.877768,-84.188564,gwinnett
643,905,Jimmy Carter Blvd & Meadowbrook Dr OB,33.887917,-84.193897,gwinnett
644,906,Jimmy Carter Blvd & Best Friend Park,33.928521,-84.220021,gwinnett
645,907,Jimmy Carter Blvd & RR Tracks,33.938049,-84.235358,gwinnett
646,908,Jimmy Carter Blvd & S Peachtree St,33.933376,-84.222826,gwinnett
647,909,Lawrenceville Hwy & BBT Bank IB,33.897682,-84.138139,gwinnett
648,910,Lawrenceville Hwy & Bryson Park OB,33.889424,-84.148105,gwinnett
649,911,Lawrenceville Hwy & Rockbridge Rd (Citgo,33.882665,-84.161827,gwinnett
650,912,Lawrenceville Hwy & Wynne Russell Dr,33.898304,-84.137732,gwinnett
651,913,Live Oak Pkwy & Thompson Pkwy IB,33.907259,-84.2033,gwinnett
652,914,McDonough Dr & Dawson Blvd,33.909557,-84.209554,gwinnett
653,915,Old Norcross Rd & Arbors @Breckinridge,33.954292,-84.1041,gwinnett
654,916,Old Norcross Rd & Burnham Ridge,33.954043,-84.039078,gwinnett
655,917,Old Norcross Rd & Old Victorian Rd IB,33.951191,-84.098895,gwinnett
656,922,Park Dr & Gwinnett Park Sign (across),33.936246,-84.149487,gwinnett
657,923,Peachtree Pkwy & The Corner Bakery,33.953851,-84.233353,gwinnett
658,924,Peachtree Pkwy & Triangle Dr,33.972894,-84.221072,gwinnett
659,925,Peachtree Corners Cir & Gleanleaf Dr IB,33.947259,-84.251345,gwinnett
660,926,Peachtree Corners Cir & Jones Mill Ct,33.94396,-84.250658,gwinnett
661,927,Peachtree Corners Cir & Parton Ct OB,33.949232,-84.251962,gwinnett
662,928,Peachtree Corners Cir & Westchase Villge,33.956051,-84.249526,gwinnett
663,932,Singleton Rd & Harbins Ridge Drive IB,33.908249,-84.186612,gwinnett
664,934,Singleton Rd & Hydaburg Lane OB,33.911513,-84.169825,gwinnett
665,935,Singleton Rd & Myrtle Creek Dr,33.908258,-84.185221,gwinnett
666,936,S Norcross Tucker Rd & The Pointe Apartm,33.897108,-84.208986,gwinnett
667,937,Spalding Dr & Bank of America,33.96958,-84.219994,gwinnett
668,938,Spalding Dr & Technology Pkwy,33.96823,-84.21746,gwinnett
669,939,Steve Reynolds Blvd & Falling Water Ln O,33.916847,-84.151487,gwinnett
670,940,Steve Reynolds Blvd & Fire Station OB,33.923878,-84.147419,gwinnett
671,941,Steve Reynolds Blvd & Ashford Apts IB,33.914536,-84.1542,gwinnett
672,942,Stone Mountain St & Charleston Ln,33.933842,-83.998771,gwinnett
673,943,Stone Mountain St & Charter St,33.931928,-83.999947,gwinnett
674,944,Technology Pkwy at 157 Tech Pkwy,33.961153,-84.223633,gwinnett
675,945,Technology Pkwy near Hampton Inn,33.955422,-84.229586,gwinnett
676,948,Technology Pkwy & Technology Pkwy South,33.962206,-84.220189,gwinnett
677,949,Boggs Rd & Meadow Brook Pkwy IB,33.975017,-84.1009,gwinnett
678,950,Boggs Rd @ St. Andrews Church OB,33.977467,-84.100098,gwinnett
679,951,Satellite Blvd & Public Storage OB,33.943424,-84.159894,gwinnett
680,952,McDonough Dr & Wilwat Dr (ACE) IB,33.909113,-84.211697,gwinnett
681,953,Singleton Rd & Harbins Ridge Dr OB,33.908463,-84.187042,gwinnett
682,954,Graves Rd & Marquis Estates Apts IB,33.895046,-84.216012,gwinnett
683,955,Live Oak Pkwy & Live Oak Plaza OB,33.907383,-84.202505,gwinnett
684,957,Burns Shopping Ctr & Pleasant Hill Rd IB,33.911331,-84.115292,gwinnett
685,958,Burns Rd & Bradstone Trace,33.911007,-84.125244,gwinnett
686,959,Burns Rd & Shady Dr,33.91233,-84.128914,gwinnett
687,960,Steve Reynolds Blvd & Windward Lane IB,33.927159,-84.147492,gwinnett
688,961,Park Dr & Communications Dr IB,33.936182,-84.149358,gwinnett
689,962,Shackleford Rd & Doan Way IB,33.940091,-84.148248,gwinnett
690,963,Koger Blvd & Assi Farmers Market,33.947785,-84.125101,gwinnett
691,964,Koger Blvd & Devry University IB,33.948799,-84.122845,gwinnett
692,965,Breckinridge Blvd & Executive Dr S,33.95657,-84.111726,gwinnett
693,967,Breckinridge Blvd & Arlon Ln OB,33.95496,-84.117842,gwinnett
694,968,Shackleford Rd & Doan Way OB,33.940295,-84.148134,gwinnett
695,969,Steve Reynolds Blvd & Hillcrest Ct OB,33.913606,-84.158634,gwinnett
696,970,Lawrenceville Hwy & Beaver Ruin Rd OB,33.90303,-84.122303,gwinnett
697,971,Lawrenceville Hwy & Merchants Walk OB,33.900285,-84.130878,gwinnett
698,972,Jimmy Carter Blvd & Rockbridge School Rd,33.89728,-84.198799,gwinnett
699,973,Old Norcross Rd & Boggs Rd IB,33.94927,-84.092704,gwinnett
700,974,Atkinson Rd & Atkinson Park Dr OB,33.969477,-84.073721,gwinnett
701,975,Professional Dr & 2nd 4way Stop Sign,33.961333,-84.018231,gwinnett
702,976,Lawrenceville Hwy & Wal-Mart,33.938099,-84.025583,gwinnett
703,977,N Norcross Tucker Rd & Pelican Dr IB,33.920871,-84.212702,gwinnett
704,978,Jimmy Carter Blvd & W Peachtree St,33.935272,-84.224564,gwinnett
705,980,Holcomb Bridge Rd & The Veiws Apts,33.95556,-84.244885,gwinnett
706,981,Scientific Dr & Technology Pkwy,33.966233,-84.218421,gwinnett
707,982,Scientific Dr & Meridian Business Plza,33.965648,-84.219846,gwinnett
708,983,Peachtree Pkwy & Piedmont Bank,33.982741,-84.213914,gwinnett
709,984,Peachtree Corners Cir & Davinci Ct IB,33.977442,-84.214406,gwinnett
710,985,Peachtree Corners Cir & CHASE Bank IB,33.977337,-84.216095,gwinnett
711,986,Medlock Bridge Rd & P'tree Corners Cir,33.978591,-84.211436,gwinnett
712,987,Holcomb Bridge Rd & Woodmont Land Apts,33.955516,-84.244554,gwinnett
713,988,N Norcross Tucker Rd & Pelican Dr,33.920915,-84.212908,gwinnett
714,989,3300 Breckinridge Blvd,33.954824,-84.119469,gwinnett
715,991,Breckinridge Blvd & Breckinridge Pkwy,33.960065,-84.105783,gwinnett
716,992,2700 Breckinridge Blvd,33.959907,-84.101796,gwinnett
717,993,Lawrenceville Hwy & Bryson Park IB,33.889192,-84.148125,gwinnett
718,994,Beaver Ruin Rd & Quick Trip,33.932945,-84.176588,gwinnett
719,995,Buford Hwy & WA Credit Dealer (Gwin Dr),33.930642,-84.229837,gwinnett
720,996,Buford Hwy & CarZ (across) OB,33.930044,-84.232248,gwinnett
721,997,Buford Hwy & Cornerstone Auto (across) O,33.9285,-84.238913,gwinnett
722,998,Jimmy Carter Blvd & Paces Crossing Apts,33.875213,-84.188043,gwinnett
723,999,Lawrenceville Hwy & Car Care Service Cen,33.899985,-84.130975,gwinnett
724,1000,Lawrenceville Hwy & Jordan Drive OB,33.878677,-84.167687,gwinnett
725,1001,Breckinridge & Mustangs Unltd OB across,33.96975,-84.085589,gwinnett
726,1002,Atkinson Rd & Herrington Rd,33.973444,-84.077346,gwinnett
727,1003,Buford Hwy & Beaver Ruin Rd (10BIB),33.945488,-84.202807,gwinnett
728,1004,Collins Hill Rd & Park Access Dr OB,33.973657,-83.993662,gwinnett
729,1005,Duluth Hwy & ALDI,33.968784,-84.028367,gwinnett
730,1006,Duluth Hwy & Lakes Pkwy,33.968499,-84.033203,gwinnett
731,1007,Duluth Hwy & Lawrenceville Suwanee Rd,33.96818,-84.025527,gwinnett
732,1008,Lawrenceville Suwanee Rd & AMC,33.969682,-84.019764,gwinnett
733,1009,Hurricane Shoals Rd & Curtis Rd OB,33.969254,-83.995253,gwinnett
734,1010,Hurricane Shoals Rd & Philip Blvd,33.967947,-84.004702,gwinnett
735,1011,Hurricane Shoals Rd & Whitehall Ln OB,33.968545,-84.00049,gwinnett
736,1012,Lakes Pkwy @ 1760 Apt Homes OB,33.962961,-84.059692,gwinnett
737,1013,Lakes Pkwy & Lakes Court Dr OB,33.961374,-84.041394,gwinnett
738,1014,Lakes Pkwy & Laval Blvd (Truck Entrance),33.960878,-84.045675,gwinnett
739,1015,Lakes Pkwy & WIKA,33.963041,-84.052365,gwinnett
740,1016,Lakes Pkwy & Belle Meade Ct,33.963721,-84.056531,gwinnett
741,1017,Riverside Pkwy & Lakes Pkwy OB,33.964325,-84.036818,gwinnett
742,1018,Lawrenceville Suwanee Rd & Lawrenceville,33.971343,-84.018007,gwinnett
743,1019,Lonnie Harvel Blvd @ GGC Housing OB,33.980669,-84.008365,gwinnett
744,1020,Lonnie Harvel Blvd & Sugar Oak Ln OB,33.977474,-84.012456,gwinnett
745,1021,Lonnie Harvel Blvd & Student Center OB,33.981953,-84.005194,gwinnett
746,1022,Riverside Pkwy & Kroger,33.96677,-84.035421,gwinnett
747,1023,Walther Blvd & IHOP,33.972945,-84.016918,gwinnett
748,1024,Walther Blvd & Parc 980 Apartments OB,33.974793,-84.014033,gwinnett
749,1025,Collins Hill Rd & Park Access Dr IB,33.97471,-83.994104,gwinnett
750,1026,Duluth Hwy & Lutheran Church,33.969131,-84.028962,gwinnett
751,1027,Hurricane Shoals Rd & Curtis Rd IB,33.969414,-83.99451,gwinnett
752,1028,Hurricane Shoals Rd & Whitehall Ln IB,33.968395,-84.00027,gwinnett
753,1029,Lakes Pkwy & Lakes Court Dr IB,33.961882,-84.041066,gwinnett
754,1030,Lakes Pkwy & Riverside Pkwy IB,33.963681,-84.037932,gwinnett
755,1031,Lakes Pkwy @ Smokey Tr,33.963918,-84.056787,gwinnett
756,1032,Lakes Pkwy & Wiegand Blvd,33.961908,-84.049248,gwinnett
757,1033,Duluth Hwy & Publix (L'ville Suwanee Rd),33.968218,-84.024455,gwinnett
758,1034,Lawrenceville Suwanee Rd & Verizon,33.971378,-84.018349,gwinnett
759,1035,Lonnie Harvel Blvd & GGC Housing IB,33.980791,-84.008045,gwinnett
760,1036,Lonnie Harvel Blvd @ Sugar Oak Ln IB,33.977838,-84.012708,gwinnett
761,1037,Lonnie Harvel Blvd & Student Center IB,33.982187,-84.005038,gwinnett
762,1038,Collins Hill Rd & Hurricane Shoals Rd IB,33.97211,-83.992811,gwinnett
763,1039,Atkinson Rd & Farmwood Dr,33.9731,-84.076884,gwinnett
764,1040,Riverside Pkwy & Duluth Hwy,33.967636,-84.035552,gwinnett
765,1041,Riverside Pkwy & Golden Corral,33.965526,-84.0366,gwinnett
766,1042,Walther Blvd & C3 Church,33.973107,-84.017093,gwinnett
767,1044,Walther Blvd & Parc 980 Apartments IB,33.975159,-84.01341,gwinnett
768,1045,Gwinnett Medical Resource Ctr,33.966328,-84.008303,gwinnett
769,1046,Lakes Pkwy & 1760 Apartment Homes IB,33.963232,-84.059735,gwinnett
770,1047,Collins Hill Rd & Hurricane Shoals Rd OB,33.971959,-83.99298,gwinnett
771,1052,1762 Clifton Road,33.801402,-84.33133,gwinnett
772,1053,Woodruff Circle Emory,33.793327,-84.321513,gwinnett
773,1054,Clifton Road at Houston Mill Road,33.798667,-84.323971,gwinnett
774,1055,Sugarloaf Mills P&R Local,33.982845,-84.084811,gwinnett
775,1058,Jimmy Carter Blvd & Dunkin Donuts OB,33.904094,-84.205534,gwinnett
776,1059,Buford Hwy & Remington Park Ct,33.96488,-84.179813,gwinnett
777,1060,N Berkeley Lake Rd & Storage OB,33.975281,-84.161029,gwinnett
778,1061,N Berkeley Lake Rd & Storage IB,33.975304,-84.161576,gwinnett
779,1062,Data Drive at Vital Solutions,33.971943,-84.225569,gwinnett
780,1063,Triangle Pkwy & Triangle Dr,33.972644,-84.222362,gwinnett
781,1064,Clifton Road at Clifton Way,33.800568,-84.326912,gwinnett
782,1065,Live Oak Pkwy & Wells Fargo Bank,33.907321,-84.204635,gwinnett
783,1066,Civic Center Station (West Peachtreet Street),33.766731,-84.387403,gwinnett
784,1067,Collins Hill Rd Collins Industrial Way I,33.979859,-83.997677,gwinnett
785,1068,Jones Mill Rd & Bay Cir OB,33.937968,-84.247026,gwinnett
786,1069,Governor's Lake Pkwy & Veritiv OB,33.932425,-84.251989,gwinnett
787,1070,Governor's Lake Pkwy (crosswalk),33.935309,-84.253084,gwinnett
788,285,Central Avenue at Wall Street,33.752412,-84.388429,gwinnett
789,602,Peachtree Center Avenue at Auburn Avenue,33.755261,-84.386054,gwinnett
790,844,North Avenue Station (West Peachtree Street),33.771924,-84.387247,gwinnett
791,839,West Peachtree Street at 14th Street,33.787383,-84.387706,gwinnett
792,300,Courtland Street at Auburn Avenue,33.755912,-84.384348,gwinnett
793,302,Courtland Street at Gilmer St,33.753111,-84.385795,gwinnett
794,645,New Peachtree Road at Pebblewood Apartments,33.905528,-84.275889,gwinnett
795,570,New Peachtree Road at Pebblewood Apartments,33.905836,-84.275876,gwinnett
796,567,New Peachtree Road at Longmire Way,33.907467,-84.273248,gwinnett
797,566,New Peachtree Road at Longmire Way,33.907922,-84.272952,gwinnett
798,568,New Peachtree Road at McElroy Road,33.910887,-84.267807,gwinnett
799,569,New Peachtree Road at McElroy Road,33.911232,-84.267245,gwinnett
800,565,New Peachtree Road at Oakcliff Road,33.911555,-84.265922,gwinnett
801,622,New Peachtree Road at Oakcliff Road,33.912176,-84.265552,gwinnett
0,20817,Alpha Fowler CC,33.745980511,-84.729866354,douglas
1,20723,Arbor Place Mall @ Belk IB,33.73020198,-84.746613982,douglas
2,20660,Arbor Place Mall @ Belk OB,33.729871837,-84.746463778,douglas
3,20605,Autry Circle @ Avalon,33.769652,-84.74497,douglas
4,20645,Bob Arnold @ Preston,33.77136111,-84.60697222,douglas
5,20646,Bob Arnold @Linda,33.768092,-84.602525,douglas
6,20623,Campbellton @ Spring,33.749323,-84.746094,douglas
7,20717,Club Dr @ Spring St,33.748088367,-84.751591169,douglas
8,20618,Concourse Pkwy,33.733211,-84.757393,douglas
9,20608,Cristo Vive Church,33.754057,-84.755319,douglas
10,20725,Dorris @ Courthouse IB,33.744621,-84.730076,douglas
11,20626,Dorris @ Courthouse OB,33.744652,-84.729958,douglas
12,20631,Douglas @ Arbor Pl Mall (IB),33.727628319,-84.743727181,douglas
13,20614,Douglas @ Arbor Sq Plaza,33.72472222,-84.76122222,douglas
14,20616,Douglas @ Bank of Amer,33.72602778,-84.75691667,douglas
15,20615,Douglas @ Blvd Plaza,33.72519444,-84.75808333,douglas
16,20657,Douglas @ Caduceus OB,33.724573,-84.767804,douglas
17,20686,Douglas @ Hampton Inn OB,33.73086111,-84.74002778,douglas
18,20658,Douglas @ Home Depot,33.72491,-84.76531,douglas
19,20659,Douglas @ Hwy 5,33.724833,-84.758856,douglas
20,20617,Douglas @ SunTrust,33.725336,-84.758027,douglas
21,20643,Duralee @ DFACS IB,33.74905,-84.726591,douglas
22,20726,DuraLee @ DFACS OB,33.749267,-84.726341,douglas
23,20663,Fairburn @ Earl D Lee,33.751074,-84.722261,douglas
24,20611,Gurley Rd @ Community Ctr,33.739737952,-84.770823166,douglas
25,20627,Hospital @ Douglas Manor,33.74166667,-84.73302778,douglas
26,20661,Hospital @ Prestley Mill,33.73791667,-84.73325,douglas
27,20662,Hospital @ Professional IB,33.741488043,-84.733086416,douglas
28,20724,Hospital Dr @ Professional,33.7497806,-84.7307122,douglas
29,20612,Hwy 5 @ Rocky Ridge Apts,33.7345892,-84.767481,douglas
30,20636,Hwy 5 N @ Red Lobster,33.72002778,-84.76322222,douglas
31,20701,Hwy 78 @ Boyd St IB,33.797004,-84.655772,douglas
32,20683,Hwy 78 @ Boyd St OB,33.796637,-84.656393,douglas
33,20668,Hwy 78 @ Lucile,33.79480556,-84.65894444,douglas
34,20729,Hwy 78 @ Thornton IB,33.797041135,-84.642036008,douglas
35,20671,Hwy 78 @ Thornton OB,33.79666667,-84.64211111,douglas
36,20730,Hwy 92 @ Stewart Middle OB,33.758924854,-84.749335216,douglas
37,20678,Interstate Pkwy @ Thornton,33.7747366,-84.602174162,douglas
38,20606,JD Simpson Mortuary,33.754603935,-84.751816199,douglas
39,23415,Kohl's,33.723569926,-84.734762539,douglas
40,20685,Lee @ Vulcan,33.77205556,-84.65363889,douglas
41,20664,Lee Rd @Sweetwater Ind,33.77652778,-84.652956349,douglas
42,20625,MMTC,33.743645,-84.726088,douglas
43,20609,Pound Circle,33.750026524,-84.757702339,douglas
44,20628,Prestley @ Stonebridge,33.737704376,-84.731294831,douglas
45,20639,Price @ Spring,33.749977854,-84.745948319,douglas
46,20654,Riverside E @ Coloplast,33.736643987,-84.590293262,douglas
47,20652,Riverside E @ Red Cross,33.71491667,-84.63052778,douglas
48,20653,Riverside E @ Rock House,33.736821,-84.595623,douglas
49,20699,Riverside Rd @ Avonlea Tributary,33.730953,-84.605314,douglas
50,20698,Riverside Rd E @ Avonlea Tributary,33.731208923,-84.604667185,douglas
51,20648,Riverside W @ Coloplast,33.73685,-84.589848,douglas
52,20650,Riverside W @ Red Cross,33.71538889,-84.63077778,douglas
53,20649,Riverside W @ Rock House,33.736821,-84.595623,douglas
54,20619,Rose Ave @ Fairways,33.737185,-84.75661,douglas
55,20676,S Service Rd @ EpiCenter,33.771994,-84.558265,douglas
56,20677,S Service Rd @ Six Flags,33.771782,-84.552913,douglas
57,20638,Selman @ Club,33.748085069,-84.751503969,douglas
58,20620,Selman @ Library,33.743122,-84.751929,douglas
59,20621,Selman Dr @ Selman Ave,33.74258333,-84.74619444,douglas
60,20622,Selman Rd @ Health Center,33.743214315,-84.751154399,douglas
61,20634,Stewart @ GA Highlands Col,33.71708333,-84.77102778,douglas
62,20635,Stewart @ Hwy 5,33.71852778,-84.76555556,douglas
63,20665,Sweetwater @ Honeysuckle,33.784119,-84.65588,douglas
64,20667,Sweetwater @ Hwy 78,33.793062,-84.660377,douglas
65,20728,Sweetwater @ Hwy 78 IB,33.79419307,-84.660716493,douglas
66,20684,Sweetwater @ Skyview IB,33.78588889,-84.65647222,douglas
67,20666,Sweetwater @ Skyview OB,33.785443421,-84.655867432,douglas
68,23416,Target,33.725907842,-84.735635013,douglas
69,20674,Thornton @ Crestmark,33.781877,-84.608751,douglas
70,20656,Thornton @ Interstate W Pkwy,33.774748547,-84.602065674,douglas
71,20681,Thornton @ Maxham,33.789724,-84.623974,douglas
72,20680,Thornton @ Oak,33.783506,-84.609966,douglas
73,20672,Thornton @ Westfork Dr,33.79341667,-84.63413889,douglas
74,20655,Thornton N @ Amazon,33.744629,-84.589336542,douglas
75,25419,Thornton Road @ Riverside S,33.742218,-84.588162,douglas
76,20647,Thornton S @ Amazon,33.745733,-84.589806,douglas
77,23417,Thornton@ Veteran's Memorial IB,33.79655,-84.644683,douglas
78,20670,Thornton@ Veteran's Memorial OB,33.796191,-84.648412,douglas
79,40898,Thornton@Riverside Pkwy NB,33.7401848,-84.5860372,douglas
80,20682,Thronton @ Westfork Blvd IB,33.79075,-84.62613889,douglas
81,20673,Thronton @ Westfork Blvd OB,33.79047222,-84.62666667,douglas
82,20629,Timber Ridge @ GA Tech Col,33.73436111,-84.72852778,douglas
83,20651,Tributary Villages,33.711994,-84.638929,douglas
84,20633,W Douglas P&R (IB),33.723009,-84.773757,douglas
85,20610,W Strickland @ Millcreek,33.747133,-84.759705,douglas
86,20818,Wells Fargo Bank,33.726910013,-84.737713668,douglas
87,20822,Woodie Fite Senior Center,33.745440782,-84.727269975,douglas
